Year,Month,day_of_week,hour_of_day,origin,destination,estimated_ridership
2025,1,Monday,1,3,4,3.0477
2025,1,Monday,1,3,7,0.615
2025,1,Monday,1,6,8,0.3332
2025,1,Monday,1,3,6,1.961
2025,1,Monday,1,3,1,0.7195
2025,1,Monday,1,4,5,0.3647
2025,1,Monday,1,2,8,0.2707
2025,1,Monday,1,1,4,0.5755
2025,1,Monday,1,4,2,0.2858
2025,1,Monday,1,4,7,0.2858
2025,1,Monday,1,8,4,0.3332
2025,1,Monday,1,5,3,1.5267
2025,1,Monday,1,7,5,0.25
2025,1,Monday,1,5,8,0.5
2025,1,Monday,1,5,2,0.4642
2025,1,Monday,1,2,3,1.625
2025,1,Monday,1,4,6,0.8252
2025,1,Monday,1,6,5,0.25
2025,1,Monday,1,4,8,0.2758
2025,1,Monday,1,2,0,1.911
2025,1,Monday,1,6,2,0.3832
2025,1,Monday,1,4,1,1.4827
2025,1,Monday,1,2,4,0.3
2025,1,Monday,1,0,1,0.6005
2025,1,Monday,1,0,3,0.277
2025,1,Monday,1,6,1,0.9165
2025,1,Monday,1,0,5,0.277
2025,1,Monday,1,0,2,0.384
2025,1,Monday,1,8,6,0.2813
2025,1,Monday,1,6,4,1.1965
2025,1,Monday,1,3,8,0.6668
2025,1,Monday,1,3,0,0.3877
2025,1,Monday,1,1,6,1.4405
2025,1,Monday,1,2,1,0.55
2025,1,Monday,1,2,6,0.7813
2025,1,Monday,1,1,3,0.2885
2025,1,Monday,1,8,3,0.2918
2025,1,Monday,1,3,5,1.6057
2025,1,Monday,1,4,3,2.5493
2025,1,Monday,1,1,8,0.8805
2025,1,Monday,1,4,0,0.8515
2025,1,Monday,1,6,3,1.866
2025,1,Monday,13,2,0,14.431
2025,1,Monday,13,8,1,17.6055
2025,1,Monday,13,5,4,37.895
2025,1,Monday,13,6,8,18.4057
2025,1,Monday,13,0,4,22.5932
2025,1,Monday,13,4,1,57.159
2025,1,Monday,13,1,0,32.5355
2025,1,Monday,13,0,8,4.1113
2025,1,Monday,13,6,2,35.607
2025,1,Monday,13,6,7,4.66
2025,1,Monday,13,7,1,11.438
2025,1,Monday,13,0,6,10.2525
2025,1,Monday,13,2,3,91.1895
2025,1,Monday,13,3,6,143.3128
2025,1,Monday,13,3,0,24.3313
2025,1,Monday,13,1,8,13.8763
2025,1,Monday,13,0,1,42.0795
2025,1,Monday,13,3,4,147.8153
2025,1,Monday,13,7,6,3.4985
2025,1,Monday,13,2,4,42.3223
2025,1,Monday,13,8,5,14.483
2025,1,Monday,13,2,6,40.3863
2025,1,Monday,13,8,7,0.3155
2025,1,Monday,13,3,5,63.5218
2025,1,Monday,13,1,5,18.8885
2025,1,Monday,13,5,8,14.2115
2025,1,Monday,13,0,3,24.32
2025,1,Monday,13,1,7,9.4405
2025,1,Monday,13,6,0,9.3525
2025,1,Monday,13,7,2,19.3543
2025,1,Monday,13,1,6,39.4503
2025,1,Monday,13,8,2,10.6597
2025,1,Monday,13,0,7,2.046
2025,1,Monday,13,5,0,8.3548
2025,1,Monday,13,8,3,42.7622
2025,1,Monday,13,3,8,33.245
2025,1,Monday,13,7,8,0.5673
2025,1,Monday,13,6,4,58.7908
2025,1,Monday,13,2,7,11.039
2025,1,Monday,13,6,3,141.1217
2025,1,Monday,13,4,7,18.8653
2025,1,Monday,13,7,0,4.1257
2025,1,Monday,13,4,3,128.799
2025,1,Monday,13,0,5,8.9033
2025,1,Monday,13,3,2,86.0175
2025,1,Monday,13,5,6,13.7578
2025,1,Monday,13,4,6,42.0843
2025,1,Monday,13,1,2,53.4083
2025,1,Monday,13,6,1,33.5845
2025,1,Monday,13,7,5,8.024
2025,1,Monday,13,3,1,112.941
2025,1,Monday,13,4,5,33.722
2025,1,Monday,13,6,5,19.49
2025,1,Monday,13,5,7,7.1947
2025,1,Monday,13,5,1,20.4518
2025,1,Monday,13,5,3,64.8663
2025,1,Monday,13,0,2,20.527
2025,1,Monday,13,4,0,16.4072
2025,1,Monday,13,5,2,20.7578
2025,1,Monday,13,8,6,20.1675
2025,1,Monday,13,8,0,3.1205
2025,1,Monday,13,3,7,27.497
2025,1,Monday,13,2,1,60.7352
2025,1,Monday,13,2,8,11.1615
2025,1,Monday,13,4,8,15.1723
2025,1,Monday,13,1,3,103.3635
2025,1,Monday,13,4,2,46.6023
2025,1,Monday,13,1,4,56.4555
2025,1,Monday,13,7,4,29.6218
2025,1,Monday,13,2,5,15.0163
2025,1,Monday,13,8,4,22.8075
2025,1,Monday,13,7,3,50.731
2025,1,Monday,2,8,1,0.2795
2025,1,Monday,2,2,5,0.3125
2025,1,Monday,2,6,3,0.9168
2025,1,Monday,2,6,1,0.3927
2025,1,Monday,2,6,4,0.25
2025,1,Monday,2,4,0,0.9028
2025,1,Monday,2,4,8,0.5625
2025,1,Monday,2,4,3,1.1043
2025,1,Monday,2,1,8,0.25
2025,1,Monday,2,3,6,1.5287
2025,1,Monday,2,3,5,0.2918
2025,1,Monday,2,3,7,0.3332
2025,1,Monday,2,2,4,0.25
2025,1,Monday,2,1,4,0.25
2025,1,Monday,2,2,3,0.3125
2025,1,Monday,2,1,3,0.25
2025,1,Monday,2,5,8,0.25
2025,1,Monday,2,8,4,0.5587
2025,1,Monday,2,3,0,0.3147
2025,1,Monday,2,0,8,0.4807
2025,1,Monday,2,7,4,0.3
2025,1,Monday,2,3,4,0.6767
2025,1,Monday,2,5,0,0.25
2025,1,Monday,2,3,8,1.3493
2025,1,Monday,2,0,3,1.5475
2025,1,Monday,2,8,3,0.55
2025,1,Monday,2,7,0,0.25
2025,1,Monday,2,6,2,0.7657
2025,1,Monday,14,0,5,8.1933
2025,1,Monday,14,5,8,6.4865
2025,1,Monday,14,4,0,23.0275
2025,1,Monday,14,1,6,43.4267
2025,1,Monday,14,6,2,35.3583
2025,1,Monday,14,8,3,68.8928
2025,1,Monday,14,7,1,12.0565
2025,1,Monday,14,3,6,130.3825
2025,1,Monday,14,0,6,13.6735
2025,1,Monday,14,3,5,50.4517
2025,1,Monday,14,7,5,7.3035
2025,1,Monday,14,4,5,35.4845
2025,1,Monday,14,6,7,8.1073
2025,1,Monday,14,0,3,36.9755
2025,1,Monday,14,5,4,38.0565
2025,1,Monday,14,2,7,13.562
2025,1,Monday,14,3,8,47.3865
2025,1,Monday,14,4,2,47.2655
2025,1,Monday,14,3,0,28.4615
2025,1,Monday,14,1,8,17.1842
2025,1,Monday,14,8,2,17.8528
2025,1,Monday,14,6,5,16.1647
2025,1,Monday,14,6,0,10.2703
2025,1,Monday,14,1,4,64.7263
2025,1,Monday,14,5,6,19.5955
2025,1,Monday,14,7,2,11.4277
2025,1,Monday,14,8,6,22.2268
2025,1,Monday,14,4,8,16.6588
2025,1,Monday,14,8,4,22.8893
2025,1,Monday,14,2,1,68.2343
2025,1,Monday,14,7,8,0.2903
2025,1,Monday,14,2,0,29.3108
2025,1,Monday,14,6,3,176.2015
2025,1,Monday,14,2,8,8.8618
2025,1,Monday,14,8,5,15.9985
2025,1,Monday,14,7,3,63.0655
2025,1,Monday,14,3,1,128.5245
2025,1,Monday,14,1,7,14.059
2025,1,Monday,14,1,5,16.3158
2025,1,Monday,14,4,3,181.381
2025,1,Monday,14,3,2,78.1535
2025,1,Monday,14,5,1,30.6795
2025,1,Monday,14,5,2,17.4397
2025,1,Monday,14,7,6,2.63
2025,1,Monday,14,0,8,6.5285
2025,1,Monday,14,2,5,13.0035
2025,1,Monday,14,8,1,18.346
2025,1,Monday,14,0,2,20.9068
2025,1,Monday,14,6,1,43.9097
2025,1,Monday,14,0,1,46.5425
2025,1,Monday,14,6,8,17.25
2025,1,Monday,14,0,4,22.627
2025,1,Monday,14,6,4,59.5858
2025,1,Monday,14,5,3,94.1205
2025,1,Monday,14,7,0,3.2355
2025,1,Monday,14,1,2,64.4427
2025,1,Monday,14,5,7,7.1173
2025,1,Monday,14,2,4,51.833
2025,1,Monday,14,2,6,37.5093
2025,1,Monday,14,1,3,112.218
2025,1,Monday,14,5,0,10.0448
2025,1,Monday,14,7,4,29.0745
2025,1,Monday,14,8,0,7.6995
2025,1,Monday,14,0,7,4.8233
2025,1,Monday,14,4,7,29.0305
2025,1,Monday,14,3,4,152.0773
2025,1,Monday,14,4,1,80.1628
2025,1,Monday,14,1,0,44.0343
2025,1,Monday,14,4,6,63.9965
2025,1,Monday,14,3,7,38.9085
2025,1,Monday,14,2,3,102.4385
2025,1,Monday,3,1,7,0.35
2025,1,Monday,3,3,2,0.5822
2025,1,Monday,3,5,4,0.25
2025,1,Monday,3,0,2,1.398
2025,1,Monday,3,2,6,0.25
2025,1,Monday,3,6,3,1.5538
2025,1,Monday,3,4,1,0.2777
2025,1,Monday,3,5,0,0.6
2025,1,Monday,3,1,6,0.5852
2025,1,Monday,3,4,7,0.45
2025,1,Monday,3,4,3,0.5625
2025,1,Monday,3,3,8,0.2767
2025,1,Monday,3,5,3,0.5
2025,1,Monday,3,7,4,0.875
2025,1,Monday,3,4,8,0.325
2025,1,Monday,3,8,6,0.25
2025,1,Monday,3,4,5,0.325
2025,1,Monday,3,2,4,1.6457
2025,1,Monday,3,2,3,0.25
2025,1,Monday,3,7,3,0.25
2025,1,Monday,3,0,6,0.2875
2025,1,Monday,3,8,3,1.125
2025,1,Monday,3,1,8,0.3125
2025,1,Monday,3,0,3,0.6847
2025,1,Monday,3,2,1,1.8472
2025,1,Monday,3,3,6,0.3573
2025,1,Monday,3,6,8,0.75
2025,1,Monday,3,0,7,0.3438
2025,1,Monday,3,6,1,0.3638
2025,1,Monday,3,3,5,1.0875
2025,1,Monday,3,5,8,0.5
2025,1,Monday,3,4,0,0.5168
2025,1,Monday,3,8,4,0.25
2025,1,Monday,3,3,1,0.5
2025,1,Monday,3,3,0,0.375
2025,1,Monday,15,0,5,6.168
2025,1,Monday,15,2,1,79.7272
2025,1,Monday,15,6,0,18.764
2025,1,Monday,15,8,0,9.082
2025,1,Monday,15,1,6,71.1062
2025,1,Monday,15,2,4,56.5662
2025,1,Monday,15,7,8,0.275
2025,1,Monday,15,3,2,82.4602
2025,1,Monday,15,1,2,72.2463
2025,1,Monday,15,1,8,34.6337
2025,1,Monday,15,4,8,28.2805
2025,1,Monday,15,7,2,16.006
2025,1,Monday,15,8,3,155.5307
2025,1,Monday,15,3,8,42.0357
2025,1,Monday,15,8,2,19.9335
2025,1,Monday,15,4,5,42.3348
2025,1,Monday,15,8,6,30.5707
2025,1,Monday,15,4,0,42.3552
2025,1,Monday,15,7,6,7.804
2025,1,Monday,15,5,7,7.815
2025,1,Monday,15,5,4,56.069
2025,1,Monday,15,7,0,4.505
2025,1,Monday,15,2,3,171.4207
2025,1,Monday,15,5,8,15.6997
2025,1,Monday,15,8,7,0.5695
2025,1,Monday,15,0,7,4.1182
2025,1,Monday,15,1,4,87.849
2025,1,Monday,15,6,1,42.003
2025,1,Monday,15,0,8,6.4975
2025,1,Monday,15,6,5,17.6012
2025,1,Monday,15,8,4,34.4555
2025,1,Monday,15,6,8,14.3313
2025,1,Monday,15,7,3,79.1975
2025,1,Monday,15,3,1,118.7585
2025,1,Monday,15,6,3,253.4065
2025,1,Monday,15,6,4,70.332
2025,1,Monday,15,4,1,96.065
2025,1,Monday,15,1,0,89.3093
2025,1,Monday,15,5,2,24.9555
2025,1,Monday,15,1,5,33.0987
2025,1,Monday,15,8,5,13.9582
2025,1,Monday,15,2,6,59.4405
2025,1,Monday,15,1,7,10.3465
2025,1,Monday,15,5,3,174.6078
2025,1,Monday,15,8,1,20.2308
2025,1,Monday,15,6,2,35.5007
2025,1,Monday,15,1,3,175.8957
2025,1,Monday,15,2,8,25.4045
2025,1,Monday,15,0,6,19.2585
2025,1,Monday,15,3,4,164.3545
2025,1,Monday,15,0,2,19.8857
2025,1,Monday,15,2,0,29.0618
2025,1,Monday,15,4,2,37.8712
2025,1,Monday,15,7,1,20.1548
2025,1,Monday,15,3,7,47.0712
2025,1,Monday,15,4,3,237.4543
2025,1,Monday,15,4,7,27.345
2025,1,Monday,15,2,5,14.1363
2025,1,Monday,15,7,4,35.693
2025,1,Monday,15,0,1,56.9425
2025,1,Monday,15,3,6,157.883
2025,1,Monday,15,5,0,17.664
2025,1,Monday,15,6,7,5.3607
2025,1,Monday,15,3,5,59.6195
2025,1,Monday,15,7,5,4.0318
2025,1,Monday,15,5,1,37.1325
2025,1,Monday,15,0,3,43.237
2025,1,Monday,15,5,6,24.283
2025,1,Monday,15,2,7,13.3053
2025,1,Monday,15,4,6,79.0023
2025,1,Monday,15,3,0,34.0715
2025,1,Monday,15,0,4,30.937
2025,1,Monday,4,2,1,1.6262
2025,1,Monday,4,2,8,0.5868
2025,1,Monday,4,6,2,1.334
2025,1,Monday,4,0,5,3.0965
2025,1,Monday,4,8,2,1.8375
2025,1,Monday,4,0,7,0.3645
2025,1,Monday,4,8,3,3.4375
2025,1,Monday,4,8,1,1.1125
2025,1,Monday,4,0,2,1.6642
2025,1,Monday,4,1,3,0.25
2025,1,Monday,4,2,3,1.7118
2025,1,Monday,4,6,1,1.6557
2025,1,Monday,4,5,4,0.5625
2025,1,Monday,4,4,0,1.4628
2025,1,Monday,4,3,0,0.9072
2025,1,Monday,4,6,3,9.2535
2025,1,Monday,4,2,0,1.609
2025,1,Monday,4,4,8,0.3523
2025,1,Monday,4,1,5,1.7887
2025,1,Monday,4,8,0,0.3125
2025,1,Monday,4,0,6,1.0455
2025,1,Monday,4,2,6,0.2813
2025,1,Monday,4,1,2,0.5333
2025,1,Monday,4,0,1,0.6668
2025,1,Monday,4,6,4,1.0032
2025,1,Monday,4,8,4,2.0073
2025,1,Monday,4,5,0,0.3055
2025,1,Monday,4,4,7,0.298
2025,1,Monday,4,6,5,0.3332
2025,1,Monday,4,0,4,2.4187
2025,1,Monday,4,3,7,0.3035
2025,1,Monday,4,4,3,1.3523
2025,1,Monday,4,8,6,0.25
2025,1,Monday,4,7,1,0.25
2025,1,Monday,4,2,4,1.995
2025,1,Monday,4,5,3,1.611
2025,1,Monday,4,4,1,2.7082
2025,1,Monday,4,7,3,0.8125
2025,1,Monday,4,1,6,0.5333
2025,1,Monday,4,4,6,0.7273
2025,1,Monday,4,1,4,0.6452
2025,1,Monday,4,3,4,0.8783
2025,1,Monday,4,7,6,0.25
2025,1,Monday,4,0,3,3.439
2025,1,Monday,4,0,8,1.0255
2025,1,Monday,4,6,0,0.3455
2025,1,Monday,4,3,6,1.6785
2025,1,Monday,4,6,8,0.5
2025,1,Monday,4,7,0,0.375
2025,1,Monday,16,0,6,31.1495
2025,1,Monday,16,8,5,9.8825
2025,1,Monday,16,5,2,26.1915
2025,1,Monday,16,0,4,31.4558
2025,1,Monday,16,4,3,304.1133
2025,1,Monday,16,3,8,87.141
2025,1,Monday,16,0,8,10.2935
2025,1,Monday,16,1,6,90.753
2025,1,Monday,16,4,1,74.427
2025,1,Monday,16,6,7,6.3918
2025,1,Monday,16,4,5,29.721
2025,1,Monday,16,3,1,178.126
2025,1,Monday,16,2,3,215.9295
2025,1,Monday,16,4,8,33.5663
2025,1,Monday,16,4,2,39.9483
2025,1,Monday,16,1,0,111.2385
2025,1,Monday,16,0,5,5.293
2025,1,Monday,16,6,1,77.592
2025,1,Monday,16,5,6,26.991
2025,1,Monday,16,4,0,27.9647
2025,1,Monday,16,5,0,16.9393
2025,1,Monday,16,2,5,22.84
2025,1,Monday,16,0,2,20.1992
2025,1,Monday,16,7,1,29.9132
2025,1,Monday,16,5,3,310.949
2025,1,Monday,16,5,8,19.551
2025,1,Monday,16,3,0,42.357
2025,1,Monday,16,6,3,514.016
2025,1,Monday,16,1,8,31.7348
2025,1,Monday,16,7,0,7.528
2025,1,Monday,16,6,0,25.3665
2025,1,Monday,16,0,1,64.6048
2025,1,Monday,16,1,3,181.1317
2025,1,Monday,16,6,5,20.0225
2025,1,Monday,16,6,2,45.437
2025,1,Monday,16,8,7,0.8483
2025,1,Monday,16,2,4,59.6505
2025,1,Monday,16,8,4,32.7835
2025,1,Monday,16,3,2,89.765
2025,1,Monday,16,0,3,42.421
2025,1,Monday,16,5,1,36.1475
2025,1,Monday,16,1,7,16.7378
2025,1,Monday,16,6,4,83.21
2025,1,Monday,16,7,5,4.2782
2025,1,Monday,16,5,4,51.4295
2025,1,Monday,16,8,1,27.611
2025,1,Monday,16,3,6,279.1578
2025,1,Monday,16,1,5,22.8142
2025,1,Monday,16,2,8,30.4853
2025,1,Monday,16,7,3,181.3143
2025,1,Monday,16,0,7,2.6545
2025,1,Monday,16,5,7,6.7958
2025,1,Monday,16,8,2,22.8857
2025,1,Monday,16,3,4,208.4848
2025,1,Monday,16,4,6,62.363
2025,1,Monday,16,4,7,31.4752
2025,1,Monday,16,1,2,62.2017
2025,1,Monday,16,2,6,79.7457
2025,1,Monday,16,7,6,5.5463
2025,1,Monday,16,7,4,45.9183
2025,1,Monday,16,6,8,9.6557
2025,1,Monday,16,1,4,85.9577
2025,1,Monday,16,3,5,72.6158
2025,1,Monday,16,2,0,44.0405
2025,1,Monday,16,7,8,0.529
2025,1,Monday,16,8,3,246.2623
2025,1,Monday,16,2,1,82.7015
2025,1,Monday,16,3,7,59.1245
2025,1,Monday,16,2,7,21.3527
2025,1,Monday,16,7,2,14.3145
2025,1,Monday,16,8,6,31.9443
2025,1,Monday,16,8,0,13.162
2025,1,Monday,5,0,8,3.5082
2025,1,Monday,5,5,3,3.3015
2025,1,Monday,5,4,5,3.4022
2025,1,Monday,5,7,1,1.944
2025,1,Monday,5,0,7,1.9137
2025,1,Monday,5,1,2,3.6308
2025,1,Monday,5,0,6,8.0093
2025,1,Monday,5,5,1,0.5277
2025,1,Monday,5,2,6,2.4735
2025,1,Monday,5,2,5,4.2043
2025,1,Monday,5,3,5,32.8812
2025,1,Monday,5,4,3,15.4512
2025,1,Monday,5,2,8,4.61
2025,1,Monday,5,8,2,9.382
2025,1,Monday,5,0,5,2.8462
2025,1,Monday,5,1,5,0.8475
2025,1,Monday,5,8,5,0.8805
2025,1,Monday,5,6,8,0.3265
2025,1,Monday,5,6,0,5.2515
2025,1,Monday,5,2,7,0.54
2025,1,Monday,5,4,1,4.1763
2025,1,Monday,5,1,3,7.2665
2025,1,Monday,5,4,6,9.3557
2025,1,Monday,5,0,2,13.7878
2025,1,Monday,5,3,8,21.615
2025,1,Monday,5,4,2,2.1162
2025,1,Monday,5,0,3,17.9342
2025,1,Monday,5,8,1,7.2985
2025,1,Monday,5,8,6,1.3447
2025,1,Monday,5,8,4,3.7347
2025,1,Monday,5,3,6,37.9648
2025,1,Monday,5,7,2,2.2143
2025,1,Monday,5,7,5,0.2918
2025,1,Monday,5,1,0,5.0228
2025,1,Monday,5,4,8,1.8732
2025,1,Monday,5,4,0,4.9232
2025,1,Monday,5,2,3,5.7308
2025,1,Monday,5,3,4,14.9918
2025,1,Monday,5,2,0,4.5448
2025,1,Monday,5,3,0,2.2238
2025,1,Monday,5,4,7,0.6123
2025,1,Monday,5,6,4,5.1745
2025,1,Monday,5,6,1,9.0543
2025,1,Monday,5,5,4,1.0555
2025,1,Monday,5,0,1,6.7882
2025,1,Monday,5,1,8,5.36
2025,1,Monday,5,2,4,2.225
2025,1,Monday,5,6,3,29.7747
2025,1,Monday,5,8,3,13.7255
2025,1,Monday,5,3,1,7.996
2025,1,Monday,5,7,0,0.2675
2025,1,Monday,5,1,4,2.8133
2025,1,Monday,5,2,1,1.6545
2025,1,Monday,5,6,2,3.5702
2025,1,Monday,5,7,4,4.506
2025,1,Monday,5,7,6,1.11
2025,1,Monday,5,3,7,12.707
2025,1,Monday,5,0,4,8.385
2025,1,Monday,5,3,2,8.6155
2025,1,Monday,5,8,0,1.9498
2025,1,Monday,5,6,5,0.9467
2025,1,Monday,5,1,7,2.2115
2025,1,Monday,5,7,3,6.4525
2025,1,Monday,5,1,6,6.7175
2025,1,Monday,17,8,0,11.7398
2025,1,Monday,17,4,7,46.3455
2025,1,Monday,17,0,8,8.4547
2025,1,Monday,17,2,3,281.285
2025,1,Monday,17,6,5,19.5985
2025,1,Monday,17,6,2,90.5308
2025,1,Monday,17,7,8,0.5385
2025,1,Monday,17,7,5,5.3675
2025,1,Monday,17,5,2,32.5887
2025,1,Monday,17,7,0,11.6268
2025,1,Monday,17,6,0,31.3025
2025,1,Monday,17,3,6,597.8018
2025,1,Monday,17,2,4,112.858
2025,1,Monday,17,0,1,70.654
2025,1,Monday,17,7,4,79.829
2025,1,Monday,17,2,5,40.295
2025,1,Monday,17,0,4,28.731
2025,1,Monday,17,0,7,1.3295
2025,1,Monday,17,1,0,96.398
2025,1,Monday,17,5,8,12.009
2025,1,Monday,17,8,2,27.1123
2025,1,Monday,17,4,1,89.5815
2025,1,Monday,17,2,0,64.195
2025,1,Monday,17,3,8,139.5355
2025,1,Monday,17,1,8,27.574
2025,1,Monday,17,1,4,97.3943
2025,1,Monday,17,8,5,9.7987
2025,1,Monday,17,5,3,375.9987
2025,1,Monday,17,3,0,67.309
2025,1,Monday,17,0,5,4.368
2025,1,Monday,17,0,3,45.3257
2025,1,Monday,17,3,7,169.555
2025,1,Monday,17,4,0,40.0092
2025,1,Monday,17,1,5,24.3897
2025,1,Monday,17,8,1,37.1545
2025,1,Monday,17,0,2,22.6782
2025,1,Monday,17,3,5,157.479
2025,1,Monday,17,6,7,12.2735
2025,1,Monday,17,5,6,22.4185
2025,1,Monday,17,3,1,418.638
2025,1,Monday,17,2,8,34.329
2025,1,Monday,17,4,6,86.1968
2025,1,Monday,17,2,7,52.036
2025,1,Monday,17,4,8,24.1908
2025,1,Monday,17,4,3,378.391
2025,1,Monday,17,7,6,7.7092
2025,1,Monday,17,2,6,190.8567
2025,1,Monday,17,6,1,180.509
2025,1,Monday,17,7,1,52.497
2025,1,Monday,17,8,6,29.0808
2025,1,Monday,17,8,4,50.15
2025,1,Monday,17,1,3,187.2612
2025,1,Monday,17,5,4,61.1685
2025,1,Monday,17,7,3,232.5347
2025,1,Monday,17,5,1,55.8517
2025,1,Monday,17,4,2,46.491
2025,1,Monday,17,2,1,131.959
2025,1,Monday,17,5,0,12.017
2025,1,Monday,17,1,2,59.2793
2025,1,Monday,17,3,2,120.447
2025,1,Monday,17,8,7,1.1377
2025,1,Monday,17,5,7,7.558
2025,1,Monday,17,6,4,166.0513
2025,1,Monday,17,1,6,93.5453
2025,1,Monday,17,7,2,24.4467
2025,1,Monday,17,6,3,824.7635
2025,1,Monday,17,1,7,17.5063
2025,1,Monday,17,6,8,11.0287
2025,1,Monday,17,4,5,36.354
2025,1,Monday,17,3,4,392.0642
2025,1,Monday,17,0,6,19.324
2025,1,Monday,17,8,3,270.5243
2025,1,Monday,6,4,3,42.2415
2025,1,Monday,6,8,5,4.3205
2025,1,Monday,6,1,0,30.6147
2025,1,Monday,6,0,4,12.4953
2025,1,Monday,6,5,1,3.7082
2025,1,Monday,6,7,1,5.8062
2025,1,Monday,6,1,7,4.9098
2025,1,Monday,6,4,2,10.3853
2025,1,Monday,6,4,0,5.282
2025,1,Monday,6,7,4,4.7108
2025,1,Monday,6,6,8,6.728
2025,1,Monday,6,2,3,18.1783
2025,1,Monday,6,1,5,9.2215
2025,1,Monday,6,7,8,0.25
2025,1,Monday,6,2,6,10.4077
2025,1,Monday,6,6,5,5.415
2025,1,Monday,6,3,8,85.906
2025,1,Monday,6,0,2,27.409300000000002
2025,1,Monday,6,7,2,9.0225
2025,1,Monday,6,0,7,4.2002
2025,1,Monday,6,7,6,0.2912
2025,1,Monday,6,8,6,2.2935
2025,1,Monday,6,1,8,4.6345
2025,1,Monday,6,8,3,38.706
2025,1,Monday,6,6,4,14.8663
2025,1,Monday,6,3,4,113.2958
2025,1,Monday,6,4,5,6.3375
2025,1,Monday,6,5,6,1.661
2025,1,Monday,6,3,5,154.158
2025,1,Monday,6,2,8,3.8013
2025,1,Monday,6,2,1,8.3045
2025,1,Monday,6,1,4,10.0777
2025,1,Monday,6,5,3,36.8872
2025,1,Monday,6,0,8,6.0907
2025,1,Monday,6,5,2,3.3992
2025,1,Monday,6,4,8,6.11
2025,1,Monday,6,4,1,6.851
2025,1,Monday,6,6,3,125.9017
2025,1,Monday,6,2,0,15.7768
2025,1,Monday,6,3,0,13.0412
2025,1,Monday,6,0,6,11.5755
2025,1,Monday,6,3,6,208.5212
2025,1,Monday,6,2,5,7.0878
2025,1,Monday,6,8,1,13.5028
2025,1,Monday,6,5,4,3.0665
2025,1,Monday,6,2,7,6.0922
2025,1,Monday,6,1,2,10.9278
2025,1,Monday,6,4,7,5.8318
2025,1,Monday,6,3,1,43.7047
2025,1,Monday,6,0,3,21.5952
2025,1,Monday,6,3,7,69.6345
2025,1,Monday,6,6,2,34.9683
2025,1,Monday,6,5,0,2.0627
2025,1,Monday,6,8,4,22.272
2025,1,Monday,6,2,4,4.5077
2025,1,Monday,6,6,0,11.3347
2025,1,Monday,6,1,6,25.7185
2025,1,Monday,6,0,1,49.9362
2025,1,Monday,6,7,3,28.6842
2025,1,Monday,6,8,2,20.7012
2025,1,Monday,6,0,5,10.9865
2025,1,Monday,6,1,3,49.2048
2025,1,Monday,6,8,0,5.1585
2025,1,Monday,6,6,1,40.2212
2025,1,Monday,6,5,8,0.6085
2025,1,Monday,6,4,6,14.0055
2025,1,Monday,6,3,2,75.9957
2025,1,Monday,6,6,7,0.3515
2025,1,Monday,18,8,3,83.8112
2025,1,Monday,18,4,1,77.9065
2025,1,Monday,18,8,7,0.2813
2025,1,Monday,18,8,6,13.7932
2025,1,Monday,18,6,8,7.3963
2025,1,Monday,18,7,0,5.6853
2025,1,Monday,18,8,0,6.759
2025,1,Monday,18,5,8,4.9398
2025,1,Monday,18,3,1,349.431
2025,1,Monday,18,5,7,1.9337
2025,1,Monday,18,5,2,17.6087
2025,1,Monday,18,4,3,205.8973
2025,1,Monday,18,3,8,71.2218
2025,1,Monday,18,8,2,16.8685
2025,1,Monday,18,6,5,12.9863
2025,1,Monday,18,0,5,3.0532
2025,1,Monday,18,0,7,2.0515
2025,1,Monday,18,6,1,118.5722
2025,1,Monday,18,4,6,72.8427
2025,1,Monday,18,3,2,102.946
2025,1,Monday,18,8,5,5.9007
2025,1,Monday,18,3,0,48.5762
2025,1,Monday,18,1,3,109.796
2025,1,Monday,18,0,1,60.1278
2025,1,Monday,18,7,4,62.9798
2025,1,Monday,18,1,5,20.9023
2025,1,Monday,18,7,6,7.359
2025,1,Monday,18,8,4,33.3722
2025,1,Monday,18,7,2,21.5905
2025,1,Monday,18,2,8,25.826
2025,1,Monday,18,5,3,159.8038
2025,1,Monday,18,6,0,18.8452
2025,1,Monday,18,7,3,113.0473
2025,1,Monday,18,2,4,76.2647
2025,1,Monday,18,2,5,30.2958
2025,1,Monday,18,3,5,139.4927
2025,1,Monday,18,5,6,11.1353
2025,1,Monday,18,1,4,60.7358
2025,1,Monday,18,4,0,34.0965
2025,1,Monday,18,5,1,37.0665
2025,1,Monday,18,2,0,43.0602
2025,1,Monday,18,4,5,32.0315
2025,1,Monday,18,2,7,41.324
2025,1,Monday,18,4,2,38.1768
2025,1,Monday,18,0,4,16.2835
2025,1,Monday,18,7,5,3.3777
2025,1,Monday,18,3,4,386.6653
2025,1,Monday,18,6,7,6.7977
2025,1,Monday,18,0,3,17.6858
2025,1,Monday,18,7,8,0.2595
2025,1,Monday,18,2,3,125.3147
2025,1,Monday,18,5,0,13.575
2025,1,Monday,18,5,4,47.7192
2025,1,Monday,18,1,6,60.6882
2025,1,Monday,18,0,2,13.4912
2025,1,Monday,18,6,3,403.5905
2025,1,Monday,18,0,6,12.855
2025,1,Monday,18,2,1,100.636
2025,1,Monday,18,8,1,32.6393
2025,1,Monday,18,2,6,110.1122
2025,1,Monday,18,1,0,59.835
2025,1,Monday,18,7,1,43.1393
2025,1,Monday,18,1,7,13.8398
2025,1,Monday,18,1,2,34.0015
2025,1,Monday,18,0,8,4.7873
2025,1,Monday,18,1,8,16.364
2025,1,Monday,18,4,7,35.7015
2025,1,Monday,18,6,2,71.3725
2025,1,Monday,18,4,8,18.4318
2025,1,Monday,18,3,7,156.72
2025,1,Monday,18,6,4,125.274
2025,1,Monday,18,3,6,430.6975
2025,1,Monday,7,4,3,207.7753
2025,1,Monday,7,8,1,49.6702
2025,1,Monday,7,0,3,45.3355
2025,1,Monday,7,5,4,25.5637
2025,1,Monday,7,3,2,181.5848
2025,1,Monday,7,2,6,43.1677
2025,1,Monday,7,7,5,3.2812
2025,1,Monday,7,3,6,554.422
2025,1,Monday,7,5,3,116.9267
2025,1,Monday,7,8,5,7.4922
2025,1,Monday,7,3,4,236.4778
2025,1,Monday,7,6,8,26.3255
2025,1,Monday,7,3,0,46.658
2025,1,Monday,7,7,2,27.8075
2025,1,Monday,7,1,5,45.5503
2025,1,Monday,7,5,1,39.5027
2025,1,Monday,7,4,7,24.8632
2025,1,Monday,7,6,3,351.7
2025,1,Monday,7,5,6,4.3905
2025,1,Monday,7,8,4,24.7245
2025,1,Monday,7,2,8,17.0077
2025,1,Monday,7,0,7,9.9995
2025,1,Monday,7,4,8,19.338
2025,1,Monday,7,3,8,253.9262
2025,1,Monday,7,6,5,15.9025
2025,1,Monday,7,0,5,20.0172
2025,1,Monday,7,0,4,32.6223
2025,1,Monday,7,5,0,3.777
2025,1,Monday,7,6,1,85.8738
2025,1,Monday,7,1,6,118.3278
2025,1,Monday,7,7,0,3.802
2025,1,Monday,7,2,5,22.8797
2025,1,Monday,7,0,2,57.5158
2025,1,Monday,7,1,4,40.0153
2025,1,Monday,7,0,8,16.1927
2025,1,Monday,7,5,8,2.8865
2025,1,Monday,7,4,6,51.2532
2025,1,Monday,7,1,2,50.5087
2025,1,Monday,7,4,1,64.3555
2025,1,Monday,7,6,7,2.006
2025,1,Monday,7,2,7,10.6552
2025,1,Monday,7,0,6,32.7997
2025,1,Monday,7,7,8,0.25
2025,1,Monday,7,1,3,208.8425
2025,1,Monday,7,3,5,316.8657
2025,1,Monday,7,5,7,1.742
2025,1,Monday,7,2,1,28.0978
2025,1,Monday,7,7,3,117.8398
2025,1,Monday,7,3,1,148.7137
2025,1,Monday,7,6,2,96.7903
2025,1,Monday,7,7,6,2.0728
2025,1,Monday,7,6,0,27.308
2025,1,Monday,7,8,2,29.7865
2025,1,Monday,7,2,3,53.8468
2025,1,Monday,7,1,7,37.6127
2025,1,Monday,7,2,4,21.2842
2025,1,Monday,7,1,8,35.7672
2025,1,Monday,7,5,2,24.9722
2025,1,Monday,7,7,4,24.1142
2025,1,Monday,7,4,5,27.5125
2025,1,Monday,7,1,0,69.2585
2025,1,Monday,7,8,3,99.275
2025,1,Monday,7,7,1,13.1185
2025,1,Monday,7,6,4,30.7848
2025,1,Monday,7,4,2,37.8605
2025,1,Monday,7,8,6,7.5835
2025,1,Monday,7,3,7,162.9078
2025,1,Monday,7,0,1,161.2408
2025,1,Monday,7,4,0,11.336
2025,1,Monday,7,8,0,7.2497
2025,1,Monday,7,2,0,17.1317
2025,1,Monday,19,1,0,33.853
2025,1,Monday,19,0,8,4.755
2025,1,Monday,19,5,8,1.1235
2025,1,Monday,19,3,6,218.0585
2025,1,Monday,19,3,4,178.5287
2025,1,Monday,19,4,8,9.3463
2025,1,Monday,19,7,3,40.167
2025,1,Monday,19,2,1,50.757
2025,1,Monday,19,4,1,50.2037
2025,1,Monday,19,8,1,7.7615
2025,1,Monday,19,5,3,64.8035
2025,1,Monday,19,0,2,6.8923
2025,1,Monday,19,3,2,56.0625
2025,1,Monday,19,6,4,66.1873
2025,1,Monday,19,5,4,20.0677
2025,1,Monday,19,4,2,21.459
2025,1,Monday,19,1,4,30.509
2025,1,Monday,19,4,5,20.4247
2025,1,Monday,19,5,0,7.6267
2025,1,Monday,19,1,3,47.3975
2025,1,Monday,19,7,2,11.5575
2025,1,Monday,19,4,7,21.9713
2025,1,Monday,19,3,0,30.213
2025,1,Monday,19,5,1,18.7665
2025,1,Monday,19,6,8,5.0507
2025,1,Monday,19,3,7,76.3985
2025,1,Monday,19,6,0,8.688
2025,1,Monday,19,1,2,17.116
2025,1,Monday,19,0,5,0.7312
2025,1,Monday,19,6,3,148.4793
2025,1,Monday,19,2,0,25.0925
2025,1,Monday,19,4,0,24.629
2025,1,Monday,19,2,8,11.4868
2025,1,Monday,19,1,5,6.7833
2025,1,Monday,19,4,6,58.4833
2025,1,Monday,19,6,1,49.2315
2025,1,Monday,19,8,4,9.4395
2025,1,Monday,19,0,4,14.177
2025,1,Monday,19,0,6,7.9983
2025,1,Monday,19,8,0,3.418
2025,1,Monday,19,2,7,16.1615
2025,1,Monday,19,7,8,0.265
2025,1,Monday,19,2,4,36.048
2025,1,Monday,19,1,8,11.006
2025,1,Monday,19,3,1,162.556
2025,1,Monday,19,1,7,10.1905
2025,1,Monday,19,7,1,10.1235
2025,1,Monday,19,3,8,41.4698
2025,1,Monday,19,8,2,4.315
2025,1,Monday,19,5,6,7.0755
2025,1,Monday,19,4,3,125.2355
2025,1,Monday,19,0,7,1.077
2025,1,Monday,19,0,3,11.4798
2025,1,Monday,19,7,4,25.4495
2025,1,Monday,19,6,2,21.3108
2025,1,Monday,19,7,5,1.9487
2025,1,Monday,19,8,5,2.58
2025,1,Monday,19,3,5,71.0635
2025,1,Monday,19,8,6,4.5757
2025,1,Monday,19,7,0,2.8232
2025,1,Monday,19,0,1,39.9258
2025,1,Monday,19,5,2,7.8967
2025,1,Monday,19,6,5,6.934
2025,1,Monday,19,2,6,43.9878
2025,1,Monday,19,8,3,28.9142
2025,1,Monday,19,2,5,11.9653
2025,1,Monday,19,1,6,25.3188
2025,1,Monday,19,7,6,3.0915
2025,1,Monday,19,6,7,5.4793
2025,1,Monday,19,5,7,2.787
2025,1,Monday,19,2,3,57.973
2025,1,Monday,8,2,8,33.1787
2025,1,Monday,8,7,3,248.637
2025,1,Monday,8,8,6,7.726
2025,1,Monday,8,8,1,38.5273
2025,1,Monday,8,0,8,15.4408
2025,1,Monday,8,2,0,15.909
2025,1,Monday,8,3,8,304.9702
2025,1,Monday,8,1,0,71.468
2025,1,Monday,8,0,6,32.4413
2025,1,Monday,8,7,4,62.4775
2025,1,Monday,8,8,5,21.0858
2025,1,Monday,8,7,0,4.0758
2025,1,Monday,8,2,3,104.2615
2025,1,Monday,8,6,0,24.0653
2025,1,Monday,8,1,2,128.3635
2025,1,Monday,8,4,5,53.2937
2025,1,Monday,8,3,5,411.2927
2025,1,Monday,8,1,6,201.8705
2025,1,Monday,8,0,1,131.7832
2025,1,Monday,8,3,0,41.8557
2025,1,Monday,8,5,3,200.1648
2025,1,Monday,8,6,8,26.412
2025,1,Monday,8,4,1,49.9825
2025,1,Monday,8,8,2,37.732
2025,1,Monday,8,3,2,240.7737
2025,1,Monday,8,6,5,18.646
2025,1,Monday,8,1,8,54.198
2025,1,Monday,8,1,5,73.7465
2025,1,Monday,8,0,4,48.643
2025,1,Monday,8,6,1,104.853
2025,1,Monday,8,4,3,367.4045
2025,1,Monday,8,3,6,906.1532
2025,1,Monday,8,3,7,236.9192
2025,1,Monday,8,8,3,162.3675
2025,1,Monday,8,7,5,11.0555
2025,1,Monday,8,3,4,383.9167
2025,1,Monday,8,0,2,76.8913
2025,1,Monday,8,4,7,54.0125
2025,1,Monday,8,7,1,16.8518
2025,1,Monday,8,5,0,5.2258
2025,1,Monday,8,4,8,36.6347
2025,1,Monday,8,2,4,35.949
2025,1,Monday,8,0,7,14.446
2025,1,Monday,8,6,3,736.3005
2025,1,Monday,8,7,2,67.7353
2025,1,Monday,8,0,5,36.3788
2025,1,Monday,8,4,2,85.3398
2025,1,Monday,8,2,5,34.9392
2025,1,Monday,8,1,4,90.4245
2025,1,Monday,8,5,4,51.5328
2025,1,Monday,8,7,6,3.201
2025,1,Monday,8,5,6,7.2555
2025,1,Monday,8,5,8,7.5268
2025,1,Monday,8,2,7,24.2165
2025,1,Monday,8,2,6,100.9645
2025,1,Monday,8,4,0,18.0142
2025,1,Monday,8,1,3,536.8488
2025,1,Monday,8,4,6,131.6113
2025,1,Monday,8,5,1,30.0385
2025,1,Monday,8,6,4,75.945
2025,1,Monday,8,6,2,174.6237
2025,1,Monday,8,2,1,42.4922
2025,1,Monday,8,3,1,143.8888
2025,1,Monday,8,5,7,4.357
2025,1,Monday,8,8,4,31.483
2025,1,Monday,8,1,7,63.8188
2025,1,Monday,8,5,2,44.7517
2025,1,Monday,8,0,3,85.3485
2025,1,Monday,8,6,7,4.6745
2025,1,Monday,8,8,0,6.4405
2025,1,Monday,8,7,8,0.25
2025,1,Monday,20,1,2,11.0607
2025,1,Monday,20,1,3,33.0207
2025,1,Monday,20,5,2,5.3973
2025,1,Monday,20,4,2,20.9662
2025,1,Monday,20,2,6,21.8818
2025,1,Monday,20,6,3,59.501
2025,1,Monday,20,4,7,13.1623
2025,1,Monday,20,0,7,0.3587
2025,1,Monday,20,1,4,26.7342
2025,1,Monday,20,4,0,18.7675
2025,1,Monday,20,8,2,3.531
2025,1,Monday,20,1,8,6.2617
2025,1,Monday,20,0,8,1.795
2025,1,Monday,20,6,5,3.4417
2025,1,Monday,20,7,5,0.832
2025,1,Monday,20,8,1,3.5462
2025,1,Monday,20,0,4,7.4337
2025,1,Monday,20,3,8,19.0788
2025,1,Monday,20,7,0,4.149
2025,1,Monday,20,8,3,17.9095
2025,1,Monday,20,7,3,22.381
2025,1,Monday,20,0,1,14.9725
2025,1,Monday,20,6,4,27.3535
2025,1,Monday,20,6,2,8.5025
2025,1,Monday,20,1,5,3.705
2025,1,Monday,20,8,6,2.3255
2025,1,Monday,20,5,8,0.5805
2025,1,Monday,20,8,4,6.4722
2025,1,Monday,20,4,6,42.4775
2025,1,Monday,20,5,7,0.2965
2025,1,Monday,20,5,0,1.7285
2025,1,Monday,20,1,6,18.3965
2025,1,Monday,20,7,1,4.733
2025,1,Monday,20,2,3,39.802
2025,1,Monday,20,4,1,32.7547
2025,1,Monday,20,3,7,34.1935
2025,1,Monday,20,5,3,34.4825
2025,1,Monday,20,3,4,93.532
2025,1,Monday,20,1,7,2.8652
2025,1,Monday,20,2,7,7.1233
2025,1,Monday,20,4,3,83.3697
2025,1,Monday,20,6,1,17.429
2025,1,Monday,20,7,2,3.2883
2025,1,Monday,20,0,6,2.8555
2025,1,Monday,20,3,2,27.987
2025,1,Monday,20,6,8,6.3387
2025,1,Monday,20,2,8,10.8253
2025,1,Monday,20,7,4,9.396
2025,1,Monday,20,3,6,89.1162
2025,1,Monday,20,3,1,77.0993
2025,1,Monday,20,2,5,5.093
2025,1,Monday,20,8,5,0.8898
2025,1,Monday,20,5,4,10.1438
2025,1,Monday,20,3,0,20.3295
2025,1,Monday,20,2,1,30.042
2025,1,Monday,20,0,5,1.0935
2025,1,Monday,20,0,2,3.899
2025,1,Monday,20,5,6,3.1912
2025,1,Monday,20,6,7,2.9462
2025,1,Monday,20,4,8,10.0942
2025,1,Monday,20,2,4,19.3143
2025,1,Monday,20,1,0,25.2093
2025,1,Monday,20,5,1,10.188
2025,1,Monday,20,8,0,0.8985
2025,1,Monday,20,2,0,12.875
2025,1,Monday,20,3,5,30.6585
2025,1,Monday,20,7,6,1.949
2025,1,Monday,20,4,5,13.9075
2025,1,Monday,20,6,0,5.6443
2025,1,Monday,20,0,3,7.5327
2025,1,Monday,9,3,5,246.1848
2025,1,Monday,9,2,4,33.3618
2025,1,Monday,9,4,7,42.6825
2025,1,Monday,9,1,8,19.024
2025,1,Monday,9,6,5,16.8592
2025,1,Monday,9,0,7,9.5363
2025,1,Monday,9,4,2,56.0682
2025,1,Monday,9,8,4,22.3512
2025,1,Monday,9,1,6,75.5335
2025,1,Monday,9,4,5,26.7905
2025,1,Monday,9,5,3,99.9528
2025,1,Monday,9,0,8,9.2378
2025,1,Monday,9,1,0,28.2565
2025,1,Monday,9,8,6,10.3632
2025,1,Monday,9,4,1,36.4283
2025,1,Monday,9,3,2,180.4282
2025,1,Monday,9,4,6,69.3375
2025,1,Monday,9,8,3,75.4318
2025,1,Monday,9,7,6,4.111
2025,1,Monday,9,4,3,187.6092
2025,1,Monday,9,7,3,97.8477
2025,1,Monday,9,5,6,9.6915
2025,1,Monday,9,1,2,103.4282
2025,1,Monday,9,2,3,74.0103
2025,1,Monday,9,2,6,52.7293
2025,1,Monday,9,5,7,2.734
2025,1,Monday,9,8,1,21.1525
2025,1,Monday,9,0,2,58.0375
2025,1,Monday,9,1,5,39.5422
2025,1,Monday,9,1,3,274.0505
2025,1,Monday,9,2,7,21.268
2025,1,Monday,9,4,0,9.8795
2025,1,Monday,9,8,5,18.6425
2025,1,Monday,9,8,7,0.3015
2025,1,Monday,9,3,0,16.282
2025,1,Monday,9,2,1,35.2875
2025,1,Monday,9,2,5,19.2962
2025,1,Monday,9,5,4,37.8383
2025,1,Monday,9,0,3,61.4285
2025,1,Monday,9,3,6,382.9175
2025,1,Monday,9,7,0,2.0558
2025,1,Monday,9,5,1,16.2415
2025,1,Monday,9,6,1,66.5237
2025,1,Monday,9,5,0,5.191
2025,1,Monday,9,3,1,106.1533
2025,1,Monday,9,5,8,6.332
2025,1,Monday,9,6,0,15.8402
2025,1,Monday,9,4,8,27.5407
2025,1,Monday,9,6,8,23.753
2025,1,Monday,9,3,4,261.524
2025,1,Monday,9,1,7,26.1505
2025,1,Monday,9,2,8,15.385
2025,1,Monday,9,6,2,134.331
2025,1,Monday,9,0,6,14.676
2025,1,Monday,9,7,2,29.5643
2025,1,Monday,9,0,1,72.476
2025,1,Monday,9,6,7,4.1883
2025,1,Monday,9,2,0,10.9553
2025,1,Monday,9,8,2,30.328
2025,1,Monday,9,3,7,118.7762
2025,1,Monday,9,6,3,352.9907
2025,1,Monday,9,6,4,60.3653
2025,1,Monday,9,7,1,13.4003
2025,1,Monday,9,8,0,3.6205
2025,1,Monday,9,0,4,36.9695
2025,1,Monday,9,7,5,6.415
2025,1,Monday,9,1,4,57.6005
2025,1,Monday,9,7,4,34.0243
2025,1,Monday,9,0,5,20.156
2025,1,Monday,9,3,8,129.2798
2025,1,Monday,9,5,2,28.8975
2025,1,Monday,21,5,4,6.1202
2025,1,Monday,21,4,6,36.2713
2025,1,Monday,21,4,3,67.1525
2025,1,Monday,21,4,5,8.1552
2025,1,Monday,21,0,8,1.487
2025,1,Monday,21,3,7,19.72
2025,1,Monday,21,6,1,11.907
2025,1,Monday,21,2,7,8.2287
2025,1,Monday,21,2,0,9.7697
2025,1,Monday,21,8,4,1.705
2025,1,Monday,21,3,1,42.919
2025,1,Monday,21,7,4,9.0952
2025,1,Monday,21,6,7,2.2625
2025,1,Monday,21,4,2,15.1768
2025,1,Monday,21,4,1,27.8317
2025,1,Monday,21,2,8,5.354
2025,1,Monday,21,1,6,13.196
2025,1,Monday,21,0,4,4.384
2025,1,Monday,21,6,2,6.1692
2025,1,Monday,21,6,3,32.3263
2025,1,Monday,21,4,7,11.0058
2025,1,Monday,21,3,8,16.2615
2025,1,Monday,21,1,4,12.0812
2025,1,Monday,21,3,5,15.8268
2025,1,Monday,21,6,5,2.929
2025,1,Monday,21,0,1,12.6615
2025,1,Monday,21,8,5,0.5517
2025,1,Monday,21,4,0,12.4105
2025,1,Monday,21,2,5,4.3227
2025,1,Monday,21,2,3,20.9077
2025,1,Monday,21,4,8,7.5612
2025,1,Monday,21,5,3,17.2855
2025,1,Monday,21,7,2,3.0878
2025,1,Monday,21,3,2,17.5945
2025,1,Monday,21,0,5,0.3523
2025,1,Monday,21,1,7,2.564
2025,1,Monday,21,6,8,1.5087
2025,1,Monday,21,2,6,9.5972
2025,1,Monday,21,6,0,7.8405
2025,1,Monday,21,6,4,10.4973
2025,1,Monday,21,7,1,3.3942
2025,1,Monday,21,1,2,3.7425
2025,1,Monday,21,1,5,4.5695
2025,1,Monday,21,8,0,0.8342
2025,1,Monday,21,1,8,6.8395
2025,1,Monday,21,7,6,1.4322
2025,1,Monday,21,5,8,1.1542
2025,1,Monday,21,7,3,10.142
2025,1,Monday,21,1,0,19.7155
2025,1,Monday,21,8,1,3.0772
2025,1,Monday,21,3,4,48.094
2025,1,Monday,21,5,0,2.0512
2025,1,Monday,21,2,4,10.7
2025,1,Monday,21,5,1,7.242
2025,1,Monday,21,2,1,11.7453
2025,1,Monday,21,0,3,6.2008
2025,1,Monday,21,0,7,0.3907
2025,1,Monday,21,1,3,22.395
2025,1,Monday,21,8,6,3.2052
2025,1,Monday,21,8,2,5.25
2025,1,Monday,21,5,2,3.1928
2025,1,Monday,21,3,0,14.617
2025,1,Monday,21,5,7,0.2785
2025,1,Monday,21,7,0,0.5773
2025,1,Monday,21,8,3,9.2335
2025,1,Monday,21,5,6,3.276
2025,1,Monday,21,3,6,49.4688
2025,1,Monday,21,0,2,2.813
2025,1,Monday,21,0,6,2.4678
2025,1,Monday,10,8,5,5.797
2025,1,Monday,10,2,6,27.2878
2025,1,Monday,10,6,7,3.8857
2025,1,Monday,10,3,2,96.9355
2025,1,Monday,10,7,0,2.1103
2025,1,Monday,10,4,7,17.3565
2025,1,Monday,10,5,1,18.1567
2025,1,Monday,10,0,8,7.8797
2025,1,Monday,10,2,4,24.8367
2025,1,Monday,10,7,3,52.4888
2025,1,Monday,10,6,0,8.3295
2025,1,Monday,10,6,5,10.0193
2025,1,Monday,10,2,7,9.3935
2025,1,Monday,10,0,7,5.4915
2025,1,Monday,10,7,2,17.6787
2025,1,Monday,10,6,4,47.0343
2025,1,Monday,10,5,0,11.2205
2025,1,Monday,10,4,0,9.9015
2025,1,Monday,10,4,6,41.495
2025,1,Monday,10,2,0,7.6413
2025,1,Monday,10,4,8,14.4115
2025,1,Monday,10,5,7,2.739
2025,1,Monday,10,1,5,18.08
2025,1,Monday,10,2,5,17.1415
2025,1,Monday,10,0,4,24.2442
2025,1,Monday,10,2,8,9.4375
2025,1,Monday,10,0,6,11.6117
2025,1,Monday,10,7,6,2.9795
2025,1,Monday,10,5,4,28.0225
2025,1,Monday,10,3,0,11.6865
2025,1,Monday,10,2,3,58.5728
2025,1,Monday,10,6,3,162.5235
2025,1,Monday,10,1,7,12.1442
2025,1,Monday,10,6,2,49.5792
2025,1,Monday,10,8,7,0.3135
2025,1,Monday,10,0,1,48.8885
2025,1,Monday,10,7,4,23.425
2025,1,Monday,10,3,5,82.9237
2025,1,Monday,10,0,3,36.3125
2025,1,Monday,10,5,8,8.2257
2025,1,Monday,10,8,1,23.5115
2025,1,Monday,10,3,6,137.3735
2025,1,Monday,10,8,6,9.088
2025,1,Monday,10,5,6,5.744
2025,1,Monday,10,0,5,10.5867
2025,1,Monday,10,3,8,55.9325
2025,1,Monday,10,4,1,47.6713
2025,1,Monday,10,6,1,49.83
2025,1,Monday,10,1,2,55.9753
2025,1,Monday,10,7,5,7.1908
2025,1,Monday,10,5,3,75.8932
2025,1,Monday,10,3,4,153.7945
2025,1,Monday,10,3,7,62.4878
2025,1,Monday,10,1,3,119.3655
2025,1,Monday,10,1,8,10.4837
2025,1,Monday,10,4,5,22.1603
2025,1,Monday,10,8,4,15.7947
2025,1,Monday,10,0,2,37.2935
2025,1,Monday,10,2,1,40.1585
2025,1,Monday,10,8,3,49.7662
2025,1,Monday,10,1,4,42.6848
2025,1,Monday,10,1,6,28.1705
2025,1,Monday,10,4,3,102.8007
2025,1,Monday,10,8,2,15.5295
2025,1,Monday,10,1,0,24.7825
2025,1,Monday,10,4,2,33.7257
2025,1,Monday,10,8,0,3.041
2025,1,Monday,10,3,1,104.3258
2025,1,Monday,10,7,1,10.4115
2025,1,Monday,10,5,2,20.6823
2025,1,Monday,10,6,8,7.998
2025,1,Monday,22,5,7,0.283
2025,1,Monday,22,1,2,0.8632
2025,1,Monday,22,0,3,6.6455
2025,1,Monday,22,4,7,4.821
2025,1,Monday,22,6,5,1.1617
2025,1,Monday,22,7,0,1.6668
2025,1,Monday,22,5,1,5.291
2025,1,Monday,22,4,2,7.9303
2025,1,Monday,22,0,8,1.7235
2025,1,Monday,22,3,5,7.4223
2025,1,Monday,22,7,2,2.4915
2025,1,Monday,22,7,4,4.714
2025,1,Monday,22,2,3,17.0418
2025,1,Monday,22,8,1,2.5672
2025,1,Monday,22,8,6,0.8237
2025,1,Monday,22,3,1,21.8778
2025,1,Monday,22,3,0,16.985
2025,1,Monday,22,0,6,3.5782
2025,1,Monday,22,2,8,4.7402
2025,1,Monday,22,4,0,12.553
2025,1,Monday,22,3,8,17.0977
2025,1,Monday,22,6,1,4.0055
2025,1,Monday,22,4,8,2.823
2025,1,Monday,22,4,6,18.632
2025,1,Monday,22,1,0,11.7023
2025,1,Monday,22,0,4,2.765
2025,1,Monday,22,4,5,5.946
2025,1,Monday,22,2,7,1.981
2025,1,Monday,22,1,7,3.7465
2025,1,Monday,22,3,7,8.3985
2025,1,Monday,22,0,2,0.703
2025,1,Monday,22,5,3,5.2963
2025,1,Monday,22,4,1,17.193
2025,1,Monday,22,1,3,13.2992
2025,1,Monday,22,1,4,5.4405
2025,1,Monday,22,6,3,21.1675
2025,1,Monday,22,0,7,0.3695
2025,1,Monday,22,2,5,1.4025
2025,1,Monday,22,8,3,7.2972
2025,1,Monday,22,0,5,0.7168
2025,1,Monday,22,1,5,4.292
2025,1,Monday,22,8,0,0.8598
2025,1,Monday,22,1,6,6.9008
2025,1,Monday,22,6,4,8.1453
2025,1,Monday,22,0,1,4.2813
2025,1,Monday,22,2,0,9.229
2025,1,Monday,22,4,3,38.5473
2025,1,Monday,22,6,2,4.379
2025,1,Monday,22,3,2,13.6328
2025,1,Monday,22,2,6,6.119
2025,1,Monday,22,5,2,1.413
2025,1,Monday,22,5,0,1.6835
2025,1,Monday,22,5,6,0.2845
2025,1,Monday,22,5,4,2.7942
2025,1,Monday,22,6,8,0.5
2025,1,Monday,22,1,8,1.7115
2025,1,Monday,22,8,4,2.2558
2025,1,Monday,22,6,7,1.4737
2025,1,Monday,22,7,3,9.7173
2025,1,Monday,22,7,5,0.842
2025,1,Monday,22,8,5,0.2795
2025,1,Monday,22,3,4,21.6473
2025,1,Monday,22,3,6,32.6972
2025,1,Monday,22,7,1,3.629
2025,1,Monday,22,6,0,5.82
2025,1,Monday,22,2,4,5.6675
2025,1,Monday,22,8,2,1.6628
2025,1,Monday,22,2,1,8.259
2025,1,Monday,11,1,6,28.9943
2025,1,Monday,11,6,5,12.5337
2025,1,Monday,11,7,4,32.0012
2025,1,Monday,11,4,6,36.1218
2025,1,Monday,11,4,0,8.9297
2025,1,Monday,11,2,0,10.7038
2025,1,Monday,11,0,7,5.1437
2025,1,Monday,11,0,3,34.4757
2025,1,Monday,11,2,3,69.6092
2025,1,Monday,11,2,4,35.898
2025,1,Monday,11,6,7,3.8923
2025,1,Monday,11,5,4,35.0653
2025,1,Monday,11,7,0,3.5042
2025,1,Monday,11,0,8,3.4685
2025,1,Monday,11,4,2,44.432
2025,1,Monday,11,6,8,14.833
2025,1,Monday,11,7,8,0.275
2025,1,Monday,11,1,4,60.2278
2025,1,Monday,11,2,7,11.6208
2025,1,Monday,11,0,6,12.773
2025,1,Monday,11,5,2,14.409
2025,1,Monday,11,2,6,27.5925
2025,1,Monday,11,5,1,16.7822
2025,1,Monday,11,7,6,5.5445
2025,1,Monday,11,3,2,84.9525
2025,1,Monday,11,0,1,47.452
2025,1,Monday,11,3,1,86.5948
2025,1,Monday,11,2,8,11.7687
2025,1,Monday,11,3,4,143.618
2025,1,Monday,11,2,1,41.6748
2025,1,Monday,11,5,6,15.555
2025,1,Monday,11,7,5,5.0105
2025,1,Monday,11,1,0,22.6683
2025,1,Monday,11,5,8,10.2355
2025,1,Monday,11,5,7,5.4385
2025,1,Monday,11,6,3,115.7915
2025,1,Monday,11,7,3,43.801
2025,1,Monday,11,7,1,15.835
2025,1,Monday,11,8,3,48.2712
2025,1,Monday,11,1,8,5.8818
2025,1,Monday,11,8,2,14.0835
2025,1,Monday,11,0,2,20.1875
2025,1,Monday,11,6,2,45.9205
2025,1,Monday,11,6,4,58.1475
2025,1,Monday,11,4,8,12.2062
2025,1,Monday,11,2,5,10.5905
2025,1,Monday,11,8,7,0.3105
2025,1,Monday,11,3,0,14.1317
2025,1,Monday,11,4,1,47.446
2025,1,Monday,11,8,6,14.3217
2025,1,Monday,11,4,3,93.9597
2025,1,Monday,11,8,0,1.8582
2025,1,Monday,11,8,4,17.6882
2025,1,Monday,11,1,2,54.8667
2025,1,Monday,11,6,1,34.7272
2025,1,Monday,11,4,7,15.6345
2025,1,Monday,11,0,4,20.131
2025,1,Monday,11,3,8,40.4385
2025,1,Monday,11,8,5,9.4065
2025,1,Monday,11,5,3,65.7393
2025,1,Monday,11,5,0,7.8907
2025,1,Monday,11,3,7,46.4902
2025,1,Monday,11,1,3,96.8763
2025,1,Monday,11,3,6,122.4578
2025,1,Monday,11,1,7,8.0138
2025,1,Monday,11,6,0,8.4902
2025,1,Monday,11,1,5,13.074
2025,1,Monday,11,3,5,67.9935
2025,1,Monday,11,8,1,14.6668
2025,1,Monday,11,7,2,15.606
2025,1,Monday,11,0,5,13.0907
2025,1,Monday,11,4,5,21.7375
2025,1,Monday,23,3,0,8.0653
2025,1,Monday,23,7,0,1.1752
2025,1,Monday,23,6,8,0.3088
2025,1,Monday,23,7,1,2.2993
2025,1,Monday,23,0,3,3.4138
2025,1,Monday,23,2,7,1.4345
2025,1,Monday,23,1,8,3.115
2025,1,Monday,23,1,4,2.5445
2025,1,Monday,23,5,3,10.653
2025,1,Monday,23,1,7,0.2853
2025,1,Monday,23,4,7,3.3753
2025,1,Monday,23,4,8,2.2738
2025,1,Monday,23,1,2,1.7265
2025,1,Monday,23,0,2,3.4903
2025,1,Monday,23,0,8,1.0163
2025,1,Monday,23,0,1,3.019
2025,1,Monday,23,1,3,7.1168
2025,1,Monday,23,6,5,1.7065
2025,1,Monday,23,5,6,1.1115
2025,1,Monday,23,0,4,1.7858
2025,1,Monday,23,8,2,0.5468
2025,1,Monday,23,2,4,1.7197
2025,1,Monday,23,3,7,4.1033
2025,1,Monday,23,0,7,1.3723
2025,1,Monday,23,5,7,0.2575
2025,1,Monday,23,2,6,4.1705
2025,1,Monday,23,8,4,0.849
2025,1,Monday,23,5,2,1.3505
2025,1,Monday,23,3,1,9.231
2025,1,Monday,23,6,2,3.5028
2025,1,Monday,23,8,0,0.866
2025,1,Monday,23,0,6,1.985
2025,1,Monday,23,4,0,7.141
2025,1,Monday,23,8,3,2.4045
2025,1,Monday,23,3,8,6.2072
2025,1,Monday,23,6,1,3.1772
2025,1,Monday,23,3,2,5.1855
2025,1,Monday,23,4,3,25.3283
2025,1,Monday,23,4,2,4.8043
2025,1,Monday,23,4,6,16.406
2025,1,Monday,23,2,3,11.7393
2025,1,Monday,23,7,2,1.1468
2025,1,Monday,23,5,1,1.7005
2025,1,Monday,23,3,4,13.849
2025,1,Monday,23,7,4,2.5655
2025,1,Monday,23,6,7,0.2743
2025,1,Monday,23,4,1,9.5135
2025,1,Monday,23,4,5,3.1673
2025,1,Monday,23,2,0,4.5035
2025,1,Monday,23,3,6,16.0482
2025,1,Monday,23,2,1,2.2733
2025,1,Monday,23,1,6,2.5345
2025,1,Monday,23,1,0,5.358
2025,1,Monday,23,6,4,1.1365
2025,1,Monday,23,3,5,2.5897
2025,1,Monday,23,5,4,1.7048
2025,1,Monday,23,7,3,7.7503
2025,1,Monday,23,1,5,0.2795
2025,1,Monday,23,6,0,4.8875
2025,1,Monday,23,5,0,2.73
2025,1,Monday,23,2,8,3.9712
2025,1,Monday,23,8,1,0.8415
2025,1,Monday,23,6,3,11.7788
2025,1,Monday,0,5,0,0.2918
2025,1,Monday,0,3,4,7.557
2025,1,Monday,0,4,3,13.1715
2025,1,Monday,0,4,2,2.8338
2025,1,Monday,0,3,7,1.2083
2025,1,Monday,0,0,2,0.6742
2025,1,Monday,0,2,5,0.2777
2025,1,Monday,0,3,2,1.6318
2025,1,Monday,0,4,6,3.7645
2025,1,Monday,0,7,0,0.5868
2025,1,Monday,0,1,2,2.44
2025,1,Monday,0,6,1,1.6172
2025,1,Monday,0,1,3,0.9562
2025,1,Monday,0,4,8,3.4705
2025,1,Monday,0,6,4,1.198
2025,1,Monday,0,0,1,2.396
2025,1,Monday,0,2,6,1.155
2025,1,Monday,0,2,1,2.3818
2025,1,Monday,0,2,8,1.455
2025,1,Monday,0,6,3,4.49
2025,1,Monday,0,6,5,1.1758
2025,1,Monday,0,8,2,0.5535
2025,1,Monday,0,4,0,5.4217
2025,1,Monday,0,8,3,1.7735
2025,1,Monday,0,0,8,1.0322
2025,1,Monday,0,1,6,1.8288
2025,1,Monday,0,5,3,0.869
2025,1,Monday,0,1,0,1.9275
2025,1,Monday,0,4,1,3.5097
2025,1,Monday,0,7,4,0.5992
2025,1,Monday,0,0,3,3.8558
2025,1,Monday,0,3,5,1.1858
2025,1,Monday,0,3,8,2.114
2025,1,Monday,0,2,7,0.293
2025,1,Monday,0,5,6,0.678
2025,1,Monday,0,6,0,1.281
2025,1,Monday,0,8,6,0.5695
2025,1,Monday,0,1,8,0.6095
2025,1,Monday,0,3,6,3.9315
2025,1,Monday,0,5,4,1.234
2025,1,Monday,0,2,3,1.9383
2025,1,Monday,0,7,2,0.8977
2025,1,Monday,0,6,2,0.8898
2025,1,Monday,0,8,1,0.3
2025,1,Monday,0,8,4,0.2948
2025,1,Monday,0,2,0,0.847
2025,1,Monday,0,4,5,0.8322
2025,1,Monday,0,2,4,1.1728
2025,1,Monday,0,3,1,4.5773
2025,1,Monday,0,7,3,1.186
2025,1,Monday,0,5,2,0.325
2025,1,Monday,0,0,6,0.705
2025,1,Monday,0,3,0,7.7303
2025,1,Monday,0,0,4,0.697
2025,1,Monday,0,1,4,1.8105
2025,1,Monday,0,1,5,0.2862
2025,1,Monday,0,4,7,1.6662
2025,1,Monday,0,1,7,0.2925
2025,1,Monday,12,4,2,36.0925
2025,1,Monday,12,6,4,57.1058
2025,1,Monday,12,7,6,3.4115
2025,1,Monday,12,8,2,14.3535
2025,1,Monday,12,5,3,55.1892
2025,1,Monday,12,6,8,18.1787
2025,1,Monday,12,3,2,82.729
2025,1,Monday,12,5,6,20.8608
2025,1,Monday,12,2,7,10.2605
2025,1,Monday,12,4,1,56.095
2025,1,Monday,12,0,2,20.068
2025,1,Monday,12,5,2,18.1222
2025,1,Monday,12,0,7,3.6985
2025,1,Monday,12,4,7,9.083
2025,1,Monday,12,7,1,11.813
2025,1,Monday,12,8,3,38.7678
2025,1,Monday,12,3,6,123.9862
2025,1,Monday,12,4,8,14.0397
2025,1,Monday,12,2,4,42.5948
2025,1,Monday,12,7,5,4.148
2025,1,Monday,12,1,0,20.4743
2025,1,Monday,12,1,7,11.8585
2025,1,Monday,12,2,8,10.4397
2025,1,Monday,12,8,1,12.489
2025,1,Monday,12,4,5,28.9765
2025,1,Monday,12,7,4,30.7333
2025,1,Monday,12,5,4,38.8155
2025,1,Monday,12,1,6,28.7825
2025,1,Monday,12,7,0,1.7755
2025,1,Monday,12,7,2,11.5938
2025,1,Monday,12,3,1,104.5525
2025,1,Monday,12,0,3,27.8103
2025,1,Monday,12,4,0,12.043
2025,1,Monday,12,0,1,43.6172
2025,1,Monday,12,8,0,3.9523
2025,1,Monday,12,6,3,124.8875
2025,1,Monday,12,7,3,37.337
2025,1,Monday,12,1,8,9.1987
2025,1,Monday,12,2,3,82.354
2025,1,Monday,12,1,4,53.077
2025,1,Monday,12,8,6,31.3807
2025,1,Monday,12,5,8,9.714
2025,1,Monday,12,2,6,28.3477
2025,1,Monday,12,5,1,21.3123
2025,1,Monday,12,3,4,153.5445
2025,1,Monday,12,6,2,39.343
2025,1,Monday,12,3,5,52.2498
2025,1,Monday,12,3,7,33.456
2025,1,Monday,12,2,1,52.4455
2025,1,Monday,12,8,5,16.969
2025,1,Monday,12,5,7,7.7875
2025,1,Monday,12,6,1,38.3155
2025,1,Monday,12,8,4,16.1583
2025,1,Monday,12,4,6,40.7673
2025,1,Monday,12,3,0,24.3475
2025,1,Monday,12,6,0,9.0008
2025,1,Monday,12,0,5,4.3175
2025,1,Monday,12,7,8,0.6578
2025,1,Monday,12,1,2,65.003
2025,1,Monday,12,2,5,13.9363
2025,1,Monday,12,0,6,12.4045
2025,1,Monday,12,1,5,14.5133
2025,1,Monday,12,0,8,3.671
2025,1,Monday,12,2,0,14.4828
2025,1,Monday,12,4,3,117.1057
2025,1,Monday,12,1,3,93.0368
2025,1,Monday,12,5,0,12.9945
2025,1,Monday,12,3,8,47.2082
2025,1,Monday,12,0,4,19.0765
2025,1,Monday,12,6,5,18.444
2025,1,Monday,12,6,7,6.5407
2025,1,Tuesday,1,4,0,2.1047
2025,1,Tuesday,1,2,6,0.625
2025,1,Tuesday,1,1,0,0.3077
2025,1,Tuesday,1,6,1,1.2225
2025,1,Tuesday,1,4,3,2.5325
2025,1,Tuesday,1,1,6,1.0035
2025,1,Tuesday,1,8,6,0.3055
2025,1,Tuesday,1,2,3,1.7295
2025,1,Tuesday,1,3,6,3.0125
2025,1,Tuesday,1,0,1,0.6945
2025,1,Tuesday,1,0,4,0.3553
2025,1,Tuesday,1,6,0,0.6175
2025,1,Tuesday,1,3,7,0.302
2025,1,Tuesday,1,1,4,1.0047
2025,1,Tuesday,1,2,1,0.3215
2025,1,Tuesday,1,8,5,0.3125
2025,1,Tuesday,1,3,4,1.8123
2025,1,Tuesday,1,2,4,0.2677
2025,1,Tuesday,1,3,0,1.1972
2025,1,Tuesday,1,6,5,0.2905
2025,1,Tuesday,1,5,4,1.1608
2025,1,Tuesday,1,6,7,0.3088
2025,1,Tuesday,1,4,1,0.8148
2025,1,Tuesday,1,7,3,0.5358
2025,1,Tuesday,1,7,6,0.25
2025,1,Tuesday,1,3,2,0.3117
2025,1,Tuesday,1,0,7,0.3553
2025,1,Tuesday,1,4,8,0.8133
2025,1,Tuesday,1,3,8,1.2408
2025,1,Tuesday,1,7,0,0.5358
2025,1,Tuesday,1,6,4,0.6028
2025,1,Tuesday,1,8,4,0.35
2025,1,Tuesday,1,0,3,2.2553
2025,1,Tuesday,1,2,0,2.3453
2025,1,Tuesday,1,8,0,1.3082
2025,1,Tuesday,1,0,5,0.3553
2025,1,Tuesday,1,6,3,1.8842
2025,1,Tuesday,1,4,5,1.1237
2025,1,Tuesday,1,1,3,1.3398
2025,1,Tuesday,1,4,7,0.2727
2025,1,Tuesday,1,8,2,0.3125
2025,1,Tuesday,13,0,7,2.115
2025,1,Tuesday,13,1,2,64.9768
2025,1,Tuesday,13,6,0,11.005
2025,1,Tuesday,13,7,2,12.1632
2025,1,Tuesday,13,6,5,24.657
2025,1,Tuesday,13,2,3,112.0677
2025,1,Tuesday,13,6,3,159.1943
2025,1,Tuesday,13,1,8,13.28
2025,1,Tuesday,13,1,5,13.8552
2025,1,Tuesday,13,4,8,17.4382
2025,1,Tuesday,13,4,0,18.895
2025,1,Tuesday,13,4,5,35.7488
2025,1,Tuesday,13,8,0,4.9745
2025,1,Tuesday,13,2,7,13.5808
2025,1,Tuesday,13,0,4,23.958
2025,1,Tuesday,13,3,7,44.7237
2025,1,Tuesday,13,3,0,32.9885
2025,1,Tuesday,13,2,8,12.196
2025,1,Tuesday,13,6,1,43.7862
2025,1,Tuesday,13,7,4,26.424
2025,1,Tuesday,13,0,5,12.3687
2025,1,Tuesday,13,4,7,19.9415
2025,1,Tuesday,13,7,5,12.4065
2025,1,Tuesday,13,5,7,10.148
2025,1,Tuesday,13,6,8,26.109
2025,1,Tuesday,13,5,8,12.4315
2025,1,Tuesday,13,0,8,5.6465
2025,1,Tuesday,13,7,3,71.8508
2025,1,Tuesday,13,8,1,17.439
2025,1,Tuesday,13,0,3,30.4148
2025,1,Tuesday,13,6,4,62.5445
2025,1,Tuesday,13,1,6,38.308
2025,1,Tuesday,13,2,6,30.618
2025,1,Tuesday,13,6,7,5.0793
2025,1,Tuesday,13,8,6,23.4283
2025,1,Tuesday,13,8,2,14.7793
2025,1,Tuesday,13,0,2,22.649
2025,1,Tuesday,13,7,8,1.4365
2025,1,Tuesday,13,6,2,32.1405
2025,1,Tuesday,13,1,3,92.4728
2025,1,Tuesday,13,4,3,137.0347
2025,1,Tuesday,13,0,1,38.222
2025,1,Tuesday,13,7,0,3.543
2025,1,Tuesday,13,1,4,56.0837
2025,1,Tuesday,13,5,2,19.9008
2025,1,Tuesday,13,5,6,23.0167
2025,1,Tuesday,13,3,2,99.7878
2025,1,Tuesday,13,5,3,79.9637
2025,1,Tuesday,13,1,7,7.63
2025,1,Tuesday,13,5,0,13.4797
2025,1,Tuesday,13,5,1,20.9155
2025,1,Tuesday,13,7,1,17.5915
2025,1,Tuesday,13,3,6,135.4218
2025,1,Tuesday,13,3,5,73.8913
2025,1,Tuesday,13,3,1,115.8553
2025,1,Tuesday,13,4,1,61.3703
2025,1,Tuesday,13,2,1,61.0922
2025,1,Tuesday,13,8,3,61.015
2025,1,Tuesday,13,8,5,21.8318
2025,1,Tuesday,13,0,6,13.4038
2025,1,Tuesday,13,1,0,25.6118
2025,1,Tuesday,13,3,8,44.4593
2025,1,Tuesday,13,2,5,18.0843
2025,1,Tuesday,13,4,6,63.119
2025,1,Tuesday,13,2,4,47.916
2025,1,Tuesday,13,8,4,25.0125
2025,1,Tuesday,13,3,4,166.082
2025,1,Tuesday,13,7,6,4.4532
2025,1,Tuesday,13,5,4,44.0773
2025,1,Tuesday,13,4,2,46.4657
2025,1,Tuesday,13,2,0,16.814
2025,1,Tuesday,2,4,1,0.63
2025,1,Tuesday,2,2,0,0.5832
2025,1,Tuesday,2,3,1,1.0675
2025,1,Tuesday,2,4,6,0.548
2025,1,Tuesday,2,6,8,0.8195
2025,1,Tuesday,2,2,6,0.25
2025,1,Tuesday,2,6,4,0.409
2025,1,Tuesday,2,2,8,0.625
2025,1,Tuesday,2,6,3,0.389
2025,1,Tuesday,2,6,2,0.3332
2025,1,Tuesday,2,1,8,1.0635
2025,1,Tuesday,2,7,2,0.25
2025,1,Tuesday,2,3,2,1.2698
2025,1,Tuesday,2,4,2,0.3055
2025,1,Tuesday,2,3,4,0.9852
2025,1,Tuesday,2,3,6,1.3228
2025,1,Tuesday,2,5,8,0.5
2025,1,Tuesday,2,3,5,0.7263
2025,1,Tuesday,2,7,6,0.25
2025,1,Tuesday,2,4,8,0.548
2025,1,Tuesday,2,1,2,0.2777
2025,1,Tuesday,2,1,4,0.2858
2025,1,Tuesday,2,4,3,0.5
2025,1,Tuesday,2,8,6,0.625
2025,1,Tuesday,2,7,5,0.25
2025,1,Tuesday,2,4,5,0.3125
2025,1,Tuesday,2,0,3,2.2212
2025,1,Tuesday,2,0,6,0.353
2025,1,Tuesday,14,2,1,74.3293
2025,1,Tuesday,14,0,6,18.7468
2025,1,Tuesday,14,4,6,73.2808
2025,1,Tuesday,14,5,1,44.1035
2025,1,Tuesday,14,6,2,43.8995
2025,1,Tuesday,14,7,4,29.622
2025,1,Tuesday,14,6,0,13.1008
2025,1,Tuesday,14,3,2,99.245
2025,1,Tuesday,14,4,7,31.4213
2025,1,Tuesday,14,5,3,125.362
2025,1,Tuesday,14,5,8,13.155
2025,1,Tuesday,14,6,3,255.5967
2025,1,Tuesday,14,7,3,78.741
2025,1,Tuesday,14,3,5,59.1717
2025,1,Tuesday,14,7,6,5.0947
2025,1,Tuesday,14,2,4,53.7673
2025,1,Tuesday,14,2,7,17.5933
2025,1,Tuesday,14,1,5,14.6623
2025,1,Tuesday,14,3,4,184.2528
2025,1,Tuesday,14,5,7,8.366
2025,1,Tuesday,14,4,2,47.7603
2025,1,Tuesday,14,6,1,57.691
2025,1,Tuesday,14,8,3,101.8022
2025,1,Tuesday,14,3,6,174.028
2025,1,Tuesday,14,7,1,13.434
2025,1,Tuesday,14,0,2,20.017
2025,1,Tuesday,14,1,3,134.3752
2025,1,Tuesday,14,2,5,14.4207
2025,1,Tuesday,14,4,5,31.1875
2025,1,Tuesday,14,1,0,51.1678
2025,1,Tuesday,14,2,3,124.4562
2025,1,Tuesday,14,4,1,81.453
2025,1,Tuesday,14,8,5,17.718
2025,1,Tuesday,14,0,8,5.7653
2025,1,Tuesday,14,0,4,22.8465
2025,1,Tuesday,14,3,8,56.9702
2025,1,Tuesday,14,4,8,20.4765
2025,1,Tuesday,14,3,7,42.731
2025,1,Tuesday,14,8,0,9.7587
2025,1,Tuesday,14,8,2,18.8758
2025,1,Tuesday,14,0,1,44.9987
2025,1,Tuesday,14,7,8,0.2858
2025,1,Tuesday,14,0,5,7.2118
2025,1,Tuesday,14,6,7,8.1343
2025,1,Tuesday,14,1,4,63.8995
2025,1,Tuesday,14,0,3,52.4268
2025,1,Tuesday,14,1,7,13.1655
2025,1,Tuesday,14,7,2,17.054
2025,1,Tuesday,14,7,5,9.3427
2025,1,Tuesday,14,6,4,67.8735
2025,1,Tuesday,14,5,0,21.633
2025,1,Tuesday,14,1,6,40.9785
2025,1,Tuesday,14,5,4,47.2957
2025,1,Tuesday,14,5,6,19.8917
2025,1,Tuesday,14,6,8,22.1865
2025,1,Tuesday,14,2,6,45.626
2025,1,Tuesday,14,6,5,21.883
2025,1,Tuesday,14,0,7,9.8862
2025,1,Tuesday,14,3,0,34.4985
2025,1,Tuesday,14,8,4,28.644
2025,1,Tuesday,14,3,1,131.6048
2025,1,Tuesday,14,2,0,30.782
2025,1,Tuesday,14,5,2,22.7587
2025,1,Tuesday,14,8,6,21.5958
2025,1,Tuesday,14,1,2,60.1153
2025,1,Tuesday,14,1,8,16.96
2025,1,Tuesday,14,2,8,15.2538
2025,1,Tuesday,14,7,0,3.5645
2025,1,Tuesday,14,8,1,26.0165
2025,1,Tuesday,14,4,3,185.0693
2025,1,Tuesday,14,4,0,32.009
2025,1,Tuesday,3,4,7,0.25
2025,1,Tuesday,3,3,4,0.3855
2025,1,Tuesday,3,5,0,0.6668
2025,1,Tuesday,3,3,6,1.3
2025,1,Tuesday,3,4,0,0.2707
2025,1,Tuesday,3,2,7,0.3332
2025,1,Tuesday,3,0,2,0.825
2025,1,Tuesday,3,2,3,0.25
2025,1,Tuesday,3,6,3,1.2533
2025,1,Tuesday,3,5,2,0.75
2025,1,Tuesday,3,4,8,0.5313
2025,1,Tuesday,3,6,1,0.4168
2025,1,Tuesday,3,0,4,0.4
2025,1,Tuesday,3,2,4,0.625
2025,1,Tuesday,3,4,3,1.125
2025,1,Tuesday,3,7,4,0.75
2025,1,Tuesday,3,6,4,0.7
2025,1,Tuesday,3,1,0,0.25
2025,1,Tuesday,3,6,8,0.7918
2025,1,Tuesday,3,2,0,1.077
2025,1,Tuesday,3,5,3,1.4168
2025,1,Tuesday,3,3,2,0.3
2025,1,Tuesday,3,8,3,0.7145
2025,1,Tuesday,3,4,6,0.2813
2025,1,Tuesday,3,3,5,0.5
2025,1,Tuesday,3,4,5,0.5563
2025,1,Tuesday,3,8,4,0.3573
2025,1,Tuesday,3,5,6,0.5
2025,1,Tuesday,3,0,6,0.4
2025,1,Tuesday,3,3,0,1.0145
2025,1,Tuesday,3,4,1,0.25
2025,1,Tuesday,3,1,5,0.2777
2025,1,Tuesday,3,1,4,0.25
2025,1,Tuesday,3,8,5,0.3
2025,1,Tuesday,3,0,3,1.25
2025,1,Tuesday,15,5,6,26.4052
2025,1,Tuesday,15,7,5,6.7863
2025,1,Tuesday,15,0,4,28.7495
2025,1,Tuesday,15,2,8,23.1745
2025,1,Tuesday,15,2,4,61.1995
2025,1,Tuesday,15,4,1,75.8162
2025,1,Tuesday,15,0,5,8.0875
2025,1,Tuesday,15,7,6,6.993
2025,1,Tuesday,15,1,7,17.739
2025,1,Tuesday,15,2,7,15.5285
2025,1,Tuesday,15,5,1,42.8347
2025,1,Tuesday,15,2,6,70.2702
2025,1,Tuesday,15,6,5,15.784
2025,1,Tuesday,15,1,8,40.7865
2025,1,Tuesday,15,3,1,136.189
2025,1,Tuesday,15,1,2,74.2388
2025,1,Tuesday,15,0,3,51.2113
2025,1,Tuesday,15,6,3,359.4517
2025,1,Tuesday,15,3,6,193.6867
2025,1,Tuesday,15,4,2,50.0502
2025,1,Tuesday,15,6,4,85.0397
2025,1,Tuesday,15,5,7,8.3937
2025,1,Tuesday,15,0,1,66.2777
2025,1,Tuesday,15,1,3,208.623
2025,1,Tuesday,15,0,7,3.5253
2025,1,Tuesday,15,3,2,88.4262
2025,1,Tuesday,15,1,5,31.8397
2025,1,Tuesday,15,3,5,59.7212
2025,1,Tuesday,15,4,6,89.0695
2025,1,Tuesday,15,8,3,196.0418
2025,1,Tuesday,15,3,0,42.4547
2025,1,Tuesday,15,8,0,12.4015
2025,1,Tuesday,15,4,0,43.03
2025,1,Tuesday,15,0,6,27.7145
2025,1,Tuesday,15,5,3,234.088
2025,1,Tuesday,15,3,4,199
2025,1,Tuesday,15,1,4,80.0893
2025,1,Tuesday,15,5,8,18.2622
2025,1,Tuesday,15,5,4,68.385
2025,1,Tuesday,15,7,2,15.5795
2025,1,Tuesday,15,8,5,14.002
2025,1,Tuesday,15,8,2,21.3327
2025,1,Tuesday,15,0,2,30.1848
2025,1,Tuesday,15,7,1,29.125
2025,1,Tuesday,15,7,4,42.1328
2025,1,Tuesday,15,4,5,48.6845
2025,1,Tuesday,15,4,3,330.0383
2025,1,Tuesday,15,6,8,15.582
2025,1,Tuesday,15,7,3,116.7583
2025,1,Tuesday,15,8,4,43.2415
2025,1,Tuesday,15,6,1,55.6323
2025,1,Tuesday,15,6,0,20.9047
2025,1,Tuesday,15,8,1,25.7027
2025,1,Tuesday,15,8,6,35.47
2025,1,Tuesday,15,2,1,72.3657
2025,1,Tuesday,15,7,8,0.284
2025,1,Tuesday,15,1,0,103.8292
2025,1,Tuesday,15,3,7,54.7495
2025,1,Tuesday,15,8,7,0.8803
2025,1,Tuesday,15,6,2,44.0395
2025,1,Tuesday,15,2,3,181.7622
2025,1,Tuesday,15,7,0,6.1827
2025,1,Tuesday,15,6,7,8.0485
2025,1,Tuesday,15,4,8,29.6102
2025,1,Tuesday,15,0,8,8.7577
2025,1,Tuesday,15,5,0,20.6627
2025,1,Tuesday,15,2,0,37.3905
2025,1,Tuesday,15,4,7,35.197
2025,1,Tuesday,15,5,2,29.1685
2025,1,Tuesday,15,1,6,60.7892
2025,1,Tuesday,15,2,5,14.875
2025,1,Tuesday,15,3,8,65.3205
2025,1,Tuesday,4,0,8,0.91
2025,1,Tuesday,4,4,3,2.8182
2025,1,Tuesday,4,3,5,0.6195
2025,1,Tuesday,4,6,0,0.3
2025,1,Tuesday,4,2,3,0.25
2025,1,Tuesday,4,3,6,1.706
2025,1,Tuesday,4,6,3,11.3727
2025,1,Tuesday,4,3,7,0.6708
2025,1,Tuesday,4,1,3,0.327
2025,1,Tuesday,4,0,5,3.065
2025,1,Tuesday,4,0,2,0.2858
2025,1,Tuesday,4,3,0,2.8538
2025,1,Tuesday,4,8,6,1.9545
2025,1,Tuesday,4,0,1,1.885
2025,1,Tuesday,4,8,1,0.66
2025,1,Tuesday,4,0,4,0.926
2025,1,Tuesday,4,1,8,1.6555
2025,1,Tuesday,4,2,0,0.889
2025,1,Tuesday,4,6,1,2.2182
2025,1,Tuesday,4,5,3,1.125
2025,1,Tuesday,4,0,3,3.6795
2025,1,Tuesday,4,8,4,0.375
2025,1,Tuesday,4,6,4,2.4722
2025,1,Tuesday,4,8,0,0.275
2025,1,Tuesday,4,2,4,2.775
2025,1,Tuesday,4,1,5,0.688
2025,1,Tuesday,4,4,2,0.287
2025,1,Tuesday,4,4,0,1.8375
2025,1,Tuesday,4,5,4,0.3
2025,1,Tuesday,4,6,5,0.907
2025,1,Tuesday,4,3,8,0.361
2025,1,Tuesday,4,8,3,3.9057
2025,1,Tuesday,4,1,6,1.33
2025,1,Tuesday,4,6,2,1.593
2025,1,Tuesday,4,8,2,2.1822
2025,1,Tuesday,4,2,1,1.608
2025,1,Tuesday,4,3,1,0.6535
2025,1,Tuesday,4,2,8,1.1563
2025,1,Tuesday,4,1,0,0.3183
2025,1,Tuesday,4,0,7,0.325
2025,1,Tuesday,4,4,5,0.6105
2025,1,Tuesday,4,0,6,2.1353
2025,1,Tuesday,4,1,4,0.3282
2025,1,Tuesday,4,4,6,0.5685
2025,1,Tuesday,4,7,3,1.8285
2025,1,Tuesday,4,5,7,0.3
2025,1,Tuesday,4,3,4,1.4238
2025,1,Tuesday,4,2,6,0.55
2025,1,Tuesday,16,7,0,9.0332
2025,1,Tuesday,16,6,2,66.2343
2025,1,Tuesday,16,8,6,51.1777
2025,1,Tuesday,16,0,4,31.8745
2025,1,Tuesday,16,6,3,890.9748
2025,1,Tuesday,16,4,2,45.4187
2025,1,Tuesday,16,1,6,108.0928
2025,1,Tuesday,16,7,2,25.0633
2025,1,Tuesday,16,1,4,82.0705
2025,1,Tuesday,16,5,0,25.056
2025,1,Tuesday,16,8,7,0.284
2025,1,Tuesday,16,3,6,394.6547
2025,1,Tuesday,16,0,6,40.5325
2025,1,Tuesday,16,3,2,109.0462
2025,1,Tuesday,16,0,1,59.4508
2025,1,Tuesday,16,1,5,24.0958
2025,1,Tuesday,16,5,2,29.335
2025,1,Tuesday,16,4,1,81.3673
2025,1,Tuesday,16,7,5,5.887
2025,1,Tuesday,16,4,8,37.4932
2025,1,Tuesday,16,4,0,33.776
2025,1,Tuesday,16,6,7,6.8618
2025,1,Tuesday,16,8,1,43.3448
2025,1,Tuesday,16,2,3,279.9385
2025,1,Tuesday,16,1,7,17.7372
2025,1,Tuesday,16,8,2,31.484
2025,1,Tuesday,16,2,8,34.7537
2025,1,Tuesday,16,5,3,411.9387
2025,1,Tuesday,16,0,8,11.6045
2025,1,Tuesday,16,6,8,11.1173
2025,1,Tuesday,16,5,4,77.8213
2025,1,Tuesday,16,6,1,100.2475
2025,1,Tuesday,16,2,6,94.0568
2025,1,Tuesday,16,5,6,34.274
2025,1,Tuesday,16,6,0,37.055
2025,1,Tuesday,16,2,5,23.095
2025,1,Tuesday,16,1,3,237.8125
2025,1,Tuesday,16,2,0,54.9468
2025,1,Tuesday,16,3,4,262.4393
2025,1,Tuesday,16,8,3,352.0242
2025,1,Tuesday,16,8,5,10.7685
2025,1,Tuesday,16,4,3,463.7837
2025,1,Tuesday,16,8,4,46.4117
2025,1,Tuesday,16,0,2,21.5758
2025,1,Tuesday,16,4,6,74.9997
2025,1,Tuesday,16,3,1,241.072
2025,1,Tuesday,16,3,5,105.3405
2025,1,Tuesday,16,6,5,19.375
2025,1,Tuesday,16,7,1,39.4565
2025,1,Tuesday,16,2,4,79.8682
2025,1,Tuesday,16,2,7,30.206
2025,1,Tuesday,16,7,4,48.6263
2025,1,Tuesday,16,6,4,128.528
2025,1,Tuesday,16,3,0,45.9435
2025,1,Tuesday,16,7,8,0.2858
2025,1,Tuesday,16,7,3,290.3332
2025,1,Tuesday,16,5,8,25.0612
2025,1,Tuesday,16,1,8,38.6223
2025,1,Tuesday,16,1,2,64.3505
2025,1,Tuesday,16,2,1,92.0995
2025,1,Tuesday,16,5,1,52.3567
2025,1,Tuesday,16,3,8,109.8372
2025,1,Tuesday,16,0,3,54.7145
2025,1,Tuesday,16,8,0,16.5493
2025,1,Tuesday,16,4,7,42.3695
2025,1,Tuesday,16,4,5,40.5758
2025,1,Tuesday,16,1,0,135.7195
2025,1,Tuesday,16,7,6,7.0033
2025,1,Tuesday,16,5,7,9.5307
2025,1,Tuesday,16,0,5,8.6227
2025,1,Tuesday,16,0,7,3.6563
2025,1,Tuesday,16,3,7,93.64
2025,1,Tuesday,5,8,5,2.2948
2025,1,Tuesday,5,4,6,9.991
2025,1,Tuesday,5,0,8,3.5263
2025,1,Tuesday,5,5,7,0.3055
2025,1,Tuesday,5,5,2,1.4178
2025,1,Tuesday,5,1,5,2.3062
2025,1,Tuesday,5,1,8,4.079
2025,1,Tuesday,5,3,6,55.3427
2025,1,Tuesday,5,1,3,9.712
2025,1,Tuesday,5,7,2,0.843
2025,1,Tuesday,5,8,0,1.7423
2025,1,Tuesday,5,4,3,15.8437
2025,1,Tuesday,5,5,6,0.6332
2025,1,Tuesday,5,2,3,6.5567
2025,1,Tuesday,5,2,8,4.4948
2025,1,Tuesday,5,2,4,1.4845
2025,1,Tuesday,5,6,1,9.1662
2025,1,Tuesday,5,6,7,0.3515
2025,1,Tuesday,5,0,2,16.692
2025,1,Tuesday,5,8,4,7.5362
2025,1,Tuesday,5,1,7,2.622
2025,1,Tuesday,5,8,3,22.4917
2025,1,Tuesday,5,5,3,4.3463
2025,1,Tuesday,5,2,5,4.0563
2025,1,Tuesday,5,0,7,1.2657
2025,1,Tuesday,5,0,5,5.83
2025,1,Tuesday,5,3,1,9.5607
2025,1,Tuesday,5,6,5,1.3127
2025,1,Tuesday,5,1,0,8.9222
2025,1,Tuesday,5,0,4,10.3602
2025,1,Tuesday,5,7,3,9.8547
2025,1,Tuesday,5,3,8,31.575
2025,1,Tuesday,5,4,2,2.2315
2025,1,Tuesday,5,7,4,4.7787
2025,1,Tuesday,5,2,0,4.8337
2025,1,Tuesday,5,2,6,2.865
2025,1,Tuesday,5,8,2,10.5252
2025,1,Tuesday,5,4,5,1.9638
2025,1,Tuesday,5,7,0,0.8517
2025,1,Tuesday,5,1,4,2.6175
2025,1,Tuesday,5,7,1,1.6957
2025,1,Tuesday,5,7,6,0.8345
2025,1,Tuesday,5,4,1,2.5787
2025,1,Tuesday,5,6,3,44.8822
2025,1,Tuesday,5,6,4,2.017
2025,1,Tuesday,5,0,1,8.6903
2025,1,Tuesday,5,2,7,1.091
2025,1,Tuesday,5,4,8,2.2112
2025,1,Tuesday,5,4,0,2.0913
2025,1,Tuesday,5,3,5,52.8152
2025,1,Tuesday,5,4,7,0.9307
2025,1,Tuesday,5,6,2,6.9567
2025,1,Tuesday,5,6,0,4.5057
2025,1,Tuesday,5,3,4,26.7435
2025,1,Tuesday,5,3,7,23.1058
2025,1,Tuesday,5,0,6,8.4227
2025,1,Tuesday,5,5,1,2.3613
2025,1,Tuesday,5,5,4,1.4775
2025,1,Tuesday,5,0,3,17.0515
2025,1,Tuesday,5,3,0,2.589
2025,1,Tuesday,5,1,6,9.0057
2025,1,Tuesday,5,8,6,1.2045
2025,1,Tuesday,5,3,2,12.242
2025,1,Tuesday,5,8,1,8.5907
2025,1,Tuesday,5,2,1,3.0205
2025,1,Tuesday,5,1,2,3.7837
2025,1,Tuesday,17,1,3,207.8908
2025,1,Tuesday,17,6,0,42.9213
2025,1,Tuesday,17,6,1,308.723
2025,1,Tuesday,17,6,8,13.078
2025,1,Tuesday,17,6,5,20.3337
2025,1,Tuesday,17,7,5,8.0715
2025,1,Tuesday,17,2,7,62.2487
2025,1,Tuesday,17,0,6,28.4665
2025,1,Tuesday,17,0,1,88.2332
2025,1,Tuesday,17,5,3,497.3432
2025,1,Tuesday,17,8,7,0.567
2025,1,Tuesday,17,5,2,38.574
2025,1,Tuesday,17,6,2,158.1242
2025,1,Tuesday,17,4,6,122.4997
2025,1,Tuesday,17,0,4,37.1095
2025,1,Tuesday,17,2,0,83.2665
2025,1,Tuesday,17,5,4,90.0285
2025,1,Tuesday,17,2,3,392.8975
2025,1,Tuesday,17,2,8,48.3145
2025,1,Tuesday,17,1,8,38.37
2025,1,Tuesday,17,1,5,29.1668
2025,1,Tuesday,17,2,1,181.0275
2025,1,Tuesday,17,2,4,143.6722
2025,1,Tuesday,17,0,5,3.972
2025,1,Tuesday,17,8,6,50.811
2025,1,Tuesday,17,0,3,52.889
2025,1,Tuesday,17,5,7,8.4153
2025,1,Tuesday,17,3,7,243.1115
2025,1,Tuesday,17,7,8,2.2107
2025,1,Tuesday,17,8,4,81.5277
2025,1,Tuesday,17,3,4,602.0415
2025,1,Tuesday,17,7,4,104.918
2025,1,Tuesday,17,8,2,42.834
2025,1,Tuesday,17,5,1,78.0343
2025,1,Tuesday,17,0,7,3.6655
2025,1,Tuesday,17,2,5,50.6
2025,1,Tuesday,17,7,6,10.6047
2025,1,Tuesday,17,1,7,17.6875
2025,1,Tuesday,17,7,0,18.0935
2025,1,Tuesday,17,8,0,17.359
2025,1,Tuesday,17,5,0,21.1618
2025,1,Tuesday,17,4,2,75.848
2025,1,Tuesday,17,1,6,86.7105
2025,1,Tuesday,17,3,8,177.788
2025,1,Tuesday,17,8,3,467.1957
2025,1,Tuesday,17,4,3,591.4685
2025,1,Tuesday,17,1,2,54.8015
2025,1,Tuesday,17,4,1,127.4575
2025,1,Tuesday,17,8,1,70.2917
2025,1,Tuesday,17,1,4,109.0618
2025,1,Tuesday,17,6,7,9.4403
2025,1,Tuesday,17,6,4,318.3262
2025,1,Tuesday,17,7,3,418.657
2025,1,Tuesday,17,2,6,279.3635
2025,1,Tuesday,17,4,5,41.7635
2025,1,Tuesday,17,4,0,42.3877
2025,1,Tuesday,17,5,8,18.5315
2025,1,Tuesday,17,0,2,31.7793
2025,1,Tuesday,17,3,5,226.4337
2025,1,Tuesday,17,3,0,100.4053
2025,1,Tuesday,17,3,2,184.9355
2025,1,Tuesday,17,3,6,895.4628
2025,1,Tuesday,17,1,0,118.3552
2025,1,Tuesday,17,0,8,9.2442
2025,1,Tuesday,17,7,2,50.448
2025,1,Tuesday,17,5,6,33.301
2025,1,Tuesday,17,7,1,78.8068
2025,1,Tuesday,17,8,5,11.133
2025,1,Tuesday,17,3,1,602.7832
2025,1,Tuesday,17,4,7,62.209
2025,1,Tuesday,17,6,3,1540.7057
2025,1,Tuesday,17,4,8,35.85
2025,1,Tuesday,6,3,2,87.113
2025,1,Tuesday,6,3,5,164.2295
2025,1,Tuesday,6,6,2,39.8782
2025,1,Tuesday,6,3,6,273.1235
2025,1,Tuesday,6,6,5,4.1635
2025,1,Tuesday,6,5,0,0.8465
2025,1,Tuesday,6,5,3,43.0725
2025,1,Tuesday,6,2,7,3.9945
2025,1,Tuesday,6,2,3,18.9305
2025,1,Tuesday,6,0,2,33.174
2025,1,Tuesday,6,4,0,6.2285
2025,1,Tuesday,6,6,8,6.4768
2025,1,Tuesday,6,3,4,134.618
2025,1,Tuesday,6,6,0,16.2337
2025,1,Tuesday,6,4,1,10.8808
2025,1,Tuesday,6,4,5,8.0058
2025,1,Tuesday,6,1,0,34.2465
2025,1,Tuesday,6,1,3,63.4975
2025,1,Tuesday,6,1,2,15.632
2025,1,Tuesday,6,8,3,48.425
2025,1,Tuesday,6,2,4,2.3308
2025,1,Tuesday,6,4,7,6.5223
2025,1,Tuesday,6,7,6,1.4235
2025,1,Tuesday,6,8,0,7.142
2025,1,Tuesday,6,6,7,1.2182
2025,1,Tuesday,6,7,0,1.4352
2025,1,Tuesday,6,0,5,9.254
2025,1,Tuesday,6,7,5,0.5767
2025,1,Tuesday,6,1,5,9.2402
2025,1,Tuesday,6,8,2,21.3032
2025,1,Tuesday,6,4,2,13.0463
2025,1,Tuesday,6,2,6,16.6113
2025,1,Tuesday,6,5,4,4.837
2025,1,Tuesday,6,7,2,12.852
2025,1,Tuesday,6,7,4,8.5705
2025,1,Tuesday,6,3,1,48.0597
2025,1,Tuesday,6,3,8,107.9265
2025,1,Tuesday,6,6,1,39.236
2025,1,Tuesday,6,6,4,17.4207
2025,1,Tuesday,6,3,0,15.565
2025,1,Tuesday,6,0,8,9.2515
2025,1,Tuesday,6,3,7,80.8535
2025,1,Tuesday,6,8,4,20.5385
2025,1,Tuesday,6,0,1,52.6483
2025,1,Tuesday,6,0,4,15.3392
2025,1,Tuesday,6,1,4,13.0757
2025,1,Tuesday,6,2,1,6.694
2025,1,Tuesday,6,5,2,9.2283
2025,1,Tuesday,6,2,0,16.3198
2025,1,Tuesday,6,0,3,21.3813
2025,1,Tuesday,6,8,1,14.6525
2025,1,Tuesday,6,2,5,7.5608
2025,1,Tuesday,6,1,8,8.4732
2025,1,Tuesday,6,4,8,8.931
2025,1,Tuesday,6,6,3,150.451
2025,1,Tuesday,6,8,5,2.2625
2025,1,Tuesday,6,7,3,45.4235
2025,1,Tuesday,6,5,6,2.2773
2025,1,Tuesday,6,2,8,9.1203
2025,1,Tuesday,6,7,1,6.282
2025,1,Tuesday,6,5,1,5.3232
2025,1,Tuesday,6,8,6,2.5953
2025,1,Tuesday,6,0,6,17.5418
2025,1,Tuesday,6,5,8,1.1277
2025,1,Tuesday,6,1,7,7.5947
2025,1,Tuesday,6,1,6,40.8675
2025,1,Tuesday,6,4,3,54.442
2025,1,Tuesday,6,0,7,5.7555
2025,1,Tuesday,6,4,6,23.7315
2025,1,Tuesday,18,6,7,9.5757
2025,1,Tuesday,18,2,1,139.175
2025,1,Tuesday,18,5,8,8.6938
2025,1,Tuesday,18,1,4,69.318
2025,1,Tuesday,18,7,2,34.6795
2025,1,Tuesday,18,8,5,5.0715
2025,1,Tuesday,18,0,5,2.0473
2025,1,Tuesday,18,4,7,45.7948
2025,1,Tuesday,18,0,2,21.4405
2025,1,Tuesday,18,0,8,5.1065
2025,1,Tuesday,18,3,1,544.5738
2025,1,Tuesday,18,2,5,33.3867
2025,1,Tuesday,18,3,7,237.107
2025,1,Tuesday,18,0,6,12.2292
2025,1,Tuesday,18,7,6,11.133
2025,1,Tuesday,18,8,1,41.278
2025,1,Tuesday,18,3,6,670.4865
2025,1,Tuesday,18,2,6,161.3287
2025,1,Tuesday,18,7,5,4.2878
2025,1,Tuesday,18,7,3,166.346
2025,1,Tuesday,18,5,2,22.4288
2025,1,Tuesday,18,8,6,24.6047
2025,1,Tuesday,18,2,8,30.8337
2025,1,Tuesday,18,5,6,20.3957
2025,1,Tuesday,18,6,4,222.183
2025,1,Tuesday,18,4,0,33.6678
2025,1,Tuesday,18,1,5,19.4187
2025,1,Tuesday,18,4,8,22.1902
2025,1,Tuesday,18,4,6,105.918
2025,1,Tuesday,18,4,3,304.3397
2025,1,Tuesday,18,5,0,15.622
2025,1,Tuesday,18,6,3,676.055
2025,1,Tuesday,18,6,8,8.538
2025,1,Tuesday,18,8,2,28.2157
2025,1,Tuesday,18,8,3,148.939
2025,1,Tuesday,18,8,7,1.1212
2025,1,Tuesday,18,7,0,12.089
2025,1,Tuesday,18,5,7,3.0222
2025,1,Tuesday,18,6,5,23.1712
2025,1,Tuesday,18,2,3,173.1135
2025,1,Tuesday,18,1,2,44.4267
2025,1,Tuesday,18,5,1,49.5595
2025,1,Tuesday,18,6,1,205.577
2025,1,Tuesday,18,4,1,111.2385
2025,1,Tuesday,18,0,4,18.6348
2025,1,Tuesday,18,3,4,542.6427
2025,1,Tuesday,18,3,0,69.0703
2025,1,Tuesday,18,0,1,82.8878
2025,1,Tuesday,18,1,3,118.4678
2025,1,Tuesday,18,6,0,24.1385
2025,1,Tuesday,18,0,3,18.2988
2025,1,Tuesday,18,8,0,9.0465
2025,1,Tuesday,18,1,0,63.4908
2025,1,Tuesday,18,2,7,48.1632
2025,1,Tuesday,18,1,8,19.1287
2025,1,Tuesday,18,4,2,56.3337
2025,1,Tuesday,18,1,6,68.7555
2025,1,Tuesday,18,2,0,48.909
2025,1,Tuesday,18,7,8,1.6725
2025,1,Tuesday,18,8,4,48.843
2025,1,Tuesday,18,2,4,104.4052
2025,1,Tuesday,18,3,2,151.0317
2025,1,Tuesday,18,6,2,116.9727
2025,1,Tuesday,18,5,3,210.596
2025,1,Tuesday,18,3,8,98.8865
2025,1,Tuesday,18,3,5,201.8655
2025,1,Tuesday,18,7,4,79.8375
2025,1,Tuesday,18,5,4,60.8063
2025,1,Tuesday,18,1,7,19.3978
2025,1,Tuesday,18,7,1,54.9575
2025,1,Tuesday,18,0,7,1.3518
2025,1,Tuesday,18,4,5,47.0917
2025,1,Tuesday,7,2,6,65.89
2025,1,Tuesday,7,5,2,34.281
2025,1,Tuesday,7,7,2,41.1883
2025,1,Tuesday,7,5,8,3.7637
2025,1,Tuesday,7,8,3,138.8958
2025,1,Tuesday,7,4,3,272.314
2025,1,Tuesday,7,3,1,211.8243
2025,1,Tuesday,7,4,5,38.0558
2025,1,Tuesday,7,6,3,550.144
2025,1,Tuesday,7,1,3,307.654
2025,1,Tuesday,7,2,4,27.4523
2025,1,Tuesday,7,6,7,3.4332
2025,1,Tuesday,7,8,5,11.7868
2025,1,Tuesday,7,4,0,13.7723
2025,1,Tuesday,7,5,0,2.8892
2025,1,Tuesday,7,0,6,40.7928
2025,1,Tuesday,7,2,1,32.0905
2025,1,Tuesday,7,6,2,132.1645
2025,1,Tuesday,7,6,5,15.6752
2025,1,Tuesday,7,1,6,174.4725
2025,1,Tuesday,7,3,4,381.4893
2025,1,Tuesday,7,8,7,0.591
2025,1,Tuesday,7,4,6,71.2165
2025,1,Tuesday,7,7,1,17.4595
2025,1,Tuesday,7,3,2,262.5997
2025,1,Tuesday,7,1,2,79.8783
2025,1,Tuesday,7,6,8,39.836
2025,1,Tuesday,7,4,7,26.7953
2025,1,Tuesday,7,3,5,456.009
2025,1,Tuesday,7,1,8,53.59
2025,1,Tuesday,7,1,7,46.903
2025,1,Tuesday,7,7,3,175.0213
2025,1,Tuesday,7,0,4,48.4422
2025,1,Tuesday,7,3,6,985.2438
2025,1,Tuesday,7,0,2,79.6473
2025,1,Tuesday,7,8,6,7.3165
2025,1,Tuesday,7,1,4,58.2862
2025,1,Tuesday,7,7,4,31.409300000000002
2025,1,Tuesday,7,6,4,53.9752
2025,1,Tuesday,7,2,3,77.1093
2025,1,Tuesday,7,4,2,48.2815
2025,1,Tuesday,7,2,8,22.0588
2025,1,Tuesday,7,6,0,40.725
2025,1,Tuesday,7,0,3,79.9245
2025,1,Tuesday,7,3,7,263.2677
2025,1,Tuesday,7,5,6,5.4815
2025,1,Tuesday,7,3,0,60.0125
2025,1,Tuesday,7,0,1,202.0508
2025,1,Tuesday,7,8,4,33.1933
2025,1,Tuesday,7,7,6,2.65
2025,1,Tuesday,7,2,7,16.3873
2025,1,Tuesday,7,8,1,63.9982
2025,1,Tuesday,7,5,4,37.3178
2025,1,Tuesday,7,1,0,86.3545
2025,1,Tuesday,7,0,7,16.4105
2025,1,Tuesday,7,2,0,24.9795
2025,1,Tuesday,7,4,8,27.9765
2025,1,Tuesday,7,2,5,21.526
2025,1,Tuesday,7,5,7,2.6117
2025,1,Tuesday,7,5,1,42.6197
2025,1,Tuesday,7,0,5,34.0295
2025,1,Tuesday,7,5,3,158.59
2025,1,Tuesday,7,4,1,84.2395
2025,1,Tuesday,7,1,5,70.4658
2025,1,Tuesday,7,0,8,18.271
2025,1,Tuesday,7,7,8,0.5418
2025,1,Tuesday,7,3,8,404.9277
2025,1,Tuesday,7,6,1,97.1492
2025,1,Tuesday,7,7,0,4.5017
2025,1,Tuesday,7,8,0,9.368
2025,1,Tuesday,7,8,2,38.1895
2025,1,Tuesday,7,7,5,3.8825
2025,1,Tuesday,19,6,3,250.3893
2025,1,Tuesday,19,8,1,14.2645
2025,1,Tuesday,19,4,2,35.7273
2025,1,Tuesday,19,3,8,47.4365
2025,1,Tuesday,19,8,6,6.2053
2025,1,Tuesday,19,2,0,27.9845
2025,1,Tuesday,19,5,8,1.353
2025,1,Tuesday,19,1,7,6.8187
2025,1,Tuesday,19,2,7,18.001
2025,1,Tuesday,19,1,3,65.9442
2025,1,Tuesday,19,2,1,64.0185
2025,1,Tuesday,19,5,7,1.945
2025,1,Tuesday,19,5,6,7.8055
2025,1,Tuesday,19,0,4,17.7215
2025,1,Tuesday,19,1,2,26.0482
2025,1,Tuesday,19,2,6,61.2185
2025,1,Tuesday,19,2,8,9.9997
2025,1,Tuesday,19,4,3,162.4565
2025,1,Tuesday,19,0,2,11.7505
2025,1,Tuesday,19,7,5,2.5745
2025,1,Tuesday,19,4,5,25.9722
2025,1,Tuesday,19,3,7,118.258
2025,1,Tuesday,19,6,7,5.1405
2025,1,Tuesday,19,7,6,5.332
2025,1,Tuesday,19,4,0,32.5062
2025,1,Tuesday,19,1,0,41.2563
2025,1,Tuesday,19,2,4,44.1433
2025,1,Tuesday,19,6,0,13.3535
2025,1,Tuesday,19,4,7,26.4835
2025,1,Tuesday,19,4,6,56.8495
2025,1,Tuesday,19,7,1,16.5123
2025,1,Tuesday,19,7,0,4.8183
2025,1,Tuesday,19,0,6,8.8925
2025,1,Tuesday,19,6,1,65.5292
2025,1,Tuesday,19,0,1,39.3193
2025,1,Tuesday,19,1,5,11.9925
2025,1,Tuesday,19,2,5,17.3083
2025,1,Tuesday,19,5,0,5.2942
2025,1,Tuesday,19,5,3,95.2478
2025,1,Tuesday,19,2,3,81.7552
2025,1,Tuesday,19,8,2,7.3552
2025,1,Tuesday,19,1,8,11.9518
2025,1,Tuesday,19,7,2,14.851
2025,1,Tuesday,19,3,2,69.2052
2025,1,Tuesday,19,0,8,4.188
2025,1,Tuesday,19,7,3,64.9402
2025,1,Tuesday,19,7,4,32.4845
2025,1,Tuesday,19,5,2,14.474
2025,1,Tuesday,19,3,5,100.3522
2025,1,Tuesday,19,4,1,61.6058
2025,1,Tuesday,19,0,5,0.711
2025,1,Tuesday,19,3,1,221.1215
2025,1,Tuesday,19,1,4,36.2845
2025,1,Tuesday,19,8,5,3.3948
2025,1,Tuesday,19,8,0,3.9963
2025,1,Tuesday,19,6,2,41.4015
2025,1,Tuesday,19,3,6,289.025
2025,1,Tuesday,19,4,8,13.677
2025,1,Tuesday,19,8,3,48.0562
2025,1,Tuesday,19,0,3,14.2512
2025,1,Tuesday,19,6,8,5.136
2025,1,Tuesday,19,5,4,32.1068
2025,1,Tuesday,19,5,1,23.206
2025,1,Tuesday,19,3,4,259.2745
2025,1,Tuesday,19,8,4,19.9418
2025,1,Tuesday,19,0,7,1.007
2025,1,Tuesday,19,3,0,39.737
2025,1,Tuesday,19,6,5,10.511
2025,1,Tuesday,19,6,4,94.4752
2025,1,Tuesday,19,1,6,31.0405
2025,1,Tuesday,8,4,1,68.5278
2025,1,Tuesday,8,5,2,56.6545
2025,1,Tuesday,8,6,7,5.4425
2025,1,Tuesday,8,4,5,78.2123
2025,1,Tuesday,8,4,6,278.3805
2025,1,Tuesday,8,2,3,172.6122
2025,1,Tuesday,8,3,2,343.453
2025,1,Tuesday,8,5,7,5.2443
2025,1,Tuesday,8,1,6,406.9627
2025,1,Tuesday,8,8,4,45.9168
2025,1,Tuesday,8,7,5,9.6033
2025,1,Tuesday,8,7,1,21.093
2025,1,Tuesday,8,0,6,62.6553
2025,1,Tuesday,8,6,4,101.9765
2025,1,Tuesday,8,7,3,390.9972
2025,1,Tuesday,8,8,0,6.6428
2025,1,Tuesday,8,1,3,832.7568
2025,1,Tuesday,8,7,0,5.5715
2025,1,Tuesday,8,0,8,25.2848
2025,1,Tuesday,8,1,2,181.7085
2025,1,Tuesday,8,2,7,58.8002
2025,1,Tuesday,8,8,6,12.9935
2025,1,Tuesday,8,7,6,6.1635
2025,1,Tuesday,8,2,5,52.6682
2025,1,Tuesday,8,1,5,110.656
2025,1,Tuesday,8,3,0,48.7195
2025,1,Tuesday,8,8,1,46.626
2025,1,Tuesday,8,0,1,164.3457
2025,1,Tuesday,8,0,4,72.623
2025,1,Tuesday,8,1,7,101.2928
2025,1,Tuesday,8,5,0,4.617
2025,1,Tuesday,8,0,3,122.4335
2025,1,Tuesday,8,5,6,6.4417
2025,1,Tuesday,8,8,3,241.179
2025,1,Tuesday,8,4,3,550.0485
2025,1,Tuesday,8,6,2,263.0325
2025,1,Tuesday,8,3,4,684.608
2025,1,Tuesday,8,3,6,1830.8795
2025,1,Tuesday,8,1,4,134.866
2025,1,Tuesday,8,5,3,318.5733
2025,1,Tuesday,8,5,1,28.2245
2025,1,Tuesday,8,0,2,104.6202
2025,1,Tuesday,8,4,7,68.3793
2025,1,Tuesday,8,4,8,59.6658
2025,1,Tuesday,8,8,2,54.921
2025,1,Tuesday,8,1,8,92.3065
2025,1,Tuesday,8,4,0,21.2958
2025,1,Tuesday,8,0,7,22.9885
2025,1,Tuesday,8,2,8,59.32
2025,1,Tuesday,8,4,2,103.8082
2025,1,Tuesday,8,2,0,23.403
2025,1,Tuesday,8,5,4,63.2783
2025,1,Tuesday,8,6,0,25.3917
2025,1,Tuesday,8,6,3,1146.394
2025,1,Tuesday,8,8,5,26.959
2025,1,Tuesday,8,1,0,89.1297
2025,1,Tuesday,8,3,5,558.6523
2025,1,Tuesday,8,6,8,33.7758
2025,1,Tuesday,8,6,5,34.3855
2025,1,Tuesday,8,3,1,194.8112
2025,1,Tuesday,8,0,5,41.182
2025,1,Tuesday,8,2,6,194.8495
2025,1,Tuesday,8,3,8,527.4677
2025,1,Tuesday,8,2,1,46.9225
2025,1,Tuesday,8,7,2,96.049
2025,1,Tuesday,8,6,1,122.7635
2025,1,Tuesday,8,5,8,11.3747
2025,1,Tuesday,8,2,4,58.9075
2025,1,Tuesday,8,7,4,90.3515
2025,1,Tuesday,8,3,7,482.8753
2025,1,Tuesday,8,8,7,0.8885
2025,1,Tuesday,20,3,7,50.189
2025,1,Tuesday,20,4,2,25.6543
2025,1,Tuesday,20,5,4,19.8037
2025,1,Tuesday,20,0,3,8.6242
2025,1,Tuesday,20,2,3,52.264
2025,1,Tuesday,20,3,5,42.7755
2025,1,Tuesday,20,0,8,1.3375
2025,1,Tuesday,20,0,2,4.3265
2025,1,Tuesday,20,2,8,8.1805
2025,1,Tuesday,20,2,7,8.4275
2025,1,Tuesday,20,8,4,8.8575
2025,1,Tuesday,20,1,7,4.9155
2025,1,Tuesday,20,0,5,0.724
2025,1,Tuesday,20,8,5,1.7537
2025,1,Tuesday,20,6,3,96.6865
2025,1,Tuesday,20,6,0,7.6087
2025,1,Tuesday,20,7,2,8.1845
2025,1,Tuesday,20,3,4,116.0823
2025,1,Tuesday,20,6,7,0.575
2025,1,Tuesday,20,4,0,22.124
2025,1,Tuesday,20,6,8,4.7758
2025,1,Tuesday,20,3,2,37.427
2025,1,Tuesday,20,6,5,7.5107
2025,1,Tuesday,20,7,1,6.499
2025,1,Tuesday,20,4,3,127.175
2025,1,Tuesday,20,3,6,127.928
2025,1,Tuesday,20,0,7,0.724
2025,1,Tuesday,20,7,5,1.6935
2025,1,Tuesday,20,7,8,0.25
2025,1,Tuesday,20,4,6,50.359
2025,1,Tuesday,20,0,6,5.2217
2025,1,Tuesday,20,1,0,26.1675
2025,1,Tuesday,20,8,6,2.3867
2025,1,Tuesday,20,1,5,7.8005
2025,1,Tuesday,20,4,5,15.894
2025,1,Tuesday,20,3,8,29.699
2025,1,Tuesday,20,1,8,12.691
2025,1,Tuesday,20,6,1,28.858
2025,1,Tuesday,20,1,2,18.523
2025,1,Tuesday,20,5,0,5.1667
2025,1,Tuesday,20,7,6,2.284
2025,1,Tuesday,20,6,2,16.9748
2025,1,Tuesday,20,8,3,15.5207
2025,1,Tuesday,20,0,1,18.5222
2025,1,Tuesday,20,1,6,20.4302
2025,1,Tuesday,20,8,1,5.0537
2025,1,Tuesday,20,2,1,29.4075
2025,1,Tuesday,20,5,3,50.32
2025,1,Tuesday,20,6,4,35.1945
2025,1,Tuesday,20,1,3,43.7607
2025,1,Tuesday,20,2,6,29.8528
2025,1,Tuesday,20,4,8,8.4818
2025,1,Tuesday,20,5,1,13.2583
2025,1,Tuesday,20,4,1,50.89
2025,1,Tuesday,20,2,5,10.4653
2025,1,Tuesday,20,7,4,16.027
2025,1,Tuesday,20,0,4,6.866
2025,1,Tuesday,20,7,0,4.2175
2025,1,Tuesday,20,5,8,1.457
2025,1,Tuesday,20,4,7,16.7533
2025,1,Tuesday,20,3,0,23.2187
2025,1,Tuesday,20,3,1,114.4285
2025,1,Tuesday,20,5,6,6.586
2025,1,Tuesday,20,5,2,3.9582
2025,1,Tuesday,20,2,0,17.6847
2025,1,Tuesday,20,5,7,2.8892
2025,1,Tuesday,20,1,4,24.8625
2025,1,Tuesday,20,7,3,23.6888
2025,1,Tuesday,20,8,2,5.0235
2025,1,Tuesday,20,2,4,28.7623
2025,1,Tuesday,20,8,0,2.6693
2025,1,Tuesday,9,5,6,12.356
2025,1,Tuesday,9,2,3,121.1203
2025,1,Tuesday,9,6,2,213.2595
2025,1,Tuesday,9,8,5,31.071
2025,1,Tuesday,9,1,2,133.1447
2025,1,Tuesday,9,6,1,71.9715
2025,1,Tuesday,9,2,8,25.1462
2025,1,Tuesday,9,4,5,40.0565
2025,1,Tuesday,9,5,3,168.2197
2025,1,Tuesday,9,4,7,50.715
2025,1,Tuesday,9,7,8,0.25
2025,1,Tuesday,9,2,5,28.7638
2025,1,Tuesday,9,4,0,12.4267
2025,1,Tuesday,9,0,1,103.5875
2025,1,Tuesday,9,3,6,753.7658
2025,1,Tuesday,9,1,3,420.7252
2025,1,Tuesday,9,5,1,21.835
2025,1,Tuesday,9,0,7,9.1258
2025,1,Tuesday,9,3,4,443.2438
2025,1,Tuesday,9,5,2,42.5645
2025,1,Tuesday,9,5,4,49.45
2025,1,Tuesday,9,3,1,121.1402
2025,1,Tuesday,9,3,0,21.2272
2025,1,Tuesday,9,7,5,10.6357
2025,1,Tuesday,9,3,2,256.7022
2025,1,Tuesday,9,8,2,38.9845
2025,1,Tuesday,9,2,4,45.7568
2025,1,Tuesday,9,1,5,50.7917
2025,1,Tuesday,9,1,4,80.0555
2025,1,Tuesday,9,8,7,0.9195
2025,1,Tuesday,9,5,8,8.7572
2025,1,Tuesday,9,7,6,4.1385
2025,1,Tuesday,9,8,0,6.7775
2025,1,Tuesday,9,1,8,34.441
2025,1,Tuesday,9,6,7,6.181
2025,1,Tuesday,9,0,3,83.4882
2025,1,Tuesday,9,8,1,23.8455
2025,1,Tuesday,9,4,3,312.4227
2025,1,Tuesday,9,6,8,34.1515
2025,1,Tuesday,9,0,5,31.0623
2025,1,Tuesday,9,2,0,13.0675
2025,1,Tuesday,9,5,7,3.7188
2025,1,Tuesday,9,6,4,92.4128
2025,1,Tuesday,9,3,7,211.5505
2025,1,Tuesday,9,0,6,28.09
2025,1,Tuesday,9,7,0,1.4777
2025,1,Tuesday,9,7,1,10.323
2025,1,Tuesday,9,7,2,47.4675
2025,1,Tuesday,9,4,8,35.473
2025,1,Tuesday,9,8,4,33.0858
2025,1,Tuesday,9,5,0,5.4578
2025,1,Tuesday,9,7,4,48.6422
2025,1,Tuesday,9,0,2,60.605
2025,1,Tuesday,9,7,3,177.4965
2025,1,Tuesday,9,1,0,37.4445
2025,1,Tuesday,9,6,5,21.9455
2025,1,Tuesday,9,2,6,77.652
2025,1,Tuesday,9,8,6,14.7477
2025,1,Tuesday,9,3,5,342.762
2025,1,Tuesday,9,0,4,39.608
2025,1,Tuesday,9,6,0,13.8627
2025,1,Tuesday,9,4,2,79.3638
2025,1,Tuesday,9,8,3,119.6547
2025,1,Tuesday,9,4,1,48.0155
2025,1,Tuesday,9,1,6,135.563
2025,1,Tuesday,9,6,3,608.4318
2025,1,Tuesday,9,2,1,29.2415
2025,1,Tuesday,9,0,8,9.8718
2025,1,Tuesday,9,2,7,33.433
2025,1,Tuesday,9,4,6,138.065
2025,1,Tuesday,9,1,7,43.9192
2025,1,Tuesday,9,3,8,205.978
2025,1,Tuesday,21,4,7,12.234
2025,1,Tuesday,21,2,8,4.4467
2025,1,Tuesday,21,7,4,9.5737
2025,1,Tuesday,21,7,1,6.4667
2025,1,Tuesday,21,1,8,4.842
2025,1,Tuesday,21,0,3,10.4672
2025,1,Tuesday,21,8,4,1.4012
2025,1,Tuesday,21,6,2,8.9715
2025,1,Tuesday,21,0,7,0.3517
2025,1,Tuesday,21,6,8,2.5803
2025,1,Tuesday,21,7,2,2.2625
2025,1,Tuesday,21,7,0,0.842
2025,1,Tuesday,21,8,3,9.976
2025,1,Tuesday,21,6,5,3.1477
2025,1,Tuesday,21,0,8,1.4355
2025,1,Tuesday,21,5,1,9.823
2025,1,Tuesday,21,2,6,15.9875
2025,1,Tuesday,21,5,0,2.2663
2025,1,Tuesday,21,7,6,1.1617
2025,1,Tuesday,21,6,3,47.2452
2025,1,Tuesday,21,8,2,1.705
2025,1,Tuesday,21,2,4,15.076
2025,1,Tuesday,21,1,5,6.5025
2025,1,Tuesday,21,5,4,8.2955
2025,1,Tuesday,21,5,2,4.236
2025,1,Tuesday,21,7,3,17.842
2025,1,Tuesday,21,2,0,12.316
2025,1,Tuesday,21,5,7,0.2948
2025,1,Tuesday,21,4,8,6.8543
2025,1,Tuesday,21,1,3,26.7
2025,1,Tuesday,21,6,4,17.0445
2025,1,Tuesday,21,3,1,65.1972
2025,1,Tuesday,21,3,7,22.5595
2025,1,Tuesday,21,2,5,4.4317
2025,1,Tuesday,21,3,6,70.1873
2025,1,Tuesday,21,4,6,40.1373
2025,1,Tuesday,21,0,6,4.3335
2025,1,Tuesday,21,0,1,11.0948
2025,1,Tuesday,21,3,0,17.7488
2025,1,Tuesday,21,6,7,2.0298
2025,1,Tuesday,21,0,4,6.5005
2025,1,Tuesday,21,4,2,22.4635
2025,1,Tuesday,21,5,3,24.8868
2025,1,Tuesday,21,8,6,1.1575
2025,1,Tuesday,21,3,2,28.7722
2025,1,Tuesday,21,1,0,14.808
2025,1,Tuesday,21,4,5,10.45
2025,1,Tuesday,21,0,5,0.3627
2025,1,Tuesday,21,7,5,0.5613
2025,1,Tuesday,21,8,0,0.8445
2025,1,Tuesday,21,8,5,1.1095
2025,1,Tuesday,21,2,1,15.6362
2025,1,Tuesday,21,2,7,8.1502
2025,1,Tuesday,21,1,6,12.8382
2025,1,Tuesday,21,4,1,35.23
2025,1,Tuesday,21,8,1,3.6802
2025,1,Tuesday,21,2,3,24.4845
2025,1,Tuesday,21,4,0,16.3093
2025,1,Tuesday,21,1,7,4.0773
2025,1,Tuesday,21,1,2,6.1255
2025,1,Tuesday,21,5,8,0.838
2025,1,Tuesday,21,6,1,16.1955
2025,1,Tuesday,21,4,3,95.11
2025,1,Tuesday,21,3,4,52.485
2025,1,Tuesday,21,3,8,19.8735
2025,1,Tuesday,21,5,6,3.6628
2025,1,Tuesday,21,3,5,21.9428
2025,1,Tuesday,21,1,4,16.7087
2025,1,Tuesday,21,6,0,7.7928
2025,1,Tuesday,21,0,2,0.7202
2025,1,Tuesday,10,3,0,19.8335
2025,1,Tuesday,10,0,8,8.2975
2025,1,Tuesday,10,6,4,54.456
2025,1,Tuesday,10,7,0,2.1062
2025,1,Tuesday,10,0,4,24.7518
2025,1,Tuesday,10,1,3,151.431
2025,1,Tuesday,10,3,7,80.1925
2025,1,Tuesday,10,2,8,14.1925
2025,1,Tuesday,10,7,3,73.6062
2025,1,Tuesday,10,2,3,76.5575
2025,1,Tuesday,10,1,2,68.9873
2025,1,Tuesday,10,4,3,131.3245
2025,1,Tuesday,10,8,1,19.624
2025,1,Tuesday,10,4,1,40.7477
2025,1,Tuesday,10,6,3,195.7035
2025,1,Tuesday,10,5,1,19.2735
2025,1,Tuesday,10,7,4,28.8527
2025,1,Tuesday,10,7,1,9.705
2025,1,Tuesday,10,1,8,11.6467
2025,1,Tuesday,10,8,2,16.8495
2025,1,Tuesday,10,3,4,191.6805
2025,1,Tuesday,10,5,4,35.583
2025,1,Tuesday,10,4,8,22.0002
2025,1,Tuesday,10,3,6,230.7935
2025,1,Tuesday,10,7,2,24.6597
2025,1,Tuesday,10,0,6,20.2987
2025,1,Tuesday,10,4,6,61.6123
2025,1,Tuesday,10,1,5,24.7255
2025,1,Tuesday,10,8,3,59.738
2025,1,Tuesday,10,3,5,123.7417
2025,1,Tuesday,10,2,6,44.0675
2025,1,Tuesday,10,1,4,48.7255
2025,1,Tuesday,10,8,5,15.9208
2025,1,Tuesday,10,6,1,53.331
2025,1,Tuesday,10,3,8,80.4125
2025,1,Tuesday,10,6,2,55.3928
2025,1,Tuesday,10,0,2,34.172
2025,1,Tuesday,10,1,6,44.2805
2025,1,Tuesday,10,8,4,16.5
2025,1,Tuesday,10,1,0,25.0108
2025,1,Tuesday,10,0,3,51.0603
2025,1,Tuesday,10,2,1,38.5527
2025,1,Tuesday,10,5,6,22.4045
2025,1,Tuesday,10,3,1,119.3478
2025,1,Tuesday,10,6,5,12.7227
2025,1,Tuesday,10,6,8,16.9615
2025,1,Tuesday,10,6,0,10.0683
2025,1,Tuesday,10,1,7,19.3922
2025,1,Tuesday,10,7,6,2.7377
2025,1,Tuesday,10,5,7,9.5875
2025,1,Tuesday,10,0,7,5.2163
2025,1,Tuesday,10,7,8,0.3215
2025,1,Tuesday,10,5,0,7.8193
2025,1,Tuesday,10,7,5,10.7433
2025,1,Tuesday,10,5,3,96.184
2025,1,Tuesday,10,4,0,7.52
2025,1,Tuesday,10,8,0,4.2435
2025,1,Tuesday,10,2,0,5.3172
2025,1,Tuesday,10,8,6,11.043
2025,1,Tuesday,10,3,2,139.7565
2025,1,Tuesday,10,0,5,17.1862
2025,1,Tuesday,10,0,1,61.675
2025,1,Tuesday,10,5,8,12.7847
2025,1,Tuesday,10,2,4,42.267
2025,1,Tuesday,10,2,7,13.7235
2025,1,Tuesday,10,4,2,42.9548
2025,1,Tuesday,10,2,5,13.1235
2025,1,Tuesday,10,5,2,26.851
2025,1,Tuesday,10,4,7,20.1302
2025,1,Tuesday,10,6,7,2.8183
2025,1,Tuesday,10,4,5,22.3722
2025,1,Tuesday,22,0,5,1.362
2025,1,Tuesday,22,2,4,9.7693
2025,1,Tuesday,22,3,6,43.1987
2025,1,Tuesday,22,6,7,0.5743
2025,1,Tuesday,22,3,5,6.7213
2025,1,Tuesday,22,2,7,2.222
2025,1,Tuesday,22,5,3,7.4938
2025,1,Tuesday,22,6,5,1.1373
2025,1,Tuesday,22,7,6,0.8328
2025,1,Tuesday,22,4,3,53.5887
2025,1,Tuesday,22,2,0,11.7692
2025,1,Tuesday,22,2,5,2.45
2025,1,Tuesday,22,0,2,1.6892
2025,1,Tuesday,22,6,3,27.1205
2025,1,Tuesday,22,0,1,2.7243
2025,1,Tuesday,22,3,7,13.0435
2025,1,Tuesday,22,1,2,2.299
2025,1,Tuesday,22,1,5,1.9975
2025,1,Tuesday,22,0,4,0.6827
2025,1,Tuesday,22,8,6,0.8848
2025,1,Tuesday,22,5,0,4.2453
2025,1,Tuesday,22,2,6,12.3005
2025,1,Tuesday,22,3,2,11.5395
2025,1,Tuesday,22,1,4,7.967
2025,1,Tuesday,22,5,4,5.7255
2025,1,Tuesday,22,0,7,0.3392
2025,1,Tuesday,22,5,7,0.548
2025,1,Tuesday,22,4,0,13.5867
2025,1,Tuesday,22,7,2,1.6418
2025,1,Tuesday,22,8,0,1.948
2025,1,Tuesday,22,7,1,3.0195
2025,1,Tuesday,22,1,6,6.831
2025,1,Tuesday,22,2,1,8.6253
2025,1,Tuesday,22,8,2,1.1188
2025,1,Tuesday,22,7,0,2.1938
2025,1,Tuesday,22,0,6,2.015
2025,1,Tuesday,22,0,3,3.4032
2025,1,Tuesday,22,5,1,4.4483
2025,1,Tuesday,22,1,0,8.9565
2025,1,Tuesday,22,6,0,4.6083
2025,1,Tuesday,22,4,2,13.8828
2025,1,Tuesday,22,1,8,4.8278
2025,1,Tuesday,22,3,0,20.6768
2025,1,Tuesday,22,6,1,6.271
2025,1,Tuesday,22,3,8,17.432
2025,1,Tuesday,22,1,7,2.263
2025,1,Tuesday,22,2,8,2.2858
2025,1,Tuesday,22,3,4,31.171
2025,1,Tuesday,22,1,3,17.9255
2025,1,Tuesday,22,7,4,3.8508
2025,1,Tuesday,22,8,1,4.5297
2025,1,Tuesday,22,7,3,13.4893
2025,1,Tuesday,22,6,8,0.7962
2025,1,Tuesday,22,4,5,7.4227
2025,1,Tuesday,22,5,2,1.9673
2025,1,Tuesday,22,4,7,10.5237
2025,1,Tuesday,22,4,6,29.4065
2025,1,Tuesday,22,8,5,0.2682
2025,1,Tuesday,22,8,3,8.644
2025,1,Tuesday,22,6,2,6.4252
2025,1,Tuesday,22,2,3,16.2908
2025,1,Tuesday,22,7,5,0.2697
2025,1,Tuesday,22,4,1,21.4648
2025,1,Tuesday,22,8,4,2.491
2025,1,Tuesday,22,3,1,30.1575
2025,1,Tuesday,22,5,6,1.4067
2025,1,Tuesday,22,6,4,7.7925
2025,1,Tuesday,22,5,8,0.8385
2025,1,Tuesday,22,4,8,5.6952
2025,1,Tuesday,11,8,1,15.5317
2025,1,Tuesday,11,6,8,13.1957
2025,1,Tuesday,11,2,1,46.1258
2025,1,Tuesday,11,5,4,35.2635
2025,1,Tuesday,11,1,0,22.6255
2025,1,Tuesday,11,2,0,7.5617
2025,1,Tuesday,11,3,6,166.6372
2025,1,Tuesday,11,0,7,4.6238
2025,1,Tuesday,11,4,6,44.8497
2025,1,Tuesday,11,3,2,91.4715
2025,1,Tuesday,11,4,7,13.343
2025,1,Tuesday,11,6,5,19.7295
2025,1,Tuesday,11,1,5,17.7507
2025,1,Tuesday,11,0,1,44.4415
2025,1,Tuesday,11,4,2,34.97
2025,1,Tuesday,11,7,4,29.5415
2025,1,Tuesday,11,4,0,14.0042
2025,1,Tuesday,11,1,3,112.1517
2025,1,Tuesday,11,8,2,17.0215
2025,1,Tuesday,11,5,7,9.8072
2025,1,Tuesday,11,3,7,61.8887
2025,1,Tuesday,11,7,6,2.0873
2025,1,Tuesday,11,4,8,15.012
2025,1,Tuesday,11,0,4,30.467
2025,1,Tuesday,11,7,5,4.7147
2025,1,Tuesday,11,1,7,12.6527
2025,1,Tuesday,11,1,8,11.4085
2025,1,Tuesday,11,7,3,52.5228
2025,1,Tuesday,11,6,7,6.713
2025,1,Tuesday,11,0,3,52.1913
2025,1,Tuesday,11,6,2,44.7775
2025,1,Tuesday,11,1,6,29.2407
2025,1,Tuesday,11,1,2,56.0442
2025,1,Tuesday,11,4,5,22.1625
2025,1,Tuesday,11,3,4,178.831
2025,1,Tuesday,11,5,6,21.623
2025,1,Tuesday,11,6,3,162.9935
2025,1,Tuesday,11,2,6,30.1443
2025,1,Tuesday,11,4,1,40.7435
2025,1,Tuesday,11,8,4,19.5258
2025,1,Tuesday,11,7,1,10.9633
2025,1,Tuesday,11,3,1,110.3803
2025,1,Tuesday,11,7,2,19.7908
2025,1,Tuesday,11,6,1,38.1937
2025,1,Tuesday,11,6,0,10.8902
2025,1,Tuesday,11,5,1,23.7717
2025,1,Tuesday,11,8,3,62.251
2025,1,Tuesday,11,8,0,2.6135
2025,1,Tuesday,11,0,5,16.3152
2025,1,Tuesday,11,0,6,13.153
2025,1,Tuesday,11,2,7,12.3995
2025,1,Tuesday,11,8,6,19.7863
2025,1,Tuesday,11,6,4,65.206
2025,1,Tuesday,11,3,5,79.9047
2025,1,Tuesday,11,5,3,87.6488
2025,1,Tuesday,11,2,8,13.6435
2025,1,Tuesday,11,1,4,53.224
2025,1,Tuesday,11,8,5,12.3407
2025,1,Tuesday,11,7,0,2.655
2025,1,Tuesday,11,5,2,26.8402
2025,1,Tuesday,11,2,3,93.6105
2025,1,Tuesday,11,2,5,13.6963
2025,1,Tuesday,11,0,2,23.7525
2025,1,Tuesday,11,3,8,58.5985
2025,1,Tuesday,11,7,8,1.079
2025,1,Tuesday,11,0,8,4.5808
2025,1,Tuesday,11,5,8,12.055
2025,1,Tuesday,11,4,3,111.8117
2025,1,Tuesday,11,2,4,46.775
2025,1,Tuesday,11,5,0,14.5973
2025,1,Tuesday,11,3,0,26.151
2025,1,Tuesday,23,4,6,9.8312
2025,1,Tuesday,23,2,7,2.0267
2025,1,Tuesday,23,2,8,4.8575
2025,1,Tuesday,23,4,3,22.6855
2025,1,Tuesday,23,7,6,0.2918
2025,1,Tuesday,23,2,0,9.9053
2025,1,Tuesday,23,8,2,0.5508
2025,1,Tuesday,23,2,3,11.8662
2025,1,Tuesday,23,1,8,3.1497
2025,1,Tuesday,23,8,3,4.427
2025,1,Tuesday,23,7,4,1.4478
2025,1,Tuesday,23,7,2,1.4188
2025,1,Tuesday,23,4,2,4.8342
2025,1,Tuesday,23,1,7,0.5748
2025,1,Tuesday,23,6,5,1.1177
2025,1,Tuesday,23,4,8,1.6915
2025,1,Tuesday,23,0,4,0.9895
2025,1,Tuesday,23,8,0,1.6705
2025,1,Tuesday,23,0,2,1.63
2025,1,Tuesday,23,3,7,6.5093
2025,1,Tuesday,23,0,5,0.977
2025,1,Tuesday,23,2,1,4.7343
2025,1,Tuesday,23,4,7,2.8043
2025,1,Tuesday,23,0,1,3.2777
2025,1,Tuesday,23,5,0,1.6457
2025,1,Tuesday,23,5,4,1.152
2025,1,Tuesday,23,3,5,3.588
2025,1,Tuesday,23,7,3,7.5043
2025,1,Tuesday,23,6,4,2.57
2025,1,Tuesday,23,8,4,1.9488
2025,1,Tuesday,23,0,8,0.985
2025,1,Tuesday,23,8,1,0.5692
2025,1,Tuesday,23,1,2,3.154
2025,1,Tuesday,23,0,7,0.6572
2025,1,Tuesday,23,6,2,2.0473
2025,1,Tuesday,23,3,1,12.6565
2025,1,Tuesday,23,3,4,13.3087
2025,1,Tuesday,23,2,6,3.8065
2025,1,Tuesday,23,6,0,4.1353
2025,1,Tuesday,23,5,1,2.7332
2025,1,Tuesday,23,6,1,4.0315
2025,1,Tuesday,23,5,8,1.1135
2025,1,Tuesday,23,4,1,6.6992
2025,1,Tuesday,23,5,3,8.4822
2025,1,Tuesday,23,3,0,12.4517
2025,1,Tuesday,23,2,5,1.3605
2025,1,Tuesday,23,3,8,11.603
2025,1,Tuesday,23,2,4,2.8727
2025,1,Tuesday,23,7,0,1.6933
2025,1,Tuesday,23,3,2,4.8105
2025,1,Tuesday,23,7,1,2.8843
2025,1,Tuesday,23,3,6,18.699
2025,1,Tuesday,23,0,3,4.2533
2025,1,Tuesday,23,5,2,0.9042
2025,1,Tuesday,23,6,7,1.1793
2025,1,Tuesday,23,6,3,16.9245
2025,1,Tuesday,23,5,6,0.6223
2025,1,Tuesday,23,4,0,6.1928
2025,1,Tuesday,23,1,0,4.4135
2025,1,Tuesday,23,0,6,3.2917
2025,1,Tuesday,23,1,4,1.733
2025,1,Tuesday,23,1,3,7.481
2025,1,Tuesday,23,1,6,2.8845
2025,1,Tuesday,23,4,5,6.1925
2025,1,Tuesday,0,4,6,4.9668
2025,1,Tuesday,0,0,3,2.5765
2025,1,Tuesday,0,5,0,0.608
2025,1,Tuesday,0,8,1,0.3543
2025,1,Tuesday,0,1,8,1.177
2025,1,Tuesday,0,4,5,0.6585
2025,1,Tuesday,0,0,8,0.73
2025,1,Tuesday,0,8,5,0.2677
2025,1,Tuesday,0,2,0,4.6847
2025,1,Tuesday,0,3,1,3.6728
2025,1,Tuesday,0,5,4,0.3
2025,1,Tuesday,0,4,8,1.1603
2025,1,Tuesday,0,0,4,0.7215
2025,1,Tuesday,0,6,8,0.9325
2025,1,Tuesday,0,1,4,2.3895
2025,1,Tuesday,0,7,3,2.02
2025,1,Tuesday,0,7,1,1.1462
2025,1,Tuesday,0,6,1,0.2837
2025,1,Tuesday,0,5,7,0.27
2025,1,Tuesday,0,4,3,11.5755
2025,1,Tuesday,0,6,0,2.361
2025,1,Tuesday,0,1,0,3.8575
2025,1,Tuesday,0,2,7,0.2918
2025,1,Tuesday,0,3,2,1.1783
2025,1,Tuesday,0,5,1,0.8205
2025,1,Tuesday,0,3,8,8.0253
2025,1,Tuesday,0,0,1,0.71
2025,1,Tuesday,0,1,3,2.1392
2025,1,Tuesday,0,3,5,0.9365
2025,1,Tuesday,0,2,8,5.226
2025,1,Tuesday,0,2,1,1.4905
2025,1,Tuesday,0,0,6,0.7015
2025,1,Tuesday,0,6,3,6.9878
2025,1,Tuesday,0,4,7,1.1765
2025,1,Tuesday,0,8,3,3.5342
2025,1,Tuesday,0,2,5,0.315
2025,1,Tuesday,0,6,5,0.5527
2025,1,Tuesday,0,1,7,0.584
2025,1,Tuesday,0,6,4,1.7457
2025,1,Tuesday,0,3,7,2.0763
2025,1,Tuesday,0,1,6,0.2813
2025,1,Tuesday,0,3,6,10.6985
2025,1,Tuesday,0,3,4,4.5615
2025,1,Tuesday,0,2,6,1.475
2025,1,Tuesday,0,4,0,3.7522
2025,1,Tuesday,0,5,3,3.9825
2025,1,Tuesday,0,8,4,0.8805
2025,1,Tuesday,0,2,3,2.551
2025,1,Tuesday,0,3,0,5.8322
2025,1,Tuesday,0,4,2,2.1023
2025,1,Tuesday,0,2,4,0.5645
2025,1,Tuesday,0,1,5,0.3125
2025,1,Tuesday,0,8,0,1.4807
2025,1,Tuesday,0,5,2,1.2023
2025,1,Tuesday,0,1,2,0.6145
2025,1,Tuesday,0,4,1,4.134
2025,1,Tuesday,12,4,5,31.4367
2025,1,Tuesday,12,2,3,99.037
2025,1,Tuesday,12,2,1,57.2505
2025,1,Tuesday,12,1,6,32.3705
2025,1,Tuesday,12,7,6,4.4525
2025,1,Tuesday,12,8,0,4.1665
2025,1,Tuesday,12,6,0,7.399
2025,1,Tuesday,12,8,2,13.4745
2025,1,Tuesday,12,1,8,10.937
2025,1,Tuesday,12,4,3,121.7627
2025,1,Tuesday,12,3,2,110.4105
2025,1,Tuesday,12,3,6,166.2427
2025,1,Tuesday,12,0,5,11.6053
2025,1,Tuesday,12,7,1,16.5678
2025,1,Tuesday,12,3,7,39.464
2025,1,Tuesday,12,3,5,65.3817
2025,1,Tuesday,12,4,6,57.4582
2025,1,Tuesday,12,1,3,108.374
2025,1,Tuesday,12,8,6,35.812
2025,1,Tuesday,12,5,2,22.2373
2025,1,Tuesday,12,2,8,12.0385
2025,1,Tuesday,12,7,4,29.0032
2025,1,Tuesday,12,4,7,16.0022
2025,1,Tuesday,12,5,7,7.9215
2025,1,Tuesday,12,0,3,34.882
2025,1,Tuesday,12,7,3,56.2872
2025,1,Tuesday,12,5,1,21.4073
2025,1,Tuesday,12,2,6,29.038
2025,1,Tuesday,12,3,8,55.549
2025,1,Tuesday,12,8,1,14.8175
2025,1,Tuesday,12,0,6,13.8325
2025,1,Tuesday,12,5,4,42.17
2025,1,Tuesday,12,7,2,15.1738
2025,1,Tuesday,12,2,0,20.8438
2025,1,Tuesday,12,8,4,27.1655
2025,1,Tuesday,12,8,5,17.4925
2025,1,Tuesday,12,6,1,40.7177
2025,1,Tuesday,12,0,2,20.614
2025,1,Tuesday,12,5,8,15.8608
2025,1,Tuesday,12,6,3,145.6735
2025,1,Tuesday,12,6,7,4.0065
2025,1,Tuesday,12,3,4,172.7792
2025,1,Tuesday,12,1,0,19.4057
2025,1,Tuesday,12,0,8,2.1448
2025,1,Tuesday,12,5,3,81.1558
2025,1,Tuesday,12,2,5,10.839
2025,1,Tuesday,12,4,8,14.895
2025,1,Tuesday,12,2,4,46.16
2025,1,Tuesday,12,4,1,46.6332
2025,1,Tuesday,12,1,2,62.6593
2025,1,Tuesday,12,7,5,8.0605
2025,1,Tuesday,12,5,0,12.4955
2025,1,Tuesday,12,3,1,101.7483
2025,1,Tuesday,12,7,8,0.3125
2025,1,Tuesday,12,1,7,8.905
2025,1,Tuesday,12,8,7,0.5953
2025,1,Tuesday,12,6,2,26.236
2025,1,Tuesday,12,6,4,71.2308
2025,1,Tuesday,12,1,5,14.768
2025,1,Tuesday,12,4,0,16.6573
2025,1,Tuesday,12,3,0,30.8977
2025,1,Tuesday,12,4,2,45.107
2025,1,Tuesday,12,0,4,24.9273
2025,1,Tuesday,12,7,0,4.1727
2025,1,Tuesday,12,1,4,44.765
2025,1,Tuesday,12,8,3,60.797
2025,1,Tuesday,12,2,7,13.2412
2025,1,Tuesday,12,0,1,36.5902
2025,1,Tuesday,12,0,7,3.8802
2025,1,Tuesday,12,5,6,23.1662
2025,1,Tuesday,12,6,5,15.9293
2025,1,Tuesday,12,6,8,25.9848
2025,1,Wednesday,1,1,8,0.842
2025,1,Wednesday,1,1,7,0.5588
2025,1,Wednesday,1,3,7,1.094
2025,1,Wednesday,1,2,3,2.1314
2025,1,Wednesday,1,4,2,2.7298
2025,1,Wednesday,1,1,6,3.8848
2025,1,Wednesday,1,0,4,0.8056
2025,1,Wednesday,1,5,2,1.5986
2025,1,Wednesday,1,5,8,0.2514
2025,1,Wednesday,1,1,3,3.511
2025,1,Wednesday,1,6,2,1.7072
2025,1,Wednesday,1,7,0,0.837
2025,1,Wednesday,1,7,3,1.5734
2025,1,Wednesday,1,6,1,1.2894
2025,1,Wednesday,1,2,1,1.7418
2025,1,Wednesday,1,8,3,2.4828
2025,1,Wednesday,1,0,6,0.5708
2025,1,Wednesday,1,3,5,2.5016
2025,1,Wednesday,1,6,8,0.2666
2025,1,Wednesday,1,6,7,0.7934
2025,1,Wednesday,1,0,3,1.9916
2025,1,Wednesday,1,8,4,0.6654
2025,1,Wednesday,1,2,8,0.758
2025,1,Wednesday,1,4,8,0.7904
2025,1,Wednesday,1,5,6,1.619
2025,1,Wednesday,1,1,2,1.4206
2025,1,Wednesday,1,8,6,0.22
2025,1,Wednesday,1,7,5,0.4286
2025,1,Wednesday,1,0,2,0.2808
2025,1,Wednesday,1,1,0,1.7238
2025,1,Wednesday,1,5,1,1.252
2025,1,Wednesday,1,4,0,2.3714
2025,1,Wednesday,1,4,3,12.8994
2025,1,Wednesday,1,8,0,1.3582
2025,1,Wednesday,1,5,0,0.5092
2025,1,Wednesday,1,7,1,1.116
2025,1,Wednesday,1,8,5,0.22
2025,1,Wednesday,1,0,1,0.8056
2025,1,Wednesday,1,1,4,2.4494
2025,1,Wednesday,1,6,3,8.0968
2025,1,Wednesday,1,4,5,1.7198
2025,1,Wednesday,1,7,2,0.279
2025,1,Wednesday,1,3,4,8.008
2025,1,Wednesday,1,2,0,3.3846
2025,1,Wednesday,1,7,4,1.702
2025,1,Wednesday,1,6,5,1.34
2025,1,Wednesday,1,2,7,0.7528
2025,1,Wednesday,1,3,6,7.852
2025,1,Wednesday,1,4,6,5.59
2025,1,Wednesday,1,2,4,1.7176
2025,1,Wednesday,1,6,4,1.6312
2025,1,Wednesday,1,5,4,0.7828
2025,1,Wednesday,1,3,0,3.6628
2025,1,Wednesday,1,3,2,5.5106
2025,1,Wednesday,1,4,1,5.4074
2025,1,Wednesday,1,4,7,2.128
2025,1,Wednesday,1,6,0,2.0964
2025,1,Wednesday,1,2,6,1.7358
2025,1,Wednesday,1,5,3,7.2656
2025,1,Wednesday,1,3,1,2.2108
2025,1,Wednesday,1,1,5,0.2982
2025,1,Wednesday,1,3,8,2.2744
2025,1,Wednesday,1,7,6,0.759
2025,1,Wednesday,13,3,2,91.3456
2025,1,Wednesday,13,4,3,149.6608
2025,1,Wednesday,13,2,0,16.5638
2025,1,Wednesday,13,1,6,31.6912
2025,1,Wednesday,13,8,2,12.0454
2025,1,Wednesday,13,0,5,11.553
2025,1,Wednesday,13,5,2,21.3278
2025,1,Wednesday,13,7,0,4.1068
2025,1,Wednesday,13,5,0,11.4526
2025,1,Wednesday,13,3,4,163.2496
2025,1,Wednesday,13,6,2,36.817
2025,1,Wednesday,13,2,8,12.2678
2025,1,Wednesday,13,3,7,41.4334
2025,1,Wednesday,13,5,8,16.311
2025,1,Wednesday,13,3,0,23.2414
2025,1,Wednesday,13,7,2,12.1638
2025,1,Wednesday,13,6,5,22.482
2025,1,Wednesday,13,1,2,55.2598
2025,1,Wednesday,13,6,4,66.0048
2025,1,Wednesday,13,8,6,29.3288
2025,1,Wednesday,13,0,7,3.3752
2025,1,Wednesday,13,1,8,9.1098
2025,1,Wednesday,13,7,6,3.5914
2025,1,Wednesday,13,8,5,17.281
2025,1,Wednesday,13,8,3,58.2566
2025,1,Wednesday,13,7,5,12.2562
2025,1,Wednesday,13,2,1,57.0638
2025,1,Wednesday,13,2,5,15.8298
2025,1,Wednesday,13,5,3,80.7406
2025,1,Wednesday,13,2,3,98.9796
2025,1,Wednesday,13,7,3,53.2248
2025,1,Wednesday,13,4,8,18.5466
2025,1,Wednesday,13,4,6,65.9852
2025,1,Wednesday,13,3,8,45.873
2025,1,Wednesday,13,7,4,28.8678
2025,1,Wednesday,13,1,4,55.2254
2025,1,Wednesday,13,6,3,173.549
2025,1,Wednesday,13,6,0,10.213
2025,1,Wednesday,13,3,1,93.2836
2025,1,Wednesday,13,0,2,18.2978
2025,1,Wednesday,13,7,1,10.2828
2025,1,Wednesday,13,6,7,7.3606
2025,1,Wednesday,13,4,1,44.4452
2025,1,Wednesday,13,2,6,35.454
2025,1,Wednesday,13,0,3,37.4332
2025,1,Wednesday,13,0,4,23.9402
2025,1,Wednesday,13,0,6,10.1398
2025,1,Wednesday,13,5,4,45.911
2025,1,Wednesday,13,4,7,19.3596
2025,1,Wednesday,13,2,7,7.6506
2025,1,Wednesday,13,3,6,161.7242
2025,1,Wednesday,13,0,8,5.647
2025,1,Wednesday,13,1,0,30.0268
2025,1,Wednesday,13,1,3,97.877
2025,1,Wednesday,13,1,5,16.2638
2025,1,Wednesday,13,8,0,5.0334
2025,1,Wednesday,13,5,1,19.0614
2025,1,Wednesday,13,4,2,40.4648
2025,1,Wednesday,13,5,7,5.9944
2025,1,Wednesday,13,8,4,18.8708
2025,1,Wednesday,13,4,5,38.5428
2025,1,Wednesday,13,4,0,15.1092
2025,1,Wednesday,13,6,1,23.7356
2025,1,Wednesday,13,2,4,49.7898
2025,1,Wednesday,13,0,1,38.023
2025,1,Wednesday,13,3,5,72.163
2025,1,Wednesday,13,5,6,18.2254
2025,1,Wednesday,13,8,1,14.5674
2025,1,Wednesday,13,1,7,8.0884
2025,1,Wednesday,13,6,8,25.7996
2025,1,Wednesday,2,1,6,0.5386
2025,1,Wednesday,2,6,8,1.0702
2025,1,Wednesday,2,1,3,1.8722
2025,1,Wednesday,2,8,3,0.5962
2025,1,Wednesday,2,7,3,1.7456
2025,1,Wednesday,2,1,2,0.4572
2025,1,Wednesday,2,3,8,0.568
2025,1,Wednesday,2,2,0,1.4226
2025,1,Wednesday,2,7,2,0.873
2025,1,Wednesday,2,3,6,4.7128
2025,1,Wednesday,2,7,8,0.2
2025,1,Wednesday,2,1,4,1.3468
2025,1,Wednesday,2,6,4,1.7828
2025,1,Wednesday,2,5,1,0.4826
2025,1,Wednesday,2,4,3,3.5018
2025,1,Wednesday,2,6,5,0.6468
2025,1,Wednesday,2,4,6,2.4818
2025,1,Wednesday,2,5,4,1.0092
2025,1,Wednesday,2,6,2,1.5432
2025,1,Wednesday,2,7,5,0.4
2025,1,Wednesday,2,2,5,0.7772
2025,1,Wednesday,2,2,4,0.9504
2025,1,Wednesday,2,0,3,2.1792
2025,1,Wednesday,2,8,6,1.2
2025,1,Wednesday,2,3,5,1.1494
2025,1,Wednesday,2,2,3,1.2542
2025,1,Wednesday,2,3,4,3.3736
2025,1,Wednesday,2,7,4,2.2366
2025,1,Wednesday,2,1,8,0.675
2025,1,Wednesday,2,3,2,2.5004
2025,1,Wednesday,2,3,0,0.3182
2025,1,Wednesday,2,2,1,1.1578
2025,1,Wednesday,2,1,0,0.772
2025,1,Wednesday,2,0,6,0.2762
2025,1,Wednesday,2,5,3,1.7944
2025,1,Wednesday,2,2,8,1.2182
2025,1,Wednesday,2,5,8,0.5314
2025,1,Wednesday,2,4,5,0.7698
2025,1,Wednesday,2,6,0,0.5064
2025,1,Wednesday,2,4,2,1.11
2025,1,Wednesday,2,3,1,2.3508
2025,1,Wednesday,2,7,1,0.8728
2025,1,Wednesday,2,7,6,0.491
2025,1,Wednesday,2,2,6,0.6
2025,1,Wednesday,2,6,7,0.3166
2025,1,Wednesday,2,1,7,0.2694
2025,1,Wednesday,2,5,6,0.8426
2025,1,Wednesday,2,6,3,7.4522
2025,1,Wednesday,2,6,1,0.5066
2025,1,Wednesday,2,3,7,1.5512
2025,1,Wednesday,2,8,4,0.5962
2025,1,Wednesday,2,4,1,2
2025,1,Wednesday,2,4,8,1.254
2025,1,Wednesday,2,4,0,0.9924
2025,1,Wednesday,2,8,1,0.6924
2025,1,Wednesday,2,4,7,1.5158
2025,1,Wednesday,14,6,5,23.4468
2025,1,Wednesday,14,3,8,55.3144
2025,1,Wednesday,14,5,8,15.025
2025,1,Wednesday,14,7,0,3.0558
2025,1,Wednesday,14,8,3,92.2024
2025,1,Wednesday,14,4,7,41.8282
2025,1,Wednesday,14,8,4,30.4756
2025,1,Wednesday,14,2,6,42.3272
2025,1,Wednesday,14,4,3,184.5824
2025,1,Wednesday,14,2,3,104.4072
2025,1,Wednesday,14,0,2,20.811
2025,1,Wednesday,14,6,1,38.5948
2025,1,Wednesday,14,2,4,49.5038
2025,1,Wednesday,14,7,8,0.4778
2025,1,Wednesday,14,0,5,9.7772
2025,1,Wednesday,14,2,5,19.0662
2025,1,Wednesday,14,8,2,19.0464
2025,1,Wednesday,14,5,1,26.2148
2025,1,Wednesday,14,5,6,19.8552
2025,1,Wednesday,14,4,5,35.9452
2025,1,Wednesday,14,0,1,46.8304
2025,1,Wednesday,14,8,1,22.2776
2025,1,Wednesday,14,7,5,4.9628
2025,1,Wednesday,14,5,0,12.089
2025,1,Wednesday,14,5,4,51.8022
2025,1,Wednesday,14,0,4,27.5242
2025,1,Wednesday,14,3,1,106.9064
2025,1,Wednesday,14,2,8,18.665
2025,1,Wednesday,14,1,0,44.133
2025,1,Wednesday,14,1,6,36.5958
2025,1,Wednesday,14,5,2,20.8078
2025,1,Wednesday,14,1,8,12.6846
2025,1,Wednesday,14,0,7,5.5636
2025,1,Wednesday,14,6,0,10.3108
2025,1,Wednesday,14,6,4,64.016
2025,1,Wednesday,14,7,6,4.3974
2025,1,Wednesday,14,4,0,24.5172
2025,1,Wednesday,14,3,0,31.1006
2025,1,Wednesday,14,1,4,51.0762
2025,1,Wednesday,14,7,4,34.068
2025,1,Wednesday,14,6,3,215.9368
2025,1,Wednesday,14,3,5,62.497
2025,1,Wednesday,14,8,0,7.9558
2025,1,Wednesday,14,0,3,39.8276
2025,1,Wednesday,14,6,8,22.6478
2025,1,Wednesday,14,4,2,53.4296
2025,1,Wednesday,14,7,2,15.2058
2025,1,Wednesday,14,2,0,20.0618
2025,1,Wednesday,14,4,1,65.405
2025,1,Wednesday,14,8,7,0.505
2025,1,Wednesday,14,5,7,5.094
2025,1,Wednesday,14,3,7,38.195
2025,1,Wednesday,14,3,4,192.1038
2025,1,Wednesday,14,8,5,16.8964
2025,1,Wednesday,14,1,5,14.9512
2025,1,Wednesday,14,0,8,2.5042
2025,1,Wednesday,14,1,7,11.755
2025,1,Wednesday,14,4,8,21.1866
2025,1,Wednesday,14,8,6,26.7748
2025,1,Wednesday,14,6,7,11.343
2025,1,Wednesday,14,3,2,87.6866
2025,1,Wednesday,14,1,2,57.9978
2025,1,Wednesday,14,6,2,38.3752
2025,1,Wednesday,14,2,7,13.0826
2025,1,Wednesday,14,3,6,161.1914
2025,1,Wednesday,14,4,6,71.8928
2025,1,Wednesday,14,1,3,121.474
2025,1,Wednesday,14,5,3,118.9736
2025,1,Wednesday,14,7,1,14.8694
2025,1,Wednesday,14,7,3,65.9042
2025,1,Wednesday,14,0,6,14.4778
2025,1,Wednesday,14,2,1,69.5944
2025,1,Wednesday,3,0,2,1.2918
2025,1,Wednesday,3,4,7,0.7668
2025,1,Wednesday,3,3,7,0.26
2025,1,Wednesday,3,2,4,0.7
2025,1,Wednesday,3,2,6,0.24
2025,1,Wednesday,3,5,3,2.0868
2025,1,Wednesday,3,6,1,0.5274
2025,1,Wednesday,3,7,0,0.2462
2025,1,Wednesday,3,0,4,0.8632
2025,1,Wednesday,3,3,2,1.2546
2025,1,Wednesday,3,4,6,1.3168
2025,1,Wednesday,3,3,0,1.5082
2025,1,Wednesday,3,2,1,1.387
2025,1,Wednesday,3,7,4,0.8796
2025,1,Wednesday,3,4,3,2.1596
2025,1,Wednesday,3,1,4,0.4266
2025,1,Wednesday,3,3,4,2.1772
2025,1,Wednesday,3,4,1,1.376
2025,1,Wednesday,3,2,0,0.46
2025,1,Wednesday,3,1,3,1.24
2025,1,Wednesday,3,0,8,0.27
2025,1,Wednesday,3,6,0,0.2
2025,1,Wednesday,3,2,7,0.2
2025,1,Wednesday,3,5,0,0.6
2025,1,Wednesday,3,7,3,0.2462
2025,1,Wednesday,3,3,8,0.2848
2025,1,Wednesday,3,3,5,0.2848
2025,1,Wednesday,3,7,8,0.3
2025,1,Wednesday,3,0,1,0.3
2025,1,Wednesday,3,6,3,1.8664
2025,1,Wednesday,3,3,1,1.8854
2025,1,Wednesday,3,2,3,1.7352
2025,1,Wednesday,3,4,5,0.7712
2025,1,Wednesday,3,3,6,2.8454
2025,1,Wednesday,3,1,5,0.2266
2025,1,Wednesday,3,1,0,0.3334
2025,1,Wednesday,3,8,6,0.4
2025,1,Wednesday,3,1,2,0.4532
2025,1,Wednesday,3,4,2,0.739
2025,1,Wednesday,3,6,4,1.5362
2025,1,Wednesday,3,6,5,0.3
2025,1,Wednesday,3,4,0,1.5934
2025,1,Wednesday,3,0,3,1.5618
2025,1,Wednesday,15,1,3,171.5078
2025,1,Wednesday,15,5,0,16.9462
2025,1,Wednesday,15,2,8,22.026
2025,1,Wednesday,15,7,2,15.747
2025,1,Wednesday,15,6,8,13.7966
2025,1,Wednesday,15,3,0,37.116
2025,1,Wednesday,15,1,2,75.237
2025,1,Wednesday,15,5,1,41.3742
2025,1,Wednesday,15,8,2,24.4392
2025,1,Wednesday,15,1,5,29.7288
2025,1,Wednesday,15,4,2,51.6986
2025,1,Wednesday,15,4,3,268.1008
2025,1,Wednesday,15,2,3,171.9572
2025,1,Wednesday,15,8,5,20.42
2025,1,Wednesday,15,0,1,51.5048
2025,1,Wednesday,15,5,3,207.13
2025,1,Wednesday,15,4,1,76.7394
2025,1,Wednesday,15,6,2,38.1452
2025,1,Wednesday,15,8,1,19.5912
2025,1,Wednesday,15,2,0,31.8146
2025,1,Wednesday,15,8,3,182.2518
2025,1,Wednesday,15,1,4,73.9572
2025,1,Wednesday,15,2,5,17.9128
2025,1,Wednesday,15,3,1,123.6874
2025,1,Wednesday,15,3,2,83.2868
2025,1,Wednesday,15,5,8,15.1438
2025,1,Wednesday,15,7,0,4.3148
2025,1,Wednesday,15,7,4,37.841
2025,1,Wednesday,15,7,1,20.8436
2025,1,Wednesday,15,0,2,23.8314
2025,1,Wednesday,15,3,6,184.3378
2025,1,Wednesday,15,2,6,59.7238
2025,1,Wednesday,15,8,4,38.186
2025,1,Wednesday,15,8,7,0.4868
2025,1,Wednesday,15,7,5,7.4172
2025,1,Wednesday,15,1,6,60.8696
2025,1,Wednesday,15,3,8,54.1302
2025,1,Wednesday,15,0,5,8.96
2025,1,Wednesday,15,5,6,20.5254
2025,1,Wednesday,15,4,7,27.4234
2025,1,Wednesday,15,2,7,16.2718
2025,1,Wednesday,15,4,6,73.5806
2025,1,Wednesday,15,6,5,24.1382
2025,1,Wednesday,15,7,6,7.7864
2025,1,Wednesday,15,6,0,18.5126
2025,1,Wednesday,15,3,5,63.472
2025,1,Wednesday,15,0,4,29.1668
2025,1,Wednesday,15,2,1,60.6216
2025,1,Wednesday,15,3,7,47.73
2025,1,Wednesday,15,1,0,93.4932
2025,1,Wednesday,15,6,3,300.3538
2025,1,Wednesday,15,8,0,8.8764
2025,1,Wednesday,15,1,8,29.2214
2025,1,Wednesday,15,7,3,92.1226
2025,1,Wednesday,15,5,4,57.8694
2025,1,Wednesday,15,7,8,1.583
2025,1,Wednesday,15,0,7,4.2242
2025,1,Wednesday,15,0,6,20.7608
2025,1,Wednesday,15,0,8,7.5874
2025,1,Wednesday,15,2,4,57.7162
2025,1,Wednesday,15,4,8,27.7106
2025,1,Wednesday,15,4,5,37.1642
2025,1,Wednesday,15,6,1,48.4664
2025,1,Wednesday,15,4,0,35.8782
2025,1,Wednesday,15,5,2,21.803
2025,1,Wednesday,15,6,7,6.7476
2025,1,Wednesday,15,3,4,176.591
2025,1,Wednesday,15,8,6,29.9112
2025,1,Wednesday,15,5,7,9.6126
2025,1,Wednesday,15,1,7,16.1308
2025,1,Wednesday,15,0,3,44.7588
2025,1,Wednesday,15,6,4,95.3182
2025,1,Wednesday,4,3,4,1.4346
2025,1,Wednesday,4,1,5,1.6626
2025,1,Wednesday,4,6,7,0.2934
2025,1,Wednesday,4,2,3,1.6134
2025,1,Wednesday,4,4,2,1.4716
2025,1,Wednesday,4,3,8,0.5514
2025,1,Wednesday,4,0,4,0.73740000000000006
2025,1,Wednesday,4,1,2,0.3
2025,1,Wednesday,4,4,5,0.5022
2025,1,Wednesday,4,8,3,4.1328
2025,1,Wednesday,4,6,1,0.8018
2025,1,Wednesday,4,8,6,1.9842
2025,1,Wednesday,4,7,0,0.225
2025,1,Wednesday,4,1,7,0.309
2025,1,Wednesday,4,2,6,0.4572
2025,1,Wednesday,4,0,8,1.2402
2025,1,Wednesday,4,6,3,6.7104
2025,1,Wednesday,4,1,3,0.6424
2025,1,Wednesday,4,8,2,2.1334
2025,1,Wednesday,4,1,4,0.3
2025,1,Wednesday,4,5,6,0.7542
2025,1,Wednesday,4,4,6,1.2578
2025,1,Wednesday,4,4,1,0.9706
2025,1,Wednesday,4,6,5,1.3432
2025,1,Wednesday,4,1,6,2.5808
2025,1,Wednesday,4,4,0,2.207
2025,1,Wednesday,4,7,1,0.32
2025,1,Wednesday,4,0,5,2.7108
2025,1,Wednesday,4,1,8,0.2444
2025,1,Wednesday,4,5,4,0.49
2025,1,Wednesday,4,2,0,0.4552
2025,1,Wednesday,4,2,8,1.0736
2025,1,Wednesday,4,7,3,1.35
2025,1,Wednesday,4,4,8,0.2
2025,1,Wednesday,4,0,2,0.5386
2025,1,Wednesday,4,8,1,0.5364
2025,1,Wednesday,4,3,7,1.2674
2025,1,Wednesday,4,0,3,3.752
2025,1,Wednesday,4,6,4,1.079
2025,1,Wednesday,4,3,6,2.8884
2025,1,Wednesday,4,2,1,1.148
2025,1,Wednesday,4,3,1,1.991
2025,1,Wednesday,4,4,3,2.704
2025,1,Wednesday,4,8,4,0.7062
2025,1,Wednesday,4,0,7,0.4754
2025,1,Wednesday,4,6,0,0.2848
2025,1,Wednesday,4,2,4,2.2188
2025,1,Wednesday,4,1,0,0.5272
2025,1,Wednesday,4,6,2,1.8992
2025,1,Wednesday,4,0,1,1.9926
2025,1,Wednesday,4,3,0,0.3222
2025,1,Wednesday,4,7,2,0.2334
2025,1,Wednesday,4,0,6,1.7504
2025,1,Wednesday,4,5,0,0.2
2025,1,Wednesday,4,7,4,0.2334
2025,1,Wednesday,4,5,1,0.2
2025,1,Wednesday,16,5,2,26.305
2025,1,Wednesday,16,7,3,227.3038
2025,1,Wednesday,16,8,3,282.237
2025,1,Wednesday,16,6,4,112.2818
2025,1,Wednesday,16,4,2,54.9708
2025,1,Wednesday,16,2,8,28.2004
2025,1,Wednesday,16,8,1,25.2902
2025,1,Wednesday,16,3,1,204.6798
2025,1,Wednesday,16,8,6,47.9728
2025,1,Wednesday,16,3,2,101.2952
2025,1,Wednesday,16,2,3,234.1594
2025,1,Wednesday,16,0,4,27.3946
2025,1,Wednesday,16,5,4,60.0838
2025,1,Wednesday,16,6,7,11.409
2025,1,Wednesday,16,5,3,335.5922
2025,1,Wednesday,16,3,4,234.4508
2025,1,Wednesday,16,6,8,13.0008
2025,1,Wednesday,16,0,5,5.7732
2025,1,Wednesday,16,0,8,10.3894
2025,1,Wednesday,16,0,2,25.7438
2025,1,Wednesday,16,1,5,20.1724
2025,1,Wednesday,16,1,8,32.1684
2025,1,Wednesday,16,1,2,48.1586
2025,1,Wednesday,16,1,6,81.0384
2025,1,Wednesday,16,8,2,23.7032
2025,1,Wednesday,16,3,5,95.376
2025,1,Wednesday,16,1,0,102.5664
2025,1,Wednesday,16,5,8,20.1332
2025,1,Wednesday,16,7,0,8.0656
2025,1,Wednesday,16,4,5,28.7692
2025,1,Wednesday,16,8,0,11.1998
2025,1,Wednesday,16,2,4,70.2314
2025,1,Wednesday,16,0,6,29.504
2025,1,Wednesday,16,8,4,42.1994
2025,1,Wednesday,16,6,1,85.5206
2025,1,Wednesday,16,4,7,32.9448
2025,1,Wednesday,16,2,0,44.695
2025,1,Wednesday,16,4,8,31.0912
2025,1,Wednesday,16,4,0,30.3698
2025,1,Wednesday,16,3,6,340.6862
2025,1,Wednesday,16,0,1,48.8324
2025,1,Wednesday,16,3,0,41.688
2025,1,Wednesday,16,6,0,27.5248
2025,1,Wednesday,16,3,7,83.1852
2025,1,Wednesday,16,6,5,20.111
2025,1,Wednesday,16,7,6,7.6038
2025,1,Wednesday,16,7,8,0.4
2025,1,Wednesday,16,5,1,50.9898
2025,1,Wednesday,16,2,7,27.2028
2025,1,Wednesday,16,7,1,32.1538
2025,1,Wednesday,16,0,7,4.6388
2025,1,Wednesday,16,6,3,657.4852
2025,1,Wednesday,16,1,3,179.4376
2025,1,Wednesday,16,4,6,75.1436
2025,1,Wednesday,16,8,7,0.4678
2025,1,Wednesday,16,7,5,5.0636
2025,1,Wednesday,16,2,6,96.4902
2025,1,Wednesday,16,7,4,50.395
2025,1,Wednesday,16,4,3,362.749
2025,1,Wednesday,16,0,3,42.1956
2025,1,Wednesday,16,8,5,20.8886
2025,1,Wednesday,16,1,4,68.4568
2025,1,Wednesday,16,3,8,90.5806
2025,1,Wednesday,16,2,1,73.2306
2025,1,Wednesday,16,4,1,82.2802
2025,1,Wednesday,16,1,7,16.2088
2025,1,Wednesday,16,7,2,21.816
2025,1,Wednesday,16,5,6,26.852
2025,1,Wednesday,16,5,7,9.8334
2025,1,Wednesday,16,5,0,20.3486
2025,1,Wednesday,16,6,2,68.4666
2025,1,Wednesday,16,2,5,20.417
2025,1,Wednesday,5,7,5,0.235
2025,1,Wednesday,5,8,4,4.9198
2025,1,Wednesday,5,6,7,0.239
2025,1,Wednesday,5,5,6,1.545
2025,1,Wednesday,5,2,6,2.9408
2025,1,Wednesday,5,4,0,3.9056
2025,1,Wednesday,5,0,8,3.2808
2025,1,Wednesday,5,0,1,7.6116
2025,1,Wednesday,5,3,0,1.6078
2025,1,Wednesday,5,2,7,0.2
2025,1,Wednesday,5,6,2,6.9956
2025,1,Wednesday,5,6,5,0.99
2025,1,Wednesday,5,3,5,39.8524
2025,1,Wednesday,5,3,6,46.0006
2025,1,Wednesday,5,2,0,4.3724
2025,1,Wednesday,5,2,5,4.4018
2025,1,Wednesday,5,7,6,0.9882
2025,1,Wednesday,5,2,4,0.9958
2025,1,Wednesday,5,1,6,7.2484
2025,1,Wednesday,5,1,2,3.226
2025,1,Wednesday,5,4,3,17.6428
2025,1,Wednesday,5,8,6,1.0042
2025,1,Wednesday,5,2,3,6.9582
2025,1,Wednesday,5,1,3,8.841
2025,1,Wednesday,5,5,1,1.4398
2025,1,Wednesday,5,6,8,0.507
2025,1,Wednesday,5,8,0,1.1886
2025,1,Wednesday,5,8,1,6.4068
2025,1,Wednesday,5,2,8,2.9506
2025,1,Wednesday,5,1,5,1.169
2025,1,Wednesday,5,2,1,1.2964
2025,1,Wednesday,5,1,0,4.614
2025,1,Wednesday,5,4,6,4.5108
2025,1,Wednesday,5,8,3,14.694
2025,1,Wednesday,5,4,8,0.9982
2025,1,Wednesday,5,1,8,5.162
2025,1,Wednesday,5,1,7,3.0584
2025,1,Wednesday,5,6,3,40.8964
2025,1,Wednesday,5,8,5,1.1602
2025,1,Wednesday,5,4,2,2.4766
2025,1,Wednesday,5,6,0,3.7714
2025,1,Wednesday,5,5,4,2.1812
2025,1,Wednesday,5,5,2,0.22
2025,1,Wednesday,5,1,4,2.3932
2025,1,Wednesday,5,0,3,14.667
2025,1,Wednesday,5,0,4,7.0884
2025,1,Wednesday,5,0,5,4.6012
2025,1,Wednesday,5,6,1,5.7134
2025,1,Wednesday,5,0,2,12.2296
2025,1,Wednesday,5,7,4,3.083
2025,1,Wednesday,5,4,1,1.038
2025,1,Wednesday,5,3,7,18.5576
2025,1,Wednesday,5,5,3,5.6294
2025,1,Wednesday,5,0,6,4.315
2025,1,Wednesday,5,3,2,12.0942
2025,1,Wednesday,5,4,5,2.5748
2025,1,Wednesday,5,4,7,0.7982
2025,1,Wednesday,5,3,8,31.5832
2025,1,Wednesday,5,3,1,7.777
2025,1,Wednesday,5,7,2,2.2264
2025,1,Wednesday,5,7,8,0.2
2025,1,Wednesday,5,7,3,10.2628
2025,1,Wednesday,5,0,7,1.0198
2025,1,Wednesday,5,8,2,8.5766
2025,1,Wednesday,5,7,1,1.1394
2025,1,Wednesday,5,6,4,4.1506
2025,1,Wednesday,5,3,4,22.1394
2025,1,Wednesday,17,6,7,8.3744
2025,1,Wednesday,17,4,8,35.4598
2025,1,Wednesday,17,5,2,33.1906
2025,1,Wednesday,17,8,4,69.4486
2025,1,Wednesday,17,6,2,131.507
2025,1,Wednesday,17,3,1,479.1268
2025,1,Wednesday,17,3,6,727.6608
2025,1,Wednesday,17,1,4,83.4402
2025,1,Wednesday,17,6,5,19.1022
2025,1,Wednesday,17,3,7,187.5528
2025,1,Wednesday,17,7,6,9.7022
2025,1,Wednesday,17,0,7,4.047
2025,1,Wednesday,17,7,4,91.5028
2025,1,Wednesday,17,6,4,259.6646
2025,1,Wednesday,17,8,6,44.5638
2025,1,Wednesday,17,7,0,16.6582
2025,1,Wednesday,17,4,3,453.5524
2025,1,Wednesday,17,3,0,83.2302
2025,1,Wednesday,17,7,3,312.9222
2025,1,Wednesday,17,0,2,23.0784
2025,1,Wednesday,17,8,3,365.1952
2025,1,Wednesday,17,2,4,106.1624
2025,1,Wednesday,17,3,8,138.1936
2025,1,Wednesday,17,2,7,54.0252
2025,1,Wednesday,17,7,2,33.6426
2025,1,Wednesday,17,2,8,36.7342
2025,1,Wednesday,17,5,4,78.844
2025,1,Wednesday,17,7,1,73.4312
2025,1,Wednesday,17,4,1,107.4982
2025,1,Wednesday,17,2,5,40.4978
2025,1,Wednesday,17,1,5,18.4532
2025,1,Wednesday,17,0,5,6.3128
2025,1,Wednesday,17,1,7,13.833
2025,1,Wednesday,17,4,0,41.1692
2025,1,Wednesday,17,0,3,41.5678
2025,1,Wednesday,17,1,0,101.8548
2025,1,Wednesday,17,1,8,23.9562
2025,1,Wednesday,17,7,8,0.217
2025,1,Wednesday,17,2,6,205.4218
2025,1,Wednesday,17,7,5,7.0278
2025,1,Wednesday,17,1,6,69.4792
2025,1,Wednesday,17,0,8,8.2072
2025,1,Wednesday,17,4,2,64.543
2025,1,Wednesday,17,2,1,145.0624
2025,1,Wednesday,17,2,3,321.2224
2025,1,Wednesday,17,6,8,14.5776
2025,1,Wednesday,17,8,2,33.9158
2025,1,Wednesday,17,8,7,0.2306
2025,1,Wednesday,17,5,7,8.7416
2025,1,Wednesday,17,8,1,56.1924
2025,1,Wednesday,17,6,0,38.2796
2025,1,Wednesday,17,5,1,66.398
2025,1,Wednesday,17,1,2,51.4126
2025,1,Wednesday,17,0,6,28.0344
2025,1,Wednesday,17,5,6,32.1746
2025,1,Wednesday,17,8,0,16.3628
2025,1,Wednesday,17,4,5,42.4012
2025,1,Wednesday,17,0,4,24.9714
2025,1,Wednesday,17,5,8,19.057
2025,1,Wednesday,17,4,7,50.1378
2025,1,Wednesday,17,0,1,73.0522
2025,1,Wednesday,17,5,3,417.3088
2025,1,Wednesday,17,3,4,503.7144
2025,1,Wednesday,17,6,1,228.9444
2025,1,Wednesday,17,3,5,176.6356
2025,1,Wednesday,17,6,3,1105.5072
2025,1,Wednesday,17,5,0,20.1482
2025,1,Wednesday,17,8,5,14.8398
2025,1,Wednesday,17,1,3,168.9882
2025,1,Wednesday,17,2,0,64.0346
2025,1,Wednesday,17,3,2,150.0568
2025,1,Wednesday,17,4,6,108.3374
2025,1,Wednesday,6,6,2,28.078
2025,1,Wednesday,6,1,6,30.6578
2025,1,Wednesday,6,6,8,6.8478
2025,1,Wednesday,6,5,8,0.2096
2025,1,Wednesday,6,6,0,10.7176
2025,1,Wednesday,6,2,1,6.8884
2025,1,Wednesday,6,4,0,5.0678
2025,1,Wednesday,6,6,5,6.1224
2025,1,Wednesday,6,7,4,8.0378
2025,1,Wednesday,6,0,5,6.9334
2025,1,Wednesday,6,3,5,148.7402
2025,1,Wednesday,6,2,5,4.9706
2025,1,Wednesday,6,2,4,2.2812
2025,1,Wednesday,6,4,6,18.2162
2025,1,Wednesday,6,7,1,5.9484
2025,1,Wednesday,6,8,3,43.2604
2025,1,Wednesday,6,5,6,2.0764
2025,1,Wednesday,6,2,6,8.51
2025,1,Wednesday,6,3,7,65.362
2025,1,Wednesday,6,4,8,5.9294
2025,1,Wednesday,6,3,6,205.785
2025,1,Wednesday,6,0,2,24.6804
2025,1,Wednesday,6,6,1,30.5238
2025,1,Wednesday,6,0,3,22.1116
2025,1,Wednesday,6,7,2,8.7482
2025,1,Wednesday,6,6,3,106.0454
2025,1,Wednesday,6,8,4,16.985
2025,1,Wednesday,6,6,7,0.2
2025,1,Wednesday,6,1,3,48.6138
2025,1,Wednesday,6,1,4,13.974
2025,1,Wednesday,6,0,1,38.3258
2025,1,Wednesday,6,4,3,46.76
2025,1,Wednesday,6,2,8,7.0824
2025,1,Wednesday,6,1,7,6.0362
2025,1,Wednesday,6,0,8,4.3714
2025,1,Wednesday,6,0,7,3.5962
2025,1,Wednesday,6,8,1,10.9382
2025,1,Wednesday,6,4,5,7.3
2025,1,Wednesday,6,8,0,4.737
2025,1,Wednesday,6,2,7,3.6888
2025,1,Wednesday,6,5,3,34.5546
2025,1,Wednesday,6,0,6,14.8886
2025,1,Wednesday,6,4,7,4.3004
2025,1,Wednesday,6,6,4,15.7262
2025,1,Wednesday,6,5,2,5.5874
2025,1,Wednesday,6,8,6,0.7088
2025,1,Wednesday,6,5,0,1.9002
2025,1,Wednesday,6,5,1,3.6436
2025,1,Wednesday,6,7,0,0.4556
2025,1,Wednesday,6,7,3,33.5254
2025,1,Wednesday,6,1,0,27.58
2025,1,Wednesday,6,3,8,96.4326
2025,1,Wednesday,6,1,5,11.9184
2025,1,Wednesday,6,3,4,119.6218
2025,1,Wednesday,6,8,2,17.0062
2025,1,Wednesday,6,7,6,0.9216
2025,1,Wednesday,6,1,2,10.7256
2025,1,Wednesday,6,2,0,11.7892
2025,1,Wednesday,6,1,8,6.5318
2025,1,Wednesday,6,7,5,0.4648
2025,1,Wednesday,6,4,1,9.6406
2025,1,Wednesday,6,3,2,67.8078
2025,1,Wednesday,6,5,4,2.705
2025,1,Wednesday,6,8,7,0.2242
2025,1,Wednesday,6,8,5,4.9672
2025,1,Wednesday,6,3,0,14.8116
2025,1,Wednesday,6,4,2,10.5282
2025,1,Wednesday,6,0,4,10.7976
2025,1,Wednesday,6,2,3,22.2962
2025,1,Wednesday,6,3,1,36.6606
2025,1,Wednesday,18,5,4,54.2238
2025,1,Wednesday,18,7,0,6.7988
2025,1,Wednesday,18,4,5,36.5504
2025,1,Wednesday,18,1,4,60.5858
2025,1,Wednesday,18,5,2,19.4102
2025,1,Wednesday,18,1,6,59.1446
2025,1,Wednesday,18,7,6,8.4624
2025,1,Wednesday,18,7,1,43.435
2025,1,Wednesday,18,1,7,7.9648
2025,1,Wednesday,18,4,0,28.2166
2025,1,Wednesday,18,3,6,516.6466
2025,1,Wednesday,18,3,2,137.771
2025,1,Wednesday,18,8,4,40.8156
2025,1,Wednesday,18,4,8,19.1906
2025,1,Wednesday,18,4,6,87.8918
2025,1,Wednesday,18,3,0,55.6306
2025,1,Wednesday,18,0,8,3.2548
2025,1,Wednesday,18,2,4,85.7704
2025,1,Wednesday,18,5,8,4.7908
2025,1,Wednesday,18,6,2,94.7848
2025,1,Wednesday,18,7,2,24.2362
2025,1,Wednesday,18,7,5,5.9552
2025,1,Wednesday,18,8,2,20.8
2025,1,Wednesday,18,5,3,179.1246
2025,1,Wednesday,18,3,1,417.6206
2025,1,Wednesday,18,6,8,12.2216
2025,1,Wednesday,18,8,5,5.428
2025,1,Wednesday,18,4,2,50.1976
2025,1,Wednesday,18,2,3,152.3346
2025,1,Wednesday,18,4,3,267.6992
2025,1,Wednesday,18,7,3,136.533
2025,1,Wednesday,18,2,0,42.7896
2025,1,Wednesday,18,0,2,13.6608
2025,1,Wednesday,18,2,7,38.2714
2025,1,Wednesday,18,0,7,1.3734
2025,1,Wednesday,18,1,8,13.3064
2025,1,Wednesday,18,5,6,19.7566
2025,1,Wednesday,18,0,6,10.9252
2025,1,Wednesday,18,5,1,38.2194
2025,1,Wednesday,18,3,5,152.836
2025,1,Wednesday,18,3,4,462.017
2025,1,Wednesday,18,6,0,24.9896
2025,1,Wednesday,18,0,1,63.6392
2025,1,Wednesday,18,1,2,35.8854
2025,1,Wednesday,18,6,4,208.8976
2025,1,Wednesday,18,6,1,158.0242
2025,1,Wednesday,18,5,0,15.7126
2025,1,Wednesday,18,1,0,50.7404
2025,1,Wednesday,18,2,5,31.7866
2025,1,Wednesday,18,8,0,7.2834
2025,1,Wednesday,18,2,1,123.5126
2025,1,Wednesday,18,4,1,99.5298
2025,1,Wednesday,18,3,7,176.6668
2025,1,Wednesday,18,4,7,36.8226
2025,1,Wednesday,18,8,6,20.1036
2025,1,Wednesday,18,0,3,21.5672
2025,1,Wednesday,18,3,8,80.5958
2025,1,Wednesday,18,6,5,18.3422
2025,1,Wednesday,18,8,1,34.2366
2025,1,Wednesday,18,7,4,63.2076
2025,1,Wednesday,18,6,3,553.726
2025,1,Wednesday,18,6,7,13.3028
2025,1,Wednesday,18,2,6,128.3104
2025,1,Wednesday,18,1,3,109.5814
2025,1,Wednesday,18,8,3,124.7586
2025,1,Wednesday,18,0,5,4.6122
2025,1,Wednesday,18,1,5,16.8976
2025,1,Wednesday,18,0,4,16.4208
2025,1,Wednesday,18,2,8,27.1414
2025,1,Wednesday,18,5,7,2.2734
2025,1,Wednesday,7,0,4,38.9492
2025,1,Wednesday,7,4,1,58.8358
2025,1,Wednesday,7,1,5,49.7734
2025,1,Wednesday,7,5,4,30.601
2025,1,Wednesday,7,3,2,196.4418
2025,1,Wednesday,7,8,1,37.1732
2025,1,Wednesday,7,4,2,30.8084
2025,1,Wednesday,7,6,7,1.192
2025,1,Wednesday,7,3,0,37.7846
2025,1,Wednesday,7,0,5,25.5112
2025,1,Wednesday,7,3,4,280.3294
2025,1,Wednesday,7,1,3,243.5248
2025,1,Wednesday,7,1,2,54.1618
2025,1,Wednesday,7,6,8,36.4448
2025,1,Wednesday,7,6,0,27.0202
2025,1,Wednesday,7,0,1,130.8978
2025,1,Wednesday,7,2,4,19.0244
2025,1,Wednesday,7,8,3,105.2252
2025,1,Wednesday,7,4,5,31.4088
2025,1,Wednesday,7,5,8,3.7432
2025,1,Wednesday,7,2,8,17.3672
2025,1,Wednesday,7,7,2,34.344
2025,1,Wednesday,7,5,6,7.0554
2025,1,Wednesday,7,7,0,3.4778
2025,1,Wednesday,7,1,6,136.957
2025,1,Wednesday,7,4,3,222.3954
2025,1,Wednesday,7,2,1,22.586
2025,1,Wednesday,7,8,6,5.4102
2025,1,Wednesday,7,6,3,414.065
2025,1,Wednesday,7,2,5,21.77
2025,1,Wednesday,7,8,4,22.9874
2025,1,Wednesday,7,7,1,14.6256
2025,1,Wednesday,7,2,3,67.8474
2025,1,Wednesday,7,3,7,189.3966
2025,1,Wednesday,7,1,0,70.972
2025,1,Wednesday,7,7,6,3.104
2025,1,Wednesday,7,6,2,106.62
2025,1,Wednesday,7,7,3,133.2364
2025,1,Wednesday,7,6,1,79.9942
2025,1,Wednesday,7,4,0,12.067
2025,1,Wednesday,7,3,5,346.66
2025,1,Wednesday,7,8,7,0.2406
2025,1,Wednesday,7,6,5,11.9498
2025,1,Wednesday,7,7,5,2.8564
2025,1,Wednesday,7,0,3,52.3188
2025,1,Wednesday,7,2,0,16.2586
2025,1,Wednesday,7,4,7,17.2628
2025,1,Wednesday,7,1,8,44.095
2025,1,Wednesday,7,8,2,33.4794
2025,1,Wednesday,7,3,8,317.5178
2025,1,Wednesday,7,5,1,32.4694
2025,1,Wednesday,7,5,2,24.585
2025,1,Wednesday,7,5,7,1.862
2025,1,Wednesday,7,8,0,5.3998
2025,1,Wednesday,7,3,1,153.508
2025,1,Wednesday,7,7,4,23.0644
2025,1,Wednesday,7,0,6,38.0392
2025,1,Wednesday,7,0,2,63.4056
2025,1,Wednesday,7,8,5,12.4334
2025,1,Wednesday,7,2,6,55.6926
2025,1,Wednesday,7,7,8,0.3142
2025,1,Wednesday,7,5,0,4.4934
2025,1,Wednesday,7,1,7,34.7038
2025,1,Wednesday,7,0,7,12.3196
2025,1,Wednesday,7,6,4,34.7992
2025,1,Wednesday,7,4,6,56.2616
2025,1,Wednesday,7,0,8,14.5834
2025,1,Wednesday,7,5,3,115.0636
2025,1,Wednesday,7,1,4,45.5108
2025,1,Wednesday,7,2,7,13.2408
2025,1,Wednesday,7,3,6,705.0118
2025,1,Wednesday,7,4,8,23.9892
2025,1,Wednesday,19,5,4,32.0162
2025,1,Wednesday,19,1,0,28.891
2025,1,Wednesday,19,4,0,26.7856
2025,1,Wednesday,19,7,6,5.4992
2025,1,Wednesday,19,2,7,21.8452
2025,1,Wednesday,19,5,2,11.259
2025,1,Wednesday,19,6,3,215.241
2025,1,Wednesday,19,0,2,6.9074
2025,1,Wednesday,19,1,5,9.5932
2025,1,Wednesday,19,4,1,58.6778
2025,1,Wednesday,19,3,0,33.0096
2025,1,Wednesday,19,2,0,22.6082
2025,1,Wednesday,19,8,3,53.1804
2025,1,Wednesday,19,2,5,13.2654
2025,1,Wednesday,19,4,2,30.9668
2025,1,Wednesday,19,7,3,57.4658
2025,1,Wednesday,19,8,4,16.5302
2025,1,Wednesday,19,4,5,24.3698
2025,1,Wednesday,19,8,6,7.9668
2025,1,Wednesday,19,7,1,15.4084
2025,1,Wednesday,19,3,1,189.8938
2025,1,Wednesday,19,5,3,82.2754
2025,1,Wednesday,19,6,4,83.2048
2025,1,Wednesday,19,3,6,232.3514
2025,1,Wednesday,19,4,6,68.8632
2025,1,Wednesday,19,0,6,8.0194
2025,1,Wednesday,19,2,3,77.1246
2025,1,Wednesday,19,2,6,52.8964
2025,1,Wednesday,19,6,5,8.1516
2025,1,Wednesday,19,5,8,3.3024
2025,1,Wednesday,19,8,1,11.3624
2025,1,Wednesday,19,1,6,30.4772
2025,1,Wednesday,19,1,3,57.902
2025,1,Wednesday,19,7,5,4.1884
2025,1,Wednesday,19,1,4,35.7386
2025,1,Wednesday,19,0,1,31.0272
2025,1,Wednesday,19,0,3,10.9814
2025,1,Wednesday,19,6,1,69.5736
2025,1,Wednesday,19,6,7,5.0566
2025,1,Wednesday,19,6,0,10.3718
2025,1,Wednesday,19,6,8,8.2618
2025,1,Wednesday,19,5,1,20.6176
2025,1,Wednesday,19,2,4,40.6468
2025,1,Wednesday,19,7,2,12.1316
2025,1,Wednesday,19,3,2,59.4834
2025,1,Wednesday,19,7,4,29.3088
2025,1,Wednesday,19,2,1,53.2306
2025,1,Wednesday,19,0,4,10.3616
2025,1,Wednesday,19,4,8,10.6878
2025,1,Wednesday,19,4,7,20.1106
2025,1,Wednesday,19,1,8,11.1292
2025,1,Wednesday,19,7,0,4.4108
2025,1,Wednesday,19,0,8,1.9824
2025,1,Wednesday,19,4,3,160.2832
2025,1,Wednesday,19,8,5,2.1754
2025,1,Wednesday,19,8,0,4.9136
2025,1,Wednesday,19,3,8,37.2004
2025,1,Wednesday,19,8,2,10.401
2025,1,Wednesday,19,3,5,62.953
2025,1,Wednesday,19,3,4,235.0036
2025,1,Wednesday,19,6,2,32.6096
2025,1,Wednesday,19,1,7,8.5978
2025,1,Wednesday,19,0,7,1.4266
2025,1,Wednesday,19,8,7,0.2282
2025,1,Wednesday,19,0,5,1.6808
2025,1,Wednesday,19,5,6,8.6338
2025,1,Wednesday,19,5,7,1.6934
2025,1,Wednesday,19,1,2,23.56
2025,1,Wednesday,19,2,8,13.4416
2025,1,Wednesday,19,5,0,4.4294
2025,1,Wednesday,19,3,7,80.1914
2025,1,Wednesday,8,4,3,424.9376
2025,1,Wednesday,8,4,2,86.231
2025,1,Wednesday,8,0,5,32.1888
2025,1,Wednesday,8,7,2,67.7518
2025,1,Wednesday,8,1,7,79.2732
2025,1,Wednesday,8,5,3,231.2244
2025,1,Wednesday,8,3,1,150.4178
2025,1,Wednesday,8,5,6,9.1152
2025,1,Wednesday,8,1,5,85.0946
2025,1,Wednesday,8,4,7,59.9038
2025,1,Wednesday,8,8,6,9.4618
2025,1,Wednesday,8,6,5,25.6736
2025,1,Wednesday,8,0,4,52.1368
2025,1,Wednesday,8,6,0,24.7954
2025,1,Wednesday,8,8,0,4.0964
2025,1,Wednesday,8,2,0,20.8826
2025,1,Wednesday,8,8,3,178.3166
2025,1,Wednesday,8,3,0,32.3954
2025,1,Wednesday,8,1,4,107.9008
2025,1,Wednesday,8,4,8,48.925
2025,1,Wednesday,8,0,2,84.0432
2025,1,Wednesday,8,0,6,42.2266
2025,1,Wednesday,8,2,5,36.7494
2025,1,Wednesday,8,7,3,317.3006
2025,1,Wednesday,8,2,4,47.3314
2025,1,Wednesday,8,5,4,46.7638
2025,1,Wednesday,8,4,1,45.9352
2025,1,Wednesday,8,1,0,63.9408
2025,1,Wednesday,8,4,5,51.3392
2025,1,Wednesday,8,8,1,38.4118
2025,1,Wednesday,8,0,1,128.3856
2025,1,Wednesday,8,3,8,447.1324
2025,1,Wednesday,8,7,6,7.5942
2025,1,Wednesday,8,7,1,14.3374
2025,1,Wednesday,8,2,8,49.3436
2025,1,Wednesday,8,1,3,645.0884
2025,1,Wednesday,8,5,0,2.3464
2025,1,Wednesday,8,3,7,362.2574
2025,1,Wednesday,8,3,6,1364.8344
2025,1,Wednesday,8,4,6,204.8854
2025,1,Wednesday,8,2,7,37.716
2025,1,Wednesday,8,2,3,120.6358
2025,1,Wednesday,8,7,5,9.6276
2025,1,Wednesday,8,5,8,8.3244
2025,1,Wednesday,8,1,8,64.3844
2025,1,Wednesday,8,1,2,141.539
2025,1,Wednesday,8,7,0,2.8266
2025,1,Wednesday,8,8,2,42.3268
2025,1,Wednesday,8,5,1,28.4428
2025,1,Wednesday,8,3,5,453.6822
2025,1,Wednesday,8,4,0,18.1998
2025,1,Wednesday,8,0,7,16.9918
2025,1,Wednesday,8,5,2,44.7502
2025,1,Wednesday,8,6,3,910.4306
2025,1,Wednesday,8,6,2,201.5904
2025,1,Wednesday,8,3,4,512.5786
2025,1,Wednesday,8,3,2,268.5624
2025,1,Wednesday,8,6,8,32.6842
2025,1,Wednesday,8,7,4,70.676
2025,1,Wednesday,8,8,4,32.416
2025,1,Wednesday,8,5,7,4.6834
2025,1,Wednesday,8,0,8,22.1004
2025,1,Wednesday,8,2,1,37.2988
2025,1,Wednesday,8,0,3,101.7282
2025,1,Wednesday,8,8,5,25.8306
2025,1,Wednesday,8,6,1,92.825
2025,1,Wednesday,8,6,7,5.3882
2025,1,Wednesday,8,2,6,144.2876
2025,1,Wednesday,8,1,6,299.4422
2025,1,Wednesday,8,6,4,90.8424
2025,1,Wednesday,20,6,5,9.0584
2025,1,Wednesday,20,3,2,35.2482
2025,1,Wednesday,20,8,2,2.1446
2025,1,Wednesday,20,8,0,1.8272
2025,1,Wednesday,20,0,6,2.7642
2025,1,Wednesday,20,7,3,24.2914
2025,1,Wednesday,20,1,6,18.0452
2025,1,Wednesday,20,3,6,133.0004
2025,1,Wednesday,20,7,0,5.0274
2025,1,Wednesday,20,1,5,4.643
2025,1,Wednesday,20,5,7,1.8384
2025,1,Wednesday,20,4,2,25.472
2025,1,Wednesday,20,7,4,13.6442
2025,1,Wednesday,20,4,6,47.1974
2025,1,Wednesday,20,6,4,47.547
2025,1,Wednesday,20,3,8,23.1154
2025,1,Wednesday,20,4,3,117.5328
2025,1,Wednesday,20,4,0,18.408
2025,1,Wednesday,20,0,5,0.833
2025,1,Wednesday,20,7,1,7.4368
2025,1,Wednesday,20,0,1,10.673
2025,1,Wednesday,20,5,3,38.3256
2025,1,Wednesday,20,2,7,9.4716
2025,1,Wednesday,20,5,0,2.3362
2025,1,Wednesday,20,0,7,0.279
2025,1,Wednesday,20,7,2,5.2592
2025,1,Wednesday,20,4,1,46.5918
2025,1,Wednesday,20,0,4,8.231
2025,1,Wednesday,20,2,5,6.2276
2025,1,Wednesday,20,6,0,7.8426
2025,1,Wednesday,20,8,1,5.744
2025,1,Wednesday,20,1,8,8.231
2025,1,Wednesday,20,6,1,30.1964
2025,1,Wednesday,20,1,4,19.6716
2025,1,Wednesday,20,2,8,10.0962
2025,1,Wednesday,20,4,8,10.1234
2025,1,Wednesday,20,5,2,4.1648
2025,1,Wednesday,20,3,7,43.7626
2025,1,Wednesday,20,0,3,6.6146
2025,1,Wednesday,20,6,3,92.2472
2025,1,Wednesday,20,8,3,20.5526
2025,1,Wednesday,20,7,5,1.7796
2025,1,Wednesday,20,8,5,1.456
2025,1,Wednesday,20,6,2,13.7422
2025,1,Wednesday,20,4,7,16.1304
2025,1,Wednesday,20,6,7,2.9996
2025,1,Wednesday,20,0,8,2.5102
2025,1,Wednesday,20,2,6,29.498
2025,1,Wednesday,20,3,4,102.3784
2025,1,Wednesday,20,1,0,20.22
2025,1,Wednesday,20,0,2,2.4596
2025,1,Wednesday,20,1,7,3.988
2025,1,Wednesday,20,5,4,16.0942
2025,1,Wednesday,20,8,4,7.8976
2025,1,Wednesday,20,2,0,16.7742
2025,1,Wednesday,20,2,1,29.986
2025,1,Wednesday,20,5,6,4.4904
2025,1,Wednesday,20,1,2,10.9928
2025,1,Wednesday,20,5,1,12.391
2025,1,Wednesday,20,1,3,40.5732
2025,1,Wednesday,20,7,6,2.571
2025,1,Wednesday,20,4,5,19.9372
2025,1,Wednesday,20,3,1,99.4426
2025,1,Wednesday,20,6,8,3.7506
2025,1,Wednesday,20,3,0,27.015
2025,1,Wednesday,20,8,6,3.2884
2025,1,Wednesday,20,2,4,25.8578
2025,1,Wednesday,20,3,5,39.7016
2025,1,Wednesday,20,2,3,52.9628
2025,1,Wednesday,20,5,8,2.257
2025,1,Wednesday,9,5,0,5.5566
2025,1,Wednesday,9,5,2,33.3734
2025,1,Wednesday,9,7,3,140.156
2025,1,Wednesday,9,7,0,1.0758
2025,1,Wednesday,9,1,4,70.7496
2025,1,Wednesday,9,6,7,4.3144
2025,1,Wednesday,9,8,2,29.8208
2025,1,Wednesday,9,3,4,370.2768
2025,1,Wednesday,9,7,1,8.7822
2025,1,Wednesday,9,3,2,216.3818
2025,1,Wednesday,9,0,5,25.3412
2025,1,Wednesday,9,7,5,10.7208
2025,1,Wednesday,9,4,2,68.9702
2025,1,Wednesday,9,6,1,54.2622
2025,1,Wednesday,9,1,2,114.6394
2025,1,Wednesday,9,4,3,266.9694
2025,1,Wednesday,9,6,2,157.6218
2025,1,Wednesday,9,8,6,8.4294
2025,1,Wednesday,9,8,7,0.488
2025,1,Wednesday,9,2,4,43.1072
2025,1,Wednesday,9,2,6,57.0924
2025,1,Wednesday,9,1,6,108.0158
2025,1,Wednesday,9,4,7,44.7992
2025,1,Wednesday,9,5,3,127.5506
2025,1,Wednesday,9,4,8,33.7182
2025,1,Wednesday,9,2,0,13.448
2025,1,Wednesday,9,8,1,18.2094
2025,1,Wednesday,9,6,3,480.265
2025,1,Wednesday,9,5,4,39.7414
2025,1,Wednesday,9,8,0,4.9736
2025,1,Wednesday,9,3,6,626.1204
2025,1,Wednesday,9,8,3,84.8224
2025,1,Wednesday,9,3,1,98.4312
2025,1,Wednesday,9,0,6,17.0828
2025,1,Wednesday,9,1,0,27.3814
2025,1,Wednesday,9,1,7,35.6268
2025,1,Wednesday,9,0,4,36.1672
2025,1,Wednesday,9,6,4,63.8212
2025,1,Wednesday,9,3,5,291.2228
2025,1,Wednesday,9,3,8,179.775
2025,1,Wednesday,9,7,4,40.1794
2025,1,Wednesday,9,3,0,17.2902
2025,1,Wednesday,9,4,1,39.933
2025,1,Wednesday,9,2,5,25.1454
2025,1,Wednesday,9,2,7,28.26
2025,1,Wednesday,9,8,4,23.3038
2025,1,Wednesday,9,0,3,63.5444
2025,1,Wednesday,9,0,8,6.2648
2025,1,Wednesday,9,5,1,18.097
2025,1,Wednesday,9,0,1,70.48
2025,1,Wednesday,9,1,5,54.7996
2025,1,Wednesday,9,4,5,37.1636
2025,1,Wednesday,9,7,2,34.1112
2025,1,Wednesday,9,0,7,4.86
2025,1,Wednesday,9,7,8,0.2
2025,1,Wednesday,9,6,8,25.0236
2025,1,Wednesday,9,3,7,187.895
2025,1,Wednesday,9,2,3,102.6112
2025,1,Wednesday,9,5,6,8.15
2025,1,Wednesday,9,2,8,18.9728
2025,1,Wednesday,9,0,2,46.5164
2025,1,Wednesday,9,2,1,26.8644
2025,1,Wednesday,9,4,6,117.1578
2025,1,Wednesday,9,4,0,7.6344
2025,1,Wednesday,9,6,5,20.7584
2025,1,Wednesday,9,6,0,15.8606
2025,1,Wednesday,9,5,7,3.741
2025,1,Wednesday,9,1,3,355.3412
2025,1,Wednesday,9,8,5,22.6494
2025,1,Wednesday,9,5,8,4.9162
2025,1,Wednesday,9,7,6,5.4964
2025,1,Wednesday,9,1,8,27.782
2025,1,Wednesday,21,4,1,39.1872
2025,1,Wednesday,21,6,1,22.07
2025,1,Wednesday,21,5,1,6.6702
2025,1,Wednesday,21,4,0,15.8324
2025,1,Wednesday,21,5,2,4.1216
2025,1,Wednesday,21,2,6,13.6034
2025,1,Wednesday,21,7,5,0.4568
2025,1,Wednesday,21,2,4,13.591
2025,1,Wednesday,21,8,0,1.186
2025,1,Wednesday,21,1,4,11.0748
2025,1,Wednesday,21,2,7,5.3164
2025,1,Wednesday,21,8,6,1.8574
2025,1,Wednesday,21,2,8,5.0334
2025,1,Wednesday,21,3,7,20.8726
2025,1,Wednesday,21,0,2,1.8088
2025,1,Wednesday,21,5,0,1.845
2025,1,Wednesday,21,0,1,9.0618
2025,1,Wednesday,21,8,3,15.0306
2025,1,Wednesday,21,0,5,0.628
2025,1,Wednesday,21,3,2,22.8128
2025,1,Wednesday,21,1,2,8.1994
2025,1,Wednesday,21,2,3,23.699
2025,1,Wednesday,21,0,8,1.4776
2025,1,Wednesday,21,2,5,5.1776
2025,1,Wednesday,21,7,6,2.196
2025,1,Wednesday,21,5,7,1.2272
2025,1,Wednesday,21,4,2,21.3052
2025,1,Wednesday,21,6,5,1.7604
2025,1,Wednesday,21,3,0,18.6496
2025,1,Wednesday,21,6,0,6.2208
2025,1,Wednesday,21,7,0,1.5632
2025,1,Wednesday,21,5,8,1.6292
2025,1,Wednesday,21,0,6,5.5786
2025,1,Wednesday,21,8,4,4.292
2025,1,Wednesday,21,0,4,5.3212
2025,1,Wednesday,21,2,0,11.3946
2025,1,Wednesday,21,2,1,20.8392
2025,1,Wednesday,21,4,3,95.569
2025,1,Wednesday,21,5,3,21.4498
2025,1,Wednesday,21,4,7,16.2732
2025,1,Wednesday,21,7,4,6.421
2025,1,Wednesday,21,3,4,60.037
2025,1,Wednesday,21,6,2,8.8542
2025,1,Wednesday,21,3,1,51.2896
2025,1,Wednesday,21,4,8,8.7378
2025,1,Wednesday,21,1,8,4.171
2025,1,Wednesday,21,3,8,21.756
2025,1,Wednesday,21,8,2,3.4654
2025,1,Wednesday,21,1,0,11.1984
2025,1,Wednesday,21,8,5,0.4838
2025,1,Wednesday,21,7,1,6.1928
2025,1,Wednesday,21,5,6,4.866
2025,1,Wednesday,21,3,6,65.3988
2025,1,Wednesday,21,6,8,4.889
2025,1,Wednesday,21,7,2,2.415
2025,1,Wednesday,21,1,5,3.9536
2025,1,Wednesday,21,7,3,13.7712
2025,1,Wednesday,21,8,7,0.6692
2025,1,Wednesday,21,0,3,11.2334
2025,1,Wednesday,21,8,1,3.679
2025,1,Wednesday,21,1,6,10.9842
2025,1,Wednesday,21,6,4,16.234
2025,1,Wednesday,21,1,7,5.8364
2025,1,Wednesday,21,5,4,5.698
2025,1,Wednesday,21,6,7,1.6642
2025,1,Wednesday,21,1,3,27.8804
2025,1,Wednesday,21,3,5,22.7502
2025,1,Wednesday,21,4,5,12.8244
2025,1,Wednesday,21,6,3,52.6662
2025,1,Wednesday,21,4,6,41.562
2025,1,Wednesday,10,0,2,31.1078
2025,1,Wednesday,10,2,3,68.4818
2025,1,Wednesday,10,2,6,39.4064
2025,1,Wednesday,10,7,1,10.6838
2025,1,Wednesday,10,1,3,150.0746
2025,1,Wednesday,10,4,8,15.2628
2025,1,Wednesday,10,8,6,9.5796
2025,1,Wednesday,10,8,4,19.9932
2025,1,Wednesday,10,1,2,55.433
2025,1,Wednesday,10,8,0,4.6258
2025,1,Wednesday,10,4,1,38.5334
2025,1,Wednesday,10,6,5,17.6452
2025,1,Wednesday,10,6,0,6.9546
2025,1,Wednesday,10,1,6,43.7094
2025,1,Wednesday,10,8,5,11.6976
2025,1,Wednesday,10,0,1,49.7404
2025,1,Wednesday,10,3,1,77.2442
2025,1,Wednesday,10,2,8,19.44
2025,1,Wednesday,10,3,0,13.8316
2025,1,Wednesday,10,8,1,10.6742
2025,1,Wednesday,10,8,7,0.236
2025,1,Wednesday,10,1,0,22.1286
2025,1,Wednesday,10,3,8,82.824
2025,1,Wednesday,10,1,7,16.3616
2025,1,Wednesday,10,3,5,105.316
2025,1,Wednesday,10,7,5,6.7334
2025,1,Wednesday,10,0,7,6.293
2025,1,Wednesday,10,7,2,18.3344
2025,1,Wednesday,10,7,4,27.8956
2025,1,Wednesday,10,2,1,34.922
2025,1,Wednesday,10,6,8,14.764
2025,1,Wednesday,10,5,4,27.7408
2025,1,Wednesday,10,0,8,5.9898
2025,1,Wednesday,10,0,5,15.0594
2025,1,Wednesday,10,2,5,14.2656
2025,1,Wednesday,10,4,5,22.7472
2025,1,Wednesday,10,2,7,12.8684
2025,1,Wednesday,10,7,0,1.7248000000000001
2025,1,Wednesday,10,0,6,13.6436
2025,1,Wednesday,10,4,7,19.896
2025,1,Wednesday,10,0,4,28.1308
2025,1,Wednesday,10,1,4,50.7284
2025,1,Wednesday,10,2,4,34.916
2025,1,Wednesday,10,8,2,15.7744
2025,1,Wednesday,10,1,8,11.6392
2025,1,Wednesday,10,4,0,8.9376
2025,1,Wednesday,10,5,7,7.4802
2025,1,Wednesday,10,0,3,35.5674
2025,1,Wednesday,10,5,1,19.0684
2025,1,Wednesday,10,6,1,32.0018
2025,1,Wednesday,10,5,0,8.3524
2025,1,Wednesday,10,3,2,119.5858
2025,1,Wednesday,10,2,0,8.876
2025,1,Wednesday,10,5,3,88.929
2025,1,Wednesday,10,4,2,39.733
2025,1,Wednesday,10,8,3,56.874
2025,1,Wednesday,10,3,4,166.2862
2025,1,Wednesday,10,7,8,0.2
2025,1,Wednesday,10,6,2,45.0208
2025,1,Wednesday,10,4,3,113.63
2025,1,Wednesday,10,7,3,56.704
2025,1,Wednesday,10,6,3,171.5416
2025,1,Wednesday,10,3,6,203.189
2025,1,Wednesday,10,3,7,69.1698
2025,1,Wednesday,10,6,4,57.396
2025,1,Wednesday,10,4,6,46.3568
2025,1,Wednesday,10,5,2,20.7796
2025,1,Wednesday,10,1,5,21.3558
2025,1,Wednesday,10,5,6,12.6688
2025,1,Wednesday,10,6,7,2.527
2025,1,Wednesday,10,5,8,12.2146
2025,1,Wednesday,10,7,6,5.3136
2025,1,Wednesday,22,8,7,0.2264
2025,1,Wednesday,22,2,7,3.3324
2025,1,Wednesday,22,6,7,1.1566
2025,1,Wednesday,22,6,8,0.6786
2025,1,Wednesday,22,7,6,0.6756
2025,1,Wednesday,22,6,4,11.484
2025,1,Wednesday,22,4,8,3.1764
2025,1,Wednesday,22,4,7,10.007
2025,1,Wednesday,22,2,3,17.672
2025,1,Wednesday,22,6,3,27.0386
2025,1,Wednesday,22,1,7,3.844
2025,1,Wednesday,22,7,3,13.4914
2025,1,Wednesday,22,5,0,1.7866
2025,1,Wednesday,22,8,1,3.8666
2025,1,Wednesday,22,5,6,0.96
2025,1,Wednesday,22,1,5,2.0702
2025,1,Wednesday,22,8,3,9.0682
2025,1,Wednesday,22,8,5,0.442
2025,1,Wednesday,22,0,3,5.8686
2025,1,Wednesday,22,0,6,1.8016
2025,1,Wednesday,22,5,3,9.476
2025,1,Wednesday,22,5,2,1.088
2025,1,Wednesday,22,3,0,17.1764
2025,1,Wednesday,22,3,7,13.6022
2025,1,Wednesday,22,7,1,2.7322
2025,1,Wednesday,22,1,4,4.7682
2025,1,Wednesday,22,4,6,23.3612
2025,1,Wednesday,22,3,6,45.2596
2025,1,Wednesday,22,3,4,27.2438
2025,1,Wednesday,22,2,8,4.5546
2025,1,Wednesday,22,7,4,5.0436
2025,1,Wednesday,22,6,2,6.5092
2025,1,Wednesday,22,0,8,0.5702
2025,1,Wednesday,22,0,4,3.4916
2025,1,Wednesday,22,4,2,11.7896
2025,1,Wednesday,22,8,4,1.861
2025,1,Wednesday,22,3,5,8.4556
2025,1,Wednesday,22,0,2,1.8076
2025,1,Wednesday,22,3,1,31.4828
2025,1,Wednesday,22,1,2,2.2582
2025,1,Wednesday,22,3,8,16.1152
2025,1,Wednesday,22,4,0,10.5038
2025,1,Wednesday,22,7,0,2.0558
2025,1,Wednesday,22,0,5,1.2844
2025,1,Wednesday,22,1,6,8.3602
2025,1,Wednesday,22,1,3,16.8152
2025,1,Wednesday,22,2,5,1.5924
2025,1,Wednesday,22,2,4,8.188
2025,1,Wednesday,22,2,6,14.5044
2025,1,Wednesday,22,1,0,12.132
2025,1,Wednesday,22,5,4,4.9006
2025,1,Wednesday,22,6,5,2.2624
2025,1,Wednesday,22,2,0,12.837
2025,1,Wednesday,22,8,6,0.2136
2025,1,Wednesday,22,7,5,0.901
2025,1,Wednesday,22,6,1,11.4038
2025,1,Wednesday,22,4,3,49.5816
2025,1,Wednesday,22,4,1,21.8894
2025,1,Wednesday,22,1,8,4.7502
2025,1,Wednesday,22,5,7,1.125
2025,1,Wednesday,22,4,5,7.9846
2025,1,Wednesday,22,3,2,15.018
2025,1,Wednesday,22,0,1,3.4852
2025,1,Wednesday,22,2,1,8.3302
2025,1,Wednesday,22,6,0,6.9916
2025,1,Wednesday,22,8,0,2.0618
2025,1,Wednesday,22,7,2,2.2804
2025,1,Wednesday,22,8,2,1.1334
2025,1,Wednesday,22,5,1,4.9784
2025,1,Wednesday,22,0,7,0.502
2025,1,Wednesday,11,7,1,9.8058
2025,1,Wednesday,11,8,6,15.4788
2025,1,Wednesday,11,2,0,9.9908
2025,1,Wednesday,11,7,8,1.0592
2025,1,Wednesday,11,3,6,166.6654
2025,1,Wednesday,11,0,7,5.499
2025,1,Wednesday,11,0,3,30.2438
2025,1,Wednesday,11,7,5,5.3596
2025,1,Wednesday,11,7,3,49.973
2025,1,Wednesday,11,8,7,0.4732
2025,1,Wednesday,11,8,4,17.8528
2025,1,Wednesday,11,5,6,10.2818
2025,1,Wednesday,11,2,7,12.9404
2025,1,Wednesday,11,0,1,46.3436
2025,1,Wednesday,11,2,8,16.1254
2025,1,Wednesday,11,3,5,83.4248
2025,1,Wednesday,11,5,7,7.6242
2025,1,Wednesday,11,6,2,38.0278
2025,1,Wednesday,11,8,5,15.9912
2025,1,Wednesday,11,6,0,7.3428
2025,1,Wednesday,11,1,3,98.8958
2025,1,Wednesday,11,8,3,57.1924
2025,1,Wednesday,11,6,7,5.0832
2025,1,Wednesday,11,6,8,12.963
2025,1,Wednesday,11,4,1,37.1946
2025,1,Wednesday,11,0,5,10.7154
2025,1,Wednesday,11,4,8,15.201
2025,1,Wednesday,11,6,3,151.2246
2025,1,Wednesday,11,1,5,21.0694
2025,1,Wednesday,11,1,7,8.5402
2025,1,Wednesday,11,3,7,57.3068
2025,1,Wednesday,11,3,1,82.0006
2025,1,Wednesday,11,5,1,17.6808
2025,1,Wednesday,11,4,2,39.5526
2025,1,Wednesday,11,0,8,5.535
2025,1,Wednesday,11,8,1,8.7292
2025,1,Wednesday,11,6,1,32.2172
2025,1,Wednesday,11,7,4,29.1656
2025,1,Wednesday,11,5,2,24.5182
2025,1,Wednesday,11,1,2,47.3966
2025,1,Wednesday,11,4,6,50.9108
2025,1,Wednesday,11,0,6,11.8514
2025,1,Wednesday,11,5,8,11.1386
2025,1,Wednesday,11,8,2,11.9764
2025,1,Wednesday,11,1,0,17.8008
2025,1,Wednesday,11,2,5,15.4824
2025,1,Wednesday,11,7,6,4.3474
2025,1,Wednesday,11,2,1,44.7312
2025,1,Wednesday,11,6,5,18.5658
2025,1,Wednesday,11,0,4,21.7148
2025,1,Wednesday,11,1,8,10.5338
2025,1,Wednesday,11,7,2,15.6922
2025,1,Wednesday,11,2,3,83.7144
2025,1,Wednesday,11,3,4,159.1072
2025,1,Wednesday,11,6,4,58.5852
2025,1,Wednesday,11,5,3,79.062
2025,1,Wednesday,11,5,0,8.3052
2025,1,Wednesday,11,5,4,34.5746
2025,1,Wednesday,11,0,2,24.4676
2025,1,Wednesday,11,4,3,120.4974
2025,1,Wednesday,11,1,6,31.6098
2025,1,Wednesday,11,4,5,23.5144
2025,1,Wednesday,11,8,0,4.1814
2025,1,Wednesday,11,3,0,13.9798
2025,1,Wednesday,11,3,8,70.6078
2025,1,Wednesday,11,7,0,1.6704
2025,1,Wednesday,11,2,6,35.0138
2025,1,Wednesday,11,4,7,14.0494
2025,1,Wednesday,11,3,2,98.7806
2025,1,Wednesday,11,1,4,54.2758
2025,1,Wednesday,11,2,4,39.9564
2025,1,Wednesday,11,4,0,9.982
2025,1,Wednesday,23,5,6,1.5892
2025,1,Wednesday,23,1,3,7.4054
2025,1,Wednesday,23,8,1,0.9032
2025,1,Wednesday,23,6,0,2.529
2025,1,Wednesday,23,5,4,2.5606
2025,1,Wednesday,23,3,0,11.368
2025,1,Wednesday,23,0,8,1.8
2025,1,Wednesday,23,6,2,0.9332
2025,1,Wednesday,23,3,6,18.878
2025,1,Wednesday,23,8,2,1.3112
2025,1,Wednesday,23,3,7,3.804
2025,1,Wednesday,23,0,5,1.0596
2025,1,Wednesday,23,8,5,0.4354
2025,1,Wednesday,23,2,7,2.1004
2025,1,Wednesday,23,8,4,1.7866
2025,1,Wednesday,23,3,2,3.529
2025,1,Wednesday,23,3,4,11.5168
2025,1,Wednesday,23,8,3,4.3068
2025,1,Wednesday,23,7,0,2.0574
2025,1,Wednesday,23,5,1,2.0028
2025,1,Wednesday,23,1,4,3.7382
2025,1,Wednesday,23,4,8,4.8858
2025,1,Wednesday,23,7,6,1.1212
2025,1,Wednesday,23,1,7,0.9542
2025,1,Wednesday,23,0,4,1.928
2025,1,Wednesday,23,4,7,2.2844
2025,1,Wednesday,23,5,0,2.419
2025,1,Wednesday,23,1,0,11.0492
2025,1,Wednesday,23,4,3,28.1526
2025,1,Wednesday,23,3,5,4.5376
2025,1,Wednesday,23,6,4,5.5764
2025,1,Wednesday,23,6,3,13.2886
2025,1,Wednesday,23,6,1,4.5648
2025,1,Wednesday,23,0,7,0.5588
2025,1,Wednesday,23,2,0,8.0002
2025,1,Wednesday,23,4,1,9.0218
2025,1,Wednesday,23,2,1,4.1308
2025,1,Wednesday,23,1,6,5.4686
2025,1,Wednesday,23,4,2,4.3236
2025,1,Wednesday,23,4,6,7.4744
2025,1,Wednesday,23,2,4,2.9516
2025,1,Wednesday,23,6,5,1.1718
2025,1,Wednesday,23,7,3,6.3092
2025,1,Wednesday,23,2,5,1.1464
2025,1,Wednesday,23,5,3,11.702
2025,1,Wednesday,23,7,4,1.7954
2025,1,Wednesday,23,0,2,1.8686
2025,1,Wednesday,23,1,2,1.6476
2025,1,Wednesday,23,6,8,0.238
2025,1,Wednesday,23,5,7,0.42
2025,1,Wednesday,23,2,8,4.5844
2025,1,Wednesday,23,7,2,0.906
2025,1,Wednesday,23,1,5,0.7026
2025,1,Wednesday,23,0,3,1.6382
2025,1,Wednesday,23,4,5,3.595
2025,1,Wednesday,23,5,2,1.1478
2025,1,Wednesday,23,3,1,10.4856
2025,1,Wednesday,23,4,0,7.3542
2025,1,Wednesday,23,0,6,0.2792
2025,1,Wednesday,23,2,3,10.6886
2025,1,Wednesday,23,3,8,10.0194
2025,1,Wednesday,23,1,8,4.006
2025,1,Wednesday,23,0,1,3.2266
2025,1,Wednesday,23,7,1,2.5218
2025,1,Wednesday,23,8,0,0.6624
2025,1,Wednesday,23,2,6,5.0442
2025,1,Wednesday,23,5,8,0.6482
2025,1,Wednesday,23,8,6,0.229
2025,1,Wednesday,0,7,2,0.4648
2025,1,Wednesday,0,3,4,7.6398
2025,1,Wednesday,0,8,2,2.1932
2025,1,Wednesday,0,3,0,6.4874
2025,1,Wednesday,0,2,7,0.4522
2025,1,Wednesday,0,3,2,2.788
2025,1,Wednesday,0,2,8,4.6484
2025,1,Wednesday,0,3,7,4.626
2025,1,Wednesday,0,4,1,6.8814
2025,1,Wednesday,0,0,2,0.301
2025,1,Wednesday,0,6,8,1.2794
2025,1,Wednesday,0,0,7,0.301
2025,1,Wednesday,0,3,8,10.4312
2025,1,Wednesday,0,2,4,0.7964
2025,1,Wednesday,0,8,1,0.7318
2025,1,Wednesday,0,1,7,0.584
2025,1,Wednesday,0,5,2,1.0788
2025,1,Wednesday,0,0,1,0.8396
2025,1,Wednesday,0,8,3,10.3514
2025,1,Wednesday,0,6,4,3.761
2025,1,Wednesday,0,2,5,1.2216
2025,1,Wednesday,0,1,0,3.8782
2025,1,Wednesday,0,0,6,0.8636
2025,1,Wednesday,0,8,6,2.2932
2025,1,Wednesday,0,7,0,0.2318
2025,1,Wednesday,0,4,3,15.628
2025,1,Wednesday,0,0,4,0.301
2025,1,Wednesday,0,6,3,14.8908
2025,1,Wednesday,0,8,4,1.0328
2025,1,Wednesday,0,1,4,5.2354
2025,1,Wednesday,0,4,2,1.5492
2025,1,Wednesday,0,4,7,1.0086
2025,1,Wednesday,0,5,7,0.5792
2025,1,Wednesday,0,2,6,3.0392
2025,1,Wednesday,0,5,4,2.9872
2025,1,Wednesday,0,1,8,1.3156
2025,1,Wednesday,0,3,5,2.8548
2025,1,Wednesday,0,0,8,0.277
2025,1,Wednesday,0,5,1,2.1868
2025,1,Wednesday,0,5,0,1.7988
2025,1,Wednesday,0,6,0,2.7024
2025,1,Wednesday,0,7,3,4.2488
2025,1,Wednesday,0,6,5,0.548
2025,1,Wednesday,0,5,3,5.7688
2025,1,Wednesday,0,2,0,5.003
2025,1,Wednesday,0,4,6,9.686
2025,1,Wednesday,0,4,8,2.2994
2025,1,Wednesday,0,1,2,1.5638
2025,1,Wednesday,0,6,2,0.793
2025,1,Wednesday,0,3,6,17.1512
2025,1,Wednesday,0,0,5,0.301
2025,1,Wednesday,0,0,3,1.3664
2025,1,Wednesday,0,1,6,2.1642
2025,1,Wednesday,0,6,1,2.1668
2025,1,Wednesday,0,6,7,0.2464
2025,1,Wednesday,0,7,1,2.0976
2025,1,Wednesday,0,2,3,4.2966
2025,1,Wednesday,0,1,3,2.5432
2025,1,Wednesday,0,4,0,5.8652
2025,1,Wednesday,0,4,5,2.2932
2025,1,Wednesday,0,8,0,1.7106
2025,1,Wednesday,0,2,1,0.9994
2025,1,Wednesday,0,7,4,2.1424
2025,1,Wednesday,0,5,6,1.5844
2025,1,Wednesday,0,5,8,0.2666
2025,1,Wednesday,0,3,1,9.6426
2025,1,Wednesday,0,1,5,0.515
2025,1,Wednesday,12,7,2,14.4572
2025,1,Wednesday,12,4,5,31.5126
2025,1,Wednesday,12,0,7,2.7344
2025,1,Wednesday,12,0,6,11.6954
2025,1,Wednesday,12,2,5,15.0086
2025,1,Wednesday,12,6,7,6.813
2025,1,Wednesday,12,8,7,0.2502
2025,1,Wednesday,12,0,8,3.291
2025,1,Wednesday,12,6,0,7.1978
2025,1,Wednesday,12,2,6,34.2832
2025,1,Wednesday,12,4,0,15.7316
2025,1,Wednesday,12,7,1,10.5002
2025,1,Wednesday,12,7,4,31.9928
2025,1,Wednesday,12,1,4,59.2966
2025,1,Wednesday,12,1,8,12.2398
2025,1,Wednesday,12,6,2,38.7368
2025,1,Wednesday,12,7,6,4.6398
2025,1,Wednesday,12,6,4,77.4374
2025,1,Wednesday,12,2,4,44.8512
2025,1,Wednesday,12,6,8,23.9612
2025,1,Wednesday,12,4,8,17.8636
2025,1,Wednesday,12,8,0,4.3466
2025,1,Wednesday,12,0,2,18.5488
2025,1,Wednesday,12,5,7,9.6676
2025,1,Wednesday,12,3,6,161.6932
2025,1,Wednesday,12,1,2,57.1646
2025,1,Wednesday,12,8,3,57.9538
2025,1,Wednesday,12,2,7,12.5616
2025,1,Wednesday,12,1,7,9.919
2025,1,Wednesday,12,0,5,10.4314
2025,1,Wednesday,12,8,1,10.9434
2025,1,Wednesday,12,8,4,26.6102
2025,1,Wednesday,12,5,3,75.2862
2025,1,Wednesday,12,6,5,23.7214
2025,1,Wednesday,12,3,0,18.9824
2025,1,Wednesday,12,5,6,24.5132
2025,1,Wednesday,12,1,3,111.662
2025,1,Wednesday,12,1,5,12.6288
2025,1,Wednesday,12,1,6,30.559
2025,1,Wednesday,12,5,0,10.7384
2025,1,Wednesday,12,8,2,13.7964
2025,1,Wednesday,12,1,0,25.7186
2025,1,Wednesday,12,0,4,24.839
2025,1,Wednesday,12,3,8,63.3768
2025,1,Wednesday,12,4,2,40.4628
2025,1,Wednesday,12,8,5,16.14
2025,1,Wednesday,12,4,1,39.2846
2025,1,Wednesday,12,3,4,177.6162
2025,1,Wednesday,12,4,7,19.1884
2025,1,Wednesday,12,5,4,45.7626
2025,1,Wednesday,12,3,2,97.4238
2025,1,Wednesday,12,2,8,11.3784
2025,1,Wednesday,12,2,3,91.2848
2025,1,Wednesday,12,7,3,54.4622
2025,1,Wednesday,12,6,3,162.3542
2025,1,Wednesday,12,4,6,61.9514
2025,1,Wednesday,12,2,0,14.1696
2025,1,Wednesday,12,8,6,32.8288
2025,1,Wednesday,12,5,2,16.951
2025,1,Wednesday,12,0,3,27.7808
2025,1,Wednesday,12,3,5,79.444
2025,1,Wednesday,12,4,3,121.5888
2025,1,Wednesday,12,7,5,8.8874
2025,1,Wednesday,12,7,8,0.277
2025,1,Wednesday,12,7,0,3.1774
2025,1,Wednesday,12,5,8,15.4896
2025,1,Wednesday,12,2,1,47.7548
2025,1,Wednesday,12,3,7,40.4826
2025,1,Wednesday,12,5,1,26.58
2025,1,Wednesday,12,6,1,32.6204
2025,1,Wednesday,12,3,1,95.4728
2025,1,Wednesday,12,0,1,30.1598
2025,1,Thursday,1,3,4,3.7756
2025,1,Thursday,1,0,3,1.2366
2025,1,Thursday,1,7,6,0.2222
2025,1,Thursday,1,7,3,1.022
2025,1,Thursday,1,2,3,0.718
2025,1,Thursday,1,7,0,0.22
2025,1,Thursday,1,5,4,0.2666
2025,1,Thursday,1,3,8,0.5818
2025,1,Thursday,1,6,3,2.093
2025,1,Thursday,1,5,3,0.2666
2025,1,Thursday,1,7,5,0.22
2025,1,Thursday,1,4,7,0.4924
2025,1,Thursday,1,6,8,1.0304
2025,1,Thursday,1,2,5,0.2118
2025,1,Thursday,1,2,4,0.4308
2025,1,Thursday,1,4,2,0.447
2025,1,Thursday,1,3,0,3.4956
2025,1,Thursday,1,3,5,0.239
2025,1,Thursday,1,3,6,2.9686
2025,1,Thursday,1,1,0,0.8572
2025,1,Thursday,1,0,6,0.29
2025,1,Thursday,1,1,4,0.4764
2025,1,Thursday,1,3,2,0.5346
2025,1,Thursday,1,4,8,0.2326
2025,1,Thursday,1,3,7,0.788
2025,1,Thursday,1,8,1,0.277
2025,1,Thursday,1,5,7,0.25
2025,1,Thursday,1,0,8,0.3104
2025,1,Thursday,1,2,0,3.3304
2025,1,Thursday,1,3,1,1.4894
2025,1,Thursday,1,4,1,0.8892
2025,1,Thursday,1,4,3,4.158
2025,1,Thursday,1,0,1,0.3104
2025,1,Thursday,1,7,1,0.2444
2025,1,Thursday,1,4,6,1.1622
2025,1,Thursday,1,5,6,0.748
2025,1,Thursday,1,6,0,0.5052
2025,1,Thursday,1,2,1,0.2546
2025,1,Thursday,1,1,3,0.4764
2025,1,Thursday,1,6,5,1.0914
2025,1,Thursday,1,4,0,1.4216
2025,1,Thursday,1,1,8,0.7002
2025,1,Thursday,1,7,4,1.511
2025,1,Thursday,1,6,4,0.4154
2025,1,Thursday,1,5,0,0.54
2025,1,Thursday,1,1,6,0.6804
2025,1,Thursday,1,8,0,1.159
2025,1,Thursday,1,8,4,0.6666
2025,1,Thursday,13,6,4,68.969
2025,1,Thursday,13,3,5,82.1728
2025,1,Thursday,13,7,3,61.7522
2025,1,Thursday,13,8,6,36.5708
2025,1,Thursday,13,2,6,43.3166
2025,1,Thursday,13,2,4,47.4466
2025,1,Thursday,13,3,1,133.0768
2025,1,Thursday,13,4,0,15.6586
2025,1,Thursday,13,4,2,45.071
2025,1,Thursday,13,2,5,15.632
2025,1,Thursday,13,8,4,24.4992
2025,1,Thursday,13,8,2,15.5896
2025,1,Thursday,13,0,3,36.616
2025,1,Thursday,13,8,7,0.709
2025,1,Thursday,13,5,6,21.2162
2025,1,Thursday,13,4,8,22.98
2025,1,Thursday,13,5,2,24.1534
2025,1,Thursday,13,6,0,14.6922
2025,1,Thursday,13,8,3,73.0656
2025,1,Thursday,13,0,4,27.483
2025,1,Thursday,13,6,3,180.52440000000001
2025,1,Thursday,13,7,1,14.225
2025,1,Thursday,13,6,8,28.5124
2025,1,Thursday,13,7,2,15.0596
2025,1,Thursday,13,5,1,21.0592
2025,1,Thursday,13,2,7,10.2456
2025,1,Thursday,13,1,6,38.9644
2025,1,Thursday,13,5,8,14.9984
2025,1,Thursday,13,3,0,24.3368
2025,1,Thursday,13,0,8,7.1906
2025,1,Thursday,13,7,4,30.0002
2025,1,Thursday,13,0,7,5.2548
2025,1,Thursday,13,7,0,4.9946
2025,1,Thursday,13,0,6,14.7688
2025,1,Thursday,13,6,1,41.0272
2025,1,Thursday,13,2,8,13.5296
2025,1,Thursday,13,1,7,6.2534
2025,1,Thursday,13,5,0,9.9716
2025,1,Thursday,13,3,6,138.8502
2025,1,Thursday,13,4,6,63.0848
2025,1,Thursday,13,8,1,18.694
2025,1,Thursday,13,6,5,23.838
2025,1,Thursday,13,2,3,111.8324
2025,1,Thursday,13,5,7,7.901
2025,1,Thursday,13,3,7,48.3488
2025,1,Thursday,13,1,2,59.0476
2025,1,Thursday,13,1,8,9.1348
2025,1,Thursday,13,2,1,58.6766
2025,1,Thursday,13,1,3,123.441
2025,1,Thursday,13,7,6,8.3492
2025,1,Thursday,13,5,4,47.4586
2025,1,Thursday,13,8,5,21.4048
2025,1,Thursday,13,1,0,39.234
2025,1,Thursday,13,0,1,45.4094
2025,1,Thursday,13,5,3,83.6254
2025,1,Thursday,13,7,5,13.0666
2025,1,Thursday,13,8,0,4.7698
2025,1,Thursday,13,4,3,143.8042
2025,1,Thursday,13,7,8,0.6746
2025,1,Thursday,13,0,2,20.266
2025,1,Thursday,13,3,4,181.9498
2025,1,Thursday,13,6,2,43.582
2025,1,Thursday,13,6,7,4.6978
2025,1,Thursday,13,1,4,53.9984
2025,1,Thursday,13,4,5,39.4488
2025,1,Thursday,13,0,5,6.3584
2025,1,Thursday,13,1,5,15.2508
2025,1,Thursday,13,4,7,22.461
2025,1,Thursday,13,2,0,16.5304
2025,1,Thursday,13,3,8,51.8076
2025,1,Thursday,13,3,2,127.224
2025,1,Thursday,13,4,1,71.7254
2025,1,Thursday,2,5,8,0.3
2025,1,Thursday,2,6,2,0.2182
2025,1,Thursday,2,2,1,0.36
2025,1,Thursday,2,3,5,0.5926
2025,1,Thursday,2,1,4,0.2666
2025,1,Thursday,2,2,6,0.4728
2025,1,Thursday,2,3,4,2.8052
2025,1,Thursday,2,2,0,1.1676
2025,1,Thursday,2,2,3,0.4
2025,1,Thursday,2,4,2,0.275
2025,1,Thursday,2,8,7,0.2
2025,1,Thursday,2,6,3,1.4668
2025,1,Thursday,2,6,8,0.5778
2025,1,Thursday,2,1,8,0.5166
2025,1,Thursday,2,7,5,1.05
2025,1,Thursday,2,4,8,0.226
2025,1,Thursday,2,0,5,0.3126
2025,1,Thursday,2,0,4,0.8922
2025,1,Thursday,2,0,8,0.2916
2025,1,Thursday,2,4,3,0.2572
2025,1,Thursday,2,6,0,0.2376
2025,1,Thursday,2,3,2,0.652
2025,1,Thursday,2,2,4,0.2
2025,1,Thursday,2,4,6,0.7792
2025,1,Thursday,2,4,7,0.2
2025,1,Thursday,2,2,8,0.3
2025,1,Thursday,2,2,5,0.3
2025,1,Thursday,2,6,7,0.2666
2025,1,Thursday,2,5,3,0.5866
2025,1,Thursday,2,3,6,2.1492
2025,1,Thursday,2,0,3,2.6326
2025,1,Thursday,2,6,1,0.35
2025,1,Thursday,2,3,8,0.2538
2025,1,Thursday,14,2,0,24.9932
2025,1,Thursday,14,3,4,192.1744
2025,1,Thursday,14,7,3,84.1614
2025,1,Thursday,14,8,5,24.664
2025,1,Thursday,14,7,6,4.5156
2025,1,Thursday,14,5,7,10.4184
2025,1,Thursday,14,4,3,197.9038
2025,1,Thursday,14,2,3,138.3502
2025,1,Thursday,14,4,2,56.9984
2025,1,Thursday,14,7,8,0.5684
2025,1,Thursday,14,8,4,26.4978
2025,1,Thursday,14,3,1,131.3842
2025,1,Thursday,14,7,0,1.8908
2025,1,Thursday,14,5,1,37.5466
2025,1,Thursday,14,6,7,5.3558
2025,1,Thursday,14,2,8,18.1176
2025,1,Thursday,14,1,2,63.5928
2025,1,Thursday,14,4,0,33.9572
2025,1,Thursday,14,3,8,66.1804
2025,1,Thursday,14,5,6,21.6256
2025,1,Thursday,14,1,8,17.2368
2025,1,Thursday,14,5,4,46.8558
2025,1,Thursday,14,1,6,36.319
2025,1,Thursday,14,1,0,49.2026
2025,1,Thursday,14,6,0,16.528
2025,1,Thursday,14,2,7,16.0306
2025,1,Thursday,14,7,1,13.9732
2025,1,Thursday,14,0,3,51.7894
2025,1,Thursday,14,4,8,21.7196
2025,1,Thursday,14,7,2,17.3918
2025,1,Thursday,14,8,6,26.1386
2025,1,Thursday,14,3,0,30.9138
2025,1,Thursday,14,0,1,47.4928
2025,1,Thursday,14,2,5,20.4084
2025,1,Thursday,14,5,8,15.5408
2025,1,Thursday,14,5,2,26.3086
2025,1,Thursday,14,0,5,9.6428
2025,1,Thursday,14,6,2,42.9968
2025,1,Thursday,14,3,7,46.8052
2025,1,Thursday,14,7,5,7.1614
2025,1,Thursday,14,8,0,8.2044
2025,1,Thursday,14,4,5,34.4532
2025,1,Thursday,14,3,2,98.5556
2025,1,Thursday,14,3,6,170.8148
2025,1,Thursday,14,8,3,111.0182
2025,1,Thursday,14,7,4,34.8658
2025,1,Thursday,14,4,7,30.65
2025,1,Thursday,14,6,1,57.436
2025,1,Thursday,14,2,4,55.93
2025,1,Thursday,14,4,6,80.615
2025,1,Thursday,14,6,4,70.64
2025,1,Thursday,14,8,2,19.1092
2025,1,Thursday,14,8,1,29.7286
2025,1,Thursday,14,1,5,15.1892
2025,1,Thursday,14,0,7,8.2824
2025,1,Thursday,14,5,0,12.1532
2025,1,Thursday,14,8,7,0.7394
2025,1,Thursday,14,2,1,68.5716
2025,1,Thursday,14,1,4,68.5126
2025,1,Thursday,14,6,5,20.39
2025,1,Thursday,14,6,3,262.8044
2025,1,Thursday,14,2,6,51.9918
2025,1,Thursday,14,5,3,126.599
2025,1,Thursday,14,1,3,144.3352
2025,1,Thursday,14,0,6,19.8228
2025,1,Thursday,14,0,8,6.2846
2025,1,Thursday,14,1,7,12.5176
2025,1,Thursday,14,4,1,76.6812
2025,1,Thursday,14,6,8,23.7548
2025,1,Thursday,14,0,4,29.207
2025,1,Thursday,14,0,2,21.6926
2025,1,Thursday,14,3,5,65.0186
2025,1,Thursday,3,2,3,0.6666
2025,1,Thursday,3,0,1,0.9778
2025,1,Thursday,3,6,0,0.28
2025,1,Thursday,3,0,2,0.3466
2025,1,Thursday,3,6,1,0.3286
2025,1,Thursday,3,2,6,0.4
2025,1,Thursday,3,1,0,0.2462
2025,1,Thursday,3,7,3,0.4
2025,1,Thursday,3,2,7,0.5332
2025,1,Thursday,3,0,3,1.8956
2025,1,Thursday,3,0,4,0.326
2025,1,Thursday,3,3,2,0.468
2025,1,Thursday,3,3,5,0.448
2025,1,Thursday,3,5,3,1.7132
2025,1,Thursday,3,3,6,1.0222
2025,1,Thursday,3,1,4,0.76
2025,1,Thursday,3,7,4,0.6666
2025,1,Thursday,3,1,6,0.48
2025,1,Thursday,3,5,0,0.65
2025,1,Thursday,3,2,8,0.2
2025,1,Thursday,3,7,0,0.2
2025,1,Thursday,3,3,8,0.3272
2025,1,Thursday,3,7,6,0.2
2025,1,Thursday,3,6,5,0.28
2025,1,Thursday,3,4,3,0.4
2025,1,Thursday,3,6,3,1.794
2025,1,Thursday,3,0,6,0.92
2025,1,Thursday,3,4,2,0.4
2025,1,Thursday,3,2,4,0.4
2025,1,Thursday,3,3,4,1.1698
2025,1,Thursday,3,2,0,0.2182
2025,1,Thursday,3,1,8,0.7262
2025,1,Thursday,3,0,8,0.326
2025,1,Thursday,3,6,8,0.4
2025,1,Thursday,15,1,3,206.6752
2025,1,Thursday,15,0,8,8.0998
2025,1,Thursday,15,0,1,59.944
2025,1,Thursday,15,1,4,88.0406
2025,1,Thursday,15,5,4,63.6578
2025,1,Thursday,15,8,7,1.4314
2025,1,Thursday,15,0,6,24.069
2025,1,Thursday,15,8,3,186.673
2025,1,Thursday,15,1,0,108.4326
2025,1,Thursday,15,4,8,30.5046
2025,1,Thursday,15,4,5,46.7764
2025,1,Thursday,15,3,4,177.3752
2025,1,Thursday,15,7,2,18.7302
2025,1,Thursday,15,0,4,32.752
2025,1,Thursday,15,3,2,89.2082
2025,1,Thursday,15,0,2,31.9058
2025,1,Thursday,15,0,3,54.0292
2025,1,Thursday,15,4,6,88.387
2025,1,Thursday,15,7,5,8.8286
2025,1,Thursday,15,5,3,219.9376
2025,1,Thursday,15,7,6,5.7276
2025,1,Thursday,15,3,1,148.2332
2025,1,Thursday,15,0,5,6.6982
2025,1,Thursday,15,6,4,83.5272
2025,1,Thursday,15,2,0,35.8952
2025,1,Thursday,15,8,0,10.2766
2025,1,Thursday,15,2,5,21.6468
2025,1,Thursday,15,8,5,24.7346
2025,1,Thursday,15,0,7,6.1666
2025,1,Thursday,15,8,1,34.711
2025,1,Thursday,15,2,4,68.8938
2025,1,Thursday,15,6,7,5.7444
2025,1,Thursday,15,6,2,38.3708
2025,1,Thursday,15,2,1,81.6628
2025,1,Thursday,15,4,3,303.6682
2025,1,Thursday,15,6,1,56.0988
2025,1,Thursday,15,5,8,12.8796
2025,1,Thursday,15,3,5,71.2292
2025,1,Thursday,15,3,0,42.1802
2025,1,Thursday,15,4,0,44.994
2025,1,Thursday,15,7,8,0.9658
2025,1,Thursday,15,3,8,54.77
2025,1,Thursday,15,5,0,16.342
2025,1,Thursday,15,6,8,14.3016
2025,1,Thursday,15,6,0,20.8676
2025,1,Thursday,15,2,3,191.3672
2025,1,Thursday,15,1,8,44.9938
2025,1,Thursday,15,1,7,15.0802
2025,1,Thursday,15,2,6,66.371
2025,1,Thursday,15,3,6,199.6624
2025,1,Thursday,15,4,1,86.9038
2025,1,Thursday,15,5,7,8.7614
2025,1,Thursday,15,7,4,42.098
2025,1,Thursday,15,5,6,33.217
2025,1,Thursday,15,7,3,122.8856
2025,1,Thursday,15,2,8,36.0974
2025,1,Thursday,15,7,0,5.0564
2025,1,Thursday,15,6,3,341.1516
2025,1,Thursday,15,7,1,24.1716
2025,1,Thursday,15,6,5,28.0044
2025,1,Thursday,15,3,7,50.9366
2025,1,Thursday,15,8,6,37.3324
2025,1,Thursday,15,8,2,19.8748
2025,1,Thursday,15,5,2,29.0506
2025,1,Thursday,15,2,7,15.3356
2025,1,Thursday,15,1,6,61.0768
2025,1,Thursday,15,4,2,58.4774
2025,1,Thursday,15,4,7,36.8058
2025,1,Thursday,15,5,1,47.3554
2025,1,Thursday,15,1,5,29.7472
2025,1,Thursday,15,8,4,36.9612
2025,1,Thursday,15,1,2,71.2684
2025,1,Thursday,4,2,0,1.314
2025,1,Thursday,4,0,4,0.99
2025,1,Thursday,4,1,6,1.8772
2025,1,Thursday,4,6,5,0.715
2025,1,Thursday,4,0,8,3.0894
2025,1,Thursday,4,6,8,0.2782
2025,1,Thursday,4,4,8,0.2
2025,1,Thursday,4,0,6,1.2658
2025,1,Thursday,4,1,0,0.2334
2025,1,Thursday,4,8,1,1.8792
2025,1,Thursday,4,4,0,0.7436
2025,1,Thursday,4,1,8,0.6072
2025,1,Thursday,4,7,4,0.24
2025,1,Thursday,4,1,5,0.32
2025,1,Thursday,4,4,3,0.7982
2025,1,Thursday,4,0,2,0.5062
2025,1,Thursday,4,5,6,0.6586
2025,1,Thursday,4,3,5,0.2454
2025,1,Thursday,4,8,4,1.0388
2025,1,Thursday,4,3,4,0.5658
2025,1,Thursday,4,8,3,4.3278
2025,1,Thursday,4,3,2,0.2444
2025,1,Thursday,4,2,1,1.0698
2025,1,Thursday,4,2,5,0.225
2025,1,Thursday,4,2,3,2.5462
2025,1,Thursday,4,6,2,3.7588
2025,1,Thursday,4,2,4,2.7466
2025,1,Thursday,4,5,4,0.4834
2025,1,Thursday,4,8,2,1.5428
2025,1,Thursday,4,6,0,0.26
2025,1,Thursday,4,6,1,1.4068
2025,1,Thursday,4,8,0,0.25
2025,1,Thursday,4,3,0,1.3344
2025,1,Thursday,4,0,5,3.31
2025,1,Thursday,4,3,6,0.9444
2025,1,Thursday,4,6,3,8.7574
2025,1,Thursday,4,0,1,1.2892
2025,1,Thursday,4,5,0,0.2126
2025,1,Thursday,4,4,5,0.5666
2025,1,Thursday,4,3,7,1.5594
2025,1,Thursday,4,6,4,1.0172
2025,1,Thursday,4,0,3,2.276
2025,1,Thursday,4,1,3,1.23
2025,1,Thursday,4,2,8,1
2025,1,Thursday,4,5,3,1.4126
2025,1,Thursday,4,8,6,0.5286
2025,1,Thursday,4,2,6,0.2
2025,1,Thursday,4,7,1,0.5466
2025,1,Thursday,4,3,1,0.3058
2025,1,Thursday,16,8,2,32.3456
2025,1,Thursday,16,5,2,27.6356
2025,1,Thursday,16,1,4,86.7492
2025,1,Thursday,16,0,4,35.2092
2025,1,Thursday,16,7,5,7.4656
2025,1,Thursday,16,4,8,40.8162
2025,1,Thursday,16,5,4,71.324
2025,1,Thursday,16,1,0,110.5392
2025,1,Thursday,16,3,5,94.112
2025,1,Thursday,16,1,7,17.4082
2025,1,Thursday,16,7,2,21.629
2025,1,Thursday,16,0,1,60.562
2025,1,Thursday,16,2,0,52.5108
2025,1,Thursday,16,0,3,52.2972
2025,1,Thursday,16,0,7,4.8846
2025,1,Thursday,16,2,3,252.233
2025,1,Thursday,16,8,0,13.6222
2025,1,Thursday,16,4,5,38.4052
2025,1,Thursday,16,5,8,27.2944
2025,1,Thursday,16,3,6,350.16
2025,1,Thursday,16,6,8,9.9038
2025,1,Thursday,16,5,6,29.633
2025,1,Thursday,16,8,3,309.1016
2025,1,Thursday,16,2,5,26.9076
2025,1,Thursday,16,8,6,57.387
2025,1,Thursday,16,2,4,79.1746
2025,1,Thursday,16,0,2,27.6668
2025,1,Thursday,16,5,7,6.0698
2025,1,Thursday,16,4,7,30.778
2025,1,Thursday,16,2,8,33.7382
2025,1,Thursday,16,5,3,350.1814
2025,1,Thursday,16,7,8,0.8854
2025,1,Thursday,16,4,3,413.0548
2025,1,Thursday,16,1,2,67.7266
2025,1,Thursday,16,6,2,74.8258
2025,1,Thursday,16,7,6,6.97
2025,1,Thursday,16,7,4,52.7102
2025,1,Thursday,16,7,0,12.3944
2025,1,Thursday,16,3,8,98.8082
2025,1,Thursday,16,3,2,103.3502
2025,1,Thursday,16,6,4,122.223
2025,1,Thursday,16,6,3,697.8984
2025,1,Thursday,16,0,6,32.7484
2025,1,Thursday,16,1,5,25.3228
2025,1,Thursday,16,3,4,258.2008
2025,1,Thursday,16,7,1,35.536
2025,1,Thursday,16,7,3,227.007
2025,1,Thursday,16,3,7,78.6816
2025,1,Thursday,16,2,7,22.739
2025,1,Thursday,16,2,6,84.784
2025,1,Thursday,16,3,1,219.476
2025,1,Thursday,16,6,0,28.9416
2025,1,Thursday,16,0,8,9.4448
2025,1,Thursday,16,3,0,47.6694
2025,1,Thursday,16,1,6,106.3162
2025,1,Thursday,16,8,5,20.6932
2025,1,Thursday,16,4,1,72.7832
2025,1,Thursday,16,5,0,18.7384
2025,1,Thursday,16,8,4,45.2648
2025,1,Thursday,16,8,7,0.2306
2025,1,Thursday,16,4,2,56.4238
2025,1,Thursday,16,6,1,87.1682
2025,1,Thursday,16,8,1,32.072
2025,1,Thursday,16,0,5,8.9658
2025,1,Thursday,16,2,1,83.1498
2025,1,Thursday,16,6,7,8.0284
2025,1,Thursday,16,5,1,36.6398
2025,1,Thursday,16,4,6,92.102
2025,1,Thursday,16,4,0,41.4812
2025,1,Thursday,16,6,5,22.711
2025,1,Thursday,16,1,3,248.2082
2025,1,Thursday,16,1,8,38.1728
2025,1,Thursday,5,8,1,7.4294
2025,1,Thursday,5,0,1,9.2314
2025,1,Thursday,5,0,8,2.5668
2025,1,Thursday,5,8,6,1.9106
2025,1,Thursday,5,3,0,1.63
2025,1,Thursday,5,5,0,0.2728
2025,1,Thursday,5,6,3,40.6256
2025,1,Thursday,5,2,0,6.3432
2025,1,Thursday,5,2,5,3.2718
2025,1,Thursday,5,3,8,29.709
2025,1,Thursday,5,7,5,0.2286
2025,1,Thursday,5,5,6,0.7456
2025,1,Thursday,5,3,4,21.6822
2025,1,Thursday,5,7,2,2.7172
2025,1,Thursday,5,3,1,6.8568
2025,1,Thursday,5,4,7,0.9964
2025,1,Thursday,5,1,2,3.4026
2025,1,Thursday,5,2,7,0.4182
2025,1,Thursday,5,6,2,8.4126
2025,1,Thursday,5,4,5,4.1704
2025,1,Thursday,5,3,2,13.3878
2025,1,Thursday,5,4,1,2.1822
2025,1,Thursday,5,8,2,9.5564
2025,1,Thursday,5,1,5,2.5034
2025,1,Thursday,5,5,3,7.5388
2025,1,Thursday,5,6,4,2.588
2025,1,Thursday,5,0,7,2.3072
2025,1,Thursday,5,1,8,4.9882
2025,1,Thursday,5,8,5,2.716
2025,1,Thursday,5,7,0,0.2356
2025,1,Thursday,5,0,5,4.6126
2025,1,Thursday,5,2,4,2.0918
2025,1,Thursday,5,0,3,17.9148
2025,1,Thursday,5,1,0,6.1634
2025,1,Thursday,5,2,8,5.4326
2025,1,Thursday,5,6,0,4.6394
2025,1,Thursday,5,7,4,2.7114
2025,1,Thursday,5,0,6,5.1074
2025,1,Thursday,5,0,4,8.21
2025,1,Thursday,5,4,0,4.217
2025,1,Thursday,5,4,3,14.6812
2025,1,Thursday,5,3,5,43.478
2025,1,Thursday,5,8,3,19.1176
2025,1,Thursday,5,6,8,0.4994
2025,1,Thursday,5,1,3,10.6974
2025,1,Thursday,5,5,1,0.4166
2025,1,Thursday,5,6,1,7.1954
2025,1,Thursday,5,1,6,9.3138
2025,1,Thursday,5,2,3,7.545
2025,1,Thursday,5,7,6,0.2324
2025,1,Thursday,5,5,2,0.509
2025,1,Thursday,5,1,4,4.0934
2025,1,Thursday,5,2,6,1.5198
2025,1,Thursday,5,2,1,0.8766
2025,1,Thursday,5,6,5,0.9694
2025,1,Thursday,5,1,7,2.4942
2025,1,Thursday,5,3,6,54.3298
2025,1,Thursday,5,8,0,1.6432
2025,1,Thursday,5,7,1,1.1254
2025,1,Thursday,5,7,3,8.387
2025,1,Thursday,5,4,6,5.64
2025,1,Thursday,5,0,2,15.9058
2025,1,Thursday,5,4,8,1.5606
2025,1,Thursday,5,4,2,2.4816
2025,1,Thursday,5,5,4,0.4666
2025,1,Thursday,5,8,4,5.677
2025,1,Thursday,5,3,7,18.368
2025,1,Thursday,17,0,4,34.3562
2025,1,Thursday,17,2,5,43.3694
2025,1,Thursday,17,4,1,100.0474
2025,1,Thursday,17,1,8,36.2458
2025,1,Thursday,17,5,8,17.6142
2025,1,Thursday,17,0,5,8.109
2025,1,Thursday,17,0,7,3.2006
2025,1,Thursday,17,2,3,332.3198
2025,1,Thursday,17,0,6,30.9874
2025,1,Thursday,17,0,1,75.4974
2025,1,Thursday,17,3,2,174.003
2025,1,Thursday,17,3,6,705.8524
2025,1,Thursday,17,7,3,327.7156
2025,1,Thursday,17,4,8,35.7036
2025,1,Thursday,17,1,0,105.2498
2025,1,Thursday,17,4,6,107.4044
2025,1,Thursday,17,6,4,252.9096
2025,1,Thursday,17,2,7,48.64
2025,1,Thursday,17,6,0,46.581
2025,1,Thursday,17,0,2,28.4742
2025,1,Thursday,17,2,4,139.7624
2025,1,Thursday,17,4,5,40.1184
2025,1,Thursday,17,7,4,90.314
2025,1,Thursday,17,0,3,53.5808
2025,1,Thursday,17,6,8,12.2664
2025,1,Thursday,17,1,7,19.2476
2025,1,Thursday,17,5,7,7.3756
2025,1,Thursday,17,2,8,40.7222
2025,1,Thursday,17,2,1,162.0644
2025,1,Thursday,17,3,4,539.0102
2025,1,Thursday,17,1,3,224.35
2025,1,Thursday,17,7,0,16.4174
2025,1,Thursday,17,4,2,69.6226
2025,1,Thursday,17,2,0,64.2748
2025,1,Thursday,17,0,8,5.3766
2025,1,Thursday,17,5,3,432.9982
2025,1,Thursday,17,1,6,96.696
2025,1,Thursday,17,7,5,7.934
2025,1,Thursday,17,1,2,64.2944
2025,1,Thursday,17,7,2,38.491
2025,1,Thursday,17,6,5,25.575
2025,1,Thursday,17,4,7,48.3036
2025,1,Thursday,17,7,1,64.9518
2025,1,Thursday,17,6,1,211.9444
2025,1,Thursday,17,3,8,146.9442
2025,1,Thursday,17,3,0,90.3088
2025,1,Thursday,17,1,5,23.921
2025,1,Thursday,17,1,4,109.5518
2025,1,Thursday,17,3,7,148.8614
2025,1,Thursday,17,5,4,86.2824
2025,1,Thursday,17,2,6,219.4228
2025,1,Thursday,17,8,6,45.884
2025,1,Thursday,17,5,2,38.8262
2025,1,Thursday,17,6,7,10.669
2025,1,Thursday,17,5,1,62.892
2025,1,Thursday,17,8,4,78.3094
2025,1,Thursday,17,6,3,1125.769
2025,1,Thursday,17,3,5,157.526
2025,1,Thursday,17,8,0,20.182
2025,1,Thursday,17,8,5,16.5834
2025,1,Thursday,17,4,3,508.62
2025,1,Thursday,17,4,0,43.1958
2025,1,Thursday,17,5,0,22.1794
2025,1,Thursday,17,7,6,14.3692
2025,1,Thursday,17,5,6,28.6114
2025,1,Thursday,17,3,1,440.0606
2025,1,Thursday,17,7,8,2.0762
2025,1,Thursday,17,6,2,117.9784
2025,1,Thursday,17,8,3,392.3536
2025,1,Thursday,17,8,1,51.8874
2025,1,Thursday,17,8,2,37.2438
2025,1,Thursday,6,2,0,12.2416
2025,1,Thursday,6,4,3,53.1268
2025,1,Thursday,6,6,5,4.0958
2025,1,Thursday,6,7,5,0.468
2025,1,Thursday,6,0,5,8.5192
2025,1,Thursday,6,6,8,7.0484
2025,1,Thursday,6,5,8,0.4562
2025,1,Thursday,6,7,2,10.305
2025,1,Thursday,6,0,7,4.928
2025,1,Thursday,6,6,7,0.5248
2025,1,Thursday,6,3,4,115.9722
2025,1,Thursday,6,4,0,6.4574
2025,1,Thursday,6,1,6,35.104
2025,1,Thursday,6,4,1,10
2025,1,Thursday,6,6,4,16.0636
2025,1,Thursday,6,4,7,4.8848
2025,1,Thursday,6,5,2,7.0796
2025,1,Thursday,6,2,1,6.7068
2025,1,Thursday,6,5,7,0.4372
2025,1,Thursday,6,3,6,228.849
2025,1,Thursday,6,0,8,6.9696
2025,1,Thursday,6,2,8,7.4904
2025,1,Thursday,6,2,3,18.515
2025,1,Thursday,6,7,1,6.0176
2025,1,Thursday,6,1,5,10.7746
2025,1,Thursday,6,5,0,1.8862
2025,1,Thursday,6,8,1,15.1462
2025,1,Thursday,6,6,1,38.8192
2025,1,Thursday,6,8,4,19.8672
2025,1,Thursday,6,5,4,2.999
2025,1,Thursday,6,5,6,1.1922
2025,1,Thursday,6,5,3,36.1516
2025,1,Thursday,6,7,0,0.238
2025,1,Thursday,6,4,5,8.5034
2025,1,Thursday,6,0,4,14.207
2025,1,Thursday,6,4,2,9.406
2025,1,Thursday,6,8,6,2.7286
2025,1,Thursday,6,6,0,12.806
2025,1,Thursday,6,3,2,76.1512
2025,1,Thursday,6,8,5,4.0614
2025,1,Thursday,6,3,0,19.1696
2025,1,Thursday,6,3,1,47.6854
2025,1,Thursday,6,2,6,11.1088
2025,1,Thursday,6,2,5,7.0156
2025,1,Thursday,6,5,1,7.0278
2025,1,Thursday,6,2,4,2.7128
2025,1,Thursday,6,1,2,15.4072
2025,1,Thursday,6,3,8,100.4778
2025,1,Thursday,6,4,6,20.7228
2025,1,Thursday,6,0,1,52.6426
2025,1,Thursday,6,4,8,4.9612
2025,1,Thursday,6,1,0,23.5164
2025,1,Thursday,6,2,7,3.9964
2025,1,Thursday,6,6,3,130.9874
2025,1,Thursday,6,7,6,0.2288
2025,1,Thursday,6,0,6,17.039
2025,1,Thursday,6,1,4,14.6706
2025,1,Thursday,6,6,2,39.4232
2025,1,Thursday,6,1,3,49.7778
2025,1,Thursday,6,3,5,150.7898
2025,1,Thursday,6,1,8,8.663
2025,1,Thursday,6,7,3,39.6034
2025,1,Thursday,6,0,3,25.1122
2025,1,Thursday,6,8,3,47.2978
2025,1,Thursday,6,1,7,5.4844
2025,1,Thursday,6,8,2,19.219
2025,1,Thursday,6,7,4,8.305
2025,1,Thursday,6,3,7,62.937
2025,1,Thursday,6,8,0,7.6838
2025,1,Thursday,6,0,2,25.8134
2025,1,Thursday,18,3,6,496.2936
2025,1,Thursday,18,4,6,98.953
2025,1,Thursday,18,4,0,33.3538
2025,1,Thursday,18,2,0,51.4434
2025,1,Thursday,18,7,2,27.681
2025,1,Thursday,18,4,8,22.8878
2025,1,Thursday,18,2,1,111.8768
2025,1,Thursday,18,8,5,6.3054
2025,1,Thursday,18,6,3,565.2144
2025,1,Thursday,18,0,6,13.7194
2025,1,Thursday,18,0,2,17.6978
2025,1,Thursday,18,6,0,21.8592
2025,1,Thursday,18,2,7,36.8524
2025,1,Thursday,18,2,4,94.2698
2025,1,Thursday,18,0,4,23.6296
2025,1,Thursday,18,7,3,144.5742
2025,1,Thursday,18,8,6,25.9952
2025,1,Thursday,18,3,2,147.338
2025,1,Thursday,18,3,8,86.4834
2025,1,Thursday,18,1,7,13.1522
2025,1,Thursday,18,1,6,68.5436
2025,1,Thursday,18,6,1,153.9288
2025,1,Thursday,18,1,4,75.5906
2025,1,Thursday,18,7,0,8.2662
2025,1,Thursday,18,5,4,56.7612
2025,1,Thursday,18,0,5,3.4936
2025,1,Thursday,18,7,4,66.61
2025,1,Thursday,18,5,8,8.7638
2025,1,Thursday,18,3,4,467.0282
2025,1,Thursday,18,3,5,142.841
2025,1,Thursday,18,8,1,33.5464
2025,1,Thursday,18,3,1,384.6462
2025,1,Thursday,18,5,2,24.7846
2025,1,Thursday,18,6,5,14.6394
2025,1,Thursday,18,8,3,135.4732
2025,1,Thursday,18,5,7,4.3892
2025,1,Thursday,18,8,2,19.9612
2025,1,Thursday,18,2,5,31.2918
2025,1,Thursday,18,7,6,12.2046
2025,1,Thursday,18,0,8,5.343
2025,1,Thursday,18,1,5,22.0672
2025,1,Thursday,18,4,1,103.5714
2025,1,Thursday,18,2,6,133.2942
2025,1,Thursday,18,1,0,65.2612
2025,1,Thursday,18,0,7,0.8178
2025,1,Thursday,18,1,8,14.7936
2025,1,Thursday,18,5,1,48.1722
2025,1,Thursday,18,4,2,54.3188
2025,1,Thursday,18,7,5,4.6584
2025,1,Thursday,18,8,4,43.3622
2025,1,Thursday,18,8,0,7.0394
2025,1,Thursday,18,6,7,14.7302
2025,1,Thursday,18,5,0,14.7882
2025,1,Thursday,18,6,8,12.938
2025,1,Thursday,18,7,1,43.4102
2025,1,Thursday,18,2,3,164.2736
2025,1,Thursday,18,4,3,279.9598
2025,1,Thursday,18,3,0,58.7054
2025,1,Thursday,18,5,6,19.6106
2025,1,Thursday,18,6,2,98.3114
2025,1,Thursday,18,1,2,49.3188
2025,1,Thursday,18,3,7,141.7002
2025,1,Thursday,18,0,1,70.065
2025,1,Thursday,18,5,3,187.9222
2025,1,Thursday,18,2,8,26.0396
2025,1,Thursday,18,1,3,122.452
2025,1,Thursday,18,4,7,41.0008
2025,1,Thursday,18,6,4,191.9762
2025,1,Thursday,18,0,3,25.2638
2025,1,Thursday,18,4,5,42.0078
2025,1,Thursday,7,3,5,339.2354
2025,1,Thursday,7,8,4,31.2178
2025,1,Thursday,7,5,7,1.8566
2025,1,Thursday,7,6,5,17.6402
2025,1,Thursday,7,5,8,4.596
2025,1,Thursday,7,7,5,3.3618
2025,1,Thursday,7,1,6,135.7986
2025,1,Thursday,7,7,2,40.4374
2025,1,Thursday,7,7,3,138.9168
2025,1,Thursday,7,6,4,47.1254
2025,1,Thursday,7,1,0,70.2588
2025,1,Thursday,7,6,1,91.8574
2025,1,Thursday,7,4,8,22.339
2025,1,Thursday,7,8,3,110.8784
2025,1,Thursday,7,6,2,111.1516
2025,1,Thursday,7,5,0,4.4316
2025,1,Thursday,7,0,8,18.4822
2025,1,Thursday,7,1,3,260.1226
2025,1,Thursday,7,5,6,4.411
2025,1,Thursday,7,8,2,34.346
2025,1,Thursday,7,5,3,127.711
2025,1,Thursday,7,4,7,18.8096
2025,1,Thursday,7,8,5,13.492
2025,1,Thursday,7,8,6,5.9734
2025,1,Thursday,7,2,6,56.3328
2025,1,Thursday,7,2,5,22.4044
2025,1,Thursday,7,3,7,224.2708
2025,1,Thursday,7,0,1,181.2068
2025,1,Thursday,7,4,1,66.8028
2025,1,Thursday,7,4,2,39.054
2025,1,Thursday,7,2,3,66.65
2025,1,Thursday,7,2,4,22.0792
2025,1,Thursday,7,2,8,20.7782
2025,1,Thursday,7,0,7,14.8722
2025,1,Thursday,7,3,0,56.9534
2025,1,Thursday,7,0,2,70.5894
2025,1,Thursday,7,2,0,19.7432
2025,1,Thursday,7,4,6,61.0212
2025,1,Thursday,7,4,5,36.2496
2025,1,Thursday,7,0,3,67.151
2025,1,Thursday,7,3,1,182.8146
2025,1,Thursday,7,1,8,52.3458
2025,1,Thursday,7,1,4,47.1544
2025,1,Thursday,7,6,0,30.9514
2025,1,Thursday,7,7,0,4.7818
2025,1,Thursday,7,4,3,222.7876
2025,1,Thursday,7,6,7,3.4842
2025,1,Thursday,7,6,3,414.3368
2025,1,Thursday,7,0,5,22.2148
2025,1,Thursday,7,8,0,9.0556
2025,1,Thursday,7,3,2,214.2644
2025,1,Thursday,7,1,5,59.8678
2025,1,Thursday,7,1,7,37.9702
2025,1,Thursday,7,3,8,345.4772
2025,1,Thursday,7,5,2,28.1126
2025,1,Thursday,7,2,1,22.83
2025,1,Thursday,7,2,7,13.3256
2025,1,Thursday,7,0,6,42.6496
2025,1,Thursday,7,8,1,55.9364
2025,1,Thursday,7,7,4,32.1928
2025,1,Thursday,7,7,6,1.2
2025,1,Thursday,7,3,4,313.1988
2025,1,Thursday,7,7,1,16.979
2025,1,Thursday,7,3,6,705.8526
2025,1,Thursday,7,4,0,13.1278
2025,1,Thursday,7,0,4,43.8068
2025,1,Thursday,7,7,8,0.2
2025,1,Thursday,7,5,4,35.8848
2025,1,Thursday,7,6,8,38.3948
2025,1,Thursday,7,1,2,62.2516
2025,1,Thursday,7,5,1,42.1194
2025,1,Thursday,19,7,4,41.8022
2025,1,Thursday,19,6,1,66.2242
2025,1,Thursday,19,8,2,6.2926
2025,1,Thursday,19,1,2,28.0924
2025,1,Thursday,19,7,2,13.2692
2025,1,Thursday,19,6,0,12.8204
2025,1,Thursday,19,4,7,30.5358
2025,1,Thursday,19,0,1,31.4176
2025,1,Thursday,19,4,0,26.9258
2025,1,Thursday,19,2,6,54.2396
2025,1,Thursday,19,2,3,94.1388
2025,1,Thursday,19,7,5,1.615
2025,1,Thursday,19,1,5,7.084
2025,1,Thursday,19,8,1,12.8808
2025,1,Thursday,19,6,3,227.4646
2025,1,Thursday,19,1,8,16.2002
2025,1,Thursday,19,2,7,18.7784
2025,1,Thursday,19,1,4,44.972
2025,1,Thursday,19,7,1,16.7588
2025,1,Thursday,19,3,4,227.5086
2025,1,Thursday,19,5,3,82.3674
2025,1,Thursday,19,2,4,47.2732
2025,1,Thursday,19,4,5,29.0564
2025,1,Thursday,19,7,0,4.411
2025,1,Thursday,19,5,8,1.3608
2025,1,Thursday,19,3,6,235.7758
2025,1,Thursday,19,6,8,8.9336
2025,1,Thursday,19,0,6,8.1662
2025,1,Thursday,19,1,7,6.334
2025,1,Thursday,19,6,4,88.1688
2025,1,Thursday,19,2,0,30.073
2025,1,Thursday,19,0,5,1.9724
2025,1,Thursday,19,3,2,69.2568
2025,1,Thursday,19,4,8,12.923400000000001
2025,1,Thursday,19,7,3,59.5444
2025,1,Thursday,19,6,2,32.8278
2025,1,Thursday,19,0,7,1.1412
2025,1,Thursday,19,1,0,46.759
2025,1,Thursday,19,7,6,6.4808
2025,1,Thursday,19,4,6,64.384
2025,1,Thursday,19,2,5,14.3502
2025,1,Thursday,19,8,5,2.3414
2025,1,Thursday,19,2,8,13.2338
2025,1,Thursday,19,5,7,1.395
2025,1,Thursday,19,3,5,67.8042
2025,1,Thursday,19,3,7,75.2048
2025,1,Thursday,19,6,5,15.908
2025,1,Thursday,19,1,3,75.1348
2025,1,Thursday,19,0,8,7.036
2025,1,Thursday,19,3,1,180.2262
2025,1,Thursday,19,8,6,10.2502
2025,1,Thursday,19,8,3,48.4438
2025,1,Thursday,19,8,0,2.3736
2025,1,Thursday,19,6,7,6.9988
2025,1,Thursday,19,5,4,34.6068
2025,1,Thursday,19,4,1,71.7358
2025,1,Thursday,19,0,3,12.9616
2025,1,Thursday,19,5,0,6.3566
2025,1,Thursday,19,4,2,32.2728
2025,1,Thursday,19,2,1,61.032
2025,1,Thursday,19,5,2,11.8836
2025,1,Thursday,19,5,1,23.7498
2025,1,Thursday,19,0,2,9.6044
2025,1,Thursday,19,1,6,43.4866
2025,1,Thursday,19,8,4,17.067
2025,1,Thursday,19,4,3,166.3924
2025,1,Thursday,19,5,6,12.9258
2025,1,Thursday,19,3,0,33.6906
2025,1,Thursday,19,7,8,0.2158
2025,1,Thursday,19,0,4,8.726
2025,1,Thursday,19,3,8,41.5442
2025,1,Thursday,8,0,6,48.0468
2025,1,Thursday,8,8,4,44.8212
2025,1,Thursday,8,5,3,244.8042
2025,1,Thursday,8,8,0,8.8044
2025,1,Thursday,8,3,2,303.1604
2025,1,Thursday,8,5,1,27.6938
2025,1,Thursday,8,2,4,41.4248
2025,1,Thursday,8,2,8,49.8878
2025,1,Thursday,8,8,3,215.178
2025,1,Thursday,8,0,2,89.6784
2025,1,Thursday,8,8,1,48.365
2025,1,Thursday,8,0,8,25.1678
2025,1,Thursday,8,4,6,205.1996
2025,1,Thursday,8,5,4,63.9204
2025,1,Thursday,8,0,3,107.4148
2025,1,Thursday,8,3,5,471.9972
2025,1,Thursday,8,4,1,50.1784
2025,1,Thursday,8,7,4,71.918
2025,1,Thursday,8,6,5,33.251
2025,1,Thursday,8,3,7,387.1034
2025,1,Thursday,8,1,7,82.122
2025,1,Thursday,8,1,4,115.9924
2025,1,Thursday,8,6,8,39.4356
2025,1,Thursday,8,0,1,140.1452
2025,1,Thursday,8,1,3,687.6676
2025,1,Thursday,8,1,0,71.513
2025,1,Thursday,8,6,2,229.2238
2025,1,Thursday,8,1,6,305.8936
2025,1,Thursday,8,3,8,464.5182
2025,1,Thursday,8,0,5,40.093
2025,1,Thursday,8,5,2,50.7452
2025,1,Thursday,8,6,0,28.6726
2025,1,Thursday,8,5,0,3.4946
2025,1,Thursday,8,2,0,25.1086
2025,1,Thursday,8,5,7,8.821
2025,1,Thursday,8,3,6,1349.0784
2025,1,Thursday,8,1,5,86.5532
2025,1,Thursday,8,2,5,46.2828
2025,1,Thursday,8,4,5,73.348
2025,1,Thursday,8,7,6,6.0848
2025,1,Thursday,8,4,0,19.7718
2025,1,Thursday,8,3,0,52.0682
2025,1,Thursday,8,5,8,7.1938
2025,1,Thursday,8,3,4,551.632
2025,1,Thursday,8,7,3,309.3504
2025,1,Thursday,8,2,6,147.6664
2025,1,Thursday,8,7,5,12.0212
2025,1,Thursday,8,7,2,78.355
2025,1,Thursday,8,8,6,11.7172
2025,1,Thursday,8,1,2,163.6994
2025,1,Thursday,8,6,4,95.0618
2025,1,Thursday,8,8,5,24.6516
2025,1,Thursday,8,6,7,6.2792
2025,1,Thursday,8,6,3,980.8602
2025,1,Thursday,8,5,6,13.5914
2025,1,Thursday,8,0,7,23.383
2025,1,Thursday,8,2,1,52.2972
2025,1,Thursday,8,2,3,144.3754
2025,1,Thursday,8,4,7,59.967
2025,1,Thursday,8,7,8,1.2246
2025,1,Thursday,8,8,2,50.417
2025,1,Thursday,8,8,7,0.9412
2025,1,Thursday,8,7,0,4.002
2025,1,Thursday,8,2,7,39.517
2025,1,Thursday,8,6,1,127.252
2025,1,Thursday,8,3,1,176.9322
2025,1,Thursday,8,4,3,427.0036
2025,1,Thursday,8,4,2,93.7602
2025,1,Thursday,8,7,1,14.5536
2025,1,Thursday,8,4,8,46.699
2025,1,Thursday,8,1,8,79.07
2025,1,Thursday,8,0,4,68.9416
2025,1,Thursday,20,6,0,8.7632
2025,1,Thursday,20,3,6,122.6028
2025,1,Thursday,20,4,6,51.76
2025,1,Thursday,20,2,5,8.112
2025,1,Thursday,20,8,0,2.356
2025,1,Thursday,20,0,3,8.8978
2025,1,Thursday,20,1,0,29.4006
2025,1,Thursday,20,5,6,3.6756
2025,1,Thursday,20,1,7,6.4918
2025,1,Thursday,20,7,3,33.374
2025,1,Thursday,20,6,4,41.5386
2025,1,Thursday,20,2,1,32.847
2025,1,Thursday,20,5,8,1.5562
2025,1,Thursday,20,5,7,1.3328
2025,1,Thursday,20,2,3,52.302
2025,1,Thursday,20,3,7,41.6898
2025,1,Thursday,20,5,2,6.4268
2025,1,Thursday,20,6,7,3.9982
2025,1,Thursday,20,5,3,53.4946
2025,1,Thursday,20,4,3,131.4564
2025,1,Thursday,20,1,8,10.2196
2025,1,Thursday,20,3,1,109.7134
2025,1,Thursday,20,1,2,13.55
2025,1,Thursday,20,7,4,15.1572
2025,1,Thursday,20,2,7,10.2292
2025,1,Thursday,20,0,5,0.2914
2025,1,Thursday,20,3,5,37.345
2025,1,Thursday,20,1,6,23.6898
2025,1,Thursday,20,6,3,109.71
2025,1,Thursday,20,8,3,29.7516
2025,1,Thursday,20,7,6,3.0136
2025,1,Thursday,20,0,6,7.4712
2025,1,Thursday,20,4,0,23.7246
2025,1,Thursday,20,0,2,3.7334
2025,1,Thursday,20,5,4,15.135
2025,1,Thursday,20,8,5,0.4886
2025,1,Thursday,20,6,5,6.3454
2025,1,Thursday,20,4,7,18.6058
2025,1,Thursday,20,7,5,2.5634
2025,1,Thursday,20,6,8,3.344
2025,1,Thursday,20,3,8,23.1026
2025,1,Thursday,20,8,2,5.8042
2025,1,Thursday,20,0,4,9.776
2025,1,Thursday,20,2,8,10.2912
2025,1,Thursday,20,8,4,9.7564
2025,1,Thursday,20,2,6,29.3002
2025,1,Thursday,20,5,0,5.1154
2025,1,Thursday,20,3,4,116.1254
2025,1,Thursday,20,6,2,14.8684
2025,1,Thursday,20,8,1,6.0234
2025,1,Thursday,20,4,2,26.7434
2025,1,Thursday,20,8,7,0.2322
2025,1,Thursday,20,5,1,12.3138
2025,1,Thursday,20,4,5,17.7044
2025,1,Thursday,20,0,1,14.9506
2025,1,Thursday,20,1,3,48.5358
2025,1,Thursday,20,1,5,6.0468
2025,1,Thursday,20,1,4,22.1886
2025,1,Thursday,20,6,1,31.1442
2025,1,Thursday,20,7,0,2.064
2025,1,Thursday,20,7,2,5.7362
2025,1,Thursday,20,3,2,33.4602
2025,1,Thursday,20,0,8,0.573
2025,1,Thursday,20,7,1,7.5696
2025,1,Thursday,20,4,8,7.7902
2025,1,Thursday,20,2,4,24.0432
2025,1,Thursday,20,2,0,16.2952
2025,1,Thursday,20,4,1,58.543
2025,1,Thursday,20,8,6,3.0452
2025,1,Thursday,20,3,0,26.8924
2025,1,Thursday,9,7,5,11.371
2025,1,Thursday,9,7,3,137.4178
2025,1,Thursday,9,2,0,10.1838
2025,1,Thursday,9,0,6,18.7258
2025,1,Thursday,9,3,4,402.8738
2025,1,Thursday,9,0,5,26.3666
2025,1,Thursday,9,1,3,381.5106
2025,1,Thursday,9,2,3,114.233
2025,1,Thursday,9,2,5,29.0008
2025,1,Thursday,9,6,5,23.5116
2025,1,Thursday,9,4,5,36.8364
2025,1,Thursday,9,3,5,309.0966
2025,1,Thursday,9,5,3,131.3088
2025,1,Thursday,9,1,5,41.2298
2025,1,Thursday,9,3,8,185.4706
2025,1,Thursday,9,5,4,50.8064
2025,1,Thursday,9,6,1,71.0986
2025,1,Thursday,9,3,0,24.427
2025,1,Thursday,9,4,6,125.1428
2025,1,Thursday,9,1,8,31.6994
2025,1,Thursday,9,0,3,76.5096
2025,1,Thursday,9,5,2,36.8228
2025,1,Thursday,9,1,0,28.246
2025,1,Thursday,9,4,1,49.8034
2025,1,Thursday,9,0,8,7.4854
2025,1,Thursday,9,0,7,5.3996
2025,1,Thursday,9,5,6,14.037
2025,1,Thursday,9,7,8,0.6786
2025,1,Thursday,9,8,7,0.9832
2025,1,Thursday,9,4,8,30.5416
2025,1,Thursday,9,5,0,5.4834
2025,1,Thursday,9,6,3,513.1148
2025,1,Thursday,9,8,1,23.971800000000002
2025,1,Thursday,9,2,1,40.9524
2025,1,Thursday,9,7,0,1.3846
2025,1,Thursday,9,3,1,129.0334
2025,1,Thursday,9,0,4,43.4542
2025,1,Thursday,9,1,6,112.2174
2025,1,Thursday,9,4,2,70.8592
2025,1,Thursday,9,6,8,25.3182
2025,1,Thursday,9,6,2,191.2936
2025,1,Thursday,9,8,4,25.631
2025,1,Thursday,9,5,8,10.638
2025,1,Thursday,9,2,7,26.4204
2025,1,Thursday,9,3,2,240.5392
2025,1,Thursday,9,7,4,42.7578
2025,1,Thursday,9,6,7,5.0444
2025,1,Thursday,9,3,6,639.044
2025,1,Thursday,9,1,7,39.5656
2025,1,Thursday,9,5,1,21.0654
2025,1,Thursday,9,5,7,4.9942
2025,1,Thursday,9,1,2,116.0576
2025,1,Thursday,9,2,8,19.361
2025,1,Thursday,9,0,1,80.3518
2025,1,Thursday,9,4,7,41.33
2025,1,Thursday,9,8,5,22.7356
2025,1,Thursday,9,0,2,62.9096
2025,1,Thursday,9,7,6,5.207
2025,1,Thursday,9,1,4,66.3714
2025,1,Thursday,9,8,6,12.6142
2025,1,Thursday,9,8,2,34.7564
2025,1,Thursday,9,6,0,15.2664
2025,1,Thursday,9,7,2,37.3718
2025,1,Thursday,9,8,0,5.7778
2025,1,Thursday,9,4,0,14.8502
2025,1,Thursday,9,2,6,68.4966
2025,1,Thursday,9,4,3,286.4622
2025,1,Thursday,9,2,4,43.9168
2025,1,Thursday,9,7,1,13.4982
2025,1,Thursday,9,8,3,101.6418
2025,1,Thursday,9,3,7,183.4004
2025,1,Thursday,9,6,4,81.0856
2025,1,Thursday,21,1,4,14.7656
2025,1,Thursday,21,2,7,7.1494
2025,1,Thursday,21,2,0,16.308
2025,1,Thursday,21,6,2,7.6258
2025,1,Thursday,21,4,7,15.1164
2025,1,Thursday,21,6,1,17.3396
2025,1,Thursday,21,8,4,3.6996000000000002
2025,1,Thursday,21,2,4,15.7854
2025,1,Thursday,21,7,1,4.9946
2025,1,Thursday,21,8,6,4.9892
2025,1,Thursday,21,3,8,23.8216
2025,1,Thursday,21,8,5,0.23
2025,1,Thursday,21,8,3,15.7522
2025,1,Thursday,21,2,3,33.8718
2025,1,Thursday,21,4,1,40.5426
2025,1,Thursday,21,2,8,5.7386
2025,1,Thursday,21,8,2,3.6222
2025,1,Thursday,21,2,5,7.9622
2025,1,Thursday,21,0,2,1.415
2025,1,Thursday,21,4,6,50.535
2025,1,Thursday,21,1,6,17.0202
2025,1,Thursday,21,4,2,18.3552
2025,1,Thursday,21,0,3,9.3446
2025,1,Thursday,21,5,7,2.3062
2025,1,Thursday,21,3,1,73.7428
2025,1,Thursday,21,6,0,6.4092
2025,1,Thursday,21,4,5,13.0738
2025,1,Thursday,21,5,8,0.6804
2025,1,Thursday,21,7,5,0.2298
2025,1,Thursday,21,6,3,55.0694
2025,1,Thursday,21,3,4,57.8018
2025,1,Thursday,21,5,0,3.3588
2025,1,Thursday,21,0,8,2.02
2025,1,Thursday,21,7,6,1.6076
2025,1,Thursday,21,8,0,2.0618
2025,1,Thursday,21,3,7,23.6172
2025,1,Thursday,21,0,5,0.821
2025,1,Thursday,21,5,1,7.8242
2025,1,Thursday,21,1,5,6.9934
2025,1,Thursday,21,8,1,5.257
2025,1,Thursday,21,4,0,20.9418
2025,1,Thursday,21,1,3,31.576
2025,1,Thursday,21,3,5,21.1682
2025,1,Thursday,21,5,3,23.847
2025,1,Thursday,21,4,8,5.2784
2025,1,Thursday,21,1,7,4.6728
2025,1,Thursday,21,7,4,12.0926
2025,1,Thursday,21,6,5,4.4934
2025,1,Thursday,21,1,0,19.5634
2025,1,Thursday,21,6,8,3.976
2025,1,Thursday,21,0,1,7.7236
2025,1,Thursday,21,5,4,8.0754
2025,1,Thursday,21,4,3,102.906
2025,1,Thursday,21,0,4,7.6496
2025,1,Thursday,21,1,8,7.4354
2025,1,Thursday,21,3,2,27.44
2025,1,Thursday,21,2,1,22.0422
2025,1,Thursday,21,0,6,3.9336
2025,1,Thursday,21,3,6,73.985
2025,1,Thursday,21,2,6,21.7434
2025,1,Thursday,21,3,0,20.5194
2025,1,Thursday,21,1,2,6.1226
2025,1,Thursday,21,6,4,18.1482
2025,1,Thursday,21,7,0,0.6772
2025,1,Thursday,21,6,7,2.2108
2025,1,Thursday,21,7,3,16.6768
2025,1,Thursday,21,5,2,3.5298
2025,1,Thursday,21,7,2,2.0396
2025,1,Thursday,21,5,6,4.9502
2025,1,Thursday,10,1,0,22.1414
2025,1,Thursday,10,6,5,11.3996
2025,1,Thursday,10,0,1,57.6118
2025,1,Thursday,10,5,8,13.3772
2025,1,Thursday,10,6,7,3.8832
2025,1,Thursday,10,3,6,245.693
2025,1,Thursday,10,5,0,8.1192
2025,1,Thursday,10,3,0,13.735
2025,1,Thursday,10,1,4,56.2634
2025,1,Thursday,10,8,6,9.227
2025,1,Thursday,10,0,8,3.853
2025,1,Thursday,10,8,4,17.7024
2025,1,Thursday,10,5,4,32.9618
2025,1,Thursday,10,6,1,53.4264
2025,1,Thursday,10,6,0,9.5958
2025,1,Thursday,10,1,5,24.1728
2025,1,Thursday,10,4,0,11.6744
2025,1,Thursday,10,2,7,12.496
2025,1,Thursday,10,4,5,29.7826
2025,1,Thursday,10,4,2,35.988
2025,1,Thursday,10,6,4,57.1658
2025,1,Thursday,10,2,4,35.1608
2025,1,Thursday,10,4,8,19.3282
2025,1,Thursday,10,5,2,26.241
2025,1,Thursday,10,4,6,58.5424
2025,1,Thursday,10,7,2,20.1934
2025,1,Thursday,10,0,4,27.0648
2025,1,Thursday,10,2,1,41.4522
2025,1,Thursday,10,8,3,58.89
2025,1,Thursday,10,6,8,11.2356
2025,1,Thursday,10,3,8,92.6816
2025,1,Thursday,10,7,1,17.0808
2025,1,Thursday,10,1,6,43.6608
2025,1,Thursday,10,8,1,20.9046
2025,1,Thursday,10,1,2,69.7916
2025,1,Thursday,10,4,3,127.011
2025,1,Thursday,10,2,6,31.2212
2025,1,Thursday,10,7,8,0.2
2025,1,Thursday,10,7,4,26.7984
2025,1,Thursday,10,8,5,10.8764
2025,1,Thursday,10,7,3,71.5504
2025,1,Thursday,10,0,6,13.3596
2025,1,Thursday,10,5,1,21.635
2025,1,Thursday,10,6,3,190.6752
2025,1,Thursday,10,6,2,56.5046
2025,1,Thursday,10,2,5,16.272
2025,1,Thursday,10,7,0,2.219
2025,1,Thursday,10,5,3,85.792
2025,1,Thursday,10,7,5,12.5866
2025,1,Thursday,10,3,4,206.4352
2025,1,Thursday,10,8,2,17.434
2025,1,Thursday,10,0,7,6.5718
2025,1,Thursday,10,5,7,6.7406
2025,1,Thursday,10,3,2,138.9558
2025,1,Thursday,10,1,7,16.0298
2025,1,Thursday,10,0,2,34.7814
2025,1,Thursday,10,0,3,42.4366
2025,1,Thursday,10,3,5,120.9692
2025,1,Thursday,10,3,1,117.6108
2025,1,Thursday,10,2,3,77.6544
2025,1,Thursday,10,3,7,76.0354
2025,1,Thursday,10,8,0,2.4156
2025,1,Thursday,10,5,6,15.9878
2025,1,Thursday,10,1,8,12.1786
2025,1,Thursday,10,4,1,48.2976
2025,1,Thursday,10,2,8,13.0814
2025,1,Thursday,10,7,6,2.634
2025,1,Thursday,10,2,0,9.1606
2025,1,Thursday,10,1,3,149.2682
2025,1,Thursday,10,4,7,16.4606
2025,1,Thursday,10,0,5,16.3894
2025,1,Thursday,22,2,1,12.2106
2025,1,Thursday,22,0,3,6.944
2025,1,Thursday,22,1,4,7.8208
2025,1,Thursday,22,7,2,3.9056
2025,1,Thursday,22,7,0,3.0034
2025,1,Thursday,22,4,0,16.064
2025,1,Thursday,22,3,6,43.294
2025,1,Thursday,22,4,6,28.6896
2025,1,Thursday,22,4,2,13.99
2025,1,Thursday,22,2,6,16.0142
2025,1,Thursday,22,8,2,1.3864
2025,1,Thursday,22,3,0,21.297
2025,1,Thursday,22,7,1,4.7964
2025,1,Thursday,22,8,5,0.21
2025,1,Thursday,22,6,7,0.4372
2025,1,Thursday,22,5,1,4.995
2025,1,Thursday,22,5,2,3.4552
2025,1,Thursday,22,1,5,3.1774
2025,1,Thursday,22,4,8,6.4148
2025,1,Thursday,22,3,4,35.4924
2025,1,Thursday,22,2,0,10.3984
2025,1,Thursday,22,8,6,0.2316
2025,1,Thursday,22,3,2,19.7566
2025,1,Thursday,22,2,4,9.9608
2025,1,Thursday,22,3,5,8.1044
2025,1,Thursday,22,7,4,4.808
2025,1,Thursday,22,4,1,27.8346
2025,1,Thursday,22,1,8,3.848
2025,1,Thursday,22,1,2,2.5098
2025,1,Thursday,22,4,5,6.3938
2025,1,Thursday,22,5,4,3.8508
2025,1,Thursday,22,0,8,1.877
2025,1,Thursday,22,6,3,34.6166
2025,1,Thursday,22,1,0,13.5582
2025,1,Thursday,22,7,3,14.8784
2025,1,Thursday,22,5,6,1.7668
2025,1,Thursday,22,0,6,3.7306
2025,1,Thursday,22,8,4,2.2598
2025,1,Thursday,22,0,2,2.1314
2025,1,Thursday,22,6,2,6.2202
2025,1,Thursday,22,3,1,39.9166
2025,1,Thursday,22,1,7,3.163
2025,1,Thursday,22,4,3,64.9476
2025,1,Thursday,22,2,7,6.0736
2025,1,Thursday,22,5,8,0.476
2025,1,Thursday,22,2,5,2.0246
2025,1,Thursday,22,0,7,0.2616
2025,1,Thursday,22,6,0,4.917
2025,1,Thursday,22,0,1,6.4682
2025,1,Thursday,22,3,7,9.693
2025,1,Thursday,22,4,7,9.3578
2025,1,Thursday,22,8,3,11.5602
2025,1,Thursday,22,6,1,11.5456
2025,1,Thursday,22,1,3,21.4456
2025,1,Thursday,22,8,1,4.292
2025,1,Thursday,22,1,6,10.885
2025,1,Thursday,22,7,6,2.2462
2025,1,Thursday,22,8,0,1.381
2025,1,Thursday,22,5,0,2.5048
2025,1,Thursday,22,5,3,11.3888
2025,1,Thursday,22,6,8,0.918
2025,1,Thursday,22,6,4,13.302
2025,1,Thursday,22,0,5,0.8166
2025,1,Thursday,22,2,3,18.6878
2025,1,Thursday,22,2,8,5.6644
2025,1,Thursday,22,6,5,3.6572
2025,1,Thursday,22,0,4,3.9998
2025,1,Thursday,22,3,8,18.9594
2025,1,Thursday,11,1,7,10.8604
2025,1,Thursday,11,2,5,14.5344
2025,1,Thursday,11,2,7,12.6484
2025,1,Thursday,11,3,8,67.259
2025,1,Thursday,11,1,0,17.165
2025,1,Thursday,11,1,8,12.5398
2025,1,Thursday,11,0,8,5.8332
2025,1,Thursday,11,0,5,11.0536
2025,1,Thursday,11,5,1,20.9172
2025,1,Thursday,11,2,6,34.9428
2025,1,Thursday,11,4,6,45.768
2025,1,Thursday,11,0,4,26.1718
2025,1,Thursday,11,3,4,176.757
2025,1,Thursday,11,8,2,15.8918
2025,1,Thursday,11,4,2,42.5604
2025,1,Thursday,11,8,7,0.2346
2025,1,Thursday,11,4,1,51.4284
2025,1,Thursday,11,7,4,30.2268
2025,1,Thursday,11,3,0,20.539
2025,1,Thursday,11,6,7,3.175
2025,1,Thursday,11,8,5,10.2674
2025,1,Thursday,11,7,6,5.5736
2025,1,Thursday,11,8,1,15.7802
2025,1,Thursday,11,7,0,2.2384
2025,1,Thursday,11,7,5,6.2014
2025,1,Thursday,11,2,8,16.009
2025,1,Thursday,11,5,0,13.527
2025,1,Thursday,11,4,5,24.9842
2025,1,Thursday,11,0,2,26.8296
2025,1,Thursday,11,4,8,14.8238
2025,1,Thursday,11,5,3,83.94
2025,1,Thursday,11,1,4,62.2622
2025,1,Thursday,11,0,7,4.08
2025,1,Thursday,11,6,2,37.0094
2025,1,Thursday,11,4,7,18.2768
2025,1,Thursday,11,3,6,185.3034
2025,1,Thursday,11,8,0,3.6384
2025,1,Thursday,11,1,5,18.1408
2025,1,Thursday,11,2,3,89.6072
2025,1,Thursday,11,6,4,66.3312
2025,1,Thursday,11,5,7,7.59
2025,1,Thursday,11,0,3,37.5082
2025,1,Thursday,11,6,1,43.4522
2025,1,Thursday,11,6,8,16.5104
2025,1,Thursday,11,7,1,14.3484
2025,1,Thursday,11,4,3,134.0388
2025,1,Thursday,11,2,4,45.3326
2025,1,Thursday,11,4,0,12.5136
2025,1,Thursday,11,5,8,18.4058
2025,1,Thursday,11,2,0,9.0556
2025,1,Thursday,11,3,7,58.9258
2025,1,Thursday,11,7,3,59.5938
2025,1,Thursday,11,6,3,150.3716
2025,1,Thursday,11,0,1,44.5148
2025,1,Thursday,11,8,3,51.6184
2025,1,Thursday,11,1,2,67.066
2025,1,Thursday,11,7,2,16.0072
2025,1,Thursday,11,5,6,20.3698
2025,1,Thursday,11,0,6,11.1568
2025,1,Thursday,11,8,4,20.2268
2025,1,Thursday,11,3,5,85.0492
2025,1,Thursday,11,8,6,18.5446
2025,1,Thursday,11,1,6,36.9514
2025,1,Thursday,11,6,5,16.7242
2025,1,Thursday,11,6,0,8.2356
2025,1,Thursday,11,2,1,46.2874
2025,1,Thursday,11,3,2,118.6018
2025,1,Thursday,11,5,4,37.7954
2025,1,Thursday,11,5,2,20.1504
2025,1,Thursday,11,3,1,114.0538
2025,1,Thursday,11,1,3,117.1886
2025,1,Thursday,23,5,0,3.2676
2025,1,Thursday,23,1,3,9.6798
2025,1,Thursday,23,6,3,19.2392
2025,1,Thursday,23,0,7,1.1208
2025,1,Thursday,23,3,5,5.553
2025,1,Thursday,23,5,3,13.0486
2025,1,Thursday,23,5,7,0.2532
2025,1,Thursday,23,7,0,4.0498
2025,1,Thursday,23,2,8,4.0578
2025,1,Thursday,23,6,1,2.3726
2025,1,Thursday,23,1,2,1.8746
2025,1,Thursday,23,8,1,1.6072
2025,1,Thursday,23,6,0,3.9474
2025,1,Thursday,23,4,1,10.9386
2025,1,Thursday,23,2,0,8.113
2025,1,Thursday,23,0,4,2.5014
2025,1,Thursday,23,4,0,10.2034
2025,1,Thursday,23,1,0,6.6136
2025,1,Thursday,23,8,3,6.8188
2025,1,Thursday,23,2,7,1.16
2025,1,Thursday,23,6,2,0.4684
2025,1,Thursday,23,3,7,6.711
2025,1,Thursday,23,3,8,10.5244
2025,1,Thursday,23,5,1,2.0048
2025,1,Thursday,23,0,8,0.5478
2025,1,Thursday,23,3,1,13.3132
2025,1,Thursday,23,1,8,2.7898
2025,1,Thursday,23,1,7,0.461
2025,1,Thursday,23,4,5,4.77
2025,1,Thursday,23,0,2,2.2068
2025,1,Thursday,23,7,4,2.2628
2025,1,Thursday,23,3,6,23.9606
2025,1,Thursday,23,0,1,3.8832
2025,1,Thursday,23,1,5,1.1726
2025,1,Thursday,23,3,2,10.6468
2025,1,Thursday,23,4,3,38.6902
2025,1,Thursday,23,8,6,0.6858
2025,1,Thursday,23,1,6,3.314
2025,1,Thursday,23,5,4,3.317
2025,1,Thursday,23,6,7,1.2484
2025,1,Thursday,23,5,8,0.796
2025,1,Thursday,23,8,2,2.5756
2025,1,Thursday,23,2,6,7.465
2025,1,Thursday,23,0,3,3.6018
2025,1,Thursday,23,2,5,0.9004
2025,1,Thursday,23,7,5,0.2288
2025,1,Thursday,23,2,1,3.646
2025,1,Thursday,23,3,0,12.2868
2025,1,Thursday,23,6,5,2.3868
2025,1,Thursday,23,4,8,3.621
2025,1,Thursday,23,7,1,3.1518
2025,1,Thursday,23,5,2,1.357
2025,1,Thursday,23,4,6,14.5562
2025,1,Thursday,23,0,6,2.1846
2025,1,Thursday,23,7,3,8.3396
2025,1,Thursday,23,4,7,3.2228
2025,1,Thursday,23,2,3,13.127
2025,1,Thursday,23,7,2,0.9004
2025,1,Thursday,23,5,6,1.7046
2025,1,Thursday,23,6,8,0.2312
2025,1,Thursday,23,6,4,5.114
2025,1,Thursday,23,1,4,2.1182
2025,1,Thursday,23,4,2,7.0074
2025,1,Thursday,23,8,0,2.217
2025,1,Thursday,23,7,6,1.8616
2025,1,Thursday,23,0,5,0.5622
2025,1,Thursday,23,2,4,4.5066
2025,1,Thursday,23,8,5,0.2424
2025,1,Thursday,23,3,4,17.0194
2025,1,Thursday,23,8,4,0.6776
2025,1,Thursday,0,4,1,2.4094
2025,1,Thursday,0,5,1,1.091
2025,1,Thursday,0,7,3,2.9452
2025,1,Thursday,0,6,1,1.4404
2025,1,Thursday,0,2,3,1.7854
2025,1,Thursday,0,5,4,0.7462
2025,1,Thursday,0,3,6,11.0036
2025,1,Thursday,0,7,5,0.2434
2025,1,Thursday,0,8,4,0.685
2025,1,Thursday,0,3,4,7.325
2025,1,Thursday,0,6,0,2.348
2025,1,Thursday,0,3,0,4.6336
2025,1,Thursday,0,4,7,1.6472
2025,1,Thursday,0,8,6,0.22
2025,1,Thursday,0,1,0,2.3684
2025,1,Thursday,0,1,2,0.23
2025,1,Thursday,0,1,8,0.7142
2025,1,Thursday,0,7,6,0.235
2025,1,Thursday,0,4,3,11.8258
2025,1,Thursday,0,0,8,0.5594
2025,1,Thursday,0,2,1,2.1704
2025,1,Thursday,0,4,2,1.2292
2025,1,Thursday,0,2,0,3.4972
2025,1,Thursday,0,2,5,0.2272
2025,1,Thursday,0,0,6,1.1828
2025,1,Thursday,0,5,7,0.2352
2025,1,Thursday,0,4,6,3.5506
2025,1,Thursday,0,6,4,0.9114
2025,1,Thursday,0,4,8,0.7938
2025,1,Thursday,0,3,1,3.5378
2025,1,Thursday,0,8,0,0.6822
2025,1,Thursday,0,6,5,1.301
2025,1,Thursday,0,3,5,1.8642
2025,1,Thursday,0,6,8,0.7196
2025,1,Thursday,0,8,7,0.2222
2025,1,Thursday,0,2,4,0.9322
2025,1,Thursday,0,3,7,2.2282
2025,1,Thursday,0,5,0,0.96
2025,1,Thursday,0,1,6,0.7144
2025,1,Thursday,0,2,6,1.7094
2025,1,Thursday,0,1,5,0.244
2025,1,Thursday,0,8,2,0.4472
2025,1,Thursday,0,6,2,0.7164
2025,1,Thursday,0,5,3,3.666
2025,1,Thursday,0,2,8,2.9938
2025,1,Thursday,0,7,4,0.4674
2025,1,Thursday,0,1,3,1.2966
2025,1,Thursday,0,5,6,0.4648
2025,1,Thursday,0,1,4,1.0538
2025,1,Thursday,0,6,3,7.5008
2025,1,Thursday,0,7,1,2.0498
2025,1,Thursday,0,5,8,0.4552
2025,1,Thursday,0,2,7,0.2444
2025,1,Thursday,0,7,2,1.4608
2025,1,Thursday,0,8,3,2.797
2025,1,Thursday,0,4,0,2.7198
2025,1,Thursday,0,0,3,2.7034
2025,1,Thursday,0,1,7,0.28
2025,1,Thursday,0,0,5,0.9252
2025,1,Thursday,0,3,2,2.5182
2025,1,Thursday,0,8,1,0.2304
2025,1,Thursday,0,3,8,8.9652
2025,1,Thursday,0,4,5,2.2216
2025,1,Thursday,0,0,4,0.2928
2025,1,Thursday,12,1,4,58.6788
2025,1,Thursday,12,1,0,26.2354
2025,1,Thursday,12,6,1,47.6366
2025,1,Thursday,12,3,7,43.6682
2025,1,Thursday,12,3,8,61.8382
2025,1,Thursday,12,4,8,17.6162
2025,1,Thursday,12,0,6,11.0834
2025,1,Thursday,12,1,3,116.7284
2025,1,Thursday,12,3,0,24.6798
2025,1,Thursday,12,7,2,15.6602
2025,1,Thursday,12,6,4,66.377
2025,1,Thursday,12,1,5,18.9774
2025,1,Thursday,12,0,4,24.865
2025,1,Thursday,12,8,0,2.4384
2025,1,Thursday,12,0,3,34.1284
2025,1,Thursday,12,4,3,156.275
2025,1,Thursday,12,1,6,31.1122
2025,1,Thursday,12,0,1,39.5714
2025,1,Thursday,12,3,2,111.0792
2025,1,Thursday,12,5,7,10.469
2025,1,Thursday,12,7,1,14.4786
2025,1,Thursday,12,2,3,101.6266
2025,1,Thursday,12,1,8,14.1092
2025,1,Thursday,12,4,5,30.066
2025,1,Thursday,12,5,8,14.4572
2025,1,Thursday,12,4,2,51.6538
2025,1,Thursday,12,5,6,17.301
2025,1,Thursday,12,8,3,58.967
2025,1,Thursday,12,6,5,23.8848
2025,1,Thursday,12,3,6,162.475
2025,1,Thursday,12,5,3,82.8016
2025,1,Thursday,12,7,3,58.553
2025,1,Thursday,12,2,4,48.1644
2025,1,Thursday,12,2,1,58.049
2025,1,Thursday,12,2,0,13.7454
2025,1,Thursday,12,7,6,4.623
2025,1,Thursday,12,5,2,24.5904
2025,1,Thursday,12,8,2,19.6606
2025,1,Thursday,12,5,1,20.7378
2025,1,Thursday,12,3,1,107.5562
2025,1,Thursday,12,7,0,2.6442
2025,1,Thursday,12,4,6,54.7384
2025,1,Thursday,12,1,7,10.0776
2025,1,Thursday,12,7,8,0.6864
2025,1,Thursday,12,8,1,18.492
2025,1,Thursday,12,0,8,7.0104
2025,1,Thursday,12,3,4,177.1006
2025,1,Thursday,12,8,4,20.6048
2025,1,Thursday,12,6,2,40.8836
2025,1,Thursday,12,2,7,12.1846
2025,1,Thursday,12,5,4,59.6538
2025,1,Thursday,12,4,1,61.9778
2025,1,Thursday,12,7,5,6.0188
2025,1,Thursday,12,6,3,159.4288
2025,1,Thursday,12,1,2,59.1844
2025,1,Thursday,12,0,5,6.679
2025,1,Thursday,12,4,7,19.8974
2025,1,Thursday,12,3,5,87.5944
2025,1,Thursday,12,0,7,4.4638
2025,1,Thursday,12,2,8,19.1674
2025,1,Thursday,12,8,6,44.8748
2025,1,Thursday,12,6,8,34.7714
2025,1,Thursday,12,2,6,41.476
2025,1,Thursday,12,6,7,5.8618
2025,1,Thursday,12,4,0,16.717
2025,1,Thursday,12,0,2,24.329
2025,1,Thursday,12,2,5,12.8408
2025,1,Thursday,12,8,7,1.2198
2025,1,Thursday,12,6,0,8.151
2025,1,Thursday,12,7,4,26.4088
2025,1,Thursday,12,5,0,11.1768
2025,1,Thursday,12,8,5,17.7666
2025,1,Friday,1,0,8,0.3704
2025,1,Friday,1,2,7,0.22
2025,1,Friday,1,4,8,0.2706
2025,1,Friday,1,3,0,3.9714
2025,1,Friday,1,3,6,4.835
2025,1,Friday,1,3,5,0.7466
2025,1,Friday,1,1,4,0.6276
2025,1,Friday,1,2,3,1.8008
2025,1,Friday,1,4,0,1.7102
2025,1,Friday,1,4,6,2.4654
2025,1,Friday,1,8,6,1.25
2025,1,Friday,1,8,4,0.2
2025,1,Friday,1,4,1,3.6662
2025,1,Friday,1,2,8,0.9514
2025,1,Friday,1,0,3,1.1024
2025,1,Friday,1,7,0,1.5564
2025,1,Friday,1,4,3,3.9834
2025,1,Friday,1,1,0,0.8224
2025,1,Friday,1,4,5,0.979
2025,1,Friday,1,5,0,0.4748
2025,1,Friday,1,2,4,0.2
2025,1,Friday,1,4,2,0.9794
2025,1,Friday,1,2,0,3.1896
2025,1,Friday,1,8,0,1.6408
2025,1,Friday,1,7,3,1.2532
2025,1,Friday,1,3,2,1.5634
2025,1,Friday,1,2,1,2.1202
2025,1,Friday,1,1,3,0.85
2025,1,Friday,1,2,5,0.5616
2025,1,Friday,1,1,7,0.3334
2025,1,Friday,1,8,3,1.082
2025,1,Friday,1,0,1,0.291
2025,1,Friday,1,6,4,0.9404
2025,1,Friday,1,6,8,0.3142
2025,1,Friday,1,1,6,1.7608
2025,1,Friday,1,6,3,2.2296
2025,1,Friday,1,3,7,1.7476
2025,1,Friday,1,6,1,0.469
2025,1,Friday,1,5,2,0.2462
2025,1,Friday,1,6,5,0.8888
2025,1,Friday,1,5,3,0.7286
2025,1,Friday,1,3,1,2.0114
2025,1,Friday,1,3,4,3.3028
2025,1,Friday,1,5,8,0.35
2025,1,Friday,1,5,6,0.2462
2025,1,Friday,1,8,1,1.0978
2025,1,Friday,1,5,1,1.1008
2025,1,Friday,1,3,8,0.7086
2025,1,Friday,1,5,4,1.609
2025,1,Friday,1,0,6,0.291
2025,1,Friday,1,8,5,0.224
2025,1,Friday,13,6,4,62.3452
2025,1,Friday,13,7,5,6.4734
2025,1,Friday,13,1,4,70.8574
2025,1,Friday,13,7,0,3.3238
2025,1,Friday,13,1,7,10.503
2025,1,Friday,13,8,5,22.9842
2025,1,Friday,13,8,0,6.579
2025,1,Friday,13,0,7,2.258
2025,1,Friday,13,2,4,53.5988
2025,1,Friday,13,0,5,10.2818
2025,1,Friday,13,4,0,18.429
2025,1,Friday,13,2,7,8.998
2025,1,Friday,13,3,8,43.2734
2025,1,Friday,13,4,8,21.4658
2025,1,Friday,13,1,5,18.159
2025,1,Friday,13,7,6,7.8798
2025,1,Friday,13,0,1,52.575
2025,1,Friday,13,0,4,27.6478
2025,1,Friday,13,5,6,22.0008
2025,1,Friday,13,4,1,65.8836
2025,1,Friday,13,6,3,167.5534
2025,1,Friday,13,8,3,60.7564
2025,1,Friday,13,2,6,45.9942
2025,1,Friday,13,3,6,132.374
2025,1,Friday,13,2,8,14.9068
2025,1,Friday,13,6,0,9.0358
2025,1,Friday,13,4,6,61.8916
2025,1,Friday,13,2,1,82.8626
2025,1,Friday,13,8,2,15.2548
2025,1,Friday,13,3,1,140.3802
2025,1,Friday,13,4,2,46.6502
2025,1,Friday,13,5,4,49.7308
2025,1,Friday,13,6,7,7.4514
2025,1,Friday,13,7,3,50.1476
2025,1,Friday,13,2,5,16.7026
2025,1,Friday,13,5,3,81.7842
2025,1,Friday,13,6,1,48.1078
2025,1,Friday,13,7,1,16.8332
2025,1,Friday,13,1,2,67.175
2025,1,Friday,13,1,0,54.064
2025,1,Friday,13,4,7,21.8668
2025,1,Friday,13,5,8,15.0678
2025,1,Friday,13,4,3,159.9002
2025,1,Friday,13,8,1,16.4394
2025,1,Friday,13,7,4,29.834
2025,1,Friday,13,3,0,29.9808
2025,1,Friday,13,5,1,21.0294
2025,1,Friday,13,3,5,74.9386
2025,1,Friday,13,0,3,31.7166
2025,1,Friday,13,2,3,98.4232
2025,1,Friday,13,3,2,81.1486
2025,1,Friday,13,5,7,7.5734
2025,1,Friday,13,0,8,4.804
2025,1,Friday,13,5,2,20.7872
2025,1,Friday,13,8,6,28.734
2025,1,Friday,13,1,3,122.952
2025,1,Friday,13,0,2,21.6508
2025,1,Friday,13,0,6,13.7894
2025,1,Friday,13,3,4,174.0918
2025,1,Friday,13,8,7,0.4642
2025,1,Friday,13,3,7,34.3588
2025,1,Friday,13,8,4,26.3304
2025,1,Friday,13,7,2,14.3874
2025,1,Friday,13,5,0,10.893
2025,1,Friday,13,2,0,18.8614
2025,1,Friday,13,6,5,22.3752
2025,1,Friday,13,6,2,34.9138
2025,1,Friday,13,4,5,33.6074
2025,1,Friday,13,1,8,14.1628
2025,1,Friday,13,6,8,19.8898
2025,1,Friday,13,1,6,37.2448
2025,1,Friday,2,1,3,0.2444
2025,1,Friday,2,0,2,0.32
2025,1,Friday,2,7,1,0.2376
2025,1,Friday,2,6,4,1.0268
2025,1,Friday,2,5,8,1.291
2025,1,Friday,2,3,6,1.8296
2025,1,Friday,2,3,2,1.293
2025,1,Friday,2,1,8,0.7086
2025,1,Friday,2,3,0,0.4
2025,1,Friday,2,2,4,0.275
2025,1,Friday,2,4,6,1.2826
2025,1,Friday,2,4,8,0.522
2025,1,Friday,2,4,2,0.7626
2025,1,Friday,2,5,6,0.2
2025,1,Friday,2,3,1,1.568
2025,1,Friday,2,2,1,0.6686
2025,1,Friday,2,1,6,0.2188
2025,1,Friday,2,5,0,0.291
2025,1,Friday,2,6,5,0.2
2025,1,Friday,2,6,2,0.2352
2025,1,Friday,2,2,3,0.49
2025,1,Friday,2,6,8,1.0678
2025,1,Friday,2,4,3,2.6548
2025,1,Friday,2,6,3,0.325
2025,1,Friday,2,8,4,0.4666
2025,1,Friday,2,4,0,1.0372
2025,1,Friday,2,5,3,0.5456
2025,1,Friday,2,8,1,0.3666
2025,1,Friday,2,2,8,0.225
2025,1,Friday,2,4,1,0.2584
2025,1,Friday,2,3,4,0.2
2025,1,Friday,2,6,7,0.5066
2025,1,Friday,2,2,5,0.755
2025,1,Friday,2,2,0,0.78
2025,1,Friday,2,0,8,0.6526
2025,1,Friday,2,5,4,0.582
2025,1,Friday,2,0,3,1.3592
2025,1,Friday,2,2,6,0.6286
2025,1,Friday,2,8,3,0.2666
2025,1,Friday,14,1,5,19.5462
2025,1,Friday,14,8,2,21.75
2025,1,Friday,14,6,3,208.9914
2025,1,Friday,14,3,8,49.682
2025,1,Friday,14,3,7,39.5502
2025,1,Friday,14,3,6,151.0498
2025,1,Friday,14,8,4,31.8808
2025,1,Friday,14,1,6,46.0076
2025,1,Friday,14,1,7,8.2124
2025,1,Friday,14,2,4,59.6162
2025,1,Friday,14,3,1,143.6182
2025,1,Friday,14,8,3,102.3392
2025,1,Friday,14,7,2,16.8292
2025,1,Friday,14,2,1,76.0368
2025,1,Friday,14,4,0,30.5594
2025,1,Friday,14,5,4,59.3276
2025,1,Friday,14,8,5,21.1776
2025,1,Friday,14,4,5,35.852
2025,1,Friday,14,6,8,21.1676
2025,1,Friday,14,5,6,19.0528
2025,1,Friday,14,5,7,6.514
2025,1,Friday,14,8,0,7.5714
2025,1,Friday,14,5,1,33.474
2025,1,Friday,14,3,5,69.0704
2025,1,Friday,14,2,7,15.723
2025,1,Friday,14,7,5,9.1906
2025,1,Friday,14,7,6,3.823
2025,1,Friday,14,4,6,78.085
2025,1,Friday,14,4,2,52.1744
2025,1,Friday,14,8,7,0.4904
2025,1,Friday,14,6,1,55.1022
2025,1,Friday,14,7,3,80.0426
2025,1,Friday,14,0,7,5.6496
2025,1,Friday,14,5,8,15.323
2025,1,Friday,14,0,3,44.1506
2025,1,Friday,14,4,3,208.5332
2025,1,Friday,14,6,4,69.1286
2025,1,Friday,14,1,4,81.6546
2025,1,Friday,14,2,5,12.668
2025,1,Friday,14,6,5,21.5266
2025,1,Friday,14,1,3,143.2522
2025,1,Friday,14,6,2,47.179
2025,1,Friday,14,2,8,19.2368
2025,1,Friday,14,0,1,56.3172
2025,1,Friday,14,0,4,36.8874
2025,1,Friday,14,6,7,9.2854
2025,1,Friday,14,5,2,20.147
2025,1,Friday,14,2,6,39.4556
2025,1,Friday,14,3,0,31.8598
2025,1,Friday,14,5,3,111.9262
2025,1,Friday,14,1,0,54.3112
2025,1,Friday,14,8,6,25.2268
2025,1,Friday,14,0,6,16.621
2025,1,Friday,14,0,5,7.3454
2025,1,Friday,14,3,4,180.8036
2025,1,Friday,14,0,2,21.3848
2025,1,Friday,14,4,7,28.8982
2025,1,Friday,14,2,0,28.8272
2025,1,Friday,14,6,0,14.165
2025,1,Friday,14,0,8,3.6742
2025,1,Friday,14,3,2,88.7346
2025,1,Friday,14,7,1,19.637
2025,1,Friday,14,4,1,94.3466
2025,1,Friday,14,1,8,19.5842
2025,1,Friday,14,4,8,21.5764
2025,1,Friday,14,7,0,2.831
2025,1,Friday,14,8,1,22.4244
2025,1,Friday,14,2,3,110.9294
2025,1,Friday,14,7,8,1.0316
2025,1,Friday,14,7,4,34.5316
2025,1,Friday,14,5,0,14.563
2025,1,Friday,14,1,2,65.434
2025,1,Friday,3,5,6,1.2
2025,1,Friday,3,2,6,0.25
2025,1,Friday,3,3,4,0.54
2025,1,Friday,3,2,4,0.4
2025,1,Friday,3,5,0,0.7466
2025,1,Friday,3,4,3,2.7244
2025,1,Friday,3,3,1,0.2924
2025,1,Friday,3,5,1,0.4
2025,1,Friday,3,5,3,1.2666
2025,1,Friday,3,4,8,0.526
2025,1,Friday,3,5,4,0.2
2025,1,Friday,3,3,0,1.1562
2025,1,Friday,3,2,8,0.4
2025,1,Friday,3,7,4,0.8
2025,1,Friday,3,2,3,0.6666
2025,1,Friday,3,8,3,0.5
2025,1,Friday,3,2,1,1.0706
2025,1,Friday,3,4,6,0.32
2025,1,Friday,3,0,3,0.9678
2025,1,Friday,3,6,4,0.48
2025,1,Friday,3,1,5,0.2312
2025,1,Friday,3,6,3,1.1106
2025,1,Friday,3,1,2,0.2312
2025,1,Friday,3,2,5,0.24
2025,1,Friday,3,3,6,1.3542
2025,1,Friday,3,6,5,0.4
2025,1,Friday,3,4,2,0.2
2025,1,Friday,3,2,0,0.2
2025,1,Friday,3,3,8,0.28
2025,1,Friday,3,3,2,0.6266
2025,1,Friday,3,6,8,0.5572
2025,1,Friday,3,4,1,0.4628
2025,1,Friday,3,0,2,0.6594
2025,1,Friday,3,4,0,1.6026
2025,1,Friday,15,6,7,9.2802
2025,1,Friday,15,0,4,39.8274
2025,1,Friday,15,8,6,39.6106
2025,1,Friday,15,7,4,38.2066
2025,1,Friday,15,2,3,174.0932
2025,1,Friday,15,8,0,11.1006
2025,1,Friday,15,4,8,26.0698
2025,1,Friday,15,2,4,70.4138
2025,1,Friday,15,8,3,159.9396
2025,1,Friday,15,3,1,148.5628
2025,1,Friday,15,0,1,58.957
2025,1,Friday,15,7,0,6.6264
2025,1,Friday,15,1,4,100.836
2025,1,Friday,15,4,0,41.5136
2025,1,Friday,15,3,5,54.89
2025,1,Friday,15,0,5,6.959
2025,1,Friday,15,4,5,41.3584
2025,1,Friday,15,5,3,203.9746
2025,1,Friday,15,3,0,41.832
2025,1,Friday,15,7,3,104.2752
2025,1,Friday,15,0,2,25.5
2025,1,Friday,15,1,3,217.5518
2025,1,Friday,15,1,0,108.4698
2025,1,Friday,15,8,1,28.3538
2025,1,Friday,15,2,5,20.3694
2025,1,Friday,15,4,1,98.2174
2025,1,Friday,15,7,6,6.6882
2025,1,Friday,15,3,6,197.282
2025,1,Friday,15,5,0,17.2888
2025,1,Friday,15,3,8,64.067
2025,1,Friday,15,3,2,79.1526
2025,1,Friday,15,8,5,21.3562
2025,1,Friday,15,5,1,31.9196
2025,1,Friday,15,7,1,23.2798
2025,1,Friday,15,8,4,40.0396
2025,1,Friday,15,5,6,24.0476
2025,1,Friday,15,7,2,14.1664
2025,1,Friday,15,5,4,60.2778
2025,1,Friday,15,1,6,81.1076
2025,1,Friday,15,2,7,14.8218
2025,1,Friday,15,3,4,212.1916
2025,1,Friday,15,2,0,36.8664
2025,1,Friday,15,0,7,4.7504
2025,1,Friday,15,4,2,55.189
2025,1,Friday,15,0,3,56.212
2025,1,Friday,15,5,7,7.8244
2025,1,Friday,15,2,6,67.6072
2025,1,Friday,15,0,8,11.1424
2025,1,Friday,15,4,3,283.4446
2025,1,Friday,15,6,2,38.0644
2025,1,Friday,15,1,7,17.3174
2025,1,Friday,15,1,8,32.967
2025,1,Friday,15,6,1,54.7796
2025,1,Friday,15,7,5,4.9756
2025,1,Friday,15,6,0,26.3042
2025,1,Friday,15,6,4,85.0874
2025,1,Friday,15,5,8,17.4198
2025,1,Friday,15,2,8,25.3502
2025,1,Friday,15,1,5,34.5748
2025,1,Friday,15,2,1,78.906
2025,1,Friday,15,4,7,30.3026
2025,1,Friday,15,6,3,256.1444
2025,1,Friday,15,4,6,88.4766
2025,1,Friday,15,3,7,48.2494
2025,1,Friday,15,1,2,83.9436
2025,1,Friday,15,5,2,22.1526
2025,1,Friday,15,6,5,20.3058
2025,1,Friday,15,7,8,0.8924
2025,1,Friday,15,8,2,17.8504
2025,1,Friday,15,6,8,20.8192
2025,1,Friday,15,0,6,22.696
2025,1,Friday,4,3,0,1.6944
2025,1,Friday,4,6,5,0.864
2025,1,Friday,4,2,6,0.4
2025,1,Friday,4,6,4,1.3844
2025,1,Friday,4,7,3,0.53
2025,1,Friday,4,0,1,2.173
2025,1,Friday,4,8,2,1.4694
2025,1,Friday,4,0,3,2.5762
2025,1,Friday,4,0,4,1.2708
2025,1,Friday,4,0,7,1.1416
2025,1,Friday,4,1,3,0.4572
2025,1,Friday,4,4,3,2.7994
2025,1,Friday,4,1,4,0.4842
2025,1,Friday,4,4,7,0.7276
2025,1,Friday,4,8,6,1.6016
2025,1,Friday,4,6,3,6.7198
2025,1,Friday,4,5,6,0.8
2025,1,Friday,4,5,0,0.2
2025,1,Friday,4,5,3,0.56
2025,1,Friday,4,3,7,0.8018
2025,1,Friday,4,3,6,1.9522
2025,1,Friday,4,4,6,0.245
2025,1,Friday,4,3,4,0.8166
2025,1,Friday,4,8,3,3.9038
2025,1,Friday,4,7,4,0.4
2025,1,Friday,4,4,8,0.2286
2025,1,Friday,4,3,2,0.3
2025,1,Friday,4,4,2,0.2486
2025,1,Friday,4,3,1,0.7866
2025,1,Friday,4,3,5,0.2452
2025,1,Friday,4,5,8,0.2
2025,1,Friday,4,8,1,0.2444
2025,1,Friday,4,6,1,0.375
2025,1,Friday,4,2,1,2.6668
2025,1,Friday,4,0,5,1.884
2025,1,Friday,4,1,5,1.5672
2025,1,Friday,4,4,1,0.245
2025,1,Friday,4,2,3,1.5334
2025,1,Friday,4,4,0,1.926
2025,1,Friday,4,0,8,2.6044
2025,1,Friday,4,2,8,0.2052
2025,1,Friday,4,1,0,0.4556
2025,1,Friday,4,1,6,3.239
2025,1,Friday,4,2,4,1.7942
2025,1,Friday,4,6,2,2.4238
2025,1,Friday,4,0,6,1.3226
2025,1,Friday,4,3,8,0.9166
2025,1,Friday,4,6,8,0.2
2025,1,Friday,4,7,2,0.28
2025,1,Friday,4,4,5,1.1114
2025,1,Friday,4,2,0,1.6338
2025,1,Friday,4,6,0,0.251
2025,1,Friday,4,0,2,1.01
2025,1,Friday,4,1,8,0.2286
2025,1,Friday,16,5,3,294.1194
2025,1,Friday,16,0,3,41.4336
2025,1,Friday,16,7,5,5.1648
2025,1,Friday,16,0,7,5.185
2025,1,Friday,16,0,1,63.2902
2025,1,Friday,16,8,2,30.233
2025,1,Friday,16,3,4,258.7844
2025,1,Friday,16,0,2,25.083
2025,1,Friday,16,4,0,42.1904
2025,1,Friday,16,5,1,46.213
2025,1,Friday,16,2,7,20.2934
2025,1,Friday,16,6,4,110.884
2025,1,Friday,16,2,3,209.3952
2025,1,Friday,16,4,2,48.3788
2025,1,Friday,16,3,2,105.42
2025,1,Friday,16,0,5,6.2762
2025,1,Friday,16,1,3,212.294
2025,1,Friday,16,7,4,49.3144
2025,1,Friday,16,1,4,88.0002
2025,1,Friday,16,8,4,38.574
2025,1,Friday,16,3,0,41.9128
2025,1,Friday,16,5,7,5.1018
2025,1,Friday,16,2,5,23.1618
2025,1,Friday,16,7,0,11.045
2025,1,Friday,16,7,1,27.2414
2025,1,Friday,16,1,0,104.0924
2025,1,Friday,16,6,5,30.3632
2025,1,Friday,16,6,0,24.3552
2025,1,Friday,16,7,2,16.5246
2025,1,Friday,16,0,4,38.7138
2025,1,Friday,16,5,4,68.9142
2025,1,Friday,16,3,8,86.026
2025,1,Friday,16,1,8,32.8358
2025,1,Friday,16,1,7,13.0996
2025,1,Friday,16,7,3,163.5448
2025,1,Friday,16,4,7,29.1052
2025,1,Friday,16,1,6,88.6788
2025,1,Friday,16,6,3,394.9108
2025,1,Friday,16,3,1,192.732
2025,1,Friday,16,0,8,6.2794
2025,1,Friday,16,1,5,18.7644
2025,1,Friday,16,4,6,83.3376
2025,1,Friday,16,7,6,7.535
2025,1,Friday,16,6,2,55.35
2025,1,Friday,16,5,6,25.5956
2025,1,Friday,16,3,6,258.6902
2025,1,Friday,16,2,1,90.8604
2025,1,Friday,16,2,4,79.8354
2025,1,Friday,16,3,7,60.2888
2025,1,Friday,16,0,6,30.84
2025,1,Friday,16,8,1,26.1386
2025,1,Friday,16,4,3,314.7788
2025,1,Friday,16,7,8,1.8292
2025,1,Friday,16,5,0,15.4172
2025,1,Friday,16,2,6,96.307
2025,1,Friday,16,1,2,66.5608
2025,1,Friday,16,8,3,216.5842
2025,1,Friday,16,2,8,36.3792
2025,1,Friday,16,6,1,73.053
2025,1,Friday,16,3,5,84.1668
2025,1,Friday,16,5,8,25.808
2025,1,Friday,16,6,8,12.5512
2025,1,Friday,16,4,5,36.3124
2025,1,Friday,16,8,0,11.2864
2025,1,Friday,16,2,0,50.406
2025,1,Friday,16,4,8,36.4402
2025,1,Friday,16,6,7,8.1664
2025,1,Friday,16,8,5,22.708
2025,1,Friday,16,5,2,26.4798
2025,1,Friday,16,8,6,40.2058
2025,1,Friday,16,4,1,79.7838
2025,1,Friday,5,1,6,6.1832
2025,1,Friday,5,5,1,1.8772
2025,1,Friday,5,8,5,1.772
2025,1,Friday,5,0,6,7.3142
2025,1,Friday,5,3,1,7.735
2025,1,Friday,5,7,1,0.6756
2025,1,Friday,5,3,0,1.6472
2025,1,Friday,5,6,1,6.041
2025,1,Friday,5,3,2,11.7476
2025,1,Friday,5,4,7,0.7432
2025,1,Friday,5,1,5,1.541
2025,1,Friday,5,3,5,41.292
2025,1,Friday,5,1,4,3.7596
2025,1,Friday,5,6,0,2.9974
2025,1,Friday,5,8,2,9.7506
2025,1,Friday,5,3,7,22.9686
2025,1,Friday,5,1,2,1.9832
2025,1,Friday,5,0,4,8.5426
2025,1,Friday,5,4,8,0.2
2025,1,Friday,5,2,8,5.5638
2025,1,Friday,5,7,2,1.5916
2025,1,Friday,5,6,4,2.0572
2025,1,Friday,5,1,0,2.807
2025,1,Friday,5,1,3,7.7346
2025,1,Friday,5,6,5,0.978
2025,1,Friday,5,5,3,6.3448
2025,1,Friday,5,0,7,2.027
2025,1,Friday,5,0,3,15.6706
2025,1,Friday,5,2,0,3.252
2025,1,Friday,5,3,8,27.375
2025,1,Friday,5,8,7,0.2454
2025,1,Friday,5,8,0,0.5154
2025,1,Friday,5,8,1,7.575
2025,1,Friday,5,4,1,1.3988
2025,1,Friday,5,2,3,4.06
2025,1,Friday,5,7,0,0.2322
2025,1,Friday,5,0,8,2.537
2025,1,Friday,5,7,6,0.6818
2025,1,Friday,5,8,3,18.0858
2025,1,Friday,5,5,2,1.2708
2025,1,Friday,5,6,3,30.3586
2025,1,Friday,5,5,4,2.2622
2025,1,Friday,5,2,7,0.4
2025,1,Friday,5,0,1,9.0984
2025,1,Friday,5,6,2,6.0816
2025,1,Friday,5,3,6,44.7002
2025,1,Friday,5,2,1,1.5442
2025,1,Friday,5,0,5,5.2776
2025,1,Friday,5,8,4,3.6908
2025,1,Friday,5,4,0,1.6272
2025,1,Friday,5,4,3,14.8152
2025,1,Friday,5,4,2,2.3192
2025,1,Friday,5,2,5,5.1506
2025,1,Friday,5,7,4,4.034
2025,1,Friday,5,1,8,1.325
2025,1,Friday,5,1,7,2.2034
2025,1,Friday,5,4,6,6.4572
2025,1,Friday,5,3,4,19.4356
2025,1,Friday,5,2,6,1.1084
2025,1,Friday,5,8,6,0.9482
2025,1,Friday,5,5,6,1.291
2025,1,Friday,5,4,5,1.9934
2025,1,Friday,5,6,8,0.2
2025,1,Friday,5,7,3,6.0498
2025,1,Friday,5,2,4,1.0762
2025,1,Friday,5,0,2,12.8578
2025,1,Friday,5,5,7,0.4858
2025,1,Friday,17,5,3,287.6694
2025,1,Friday,17,6,2,73.23
2025,1,Friday,17,3,8,106.829
2025,1,Friday,17,3,2,118.4246
2025,1,Friday,17,7,0,7.173
2025,1,Friday,17,7,8,0.8858
2025,1,Friday,17,5,0,16.771
2025,1,Friday,17,2,6,153.2214
2025,1,Friday,17,8,2,24.9584
2025,1,Friday,17,0,8,6.8968
2025,1,Friday,17,5,8,13.8886
2025,1,Friday,17,3,6,426.034
2025,1,Friday,17,4,7,33.884
2025,1,Friday,17,2,4,101.718
2025,1,Friday,17,2,1,115.7754
2025,1,Friday,17,4,6,90.2318
2025,1,Friday,17,2,7,27.4572
2025,1,Friday,17,2,8,27.2884
2025,1,Friday,17,4,0,37.4502
2025,1,Friday,17,7,3,146.6646
2025,1,Friday,17,0,6,17.431
2025,1,Friday,17,5,1,49.3876
2025,1,Friday,17,7,2,27.0002
2025,1,Friday,17,2,0,55.297
2025,1,Friday,17,7,4,62.3292
2025,1,Friday,17,8,0,10.6092
2025,1,Friday,17,4,8,25.4006
2025,1,Friday,17,1,5,17.2588
2025,1,Friday,17,8,3,189.996
2025,1,Friday,17,3,1,292.899
2025,1,Friday,17,0,5,6.3298
2025,1,Friday,17,3,4,369.3976
2025,1,Friday,17,1,0,97.7468
2025,1,Friday,17,3,0,55.6796
2025,1,Friday,17,5,6,28.6846
2025,1,Friday,17,6,7,7.5666
2025,1,Friday,17,4,3,290.0658
2025,1,Friday,17,8,1,31.797
2025,1,Friday,17,6,5,21.451
2025,1,Friday,17,5,4,74.8842
2025,1,Friday,17,2,5,27.508
2025,1,Friday,17,1,7,15.9922
2025,1,Friday,17,6,4,150.9136
2025,1,Friday,17,8,4,42.9584
2025,1,Friday,17,3,5,100.1382
2025,1,Friday,17,6,8,10.6052
2025,1,Friday,17,0,3,48.3578
2025,1,Friday,17,3,7,92.2502
2025,1,Friday,17,4,5,32.7712
2025,1,Friday,17,1,3,212.6786
2025,1,Friday,17,1,6,82.1104
2025,1,Friday,17,0,7,1.6708
2025,1,Friday,17,4,1,113.1948
2025,1,Friday,17,4,2,57.0278
2025,1,Friday,17,8,6,36.5032
2025,1,Friday,17,8,7,0.462
2025,1,Friday,17,6,3,489.5226
2025,1,Friday,17,5,2,31.38
2025,1,Friday,17,1,4,105.933
2025,1,Friday,17,0,2,23.161
2025,1,Friday,17,0,1,55.7464
2025,1,Friday,17,8,5,6.51
2025,1,Friday,17,6,0,30.2648
2025,1,Friday,17,7,5,8.9988
2025,1,Friday,17,0,4,28.4168
2025,1,Friday,17,7,1,38.4
2025,1,Friday,17,1,2,61.3046
2025,1,Friday,17,7,6,9.7492
2025,1,Friday,17,2,3,236.0128
2025,1,Friday,17,5,7,7.824
2025,1,Friday,17,1,8,26.7496
2025,1,Friday,17,6,1,97.0814
2025,1,Friday,6,5,4,3.76
2025,1,Friday,6,4,5,5.8052
2025,1,Friday,6,4,6,17.1404
2025,1,Friday,6,7,5,1.4742
2025,1,Friday,6,5,3,26.2568
2025,1,Friday,6,0,6,13.61
2025,1,Friday,6,2,4,4.3702
2025,1,Friday,6,7,6,0.4762
2025,1,Friday,6,2,0,10.7056
2025,1,Friday,6,8,6,1.3634
2025,1,Friday,6,6,4,12.0294
2025,1,Friday,6,2,1,5.7362
2025,1,Friday,6,1,8,5.6832
2025,1,Friday,6,5,7,0.4408
2025,1,Friday,6,6,0,8.2178
2025,1,Friday,6,7,1,8.1844
2025,1,Friday,6,8,4,14.383
2025,1,Friday,6,8,0,7.6202
2025,1,Friday,6,2,5,8.178
2025,1,Friday,6,8,3,45.6518
2025,1,Friday,6,3,5,110.2666
2025,1,Friday,6,6,5,4.1474
2025,1,Friday,6,1,5,11.6166
2025,1,Friday,6,4,2,10.4134
2025,1,Friday,6,7,2,8.8814
2025,1,Friday,6,2,3,16.0298
2025,1,Friday,6,3,4,89.2264
2025,1,Friday,6,1,7,6.36
2025,1,Friday,6,4,0,5.8856
2025,1,Friday,6,6,2,28.1824
2025,1,Friday,6,0,2,26.686
2025,1,Friday,6,1,2,11.1502
2025,1,Friday,6,7,0,0.2388
2025,1,Friday,6,0,7,4.7266
2025,1,Friday,6,8,1,15.5662
2025,1,Friday,6,7,3,29.2274
2025,1,Friday,6,7,4,6.3282
2025,1,Friday,6,6,1,32.8428
2025,1,Friday,6,1,6,24.5316
2025,1,Friday,6,0,8,6.7952
2025,1,Friday,6,3,6,161.1278
2025,1,Friday,6,4,8,5.9252
2025,1,Friday,6,1,0,22.694
2025,1,Friday,6,2,8,6.529
2025,1,Friday,6,0,4,13.07
2025,1,Friday,6,5,0,2.318
2025,1,Friday,6,4,7,4.928
2025,1,Friday,6,3,1,43.7758
2025,1,Friday,6,4,3,39.9544
2025,1,Friday,6,5,8,0.2
2025,1,Friday,6,4,1,7.7392
2025,1,Friday,6,0,3,26.1964
2025,1,Friday,6,0,5,7.318
2025,1,Friday,6,3,7,47.4874
2025,1,Friday,6,3,0,18.7594
2025,1,Friday,6,1,3,46.3418
2025,1,Friday,6,6,7,0.473
2025,1,Friday,6,3,8,73.8846
2025,1,Friday,6,6,8,6.8758
2025,1,Friday,6,8,2,21.179
2025,1,Friday,6,5,2,4.5164
2025,1,Friday,6,5,1,6.3274
2025,1,Friday,6,0,1,52.0664
2025,1,Friday,6,8,5,4.0144
2025,1,Friday,6,6,3,95.9064
2025,1,Friday,6,5,6,1.4254
2025,1,Friday,6,2,7,4.5882
2025,1,Friday,6,1,4,10.672
2025,1,Friday,6,3,2,78.3602
2025,1,Friday,6,2,6,10.6258
2025,1,Friday,18,8,1,17.5832
2025,1,Friday,18,6,1,75.7758
2025,1,Friday,18,6,4,130.5998
2025,1,Friday,18,6,3,251.6816
2025,1,Friday,18,8,4,22.573
2025,1,Friday,18,6,7,10.1298
2025,1,Friday,18,5,7,2.5318
2025,1,Friday,18,4,3,194.387
2025,1,Friday,18,4,1,86.7738
2025,1,Friday,18,0,3,24.081
2025,1,Friday,18,2,0,36.0218
2025,1,Friday,18,2,8,21.1106
2025,1,Friday,18,4,8,17.347
2025,1,Friday,18,5,4,50.4836
2025,1,Friday,18,6,5,28.8192
2025,1,Friday,18,7,3,81.4444
2025,1,Friday,18,1,7,13.3952
2025,1,Friday,18,4,5,29.381
2025,1,Friday,18,3,1,210.6254
2025,1,Friday,18,1,6,70.7764
2025,1,Friday,18,1,2,46.1258
2025,1,Friday,18,1,5,21.6734
2025,1,Friday,18,8,3,64.2012
2025,1,Friday,18,2,6,86.6928
2025,1,Friday,18,7,4,56.6694
2025,1,Friday,18,0,7,2.2298
2025,1,Friday,18,3,7,65.484
2025,1,Friday,18,2,5,17.3696
2025,1,Friday,18,7,6,10.8922
2025,1,Friday,18,0,4,23.8414
2025,1,Friday,18,2,3,138.1698
2025,1,Friday,18,3,6,275.024
2025,1,Friday,18,5,0,8.279
2025,1,Friday,18,2,7,18.6874
2025,1,Friday,18,1,4,99.1168
2025,1,Friday,18,4,6,71.45
2025,1,Friday,18,3,8,56.4952
2025,1,Friday,18,1,3,150.7782
2025,1,Friday,18,5,8,5.3128
2025,1,Friday,18,2,1,94.3118
2025,1,Friday,18,4,0,32.001
2025,1,Friday,18,5,2,15.2726
2025,1,Friday,18,7,0,4.3988
2025,1,Friday,18,6,0,19.2602
2025,1,Friday,18,8,6,13.3108
2025,1,Friday,18,5,6,17.7108
2025,1,Friday,18,7,5,4.1192
2025,1,Friday,18,8,2,14.2176
2025,1,Friday,18,5,3,131.618
2025,1,Friday,18,4,7,25.4334
2025,1,Friday,18,6,8,8.4902
2025,1,Friday,18,4,2,37.2626
2025,1,Friday,18,0,5,4.1822
2025,1,Friday,18,8,5,7.4468
2025,1,Friday,18,0,1,49.1744
2025,1,Friday,18,0,2,13.8898
2025,1,Friday,18,7,2,15.0456
2025,1,Friday,18,7,1,27.998
2025,1,Friday,18,3,4,331.452
2025,1,Friday,18,1,8,22.223
2025,1,Friday,18,3,0,49.7762
2025,1,Friday,18,3,2,93.1504
2025,1,Friday,18,5,1,33.0966
2025,1,Friday,18,1,0,63.5096
2025,1,Friday,18,2,4,77.3078
2025,1,Friday,18,6,2,55.4594
2025,1,Friday,18,0,6,10.847
2025,1,Friday,18,0,8,4.1684
2025,1,Friday,18,8,0,8.3792
2025,1,Friday,18,3,5,78.6174
2025,1,Friday,7,6,2,90.5934
2025,1,Friday,7,1,7,31.2306
2025,1,Friday,7,8,5,11.6508
2025,1,Friday,7,8,0,5.7776
2025,1,Friday,7,5,6,6.0504
2025,1,Friday,7,1,0,52.9114
2025,1,Friday,7,3,2,173.8752
2025,1,Friday,7,0,3,57.854
2025,1,Friday,7,3,1,182.1798
2025,1,Friday,7,6,5,10.4434
2025,1,Friday,7,8,4,28.946
2025,1,Friday,7,6,0,27.7272
2025,1,Friday,7,2,6,29.7556
2025,1,Friday,7,3,7,125.3148
2025,1,Friday,7,7,6,2.0798
2025,1,Friday,7,1,2,56.602
2025,1,Friday,7,5,0,3.1242
2025,1,Friday,7,1,3,166.9832
2025,1,Friday,7,2,8,14.5964
2025,1,Friday,7,8,3,82.5074
2025,1,Friday,7,3,0,52.1288
2025,1,Friday,7,2,5,17.4182
2025,1,Friday,7,7,5,1.5714
2025,1,Friday,7,3,6,343.203
2025,1,Friday,7,0,8,11.1628
2025,1,Friday,7,6,3,248.98
2025,1,Friday,7,1,5,44.5346
2025,1,Friday,7,5,3,75.2954
2025,1,Friday,7,3,5,275.1834
2025,1,Friday,7,5,4,28.4832
2025,1,Friday,7,0,2,58.6774
2025,1,Friday,7,4,5,32.658
2025,1,Friday,7,4,2,33.0928
2025,1,Friday,7,5,8,7.284
2025,1,Friday,7,2,1,29.1706
2025,1,Friday,7,4,7,14.2338
2025,1,Friday,7,6,8,28.8452
2025,1,Friday,7,6,7,3.6392
2025,1,Friday,7,5,1,35.6382
2025,1,Friday,7,1,8,30.2562
2025,1,Friday,7,4,6,41.4574
2025,1,Friday,7,0,6,33.1526
2025,1,Friday,7,4,3,133.2834
2025,1,Friday,7,0,5,22.2974
2025,1,Friday,7,0,4,41.6034
2025,1,Friday,7,8,6,7.244
2025,1,Friday,7,3,4,230.0404
2025,1,Friday,7,6,1,77.0598
2025,1,Friday,7,2,7,6.2524
2025,1,Friday,7,1,6,72.424
2025,1,Friday,7,7,2,26.734
2025,1,Friday,7,4,8,18.1188
2025,1,Friday,7,5,7,2.255
2025,1,Friday,7,6,4,35.1966
2025,1,Friday,7,2,3,40.418
2025,1,Friday,7,3,8,191.693
2025,1,Friday,7,8,1,50.738
2025,1,Friday,7,0,7,9.6106
2025,1,Friday,7,8,2,38.3854
2025,1,Friday,7,7,0,5.546
2025,1,Friday,7,0,1,164.3226
2025,1,Friday,7,2,0,14.5018
2025,1,Friday,7,7,3,78.4446
2025,1,Friday,7,4,1,62.6708
2025,1,Friday,7,1,4,39.3834
2025,1,Friday,7,4,0,12.7856
2025,1,Friday,7,2,4,19.1314
2025,1,Friday,7,5,2,24.5882
2025,1,Friday,7,7,4,29.3194
2025,1,Friday,7,7,1,16.338
2025,1,Friday,19,6,7,8.3
2025,1,Friday,19,0,3,18.0814
2025,1,Friday,19,1,4,75.6632
2025,1,Friday,19,5,7,2.5734
2025,1,Friday,19,8,6,9.9732
2025,1,Friday,19,7,5,3.0218
2025,1,Friday,19,8,5,2.4222
2025,1,Friday,19,7,4,37.3728
2025,1,Friday,19,0,4,18.0332
2025,1,Friday,19,7,2,10.2618
2025,1,Friday,19,5,4,32.2782
2025,1,Friday,19,2,7,12.5328
2025,1,Friday,19,4,5,22.7328
2025,1,Friday,19,0,1,31.4004
2025,1,Friday,19,7,0,3.5674
2025,1,Friday,19,3,5,42.6972
2025,1,Friday,19,3,8,29.6846
2025,1,Friday,19,8,2,5.2468
2025,1,Friday,19,4,0,28.37
2025,1,Friday,19,5,2,13.6394
2025,1,Friday,19,3,6,141.2628
2025,1,Friday,19,7,1,9.504
2025,1,Friday,19,4,7,16.5862
2025,1,Friday,19,2,3,73.2374
2025,1,Friday,19,8,4,15.6976
2025,1,Friday,19,3,0,33.141
2025,1,Friday,19,5,1,17.1732
2025,1,Friday,19,5,0,6.1878
2025,1,Friday,19,2,6,42.5902
2025,1,Friday,19,2,0,26.563
2025,1,Friday,19,4,1,60.8232
2025,1,Friday,19,6,5,18.677
2025,1,Friday,19,2,8,9.757
2025,1,Friday,19,6,8,6.5088
2025,1,Friday,19,2,5,9.5458
2025,1,Friday,19,1,7,12.9288
2025,1,Friday,19,3,4,185.0564
2025,1,Friday,19,3,1,119.6344
2025,1,Friday,19,8,1,7.4854
2025,1,Friday,19,1,0,39.0648
2025,1,Friday,19,1,8,15.9614
2025,1,Friday,19,8,0,3.8524
2025,1,Friday,19,0,7,0.5776
2025,1,Friday,19,4,2,30.0276
2025,1,Friday,19,1,3,102.2278
2025,1,Friday,19,4,3,146.8538
2025,1,Friday,19,0,2,6.3742
2025,1,Friday,19,6,0,12.5894
2025,1,Friday,19,0,5,2.0252
2025,1,Friday,19,7,6,6.3956
2025,1,Friday,19,1,6,46.9598
2025,1,Friday,19,6,1,45.7964
2025,1,Friday,19,4,8,14.8848
2025,1,Friday,19,3,2,49.4828
2025,1,Friday,19,0,6,6.074
2025,1,Friday,19,4,6,60.4694
2025,1,Friday,19,1,5,11.7516
2025,1,Friday,19,5,3,63.4902
2025,1,Friday,19,7,3,43.6982
2025,1,Friday,19,2,1,45.2058
2025,1,Friday,19,6,4,83.7958
2025,1,Friday,19,1,2,26.7132
2025,1,Friday,19,6,3,140.4052
2025,1,Friday,19,8,3,29.2026
2025,1,Friday,19,5,8,3.0698
2025,1,Friday,19,5,6,19.053
2025,1,Friday,19,6,2,28.3444
2025,1,Friday,19,3,7,35.298
2025,1,Friday,19,2,4,48.4184
2025,1,Friday,19,0,8,1.7398
2025,1,Friday,8,2,3,70.6718
2025,1,Friday,8,8,2,37.468
2025,1,Friday,8,6,3,469.307
2025,1,Friday,8,0,5,28.204
2025,1,Friday,8,3,0,38.0278
2025,1,Friday,8,1,0,53.5282
2025,1,Friday,8,5,1,24.9346
2025,1,Friday,8,4,0,13.992
2025,1,Friday,8,7,5,5.517
2025,1,Friday,8,0,7,14.8772
2025,1,Friday,8,0,4,60.3216
2025,1,Friday,8,4,3,232.2864
2025,1,Friday,8,4,1,53.486
2025,1,Friday,8,0,3,79.4098
2025,1,Friday,8,1,6,128.3696
2025,1,Friday,8,7,4,41.3314
2025,1,Friday,8,4,5,46.851
2025,1,Friday,8,6,1,109.7832
2025,1,Friday,8,1,3,348.0124
2025,1,Friday,8,5,7,6.5294
2025,1,Friday,8,6,7,2.5564
2025,1,Friday,8,2,0,20.3332
2025,1,Friday,8,8,3,128.5
2025,1,Friday,8,6,8,24.459
2025,1,Friday,8,7,3,144.712
2025,1,Friday,8,8,5,24.9168
2025,1,Friday,8,4,6,85.818
2025,1,Friday,8,2,6,69.5128
2025,1,Friday,8,6,0,19.8766
2025,1,Friday,8,8,1,40.959
2025,1,Friday,8,7,0,1.61
2025,1,Friday,8,5,0,4.4018
2025,1,Friday,8,1,8,35.886
2025,1,Friday,8,6,2,151.7004
2025,1,Friday,8,3,5,350.1514
2025,1,Friday,8,5,2,32.6236
2025,1,Friday,8,5,8,9.2324
2025,1,Friday,8,4,7,38.0748
2025,1,Friday,8,3,6,516.8858
2025,1,Friday,8,1,4,83.2726
2025,1,Friday,8,3,4,305.958
2025,1,Friday,8,1,7,38.2158
2025,1,Friday,8,3,2,226.7906
2025,1,Friday,8,2,4,29.7084
2025,1,Friday,8,4,8,24.6238
2025,1,Friday,8,3,8,221.0892
2025,1,Friday,8,0,2,81.8142
2025,1,Friday,8,0,8,14.9402
2025,1,Friday,8,2,5,28.0744
2025,1,Friday,8,1,2,113.7396
2025,1,Friday,8,0,6,34.2104
2025,1,Friday,8,3,1,154.2044
2025,1,Friday,8,5,3,134.435
2025,1,Friday,8,7,1,20.5184
2025,1,Friday,8,6,5,19.9308
2025,1,Friday,8,8,0,8.0836
2025,1,Friday,8,2,7,23.3908
2025,1,Friday,8,7,2,48.8662
2025,1,Friday,8,1,5,64.2614
2025,1,Friday,8,3,7,174.5518
2025,1,Friday,8,2,1,37.7434
2025,1,Friday,8,5,6,9.626
2025,1,Friday,8,7,6,3.3986
2025,1,Friday,8,8,4,30.554
2025,1,Friday,8,0,1,126.811
2025,1,Friday,8,8,7,1.3762
2025,1,Friday,8,8,6,8.34
2025,1,Friday,8,4,2,59.5542
2025,1,Friday,8,2,8,21.2528
2025,1,Friday,8,6,4,64.7268
2025,1,Friday,8,5,4,42.203
2025,1,Friday,20,6,3,76.794
2025,1,Friday,20,0,3,11.9014
2025,1,Friday,20,2,3,40.5088
2025,1,Friday,20,5,1,11.0614
2025,1,Friday,20,2,7,6.665
2025,1,Friday,20,8,3,14.9748
2025,1,Friday,20,4,3,127.8996
2025,1,Friday,20,0,1,15.424
2025,1,Friday,20,7,4,19.6602
2025,1,Friday,20,2,4,25.9866
2025,1,Friday,20,6,8,3.4324
2025,1,Friday,20,6,5,11.1894
2025,1,Friday,20,3,6,85.4864
2025,1,Friday,20,3,4,101.8122
2025,1,Friday,20,1,6,30.1512
2025,1,Friday,20,1,2,16.2308
2025,1,Friday,20,0,6,7.0022
2025,1,Friday,20,1,8,9.9858
2025,1,Friday,20,7,2,5.948
2025,1,Friday,20,4,2,24.7232
2025,1,Friday,20,4,5,15.3202
2025,1,Friday,20,3,0,20.9092
2025,1,Friday,20,4,8,8.2476
2025,1,Friday,20,6,7,5.1814
2025,1,Friday,20,0,7,1.1962
2025,1,Friday,20,0,5,0.846
2025,1,Friday,20,1,3,70.9532
2025,1,Friday,20,3,8,18.468
2025,1,Friday,20,3,1,75.218
2025,1,Friday,20,2,5,4.7844
2025,1,Friday,20,5,3,34.299
2025,1,Friday,20,5,6,13.8186
2025,1,Friday,20,2,0,18.3006
2025,1,Friday,20,7,1,6.2312
2025,1,Friday,20,2,8,7.7994
2025,1,Friday,20,6,2,14.8318
2025,1,Friday,20,8,1,5.7804
2025,1,Friday,20,8,2,3.3332
2025,1,Friday,20,0,8,1.4894
2025,1,Friday,20,8,5,0.9362
2025,1,Friday,20,4,7,14.5498
2025,1,Friday,20,4,1,52.6348
2025,1,Friday,20,5,8,0.4534
2025,1,Friday,20,6,4,36.1354
2025,1,Friday,20,1,5,7.4574
2025,1,Friday,20,7,6,3.0208
2025,1,Friday,20,3,2,32.2766
2025,1,Friday,20,8,4,7.897
2025,1,Friday,20,8,6,5.8962
2025,1,Friday,20,1,4,53.1506
2025,1,Friday,20,1,7,6.282
2025,1,Friday,20,2,6,28.9876
2025,1,Friday,20,2,1,25.591
2025,1,Friday,20,6,1,17.9934
2025,1,Friday,20,3,7,18.3254
2025,1,Friday,20,4,6,59.8316
2025,1,Friday,20,8,0,2.343
2025,1,Friday,20,7,0,2.06
2025,1,Friday,20,7,5,2.0598
2025,1,Friday,20,1,0,33.1084
2025,1,Friday,20,4,0,23.6468
2025,1,Friday,20,7,3,21.0328
2025,1,Friday,20,5,7,1.4548
2025,1,Friday,20,5,0,6.2334
2025,1,Friday,20,5,4,14.9402
2025,1,Friday,20,8,7,0.248
2025,1,Friday,20,6,0,9.538
2025,1,Friday,20,5,2,3.7584
2025,1,Friday,20,0,2,6.4308
2025,1,Friday,20,0,4,11.842
2025,1,Friday,20,3,5,17.9242
2025,1,Friday,9,2,5,21.934
2025,1,Friday,9,7,3,82.9972
2025,1,Friday,9,4,8,21.9218
2025,1,Friday,9,2,0,12.6704
2025,1,Friday,9,1,2,90.3222
2025,1,Friday,9,2,1,38.2142
2025,1,Friday,9,8,1,21.4204
2025,1,Friday,9,0,1,83.3266
2025,1,Friday,9,8,2,25.9712
2025,1,Friday,9,2,4,28.8356
2025,1,Friday,9,7,0,1.1912
2025,1,Friday,9,0,4,33.5582
2025,1,Friday,9,5,7,3.4206
2025,1,Friday,9,5,0,3.5428
2025,1,Friday,9,8,4,23.0308
2025,1,Friday,9,1,6,60.1914
2025,1,Friday,9,1,5,32.3118
2025,1,Friday,9,4,0,7.1282
2025,1,Friday,9,3,7,102.5174
2025,1,Friday,9,8,6,9.274
2025,1,Friday,9,6,0,13.642
2025,1,Friday,9,5,1,20.8284
2025,1,Friday,9,8,5,19.36
2025,1,Friday,9,0,3,53.0258
2025,1,Friday,9,7,5,7.0964
2025,1,Friday,9,1,0,31.3348
2025,1,Friday,9,7,6,6.142
2025,1,Friday,9,3,6,267.984
2025,1,Friday,9,4,7,27.034
2025,1,Friday,9,3,1,125.2326
2025,1,Friday,9,8,0,4.167
2025,1,Friday,9,4,3,159.1608
2025,1,Friday,9,0,2,49.7968
2025,1,Friday,9,4,5,28.9632
2025,1,Friday,9,7,8,0.4222
2025,1,Friday,9,3,2,154.7382
2025,1,Friday,9,3,5,209.9264
2025,1,Friday,9,1,4,55.6132
2025,1,Friday,9,6,8,20.1934
2025,1,Friday,9,3,8,105.8412
2025,1,Friday,9,1,7,22.3256
2025,1,Friday,9,5,4,38.4568
2025,1,Friday,9,7,1,16.397
2025,1,Friday,9,2,6,39.4176
2025,1,Friday,9,6,3,290.3856
2025,1,Friday,9,1,3,214.9328
2025,1,Friday,9,2,3,77.093
2025,1,Friday,9,4,6,61.6412
2025,1,Friday,9,0,6,16.5616
2025,1,Friday,9,5,8,5.406
2025,1,Friday,9,0,7,5.973
2025,1,Friday,9,6,2,133.4056
2025,1,Friday,9,2,8,13.3188
2025,1,Friday,9,5,2,26.8744
2025,1,Friday,9,6,7,2.6212
2025,1,Friday,9,2,7,17.7582
2025,1,Friday,9,4,1,48.5148
2025,1,Friday,9,3,4,227.7156
2025,1,Friday,9,4,2,55.7778
2025,1,Friday,9,0,5,16.7152
2025,1,Friday,9,6,1,65.5082
2025,1,Friday,9,1,8,18.9866
2025,1,Friday,9,5,3,87.203
2025,1,Friday,9,7,4,34.6082
2025,1,Friday,9,7,2,26.8756
2025,1,Friday,9,0,8,9.5248
2025,1,Friday,9,5,6,10.9964
2025,1,Friday,9,3,0,18.2972
2025,1,Friday,9,6,5,22.4424
2025,1,Friday,9,6,4,60.1608
2025,1,Friday,9,8,3,60.0976
2025,1,Friday,21,7,2,2.9138
2025,1,Friday,21,3,4,61.4198
2025,1,Friday,21,5,2,3.787
2025,1,Friday,21,7,0,2.1914
2025,1,Friday,21,8,4,4.0594
2025,1,Friday,21,2,8,8.618
2025,1,Friday,21,8,2,2.4592
2025,1,Friday,21,6,4,27.3532
2025,1,Friday,21,8,5,0.4818
2025,1,Friday,21,2,7,4.3638
2025,1,Friday,21,8,0,2.297
2025,1,Friday,21,3,5,21.9466
2025,1,Friday,21,4,3,114.4746
2025,1,Friday,21,0,6,5.945
2025,1,Friday,21,5,4,12.9914
2025,1,Friday,21,8,1,3.874
2025,1,Friday,21,4,5,15.3556
2025,1,Friday,21,0,3,7.3976
2025,1,Friday,21,1,8,8.0518
2025,1,Friday,21,3,1,50.1766
2025,1,Friday,21,3,0,21.1034
2025,1,Friday,21,1,5,8.3212
2025,1,Friday,21,8,6,2.7254
2025,1,Friday,21,6,2,6.4176
2025,1,Friday,21,6,5,3.4246
2025,1,Friday,21,0,1,7.6712
2025,1,Friday,21,4,7,10.853
2025,1,Friday,21,6,1,12.8136
2025,1,Friday,21,4,2,20.6992
2025,1,Friday,21,3,8,23.9554
2025,1,Friday,21,2,6,22.3388
2025,1,Friday,21,8,3,10.9042
2025,1,Friday,21,7,3,17.741
2025,1,Friday,21,2,0,11.2912
2025,1,Friday,21,4,8,9.648
2025,1,Friday,21,1,2,11.4834
2025,1,Friday,21,7,1,6.3198
2025,1,Friday,21,4,6,47.8102
2025,1,Friday,21,4,0,19.1456
2025,1,Friday,21,5,7,1.144
2025,1,Friday,21,2,1,16.6702
2025,1,Friday,21,1,4,35.4202
2025,1,Friday,21,0,8,1.7888
2025,1,Friday,21,3,2,23.7262
2025,1,Friday,21,2,4,13.9088
2025,1,Friday,21,6,8,1.6426
2025,1,Friday,21,1,0,23.0616
2025,1,Friday,21,1,3,55.5592
2025,1,Friday,21,4,1,61.5216
2025,1,Friday,21,7,4,14.0894
2025,1,Friday,21,6,7,3.7534
2025,1,Friday,21,2,3,31.4016
2025,1,Friday,21,5,3,19.8834
2025,1,Friday,21,0,4,8.8532
2025,1,Friday,21,7,5,1.9706
2025,1,Friday,21,5,8,0.2642
2025,1,Friday,21,5,0,3.946
2025,1,Friday,21,6,0,6.1316
2025,1,Friday,21,6,3,47.5806
2025,1,Friday,21,5,6,7.0724
2025,1,Friday,21,0,5,0.8642
2025,1,Friday,21,3,7,15.4782
2025,1,Friday,21,3,6,62.5402
2025,1,Friday,21,0,2,3.2674
2025,1,Friday,21,2,5,5.624
2025,1,Friday,21,7,6,2.4172
2025,1,Friday,21,1,6,30.9464
2025,1,Friday,21,5,1,5.2366
2025,1,Friday,21,1,7,4.9756
2025,1,Friday,10,0,6,9.7612
2025,1,Friday,10,0,4,21.387
2025,1,Friday,10,7,1,11.4368
2025,1,Friday,10,1,0,27.0846
2025,1,Friday,10,6,8,19.093
2025,1,Friday,10,8,4,22.3164
2025,1,Friday,10,3,1,128.8202
2025,1,Friday,10,5,1,21.2084
2025,1,Friday,10,6,3,122.7028
2025,1,Friday,10,6,7,5.8322
2025,1,Friday,10,2,4,31.2226
2025,1,Friday,10,8,6,10.2382
2025,1,Friday,10,4,3,106.23
2025,1,Friday,10,1,3,124.431
2025,1,Friday,10,0,5,11.2596
2025,1,Friday,10,8,2,14.9246
2025,1,Friday,10,1,4,51.1642
2025,1,Friday,10,2,3,62.8364
2025,1,Friday,10,4,5,19.1562
2025,1,Friday,10,0,2,24.129
2025,1,Friday,10,2,1,37.7664
2025,1,Friday,10,7,2,29.351
2025,1,Friday,10,7,8,0.8616
2025,1,Friday,10,1,2,62.6782
2025,1,Friday,10,0,1,59.6672
2025,1,Friday,10,6,0,10.06
2025,1,Friday,10,3,8,72.1926
2025,1,Friday,10,7,4,21.9954
2025,1,Friday,10,2,0,10.8194
2025,1,Friday,10,4,2,39.5006
2025,1,Friday,10,8,0,5.8936
2025,1,Friday,10,8,3,41.7442
2025,1,Friday,10,4,1,49.5596
2025,1,Friday,10,3,6,153.4972
2025,1,Friday,10,6,1,58.3116
2025,1,Friday,10,4,6,46.484
2025,1,Friday,10,5,6,14.6002
2025,1,Friday,10,0,8,5.1124
2025,1,Friday,10,3,2,99.0514
2025,1,Friday,10,7,6,3.5534
2025,1,Friday,10,7,5,3.493
2025,1,Friday,10,3,4,173.554
2025,1,Friday,10,7,0,0.727
2025,1,Friday,10,6,5,13.7798
2025,1,Friday,10,3,0,18.8624
2025,1,Friday,10,5,3,70.3158
2025,1,Friday,10,3,5,107.8372
2025,1,Friday,10,0,7,2.796
2025,1,Friday,10,1,5,19.652
2025,1,Friday,10,8,5,12.532
2025,1,Friday,10,5,2,18.6336
2025,1,Friday,10,3,7,60.9176
2025,1,Friday,10,1,7,10.0722
2025,1,Friday,10,1,6,26.3832
2025,1,Friday,10,2,6,22.9492
2025,1,Friday,10,7,3,48.077
2025,1,Friday,10,2,5,14.8486
2025,1,Friday,10,5,0,6.665
2025,1,Friday,10,6,4,48.8446
2025,1,Friday,10,4,0,12.3624
2025,1,Friday,10,1,8,10.09
2025,1,Friday,10,4,8,17.0802
2025,1,Friday,10,5,4,29.981
2025,1,Friday,10,2,7,10.012
2025,1,Friday,10,4,7,14.08
2025,1,Friday,10,2,8,10.9264
2025,1,Friday,10,6,2,53.1326
2025,1,Friday,10,8,1,21.2226
2025,1,Friday,10,5,7,4.5802
2025,1,Friday,10,0,3,40.2918
2025,1,Friday,10,5,8,8.2384
2025,1,Friday,22,3,7,9.245
2025,1,Friday,22,0,7,0.8412
2025,1,Friday,22,2,7,3.6722
2025,1,Friday,22,1,3,26.5588
2025,1,Friday,22,3,4,38.288
2025,1,Friday,22,1,8,4.5466
2025,1,Friday,22,7,6,2.5774
2025,1,Friday,22,3,2,19.7326
2025,1,Friday,22,5,0,3.2624
2025,1,Friday,22,0,8,1.0902
2025,1,Friday,22,5,3,15.3826
2025,1,Friday,22,0,5,0.5632
2025,1,Friday,22,8,0,2.3984
2025,1,Friday,22,2,5,3.6734
2025,1,Friday,22,6,7,2.367
2025,1,Friday,22,7,0,3.6772
2025,1,Friday,22,6,0,6.1842
2025,1,Friday,22,2,1,14.9236
2025,1,Friday,22,4,2,20.1462
2025,1,Friday,22,3,5,9.4418
2025,1,Friday,22,6,5,2.5972
2025,1,Friday,22,5,8,0.6804
2025,1,Friday,22,2,3,23.366
2025,1,Friday,22,6,3,38.7018
2025,1,Friday,22,6,8,4.2568
2025,1,Friday,22,2,0,9.9504
2025,1,Friday,22,4,8,8.5292
2025,1,Friday,22,0,4,3.073
2025,1,Friday,22,8,4,6.336
2025,1,Friday,22,8,2,1.9026
2025,1,Friday,22,1,5,4.7506
2025,1,Friday,22,5,1,7.2774
2025,1,Friday,22,5,4,8.1556
2025,1,Friday,22,7,2,2.0532
2025,1,Friday,22,0,1,6.9574
2025,1,Friday,22,5,7,0.6716
2025,1,Friday,22,4,1,35.6684
2025,1,Friday,22,2,4,10.3482
2025,1,Friday,22,4,6,41.5854
2025,1,Friday,22,0,2,0.8264
2025,1,Friday,22,4,5,9.955
2025,1,Friday,22,6,1,8.9056
2025,1,Friday,22,1,0,22.472
2025,1,Friday,22,1,6,12.3494
2025,1,Friday,22,3,8,19.8104
2025,1,Friday,22,6,2,6.0172
2025,1,Friday,22,2,8,5.7486
2025,1,Friday,22,3,0,19.3738
2025,1,Friday,22,6,4,15.3754
2025,1,Friday,22,3,6,49.7618
2025,1,Friday,22,0,3,6.4412
2025,1,Friday,22,4,0,12.944
2025,1,Friday,22,7,1,2.7658
2025,1,Friday,22,7,5,0.23
2025,1,Friday,22,7,4,6.761
2025,1,Friday,22,8,3,16.1724
2025,1,Friday,22,5,2,2.9792
2025,1,Friday,22,8,1,0.9124
2025,1,Friday,22,1,7,4.537
2025,1,Friday,22,5,6,4.2256
2025,1,Friday,22,3,1,38.6116
2025,1,Friday,22,4,7,10.894
2025,1,Friday,22,2,6,18.261
2025,1,Friday,22,1,4,15.2804
2025,1,Friday,22,7,3,17.8184
2025,1,Friday,22,1,2,6.4398
2025,1,Friday,22,0,6,4.9888
2025,1,Friday,22,8,6,3.3606
2025,1,Friday,22,4,3,94.5754
2025,1,Friday,11,3,2,91.738
2025,1,Friday,11,5,3,65.0586
2025,1,Friday,11,3,5,72.9814
2025,1,Friday,11,6,5,17.0692
2025,1,Friday,11,8,6,23.1122
2025,1,Friday,11,6,7,4.746
2025,1,Friday,11,4,8,16.3558
2025,1,Friday,11,0,5,14.979
2025,1,Friday,11,1,3,99.5018
2025,1,Friday,11,2,3,64.1932
2025,1,Friday,11,3,1,118.4286
2025,1,Friday,11,3,6,118.03
2025,1,Friday,11,6,0,6.162
2025,1,Friday,11,1,7,10.4458
2025,1,Friday,11,7,3,46.0102
2025,1,Friday,11,6,8,17.5084
2025,1,Friday,11,4,6,47.24
2025,1,Friday,11,5,1,22.041
2025,1,Friday,11,7,2,19.298
2025,1,Friday,11,1,5,15.7152
2025,1,Friday,11,6,1,40.084
2025,1,Friday,11,7,1,13.2252
2025,1,Friday,11,2,0,9.7746
2025,1,Friday,11,0,1,42.013
2025,1,Friday,11,4,5,23.3766
2025,1,Friday,11,7,0,1.7028
2025,1,Friday,11,0,2,27.6428
2025,1,Friday,11,3,8,61.9238
2025,1,Friday,11,0,4,23.3878
2025,1,Friday,11,8,1,17.346
2025,1,Friday,11,4,3,113.2736
2025,1,Friday,11,4,7,13.0084
2025,1,Friday,11,8,5,13.7476
2025,1,Friday,11,4,2,41.6044
2025,1,Friday,11,0,7,1.9748000000000001
2025,1,Friday,11,8,4,19.4758
2025,1,Friday,11,5,4,40.1958
2025,1,Friday,11,8,3,52.4118
2025,1,Friday,11,2,4,38.9168
2025,1,Friday,11,2,7,8.9902
2025,1,Friday,11,1,4,54.4826
2025,1,Friday,11,1,6,28.871
2025,1,Friday,11,2,6,27.5362
2025,1,Friday,11,2,8,11.581
2025,1,Friday,11,6,3,126.2208
2025,1,Friday,11,2,1,53.029
2025,1,Friday,11,0,3,40.0788
2025,1,Friday,11,1,8,14.0228
2025,1,Friday,11,3,0,23.0584
2025,1,Friday,11,5,7,6.2436
2025,1,Friday,11,1,2,58.1952
2025,1,Friday,11,4,1,60.6266
2025,1,Friday,11,6,2,38.8412
2025,1,Friday,11,5,0,9.7092
2025,1,Friday,11,2,5,13.2584
2025,1,Friday,11,8,2,13.5394
2025,1,Friday,11,0,6,12.6596
2025,1,Friday,11,5,8,13.8582
2025,1,Friday,11,1,0,22.3956
2025,1,Friday,11,5,6,33.4026
2025,1,Friday,11,4,0,12.1518
2025,1,Friday,11,6,4,62.6636
2025,1,Friday,11,3,7,37.9794
2025,1,Friday,11,7,6,2.9484
2025,1,Friday,11,0,8,6.5114
2025,1,Friday,11,8,0,2.9456
2025,1,Friday,11,7,5,4.459
2025,1,Friday,11,7,4,31.6962
2025,1,Friday,11,3,4,157.7162
2025,1,Friday,11,5,2,16.4068
2025,1,Friday,23,7,1,2.818
2025,1,Friday,23,6,2,4.0378
2025,1,Friday,23,8,4,4.0056
2025,1,Friday,23,4,6,25.7822
2025,1,Friday,23,6,0,3.5468
2025,1,Friday,23,5,8,1.204
2025,1,Friday,23,4,7,5.7152
2025,1,Friday,23,1,6,10.5176
2025,1,Friday,23,1,5,2.8582
2025,1,Friday,23,3,8,9.2866
2025,1,Friday,23,0,6,3.7178
2025,1,Friday,23,0,3,5.3918
2025,1,Friday,23,4,3,63.6954
2025,1,Friday,23,8,3,10.4062
2025,1,Friday,23,8,2,3.506
2025,1,Friday,23,2,8,5.2476
2025,1,Friday,23,3,4,29.368
2025,1,Friday,23,0,1,3.875
2025,1,Friday,23,6,5,2.5602
2025,1,Friday,23,3,7,7.2486
2025,1,Friday,23,3,2,9.5016
2025,1,Friday,23,2,5,1.8462
2025,1,Friday,23,6,8,0.9668
2025,1,Friday,23,1,2,5.529
2025,1,Friday,23,0,5,0.2932
2025,1,Friday,23,7,2,0.7196
2025,1,Friday,23,5,3,16.2848
2025,1,Friday,23,7,0,1.6298
2025,1,Friday,23,3,1,19.1482
2025,1,Friday,23,6,1,5.6944
2025,1,Friday,23,1,7,0.7114
2025,1,Friday,23,2,1,6.6944
2025,1,Friday,23,2,0,10.4126
2025,1,Friday,23,5,2,2.3338
2025,1,Friday,23,5,6,3.032
2025,1,Friday,23,6,4,10.3346
2025,1,Friday,23,4,0,14.5102
2025,1,Friday,23,0,4,2.729
2025,1,Friday,23,4,8,4.8484
2025,1,Friday,23,1,8,5.9258
2025,1,Friday,23,7,6,0.9582
2025,1,Friday,23,0,8,0.8562
2025,1,Friday,23,4,1,31.6092
2025,1,Friday,23,3,6,25.3978
2025,1,Friday,23,4,2,14.0392
2025,1,Friday,23,5,1,6.1008
2025,1,Friday,23,0,2,2.7212
2025,1,Friday,23,8,1,2.3236
2025,1,Friday,23,8,5,0.2358
2025,1,Friday,23,2,3,19.802
2025,1,Friday,23,8,0,0.8894
2025,1,Friday,23,1,0,9.252
2025,1,Friday,23,2,4,8.7626
2025,1,Friday,23,7,5,0.2586
2025,1,Friday,23,6,3,24.1468
2025,1,Friday,23,5,7,0.2394
2025,1,Friday,23,2,6,11.7644
2025,1,Friday,23,1,4,6.9494
2025,1,Friday,23,3,0,14.7126
2025,1,Friday,23,6,7,1.2154
2025,1,Friday,23,5,0,2.5008
2025,1,Friday,23,2,7,2.0236
2025,1,Friday,23,7,3,14.6388
2025,1,Friday,23,3,5,6.6702
2025,1,Friday,23,4,5,6.9008
2025,1,Friday,23,0,7,0.6132
2025,1,Friday,23,5,4,6.4328
2025,1,Friday,23,1,3,20.8622
2025,1,Friday,23,7,4,5.4674
2025,1,Friday,23,8,6,0.9006
2025,1,Friday,0,3,5,2.1718
2025,1,Friday,0,1,3,2.1132
2025,1,Friday,0,6,7,0.2342
2025,1,Friday,0,5,0,0.4916
2025,1,Friday,0,6,4,2.6518
2025,1,Friday,0,0,2,0.5724
2025,1,Friday,0,5,1,0.9132
2025,1,Friday,0,5,7,0.225
2025,1,Friday,0,1,8,0.2428
2025,1,Friday,0,1,6,0.983
2025,1,Friday,0,2,5,0.9038
2025,1,Friday,0,2,6,2.5834
2025,1,Friday,0,2,8,4.1546
2025,1,Friday,0,1,7,0.2714
2025,1,Friday,0,5,4,1.6756
2025,1,Friday,0,8,0,0.5064
2025,1,Friday,0,7,0,0.6998
2025,1,Friday,0,8,4,1.4614
2025,1,Friday,0,4,2,2.0978
2025,1,Friday,0,3,7,2.8734
2025,1,Friday,0,4,7,0.9212
2025,1,Friday,0,4,6,6.747
2025,1,Friday,0,8,6,1.2852
2025,1,Friday,0,6,1,1.1722
2025,1,Friday,0,0,5,0.28
2025,1,Friday,0,3,6,14.2884
2025,1,Friday,0,8,3,4.1386
2025,1,Friday,0,2,0,6.9482
2025,1,Friday,0,4,8,1.6576
2025,1,Friday,0,3,0,8.0628
2025,1,Friday,0,6,3,9.3146
2025,1,Friday,0,0,6,0.3014
2025,1,Friday,0,5,6,0.932
2025,1,Friday,0,3,1,4.189
2025,1,Friday,0,4,0,5.4244
2025,1,Friday,0,0,8,0.5876
2025,1,Friday,0,3,8,10.6492
2025,1,Friday,0,4,5,2.0908
2025,1,Friday,0,8,2,0.2492
2025,1,Friday,0,4,3,14.4454
2025,1,Friday,0,6,0,2.1314
2025,1,Friday,0,7,4,0.2508
2025,1,Friday,0,3,2,3.418
2025,1,Friday,0,1,4,1.505
2025,1,Friday,0,4,1,7.824
2025,1,Friday,0,3,4,8.3724
2025,1,Friday,0,1,0,3.4116
2025,1,Friday,0,6,8,1.149
2025,1,Friday,0,2,4,1.8414
2025,1,Friday,0,2,1,2.3338
2025,1,Friday,0,2,3,2.2926
2025,1,Friday,0,1,2,1.2292
2025,1,Friday,0,5,3,5.0302
2025,1,Friday,0,0,7,0.2862
2025,1,Friday,0,7,3,3.619
2025,1,Friday,0,7,1,2.0616
2025,1,Friday,0,8,1,0.2426
2025,1,Friday,0,0,4,2.879
2025,1,Friday,0,6,5,1.1716
2025,1,Friday,0,6,2,1.5004
2025,1,Friday,0,0,3,3.626
2025,1,Friday,0,0,1,0.3092
2025,1,Friday,0,5,2,0.4694
2025,1,Friday,12,6,4,71.469
2025,1,Friday,12,5,7,6.8486
2025,1,Friday,12,5,4,47.8866
2025,1,Friday,12,4,3,125.1384
2025,1,Friday,12,3,0,22.9332
2025,1,Friday,12,0,7,3.2722
2025,1,Friday,12,4,7,18.0732
2025,1,Friday,12,0,2,24.9798
2025,1,Friday,12,0,1,42.883
2025,1,Friday,12,4,6,51.4604
2025,1,Friday,12,2,8,11.6952
2025,1,Friday,12,1,8,8.4148
2025,1,Friday,12,3,4,177.6904
2025,1,Friday,12,8,0,3.1128
2025,1,Friday,12,8,1,20.4582
2025,1,Friday,12,8,2,12.7938
2025,1,Friday,12,1,5,19.8268
2025,1,Friday,12,4,5,28.4854
2025,1,Friday,12,0,6,13.3432
2025,1,Friday,12,4,0,12.5912
2025,1,Friday,12,7,6,6.5586
2025,1,Friday,12,2,0,15.3744
2025,1,Friday,12,3,6,141.8354
2025,1,Friday,12,6,1,53.967
2025,1,Friday,12,2,1,56.1638
2025,1,Friday,12,2,4,55.6688
2025,1,Friday,12,2,6,32.0184
2025,1,Friday,12,5,2,18.5684
2025,1,Friday,12,6,3,123.22
2025,1,Friday,12,0,5,6.5632
2025,1,Friday,12,3,2,87.7884
2025,1,Friday,12,1,6,40.0436
2025,1,Friday,12,6,8,21.6278
2025,1,Friday,12,8,7,0.7222
2025,1,Friday,12,1,2,68.8078
2025,1,Friday,12,2,5,14.2116
2025,1,Friday,12,7,0,1.854
2025,1,Friday,12,8,6,37.554
2025,1,Friday,12,1,3,116.2028
2025,1,Friday,12,8,5,16.9066
2025,1,Friday,12,7,3,40.2944
2025,1,Friday,12,1,0,31.5008
2025,1,Friday,12,3,7,33.2272
2025,1,Friday,12,0,4,30.8694
2025,1,Friday,12,5,0,9.4706
2025,1,Friday,12,7,2,19.3698
2025,1,Friday,12,2,3,91.4042
2025,1,Friday,12,5,3,78.5758
2025,1,Friday,12,3,1,123.5988
2025,1,Friday,12,6,7,4.3708
2025,1,Friday,12,7,4,31.642
2025,1,Friday,12,7,1,16.8846
2025,1,Friday,12,8,3,58.232
2025,1,Friday,12,6,5,30.3586
2025,1,Friday,12,1,7,11.5604
2025,1,Friday,12,8,4,24.4226
2025,1,Friday,12,6,0,13.7664
2025,1,Friday,12,4,8,18.589
2025,1,Friday,12,5,1,25.6622
2025,1,Friday,12,4,1,63.0352
2025,1,Friday,12,5,6,25.9164
2025,1,Friday,12,3,5,64.5648
2025,1,Friday,12,6,2,40.1068
2025,1,Friday,12,2,7,9.9874
2025,1,Friday,12,7,8,0.892
2025,1,Friday,12,3,8,56.8796
2025,1,Friday,12,0,8,4.371
2025,1,Friday,12,0,3,31.6842
2025,1,Friday,12,1,4,70.468
2025,1,Friday,12,7,5,5.6124
2025,1,Friday,12,5,8,13.8074
2025,1,Friday,12,4,2,44.1834
2025,1,Saturday,1,6,2,2.1355
2025,1,Saturday,1,4,0,5.1563
2025,1,Saturday,1,5,0,0.6428
2025,1,Saturday,1,4,5,1.1857
2025,1,Saturday,1,5,2,0.635
2025,1,Saturday,1,4,3,11.0845
2025,1,Saturday,1,8,1,0.3332
2025,1,Saturday,1,4,2,2.697
2025,1,Saturday,1,1,5,0.9457
2025,1,Saturday,1,2,6,1.1338
2025,1,Saturday,1,8,3,1.2473
2025,1,Saturday,1,8,4,0.25
2025,1,Saturday,1,6,8,0.3088
2025,1,Saturday,1,3,7,0.697
2025,1,Saturday,1,6,5,0.5
2025,1,Saturday,1,1,6,1.4008
2025,1,Saturday,1,0,4,0.82
2025,1,Saturday,1,3,8,0.937
2025,1,Saturday,1,3,4,5.4885
2025,1,Saturday,1,7,4,0.6017
2025,1,Saturday,1,0,7,0.3577
2025,1,Saturday,1,2,1,1.2245
2025,1,Saturday,1,0,1,0.3577
2025,1,Saturday,1,8,2,0.3173
2025,1,Saturday,1,0,3,1.0117
2025,1,Saturday,1,3,0,5.4645
2025,1,Saturday,1,6,0,0.5935
2025,1,Saturday,1,3,2,2.3485
2025,1,Saturday,1,7,0,1.5655
2025,1,Saturday,1,4,6,6.6028
2025,1,Saturday,1,7,6,0.3332
2025,1,Saturday,1,3,6,6.1017
2025,1,Saturday,1,7,2,0.3153
2025,1,Saturday,1,2,4,1.452
2025,1,Saturday,1,6,1,0.5945
2025,1,Saturday,1,2,8,0.9677
2025,1,Saturday,1,4,8,0.6042
2025,1,Saturday,1,2,0,4.1695
2025,1,Saturday,1,6,4,1.95
2025,1,Saturday,1,2,3,2.0175
2025,1,Saturday,1,5,6,0.893
2025,1,Saturday,1,1,7,0.647
2025,1,Saturday,1,1,2,0.3095
2025,1,Saturday,1,4,7,0.9152
2025,1,Saturday,1,8,0,2.3095
2025,1,Saturday,1,7,3,2.4782
2025,1,Saturday,1,5,4,1.858
2025,1,Saturday,1,3,5,1.3002
2025,1,Saturday,1,2,5,0.554
2025,1,Saturday,1,0,2,0.7677
2025,1,Saturday,1,1,0,0.997
2025,1,Saturday,1,3,1,4.4457
2025,1,Saturday,1,7,1,0.6017
2025,1,Saturday,1,6,3,4.1098
2025,1,Saturday,1,1,3,2.8488
2025,1,Saturday,1,5,1,1.5505
2025,1,Saturday,1,1,4,1.4342
2025,1,Saturday,1,8,6,0.5228
2025,1,Saturday,1,4,1,5.499
2025,1,Saturday,1,5,3,2.7205
2025,1,Saturday,13,7,3,33.2877
2025,1,Saturday,13,2,1,44.9335
2025,1,Saturday,13,7,2,19.175
2025,1,Saturday,13,2,8,13.2922
2025,1,Saturday,13,5,0,2.9735
2025,1,Saturday,13,6,2,42.0328
2025,1,Saturday,13,4,5,32.1285
2025,1,Saturday,13,2,3,57.4475
2025,1,Saturday,13,7,0,0.9032
2025,1,Saturday,13,8,6,16.2673
2025,1,Saturday,13,5,4,37.9068
2025,1,Saturday,13,3,1,135.2983
2025,1,Saturday,13,1,4,95.7192
2025,1,Saturday,13,0,3,26.649
2025,1,Saturday,13,6,5,22.453
2025,1,Saturday,13,8,0,1.8335
2025,1,Saturday,13,8,4,22.3935
2025,1,Saturday,13,3,4,200.1703
2025,1,Saturday,13,0,5,4.1102
2025,1,Saturday,13,1,0,31.9975
2025,1,Saturday,13,2,4,56.934
2025,1,Saturday,13,8,7,0.347
2025,1,Saturday,13,6,1,72.2385
2025,1,Saturday,13,7,5,5.0875
2025,1,Saturday,13,4,2,60.469
2025,1,Saturday,13,0,4,31.4408
2025,1,Saturday,13,0,7,1.346
2025,1,Saturday,13,8,5,12.2415
2025,1,Saturday,13,5,6,17.7913
2025,1,Saturday,13,1,8,9.9945
2025,1,Saturday,13,3,7,22.003
2025,1,Saturday,13,7,4,35.2675
2025,1,Saturday,13,5,1,29.4853
2025,1,Saturday,13,3,0,15.1392
2025,1,Saturday,13,8,1,22.6532
2025,1,Saturday,13,2,7,8.6233
2025,1,Saturday,13,8,2,9.3125
2025,1,Saturday,13,6,0,9.9953
2025,1,Saturday,13,5,2,13.3727
2025,1,Saturday,13,2,0,11.6948
2025,1,Saturday,13,0,8,2.3825
2025,1,Saturday,13,7,6,4.979
2025,1,Saturday,13,1,7,10.9698
2025,1,Saturday,13,0,6,10.993
2025,1,Saturday,13,2,5,7.7928
2025,1,Saturday,13,1,6,39.1818
2025,1,Saturday,13,6,4,92.0042
2025,1,Saturday,13,3,2,60.85
2025,1,Saturday,13,3,5,61.4
2025,1,Saturday,13,7,1,19.68
2025,1,Saturday,13,0,1,40.7567
2025,1,Saturday,13,5,7,3.3677
2025,1,Saturday,13,4,8,14.0122
2025,1,Saturday,13,6,7,3.852
2025,1,Saturday,13,5,8,12.7685
2025,1,Saturday,13,8,3,33.3933
2025,1,Saturday,13,6,3,114.7188
2025,1,Saturday,13,3,6,134.7998
2025,1,Saturday,13,1,2,58.7743
2025,1,Saturday,13,1,3,109.4457
2025,1,Saturday,13,4,7,23.0942
2025,1,Saturday,13,6,8,9.7767
2025,1,Saturday,13,2,6,24.315
2025,1,Saturday,13,1,5,15.4887
2025,1,Saturday,13,5,3,45.198
2025,1,Saturday,13,7,8,1.139
2025,1,Saturday,13,4,1,108.6347
2025,1,Saturday,13,4,6,64.6217
2025,1,Saturday,13,0,2,21.5595
2025,1,Saturday,13,4,0,16.1815
2025,1,Saturday,13,4,3,151.4672
2025,1,Saturday,13,3,8,38.5922
2025,1,Saturday,2,6,8,0.534
2025,1,Saturday,2,2,8,0.4168
2025,1,Saturday,2,6,3,1.7395
2025,1,Saturday,2,3,2,1.3515
2025,1,Saturday,2,5,0,0.3332
2025,1,Saturday,2,1,2,0.55
2025,1,Saturday,2,0,6,1.6513
2025,1,Saturday,2,0,4,0.3332
2025,1,Saturday,2,4,0,2.395
2025,1,Saturday,2,3,1,0.9647
2025,1,Saturday,2,2,1,0.3035
2025,1,Saturday,2,0,1,0.8623
2025,1,Saturday,2,3,4,3.301
2025,1,Saturday,2,1,0,0.3035
2025,1,Saturday,2,7,1,0.25
2025,1,Saturday,2,4,2,4.789
2025,1,Saturday,2,6,7,1.201
2025,1,Saturday,2,7,3,0.7918
2025,1,Saturday,2,2,6,0.675
2025,1,Saturday,2,4,7,0.3192
2025,1,Saturday,2,6,4,0.626
2025,1,Saturday,2,3,7,0.3125
2025,1,Saturday,2,1,3,0.75
2025,1,Saturday,2,6,5,0.25
2025,1,Saturday,2,8,6,0.3862
2025,1,Saturday,2,4,3,6.4915
2025,1,Saturday,2,7,4,0.2918
2025,1,Saturday,2,4,1,2.3332
2025,1,Saturday,2,4,8,0.6342
2025,1,Saturday,2,5,2,0.3055
2025,1,Saturday,2,6,1,0.25
2025,1,Saturday,2,5,3,0.5555
2025,1,Saturday,2,2,4,0.5
2025,1,Saturday,2,2,3,0.7605
2025,1,Saturday,2,3,0,0.6368
2025,1,Saturday,2,7,5,0.25
2025,1,Saturday,2,2,5,0.7918
2025,1,Saturday,2,7,2,0.25
2025,1,Saturday,2,5,4,0.25
2025,1,Saturday,2,2,0,0.7123
2025,1,Saturday,2,3,6,2.6903
2025,1,Saturday,2,8,0,0.5418
2025,1,Saturday,2,1,6,0.4
2025,1,Saturday,2,0,5,0.6665
2025,1,Saturday,2,4,6,0.2727
2025,1,Saturday,14,4,7,25.566
2025,1,Saturday,14,0,5,8.477
2025,1,Saturday,14,1,3,125.6123
2025,1,Saturday,14,8,4,27.235
2025,1,Saturday,14,6,0,12.0785
2025,1,Saturday,14,2,6,33.4718
2025,1,Saturday,14,3,5,45.536
2025,1,Saturday,14,5,8,5.4885
2025,1,Saturday,14,8,1,16.876
2025,1,Saturday,14,3,0,19.632
2025,1,Saturday,14,2,1,55.943
2025,1,Saturday,14,7,3,42.1922
2025,1,Saturday,14,5,4,43.1895
2025,1,Saturday,14,2,7,13.9795
2025,1,Saturday,14,0,8,3.1778
2025,1,Saturday,14,2,8,10.937
2025,1,Saturday,14,7,0,0.941
2025,1,Saturday,14,6,4,79.7248
2025,1,Saturday,14,7,2,15.7615
2025,1,Saturday,14,8,6,17.594
2025,1,Saturday,14,1,4,104.9092
2025,1,Saturday,14,6,2,38.9057
2025,1,Saturday,14,5,3,41.4773
2025,1,Saturday,14,0,1,38.5567
2025,1,Saturday,14,7,4,34.6763
2025,1,Saturday,14,3,2,68.4333
2025,1,Saturday,14,5,6,15.719
2025,1,Saturday,14,4,8,10.892
2025,1,Saturday,14,0,6,12.7008
2025,1,Saturday,14,4,0,17.7572
2025,1,Saturday,14,1,2,61.4478
2025,1,Saturday,14,3,6,144.3157
2025,1,Saturday,14,5,2,20.6115
2025,1,Saturday,14,7,6,6.4348
2025,1,Saturday,14,7,5,8
2025,1,Saturday,14,3,1,133.1655
2025,1,Saturday,14,0,7,5.286
2025,1,Saturday,14,0,3,26.454
2025,1,Saturday,14,7,1,17.7287
2025,1,Saturday,14,1,0,32.4068
2025,1,Saturday,14,4,2,64.9203
2025,1,Saturday,14,3,8,32.0573
2025,1,Saturday,14,2,4,70.1175
2025,1,Saturday,14,4,6,80.268
2025,1,Saturday,14,1,5,18.1607
2025,1,Saturday,14,8,3,51.4077
2025,1,Saturday,14,4,1,132.3445
2025,1,Saturday,14,4,3,173.3973
2025,1,Saturday,14,2,5,10.4365
2025,1,Saturday,14,6,3,128.487
2025,1,Saturday,14,1,8,11.2492
2025,1,Saturday,14,6,1,80.204
2025,1,Saturday,14,0,4,27.9413
2025,1,Saturday,14,6,5,24.6848
2025,1,Saturday,14,3,7,24.2278
2025,1,Saturday,14,4,5,22.7265
2025,1,Saturday,14,5,7,3.6918
2025,1,Saturday,14,2,3,66.1485
2025,1,Saturday,14,8,0,2.1425
2025,1,Saturday,14,5,0,6.1172
2025,1,Saturday,14,6,7,9.2548
2025,1,Saturday,14,5,1,30.1833
2025,1,Saturday,14,2,0,18.1427
2025,1,Saturday,14,8,2,9.606
2025,1,Saturday,14,8,5,23.4445
2025,1,Saturday,14,1,6,52.483
2025,1,Saturday,14,1,7,10.3305
2025,1,Saturday,14,6,8,9.1855
2025,1,Saturday,14,3,4,188.815
2025,1,Saturday,14,0,2,20.1303
2025,1,Saturday,3,3,4,2.664
2025,1,Saturday,3,0,4,1.1898
2025,1,Saturday,3,4,6,1.6883
2025,1,Saturday,3,4,8,0.6533
2025,1,Saturday,3,3,6,0.69
2025,1,Saturday,3,1,0,0.698
2025,1,Saturday,3,3,0,0.3095
2025,1,Saturday,3,4,2,0.2845
2025,1,Saturday,3,0,2,1.1095
2025,1,Saturday,3,8,3,0.375
2025,1,Saturday,3,3,5,0.3077
2025,1,Saturday,3,8,0,0.5
2025,1,Saturday,3,0,1,0.3365
2025,1,Saturday,3,6,3,1.227
2025,1,Saturday,3,6,8,0.55
2025,1,Saturday,3,6,7,0.5418
2025,1,Saturday,3,5,3,0.875
2025,1,Saturday,3,4,1,2.8133
2025,1,Saturday,3,4,3,3.891
2025,1,Saturday,3,2,1,0.375
2025,1,Saturday,3,6,5,0.25
2025,1,Saturday,3,7,6,0.25
2025,1,Saturday,3,8,4,0.25
2025,1,Saturday,3,2,5,0.4168
2025,1,Saturday,3,2,3,0.25
2025,1,Saturday,3,2,4,0.25
2025,1,Saturday,3,4,0,2.7235
2025,1,Saturday,3,6,1,0.3215
2025,1,Saturday,3,0,3,0.771
2025,1,Saturday,3,3,1,0.3363
2025,1,Saturday,3,5,0,0.5
2025,1,Saturday,3,1,4,2.075
2025,1,Saturday,15,4,3,177.9885
2025,1,Saturday,15,4,5,27.5385
2025,1,Saturday,15,0,2,20.5255
2025,1,Saturday,15,0,5,2.5158
2025,1,Saturday,15,3,1,121.7343
2025,1,Saturday,15,1,6,51.6355
2025,1,Saturday,15,8,3,51.5715
2025,1,Saturday,15,7,6,5.929
2025,1,Saturday,15,7,3,37.1763
2025,1,Saturday,15,2,3,75.112
2025,1,Saturday,15,3,0,31.9333
2025,1,Saturday,15,5,7,7.781
2025,1,Saturday,15,0,6,10.371
2025,1,Saturday,15,5,6,19.3158
2025,1,Saturday,15,3,5,40.9083
2025,1,Saturday,15,8,2,7.4937
2025,1,Saturday,15,5,3,56.0997
2025,1,Saturday,15,0,4,28.3177
2025,1,Saturday,15,2,7,10.8735
2025,1,Saturday,15,2,5,10.8867
2025,1,Saturday,15,0,7,2.167
2025,1,Saturday,15,4,7,21.0452
2025,1,Saturday,15,3,6,118.5525
2025,1,Saturday,15,4,6,95.4887
2025,1,Saturday,15,2,4,63.061
2025,1,Saturday,15,6,3,139.5485
2025,1,Saturday,15,0,8,5.421
2025,1,Saturday,15,3,7,30.356
2025,1,Saturday,15,6,4,87.835
2025,1,Saturday,15,8,1,16.0127
2025,1,Saturday,15,7,5,6.9365
2025,1,Saturday,15,8,6,16.105
2025,1,Saturday,15,6,5,27.152
2025,1,Saturday,15,5,8,13.4208
2025,1,Saturday,15,2,0,16.3542
2025,1,Saturday,15,5,0,4.304
2025,1,Saturday,15,6,0,10.983
2025,1,Saturday,15,7,4,33.639
2025,1,Saturday,15,4,0,20.8825
2025,1,Saturday,15,3,2,74.0798
2025,1,Saturday,15,7,1,19.9865
2025,1,Saturday,15,3,4,197.73
2025,1,Saturday,15,1,3,156.9745
2025,1,Saturday,15,0,1,40.2003
2025,1,Saturday,15,5,1,24.6083
2025,1,Saturday,15,8,0,1.5562
2025,1,Saturday,15,1,7,15.3393
2025,1,Saturday,15,1,8,17.5035
2025,1,Saturday,15,6,1,50.683
2025,1,Saturday,15,4,8,15.3188
2025,1,Saturday,15,4,2,61.7185
2025,1,Saturday,15,4,1,117.1008
2025,1,Saturday,15,1,4,107.3415
2025,1,Saturday,15,5,2,15.5528
2025,1,Saturday,15,3,8,38.884
2025,1,Saturday,15,2,8,12.873
2025,1,Saturday,15,5,4,33.1663
2025,1,Saturday,15,2,1,67.3888
2025,1,Saturday,15,8,5,13.7778
2025,1,Saturday,15,6,2,27.9437
2025,1,Saturday,15,7,2,10.9215
2025,1,Saturday,15,7,0,2.791
2025,1,Saturday,15,6,7,8.404
2025,1,Saturday,15,1,5,19.0295
2025,1,Saturday,15,0,3,25.8933
2025,1,Saturday,15,8,4,25.7855
2025,1,Saturday,15,1,0,44.4765
2025,1,Saturday,15,1,2,54.5603
2025,1,Saturday,15,6,8,11.9402
2025,1,Saturday,15,2,6,38.523
2025,1,Saturday,4,2,1,0.3332
2025,1,Saturday,4,3,6,1.43
2025,1,Saturday,4,8,3,0.9417
2025,1,Saturday,4,8,6,0.625
2025,1,Saturday,4,4,5,0.3
2025,1,Saturday,4,1,3,0.7612
2025,1,Saturday,4,1,4,0.3332
2025,1,Saturday,4,3,7,0.2612
2025,1,Saturday,4,0,6,0.6772
2025,1,Saturday,4,4,3,3.3393
2025,1,Saturday,4,8,1,1.2415
2025,1,Saturday,4,3,4,0.8487
2025,1,Saturday,4,6,4,1.1612
2025,1,Saturday,4,0,7,0.3293
2025,1,Saturday,4,2,6,0.25
2025,1,Saturday,4,0,2,0.3293
2025,1,Saturday,4,2,4,1
2025,1,Saturday,4,1,8,1.8555
2025,1,Saturday,4,2,0,2.9688
2025,1,Saturday,4,0,5,0.6693
2025,1,Saturday,4,0,8,0.6693
2025,1,Saturday,4,1,6,1.4277
2025,1,Saturday,4,6,8,0.775
2025,1,Saturday,4,4,8,0.5832
2025,1,Saturday,4,6,0,0.7965
2025,1,Saturday,4,6,1,1.5828
2025,1,Saturday,4,7,0,0.2813
2025,1,Saturday,4,4,6,0.3215
2025,1,Saturday,4,3,8,0.5
2025,1,Saturday,4,4,2,0.6308
2025,1,Saturday,4,6,3,2.282
2025,1,Saturday,4,0,1,0.9498
2025,1,Saturday,4,0,4,0.3142
2025,1,Saturday,4,6,5,0.3125
2025,1,Saturday,4,8,2,0.3332
2025,1,Saturday,4,1,0,0.2693
2025,1,Saturday,4,2,3,1.7918
2025,1,Saturday,4,4,0,2.5537
2025,1,Saturday,4,0,3,2.3113
2025,1,Saturday,4,7,3,0.9063
2025,1,Saturday,4,3,0,0.534
2025,1,Saturday,4,3,1,0.9092
2025,1,Saturday,4,5,3,0.625
2025,1,Saturday,16,2,7,7.397
2025,1,Saturday,16,5,2,11.8898
2025,1,Saturday,16,8,0,4.3658
2025,1,Saturday,16,8,2,13.0165
2025,1,Saturday,16,7,2,12.353
2025,1,Saturday,16,4,5,21.8142
2025,1,Saturday,16,3,5,38.1075
2025,1,Saturday,16,0,8,5
2025,1,Saturday,16,6,0,10.3088
2025,1,Saturday,16,1,6,64.7785
2025,1,Saturday,16,7,4,37.0055
2025,1,Saturday,16,1,0,43.8075
2025,1,Saturday,16,8,3,63.0245
2025,1,Saturday,16,3,8,40.197
2025,1,Saturday,16,0,5,3.1945
2025,1,Saturday,16,2,8,14.7695
2025,1,Saturday,16,2,0,15.0405
2025,1,Saturday,16,6,4,85.859
2025,1,Saturday,16,5,3,56.9607
2025,1,Saturday,16,0,2,15.5072
2025,1,Saturday,16,1,5,18.9285
2025,1,Saturday,16,3,2,56.276
2025,1,Saturday,16,6,7,9.5067
2025,1,Saturday,16,3,1,114.6238
2025,1,Saturday,16,1,8,13.7308
2025,1,Saturday,16,5,1,23.6038
2025,1,Saturday,16,3,4,177.2708
2025,1,Saturday,16,8,1,15.212
2025,1,Saturday,16,8,6,12.2105
2025,1,Saturday,16,5,4,31.306
2025,1,Saturday,16,3,7,31.2588
2025,1,Saturday,16,4,0,23.9545
2025,1,Saturday,16,6,5,19.2337
2025,1,Saturday,16,8,5,20.356
2025,1,Saturday,16,7,6,5.1257
2025,1,Saturday,16,0,6,12.0145
2025,1,Saturday,16,8,4,24.6158
2025,1,Saturday,16,0,1,42.1407
2025,1,Saturday,16,6,8,7.672
2025,1,Saturday,16,2,5,11.4345
2025,1,Saturday,16,7,0,4.9485
2025,1,Saturday,16,1,3,157.0492
2025,1,Saturday,16,6,2,35.0583
2025,1,Saturday,16,4,7,17.515
2025,1,Saturday,16,5,0,4.7205
2025,1,Saturday,16,0,7,3.2237
2025,1,Saturday,16,4,1,90.3742
2025,1,Saturday,16,3,6,108.5213
2025,1,Saturday,16,6,3,123.45
2025,1,Saturday,16,1,2,57.4423
2025,1,Saturday,16,0,4,24.741
2025,1,Saturday,16,1,4,110.4752
2025,1,Saturday,16,3,0,24.3448
2025,1,Saturday,16,0,3,26.5625
2025,1,Saturday,16,2,3,73.069
2025,1,Saturday,16,1,7,15.2935
2025,1,Saturday,16,5,7,3.3668
2025,1,Saturday,16,5,6,13.1933
2025,1,Saturday,16,2,4,70.2687
2025,1,Saturday,16,4,6,73.3857
2025,1,Saturday,16,7,3,41.665
2025,1,Saturday,16,6,1,41.8385
2025,1,Saturday,16,2,6,42.0422
2025,1,Saturday,16,2,1,55.6377
2025,1,Saturday,16,5,8,5.8865
2025,1,Saturday,16,4,8,18.6885
2025,1,Saturday,16,4,2,52.4595
2025,1,Saturday,16,7,1,11.775
2025,1,Saturday,16,4,3,174.5215
2025,1,Saturday,16,7,5,4.0713
2025,1,Saturday,5,0,2,3.794
2025,1,Saturday,5,0,3,6.1425
2025,1,Saturday,5,7,8,0.25
2025,1,Saturday,5,5,3,1.875
2025,1,Saturday,5,8,7,0.2858
2025,1,Saturday,5,7,1,0.8815
2025,1,Saturday,5,6,4,2.0847
2025,1,Saturday,5,8,0,0.5813
2025,1,Saturday,5,8,3,7.583
2025,1,Saturday,5,3,2,0.6485
2025,1,Saturday,5,0,7,0.369
2025,1,Saturday,5,4,3,5.743
2025,1,Saturday,5,5,6,0.5527
2025,1,Saturday,5,2,4,0.864
2025,1,Saturday,5,4,1,0.3215
2025,1,Saturday,5,3,1,1.704
2025,1,Saturday,5,0,8,1.024
2025,1,Saturday,5,1,2,0.6032
2025,1,Saturday,5,1,3,2.4608
2025,1,Saturday,5,6,3,8.7922
2025,1,Saturday,5,1,4,2.096
2025,1,Saturday,5,7,4,0.3
2025,1,Saturday,5,3,0,0.9207
2025,1,Saturday,5,6,2,1.135
2025,1,Saturday,5,8,2,1.1685
2025,1,Saturday,5,4,0,5.0793
2025,1,Saturday,5,0,4,1.7282
2025,1,Saturday,5,2,6,0.25
2025,1,Saturday,5,7,6,0.3158
2025,1,Saturday,5,1,8,0.3282
2025,1,Saturday,5,4,2,4.2685
2025,1,Saturday,5,3,4,2.3147
2025,1,Saturday,5,7,2,0.8395
2025,1,Saturday,5,7,3,1.4553
2025,1,Saturday,5,8,1,1.441
2025,1,Saturday,5,2,8,0.5
2025,1,Saturday,5,2,1,1.1667
2025,1,Saturday,5,1,6,0.5603
2025,1,Saturday,5,0,1,2.1252
2025,1,Saturday,5,0,5,2.1075
2025,1,Saturday,5,8,4,0.5832
2025,1,Saturday,5,8,5,1.4475
2025,1,Saturday,5,2,0,0.6387
2025,1,Saturday,5,3,6,4.0645
2025,1,Saturday,5,4,6,0.3035
2025,1,Saturday,5,0,6,4.149
2025,1,Saturday,5,1,0,2.5292
2025,1,Saturday,5,3,5,0.9655
2025,1,Saturday,5,2,3,1.2632
2025,1,Saturday,5,1,7,0.5978
2025,1,Saturday,5,3,7,2.0208
2025,1,Saturday,5,5,2,0.3573
2025,1,Saturday,5,6,1,0.2898
2025,1,Saturday,5,2,5,1.0358
2025,1,Saturday,5,5,1,1.8783
2025,1,Saturday,5,3,8,3.4125
2025,1,Saturday,5,5,4,0.6665
2025,1,Saturday,17,0,3,26.388
2025,1,Saturday,17,1,8,17.8605
2025,1,Saturday,17,3,2,62.454
2025,1,Saturday,17,7,2,7.1242
2025,1,Saturday,17,2,3,88.3095
2025,1,Saturday,17,2,0,16.7165
2025,1,Saturday,17,8,3,38.3168
2025,1,Saturday,17,6,5,16.8278
2025,1,Saturday,17,8,1,13.553
2025,1,Saturday,17,5,1,14.0048
2025,1,Saturday,17,5,7,2.6677
2025,1,Saturday,17,2,1,44.2385
2025,1,Saturday,17,6,7,9.3575
2025,1,Saturday,17,7,5,3.872
2025,1,Saturday,17,1,3,140.1027
2025,1,Saturday,17,8,5,7.921
2025,1,Saturday,17,6,8,7.0787
2025,1,Saturday,17,8,6,9.6562
2025,1,Saturday,17,2,6,32.6705
2025,1,Saturday,17,1,5,20.9542
2025,1,Saturday,17,2,8,9.2785
2025,1,Saturday,17,6,3,132.0625
2025,1,Saturday,17,3,1,105.4085
2025,1,Saturday,17,0,4,20.946
2025,1,Saturday,17,3,5,44.2565
2025,1,Saturday,17,4,0,24.0945
2025,1,Saturday,17,7,6,5.8455
2025,1,Saturday,17,6,4,74.9485
2025,1,Saturday,17,4,7,24.1913
2025,1,Saturday,17,4,5,27.9845
2025,1,Saturday,17,4,8,13.7197
2025,1,Saturday,17,8,4,17.1267
2025,1,Saturday,17,1,6,80.134
2025,1,Saturday,17,2,5,9.0708
2025,1,Saturday,17,5,4,27.9562
2025,1,Saturday,17,5,2,13.9928
2025,1,Saturday,17,1,2,53.434
2025,1,Saturday,17,2,7,7.8075
2025,1,Saturday,17,2,4,51.212
2025,1,Saturday,17,0,5,2.1947
2025,1,Saturday,17,5,6,15.0987
2025,1,Saturday,17,8,0,3.2302
2025,1,Saturday,17,3,7,31.9408
2025,1,Saturday,17,0,8,4.308
2025,1,Saturday,17,0,1,34.294
2025,1,Saturday,17,4,3,179.484
2025,1,Saturday,17,7,4,32.164
2025,1,Saturday,17,0,7,0.7375
2025,1,Saturday,17,3,6,95.674
2025,1,Saturday,17,6,0,11.0372
2025,1,Saturday,17,3,8,27.076
2025,1,Saturday,17,0,2,15.2407
2025,1,Saturday,17,7,3,30.4625
2025,1,Saturday,17,7,8,1.611
2025,1,Saturday,17,8,2,10.4857
2025,1,Saturday,17,0,6,8.3712
2025,1,Saturday,17,6,2,33.1073
2025,1,Saturday,17,6,1,35.2033
2025,1,Saturday,17,5,8,6.317
2025,1,Saturday,17,4,1,74.0023
2025,1,Saturday,17,7,1,15.667
2025,1,Saturday,17,3,4,177.9245
2025,1,Saturday,17,5,0,3.3145
2025,1,Saturday,17,1,4,117.2352
2025,1,Saturday,17,1,0,40.8795
2025,1,Saturday,17,3,0,22.902
2025,1,Saturday,17,4,6,74.5563
2025,1,Saturday,17,4,2,41.0937
2025,1,Saturday,17,5,3,52.1138
2025,1,Saturday,17,1,7,13.2603
2025,1,Saturday,17,7,0,3.2702
2025,1,Saturday,6,2,4,1.9727
2025,1,Saturday,6,4,3,14.599
2025,1,Saturday,6,7,3,6.0947
2025,1,Saturday,6,3,0,4.161
2025,1,Saturday,6,7,6,0.6127
2025,1,Saturday,6,0,5,2.2597
2025,1,Saturday,6,4,8,1.2932
2025,1,Saturday,6,0,3,16.9603
2025,1,Saturday,6,8,2,3.8407
2025,1,Saturday,6,0,8,2.308
2025,1,Saturday,6,6,3,23.298
2025,1,Saturday,6,5,1,0.5625
2025,1,Saturday,6,5,0,1.19
2025,1,Saturday,6,1,8,0.6215
2025,1,Saturday,6,6,8,0.325
2025,1,Saturday,6,1,0,5.3937
2025,1,Saturday,6,6,2,6.875
2025,1,Saturday,6,0,7,0.333
2025,1,Saturday,6,1,3,7.0125
2025,1,Saturday,6,7,4,0.897
2025,1,Saturday,6,5,2,0.8538
2025,1,Saturday,6,3,7,10.1195
2025,1,Saturday,6,2,0,4.266
2025,1,Saturday,6,4,7,0.3027
2025,1,Saturday,6,5,6,1.1358
2025,1,Saturday,6,6,5,1.2745
2025,1,Saturday,6,1,7,0.637
2025,1,Saturday,6,8,5,0.919
2025,1,Saturday,6,2,3,7.7577
2025,1,Saturday,6,1,4,5.1877
2025,1,Saturday,6,0,4,8.849
2025,1,Saturday,6,8,4,0.9753
2025,1,Saturday,6,3,2,15.0555
2025,1,Saturday,6,0,2,8.885
2025,1,Saturday,6,2,1,1.7198
2025,1,Saturday,6,3,4,21.2817
2025,1,Saturday,6,6,0,2.1712
2025,1,Saturday,6,0,6,3.513
2025,1,Saturday,6,8,0,2.1953
2025,1,Saturday,6,0,1,11.4733
2025,1,Saturday,6,8,3,15.8682
2025,1,Saturday,6,7,1,1.9803
2025,1,Saturday,6,3,1,12.8522
2025,1,Saturday,6,3,5,10.185
2025,1,Saturday,6,1,2,1.618
2025,1,Saturday,6,3,8,4.3645
2025,1,Saturday,6,7,0,0.264
2025,1,Saturday,6,4,2,2.612
2025,1,Saturday,6,8,6,0.2777
2025,1,Saturday,6,4,6,2.4972
2025,1,Saturday,6,2,8,2.0638
2025,1,Saturday,6,1,6,5.918
2025,1,Saturday,6,6,1,8.5598
2025,1,Saturday,6,4,5,4.67
2025,1,Saturday,6,7,5,0.31
2025,1,Saturday,6,5,3,6.1813
2025,1,Saturday,6,2,7,2.2493
2025,1,Saturday,6,6,4,5.996
2025,1,Saturday,6,2,6,1.1743
2025,1,Saturday,6,4,0,4.4173
2025,1,Saturday,6,5,4,2.1098
2025,1,Saturday,6,3,6,23.189
2025,1,Saturday,6,4,1,6.338
2025,1,Saturday,6,1,5,1.5885
2025,1,Saturday,6,8,1,5.162
2025,1,Saturday,6,7,2,2.9568
2025,1,Saturday,18,2,1,49.372
2025,1,Saturday,18,6,1,34.45
2025,1,Saturday,18,1,7,11.0275
2025,1,Saturday,18,5,0,5.3415
2025,1,Saturday,18,6,8,9.082
2025,1,Saturday,18,4,1,74.2107
2025,1,Saturday,18,3,6,87.973
2025,1,Saturday,18,0,5,3.3055
2025,1,Saturday,18,6,5,16.3897
2025,1,Saturday,18,0,7,1.4845
2025,1,Saturday,18,8,1,8.76
2025,1,Saturday,18,1,3,99.0117
2025,1,Saturday,18,7,8,0.2668
2025,1,Saturday,18,6,4,70.7137
2025,1,Saturday,18,0,4,18.6907
2025,1,Saturday,18,2,5,11.6038
2025,1,Saturday,18,2,8,9.9685
2025,1,Saturday,18,3,0,22.2058
2025,1,Saturday,18,2,4,57.0218
2025,1,Saturday,18,2,0,13.1765
2025,1,Saturday,18,2,7,13.7502
2025,1,Saturday,18,5,7,2.9753
2025,1,Saturday,18,1,5,20.8232
2025,1,Saturday,18,4,6,64.489
2025,1,Saturday,18,7,0,1.5715
2025,1,Saturday,18,5,3,45.2715
2025,1,Saturday,18,6,2,25.1605
2025,1,Saturday,18,3,1,98.0642
2025,1,Saturday,18,7,2,10.468
2025,1,Saturday,18,3,7,21.1575
2025,1,Saturday,18,5,4,28.6173
2025,1,Saturday,18,8,4,15.4747
2025,1,Saturday,18,4,7,20.6467
2025,1,Saturday,18,7,5,2.9205
2025,1,Saturday,18,6,0,9.3332
2025,1,Saturday,18,0,3,17.5317
2025,1,Saturday,18,8,0,2.7415
2025,1,Saturday,18,5,8,2.342
2025,1,Saturday,18,8,7,0.942
2025,1,Saturday,18,0,8,1.8685
2025,1,Saturday,18,7,1,14.0775
2025,1,Saturday,18,1,0,38.4155
2025,1,Saturday,18,1,8,12.6702
2025,1,Saturday,18,2,3,59.4625
2025,1,Saturday,18,0,2,5.7888
2025,1,Saturday,18,7,3,30.9242
2025,1,Saturday,18,4,5,16.1795
2025,1,Saturday,18,1,2,33.8115
2025,1,Saturday,18,5,1,11.73
2025,1,Saturday,18,6,7,7.4328
2025,1,Saturday,18,1,4,110.9825
2025,1,Saturday,18,4,0,19.3517
2025,1,Saturday,18,4,2,36.0163
2025,1,Saturday,18,4,8,10.8482
2025,1,Saturday,18,3,5,32.7917
2025,1,Saturday,18,0,6,6.1758
2025,1,Saturday,18,8,2,4.3772
2025,1,Saturday,18,7,6,6.0607
2025,1,Saturday,18,3,8,19.295
2025,1,Saturday,18,8,3,28.3218
2025,1,Saturday,18,3,4,161.3265
2025,1,Saturday,18,5,2,9.3115
2025,1,Saturday,18,7,4,37.6757
2025,1,Saturday,18,5,6,15.0292
2025,1,Saturday,18,1,6,60.6232
2025,1,Saturday,18,6,3,102.6523
2025,1,Saturday,18,8,6,7.3945
2025,1,Saturday,18,0,1,22.9295
2025,1,Saturday,18,4,3,141.8895
2025,1,Saturday,18,2,6,25.1295
2025,1,Saturday,18,3,2,50.6447
2025,1,Saturday,18,8,5,5.5052
2025,1,Saturday,7,2,5,2.8613
2025,1,Saturday,7,6,1,14.205
2025,1,Saturday,7,8,5,3.2753
2025,1,Saturday,7,7,5,1.4917
2025,1,Saturday,7,4,2,4.567
2025,1,Saturday,7,6,5,2.6243
2025,1,Saturday,7,5,6,0.8835
2025,1,Saturday,7,7,4,4.0275
2025,1,Saturday,7,4,1,8.0067
2025,1,Saturday,7,8,4,8.4413
2025,1,Saturday,7,8,2,9.7943
2025,1,Saturday,7,0,1,22.494
2025,1,Saturday,7,3,7,11.005
2025,1,Saturday,7,7,6,1.1895
2025,1,Saturday,7,4,3,20.2238
2025,1,Saturday,7,3,6,29.833
2025,1,Saturday,7,0,7,1.7425
2025,1,Saturday,7,6,2,15.3307
2025,1,Saturday,7,0,4,9.5115
2025,1,Saturday,7,5,8,0.3153
2025,1,Saturday,7,0,6,9.8497
2025,1,Saturday,7,4,0,5.3397
2025,1,Saturday,7,6,3,26.6447
2025,1,Saturday,7,3,5,14.3587
2025,1,Saturday,7,8,7,0.3027
2025,1,Saturday,7,2,4,4.5635
2025,1,Saturday,7,1,4,8.0278
2025,1,Saturday,7,8,3,14.0522
2025,1,Saturday,7,5,3,7.013
2025,1,Saturday,7,8,1,12.838
2025,1,Saturday,7,8,6,1.759
2025,1,Saturday,7,1,7,1.8557
2025,1,Saturday,7,5,1,2.333
2025,1,Saturday,7,6,8,1.504
2025,1,Saturday,7,4,5,4.0165
2025,1,Saturday,7,1,3,20.432
2025,1,Saturday,7,2,0,6.8095
2025,1,Saturday,7,5,0,1.688
2025,1,Saturday,7,1,8,4.0235
2025,1,Saturday,7,3,8,9.2697
2025,1,Saturday,7,2,3,9.0128
2025,1,Saturday,7,2,1,5.84
2025,1,Saturday,7,6,4,9.9863
2025,1,Saturday,7,2,6,4.3092
2025,1,Saturday,7,0,5,4.7662
2025,1,Saturday,7,6,0,4.995
2025,1,Saturday,7,7,3,6.3742
2025,1,Saturday,7,3,0,6.502
2025,1,Saturday,7,0,8,1.6997
2025,1,Saturday,7,8,0,2.1178
2025,1,Saturday,7,3,2,16.0562
2025,1,Saturday,7,2,8,3.0485
2025,1,Saturday,7,7,0,0.25
2025,1,Saturday,7,1,0,7.6325
2025,1,Saturday,7,1,2,4.3498
2025,1,Saturday,7,5,2,2.3635
2025,1,Saturday,7,1,5,3.3893
2025,1,Saturday,7,4,8,3.0482
2025,1,Saturday,7,3,4,39.1987
2025,1,Saturday,7,4,7,3.4887
2025,1,Saturday,7,2,7,2.4125
2025,1,Saturday,7,7,1,4.9667
2025,1,Saturday,7,7,2,2.8997
2025,1,Saturday,7,6,7,0.615
2025,1,Saturday,7,4,6,4.5465
2025,1,Saturday,7,0,3,15.4127
2025,1,Saturday,7,1,6,7.1325
2025,1,Saturday,7,5,4,4.355
2025,1,Saturday,7,0,2,15.357
2025,1,Saturday,7,3,1,26.7067
2025,1,Saturday,19,5,7,3.0865
2025,1,Saturday,19,6,8,4.7863
2025,1,Saturday,19,6,1,22.2152
2025,1,Saturday,19,6,4,60.7685
2025,1,Saturday,19,0,6,6.4965
2025,1,Saturday,19,4,8,11.1805
2025,1,Saturday,19,4,5,15.7427
2025,1,Saturday,19,8,4,13.3537
2025,1,Saturday,19,6,5,13.4313
2025,1,Saturday,19,0,4,11.8305
2025,1,Saturday,19,4,0,20.273
2025,1,Saturday,19,5,0,4.6583
2025,1,Saturday,19,2,4,32.9778
2025,1,Saturday,19,3,5,27.019
2025,1,Saturday,19,1,0,29.39
2025,1,Saturday,19,3,0,21.0975
2025,1,Saturday,19,5,2,6.8215
2025,1,Saturday,19,1,7,10.003
2025,1,Saturday,19,6,2,23.4658
2025,1,Saturday,19,8,2,5.4448
2025,1,Saturday,19,7,3,26.2043
2025,1,Saturday,19,1,5,11.925
2025,1,Saturday,19,6,3,73.5478
2025,1,Saturday,19,0,5,3.0008
2025,1,Saturday,19,8,1,4.5233
2025,1,Saturday,19,1,6,44.7855
2025,1,Saturday,19,5,8,3.3528
2025,1,Saturday,19,2,7,10.195
2025,1,Saturday,19,2,3,55.1395
2025,1,Saturday,19,4,2,34.9915
2025,1,Saturday,19,0,2,8.6738
2025,1,Saturday,19,7,4,32.4915
2025,1,Saturday,19,2,1,23.9703
2025,1,Saturday,19,1,3,84.5297
2025,1,Saturday,19,7,1,7.0568
2025,1,Saturday,19,8,3,16.5737
2025,1,Saturday,19,0,7,1.5165
2025,1,Saturday,19,8,5,3.6962
2025,1,Saturday,19,5,4,23.122
2025,1,Saturday,19,0,3,13.894
2025,1,Saturday,19,0,1,21.5675
2025,1,Saturday,19,7,6,5.022
2025,1,Saturday,19,6,7,7.682
2025,1,Saturday,19,1,2,20.3435
2025,1,Saturday,19,1,8,5.7865
2025,1,Saturday,19,4,7,21.6402
2025,1,Saturday,19,2,8,9.6445
2025,1,Saturday,19,4,1,63.343
2025,1,Saturday,19,3,2,41.5522
2025,1,Saturday,19,7,5,1.6738
2025,1,Saturday,19,2,5,4.9518
2025,1,Saturday,19,7,0,0.6685
2025,1,Saturday,19,3,8,17.0257
2025,1,Saturday,19,8,6,5.7953
2025,1,Saturday,19,5,3,28.8022
2025,1,Saturday,19,3,4,128.1515
2025,1,Saturday,19,5,6,11.9207
2025,1,Saturday,19,1,4,79.4957
2025,1,Saturday,19,6,0,7.438
2025,1,Saturday,19,2,0,15.5265
2025,1,Saturday,19,3,6,80.6483
2025,1,Saturday,19,5,1,10.5447
2025,1,Saturday,19,2,6,28.0308
2025,1,Saturday,19,8,0,2.2305
2025,1,Saturday,19,4,3,129.1455
2025,1,Saturday,19,0,8,1.1488
2025,1,Saturday,19,4,6,51.0475
2025,1,Saturday,19,3,7,17.7395
2025,1,Saturday,19,7,2,3.3593
2025,1,Saturday,19,3,1,55.1495
2025,1,Saturday,8,3,0,7.9185
2025,1,Saturday,8,8,3,17.6203
2025,1,Saturday,8,4,5,5.4572
2025,1,Saturday,8,7,1,6.3265
2025,1,Saturday,8,2,5,3.3217
2025,1,Saturday,8,8,6,1.2512
2025,1,Saturday,8,4,6,6.0762
2025,1,Saturday,8,2,0,4.4202
2025,1,Saturday,8,2,7,2.6217
2025,1,Saturday,8,5,2,6.1945
2025,1,Saturday,8,1,3,42.867
2025,1,Saturday,8,5,4,13.199
2025,1,Saturday,8,0,1,46.633
2025,1,Saturday,8,6,4,15.4798
2025,1,Saturday,8,3,4,72.5742
2025,1,Saturday,8,0,3,14.3875
2025,1,Saturday,8,7,6,2.2688
2025,1,Saturday,8,8,5,2.3715
2025,1,Saturday,8,8,2,9.5295
2025,1,Saturday,8,5,7,0.546
2025,1,Saturday,8,7,2,6.5365
2025,1,Saturday,8,3,6,53.405
2025,1,Saturday,8,1,6,8.1023
2025,1,Saturday,8,6,1,35.8498
2025,1,Saturday,8,7,5,0.8887
2025,1,Saturday,8,2,4,12.1105
2025,1,Saturday,8,4,8,4.6697
2025,1,Saturday,8,5,3,14.104
2025,1,Saturday,8,0,7,1.026
2025,1,Saturday,8,1,0,15.4887
2025,1,Saturday,8,3,2,35.5777
2025,1,Saturday,8,0,8,6.2085
2025,1,Saturday,8,5,8,0.6547
2025,1,Saturday,8,6,3,51.0968
2025,1,Saturday,8,6,2,20.9358
2025,1,Saturday,8,0,2,13.6795
2025,1,Saturday,8,4,7,4.9353
2025,1,Saturday,8,1,2,17.3775
2025,1,Saturday,8,7,0,1.2082
2025,1,Saturday,8,8,0,3.2268
2025,1,Saturday,8,2,6,11.871
2025,1,Saturday,8,3,7,18.6305
2025,1,Saturday,8,3,5,24.9108
2025,1,Saturday,8,5,6,3.182
2025,1,Saturday,8,0,4,27.7692
2025,1,Saturday,8,1,5,8.1955
2025,1,Saturday,8,6,7,1.5452
2025,1,Saturday,8,7,3,14.4017
2025,1,Saturday,8,3,1,50.845
2025,1,Saturday,8,4,0,2.2028
2025,1,Saturday,8,5,0,2.0803
2025,1,Saturday,8,2,1,11.4198
2025,1,Saturday,8,0,6,8.8398
2025,1,Saturday,8,4,3,30.072
2025,1,Saturday,8,5,1,12.0425
2025,1,Saturday,8,8,4,9.7482
2025,1,Saturday,8,2,3,14.675
2025,1,Saturday,8,6,0,3.5687
2025,1,Saturday,8,1,7,3.1
2025,1,Saturday,8,4,1,28.8065
2025,1,Saturday,8,6,5,3.315
2025,1,Saturday,8,0,5,6.1397
2025,1,Saturday,8,1,4,27.2752
2025,1,Saturday,8,1,8,5.1893
2025,1,Saturday,8,6,8,5.7858
2025,1,Saturday,8,4,2,10.9635
2025,1,Saturday,8,2,8,8.8552
2025,1,Saturday,8,7,4,13.7547
2025,1,Saturday,8,3,8,21.0567
2025,1,Saturday,8,8,1,17.2648
2025,1,Saturday,20,7,5,0.997
2025,1,Saturday,20,0,6,6.5532
2025,1,Saturday,20,8,6,2.4113
2025,1,Saturday,20,5,4,16.8785
2025,1,Saturday,20,5,7,0.9342
2025,1,Saturday,20,4,7,12.1588
2025,1,Saturday,20,2,3,34.203
2025,1,Saturday,20,6,4,41.9707
2025,1,Saturday,20,6,3,45.3385
2025,1,Saturday,20,0,1,16.3532
2025,1,Saturday,20,0,8,1.8647
2025,1,Saturday,20,7,6,4.643
2025,1,Saturday,20,2,1,23.2887
2025,1,Saturday,20,8,5,0.9017
2025,1,Saturday,20,4,0,15.219
2025,1,Saturday,20,2,6,23.7185
2025,1,Saturday,20,6,0,4.8333
2025,1,Saturday,20,6,7,5.0973
2025,1,Saturday,20,5,2,5.7905
2025,1,Saturday,20,0,4,12.6867
2025,1,Saturday,20,7,2,3.6978
2025,1,Saturday,20,1,2,13.6213
2025,1,Saturday,20,4,6,48.0253
2025,1,Saturday,20,1,6,29.642
2025,1,Saturday,20,4,1,47.354
2025,1,Saturday,20,0,7,0.739
2025,1,Saturday,20,0,3,5.4617000000000004
2025,1,Saturday,20,4,5,13.4355
2025,1,Saturday,20,3,2,24.759
2025,1,Saturday,20,0,2,3.688
2025,1,Saturday,20,5,1,4.1913
2025,1,Saturday,20,0,5,1.4805
2025,1,Saturday,20,2,8,11.516
2025,1,Saturday,20,1,5,9.179
2025,1,Saturday,20,1,8,8.7885
2025,1,Saturday,20,3,4,78.301
2025,1,Saturday,20,3,7,15.946
2025,1,Saturday,20,3,5,16.068
2025,1,Saturday,20,5,8,2.688
2025,1,Saturday,20,8,1,1.957
2025,1,Saturday,20,7,0,1.74
2025,1,Saturday,20,3,6,63.8825
2025,1,Saturday,20,5,0,2.098
2025,1,Saturday,20,3,1,40.7172
2025,1,Saturday,20,1,4,42.8815
2025,1,Saturday,20,4,8,10.7405
2025,1,Saturday,20,2,7,4.8758
2025,1,Saturday,20,1,3,58.9005
2025,1,Saturday,20,2,5,6.824
2025,1,Saturday,20,6,2,9.3733
2025,1,Saturday,20,7,1,3.5142
2025,1,Saturday,20,6,1,9.368
2025,1,Saturday,20,7,8,0.375
2025,1,Saturday,20,8,2,2.4953
2025,1,Saturday,20,4,2,22.943
2025,1,Saturday,20,5,6,9.1367
2025,1,Saturday,20,2,0,12.5985
2025,1,Saturday,20,8,0,0.6115
2025,1,Saturday,20,1,7,5.7227
2025,1,Saturday,20,6,8,3.4238
2025,1,Saturday,20,7,3,20.8882
2025,1,Saturday,20,3,0,16.3935
2025,1,Saturday,20,1,0,19.5168
2025,1,Saturday,20,3,8,19.267
2025,1,Saturday,20,8,3,13.296
2025,1,Saturday,20,4,3,93.1075
2025,1,Saturday,20,8,4,4.6168
2025,1,Saturday,20,7,4,25.3722
2025,1,Saturday,20,5,3,21.2733
2025,1,Saturday,20,6,5,11.477
2025,1,Saturday,20,2,4,22.2245
2025,1,Saturday,9,1,3,59.8512
2025,1,Saturday,9,6,5,6.9733
2025,1,Saturday,9,4,2,23.0802
2025,1,Saturday,9,5,4,15.992
2025,1,Saturday,9,5,6,4.8153
2025,1,Saturday,9,6,0,4.7155
2025,1,Saturday,9,1,8,4.5125
2025,1,Saturday,9,8,4,13.4477
2025,1,Saturday,9,2,4,16.045
2025,1,Saturday,9,1,4,49.3092
2025,1,Saturday,9,7,3,15.783
2025,1,Saturday,9,5,8,2.414
2025,1,Saturday,9,0,7,3.7515
2025,1,Saturday,9,7,8,1.75
2025,1,Saturday,9,1,7,8.1185
2025,1,Saturday,9,2,1,14.3678
2025,1,Saturday,9,5,2,8.1905
2025,1,Saturday,9,3,2,49.6733
2025,1,Saturday,9,6,8,4.2895
2025,1,Saturday,9,5,7,1.8005
2025,1,Saturday,9,6,4,44.69
2025,1,Saturday,9,0,1,46.4132
2025,1,Saturday,9,8,5,2.0718
2025,1,Saturday,9,6,1,38.408
2025,1,Saturday,9,0,3,28.009
2025,1,Saturday,9,8,2,10.3007
2025,1,Saturday,9,6,3,61.8573
2025,1,Saturday,9,4,5,14.0215
2025,1,Saturday,9,7,2,15.8183
2025,1,Saturday,9,8,1,14.7138
2025,1,Saturday,9,4,1,34.1137
2025,1,Saturday,9,0,5,2.7018
2025,1,Saturday,9,3,7,17.7575
2025,1,Saturday,9,1,0,21.5573
2025,1,Saturday,9,5,0,1.4768
2025,1,Saturday,9,0,4,25.107
2025,1,Saturday,9,4,8,6.4282
2025,1,Saturday,9,7,1,15.1558
2025,1,Saturday,9,3,8,41.255
2025,1,Saturday,9,2,6,12.821
2025,1,Saturday,9,0,8,4.1495
2025,1,Saturday,9,2,7,3.663
2025,1,Saturday,9,4,6,18.3012
2025,1,Saturday,9,3,1,82.2335
2025,1,Saturday,9,7,6,1.7705
2025,1,Saturday,9,2,3,22.9447
2025,1,Saturday,9,7,4,17.586
2025,1,Saturday,9,5,3,14.4858
2025,1,Saturday,9,0,2,23.6197
2025,1,Saturday,9,0,6,4.7058
2025,1,Saturday,9,1,5,10.5077
2025,1,Saturday,9,3,6,86.3833
2025,1,Saturday,9,7,5,2.0875
2025,1,Saturday,9,5,1,16.06
2025,1,Saturday,9,3,0,9.3187
2025,1,Saturday,9,4,7,9.0303
2025,1,Saturday,9,8,6,5.1798
2025,1,Saturday,9,4,0,3.6625
2025,1,Saturday,9,2,0,7.4453
2025,1,Saturday,9,4,3,55.3512
2025,1,Saturday,9,3,5,49.02
2025,1,Saturday,9,6,2,29.2035
2025,1,Saturday,9,8,3,16.8525
2025,1,Saturday,9,8,0,1.8388
2025,1,Saturday,9,2,8,7.3802
2025,1,Saturday,9,2,5,3.4692
2025,1,Saturday,9,1,6,14.988
2025,1,Saturday,9,1,2,29.4827
2025,1,Saturday,9,7,0,0.8892
2025,1,Saturday,9,6,7,3.78
2025,1,Saturday,9,3,4,96.4295
2025,1,Saturday,21,4,6,42.1865
2025,1,Saturday,21,0,6,2.9993
2025,1,Saturday,21,7,4,10.3022
2025,1,Saturday,21,1,2,8.9808
2025,1,Saturday,21,2,7,4.8162
2025,1,Saturday,21,7,0,1.639
2025,1,Saturday,21,8,5,2.6358
2025,1,Saturday,21,1,6,27.4282
2025,1,Saturday,21,6,1,10.1805
2025,1,Saturday,21,8,6,2.49
2025,1,Saturday,21,2,0,7.5643
2025,1,Saturday,21,5,1,5.273
2025,1,Saturday,21,2,6,15.4973
2025,1,Saturday,21,7,2,2.0332
2025,1,Saturday,21,3,8,11.2053
2025,1,Saturday,21,2,4,9.9795
2025,1,Saturday,21,6,5,5.9862
2025,1,Saturday,21,1,5,6.1777
2025,1,Saturday,21,0,4,8.6153
2025,1,Saturday,21,1,3,41.9472
2025,1,Saturday,21,3,5,13.9095
2025,1,Saturday,21,6,2,9.5002
2025,1,Saturday,21,5,2,3.2558
2025,1,Saturday,21,4,1,47.0297
2025,1,Saturday,21,3,1,31.878
2025,1,Saturday,21,3,4,57.624
2025,1,Saturday,21,4,0,15.622
2025,1,Saturday,21,4,2,22.4197
2025,1,Saturday,21,1,0,19.4065
2025,1,Saturday,21,8,4,2.0463
2025,1,Saturday,21,4,8,8.4803
2025,1,Saturday,21,0,1,9.358
2025,1,Saturday,21,5,8,1.8222
2025,1,Saturday,21,7,1,2.378
2025,1,Saturday,21,5,3,17.8147
2025,1,Saturday,21,4,5,11.817
2025,1,Saturday,21,6,7,1.9145
2025,1,Saturday,21,0,7,0.368
2025,1,Saturday,21,7,6,3.0805
2025,1,Saturday,21,1,8,11.169
2025,1,Saturday,21,8,3,12.758
2025,1,Saturday,21,2,5,3.9205
2025,1,Saturday,21,2,3,24.3393
2025,1,Saturday,21,1,7,4.609
2025,1,Saturday,21,3,2,19.1628
2025,1,Saturday,21,1,4,27.5667
2025,1,Saturday,21,7,3,10.0448
2025,1,Saturday,21,5,4,10.1472
2025,1,Saturday,21,4,3,93.0635
2025,1,Saturday,21,3,6,56.3603
2025,1,Saturday,21,3,0,11.1482
2025,1,Saturday,21,8,2,3.9928
2025,1,Saturday,21,6,0,7.5655
2025,1,Saturday,21,0,2,1.868
2025,1,Saturday,21,5,6,7.625
2025,1,Saturday,21,0,8,0.6995
2025,1,Saturday,21,5,7,1.2097
2025,1,Saturday,21,4,7,15.2125
2025,1,Saturday,21,6,4,30.6403
2025,1,Saturday,21,0,3,12.1427
2025,1,Saturday,21,6,3,35.9402
2025,1,Saturday,21,0,5,1.0715
2025,1,Saturday,21,3,7,9.4487
2025,1,Saturday,21,8,1,4.361
2025,1,Saturday,21,2,8,6.0293
2025,1,Saturday,21,2,1,11.396
2025,1,Saturday,21,8,0,2.7643
2025,1,Saturday,21,6,8,1.9025
2025,1,Saturday,21,5,0,1.744
2025,1,Saturday,10,2,1,26.9475
2025,1,Saturday,10,4,6,26.2003
2025,1,Saturday,10,6,7,1.5292
2025,1,Saturday,10,7,6,2.8562
2025,1,Saturday,10,1,8,9.3508
2025,1,Saturday,10,6,5,13.637
2025,1,Saturday,10,3,7,26.5253
2025,1,Saturday,10,8,4,13.042
2025,1,Saturday,10,5,0,2.0188
2025,1,Saturday,10,8,3,29.3405
2025,1,Saturday,10,6,3,93.6033
2025,1,Saturday,10,4,5,11.134
2025,1,Saturday,10,4,2,30.1227
2025,1,Saturday,10,2,5,9.9578
2025,1,Saturday,10,5,4,22.4747
2025,1,Saturday,10,0,8,4.555
2025,1,Saturday,10,1,6,22.8072
2025,1,Saturday,10,7,4,28.098
2025,1,Saturday,10,3,2,59.317
2025,1,Saturday,10,1,5,12.5852
2025,1,Saturday,10,4,1,51.2138
2025,1,Saturday,10,5,7,0.8785
2025,1,Saturday,10,8,1,17.5933
2025,1,Saturday,10,5,1,16.4398
2025,1,Saturday,10,0,4,23.5877
2025,1,Saturday,10,3,5,46.1723
2025,1,Saturday,10,0,1,42.8405
2025,1,Saturday,10,7,2,14.473
2025,1,Saturday,10,2,3,37.6848
2025,1,Saturday,10,4,0,9.1727
2025,1,Saturday,10,6,1,51.609
2025,1,Saturday,10,1,0,25.639
2025,1,Saturday,10,6,8,6.3688
2025,1,Saturday,10,5,8,2.9843
2025,1,Saturday,10,3,1,113.1378
2025,1,Saturday,10,0,6,7.3532
2025,1,Saturday,10,6,2,41.7162
2025,1,Saturday,10,5,3,30.434
2025,1,Saturday,10,3,4,143.753
2025,1,Saturday,10,2,6,18.7713
2025,1,Saturday,10,7,0,1.1962
2025,1,Saturday,10,4,8,6.7865
2025,1,Saturday,10,3,8,52.4408
2025,1,Saturday,10,1,3,84.432
2025,1,Saturday,10,3,0,9.4388
2025,1,Saturday,10,4,7,13.348
2025,1,Saturday,10,0,3,23.5778
2025,1,Saturday,10,8,6,4.3708
2025,1,Saturday,10,8,2,7.008
2025,1,Saturday,10,7,3,32.7702
2025,1,Saturday,10,2,8,11.1387
2025,1,Saturday,10,0,7,2.1018
2025,1,Saturday,10,6,4,58.115
2025,1,Saturday,10,1,4,61.5343
2025,1,Saturday,10,7,1,15.4905
2025,1,Saturday,10,0,5,3.782
2025,1,Saturday,10,1,7,5.4077
2025,1,Saturday,10,7,8,0.5625
2025,1,Saturday,10,7,5,3.9362
2025,1,Saturday,10,5,2,8.6107
2025,1,Saturday,10,0,2,26.3455
2025,1,Saturday,10,8,0,1.5465
2025,1,Saturday,10,1,2,37.1205
2025,1,Saturday,10,6,0,4.2537
2025,1,Saturday,10,8,5,3.4208
2025,1,Saturday,10,3,6,109.5853
2025,1,Saturday,10,4,3,73.6942
2025,1,Saturday,10,2,7,4.186
2025,1,Saturday,10,2,0,5.2972
2025,1,Saturday,10,2,4,35.4313
2025,1,Saturday,10,5,6,5.5248
2025,1,Saturday,22,7,4,4.8322
2025,1,Saturday,22,2,8,3.7877
2025,1,Saturday,22,2,3,20.7845
2025,1,Saturday,22,7,3,12.555
2025,1,Saturday,22,4,5,9.3887
2025,1,Saturday,22,5,0,2.3822
2025,1,Saturday,22,4,0,14.8257
2025,1,Saturday,22,5,6,3.0722
2025,1,Saturday,22,0,2,2.4207
2025,1,Saturday,22,7,1,5.9967
2025,1,Saturday,22,7,6,1.828
2025,1,Saturday,22,6,7,1.5908
2025,1,Saturday,22,8,6,0.6003
2025,1,Saturday,22,3,0,17.0463
2025,1,Saturday,22,5,8,1.4907
2025,1,Saturday,22,2,5,2.3302
2025,1,Saturday,22,7,2,3.8227
2025,1,Saturday,22,3,5,10.328
2025,1,Saturday,22,2,0,11.4123
2025,1,Saturday,22,0,1,7.9725
2025,1,Saturday,22,8,2,2.8088
2025,1,Saturday,22,2,6,13.3403
2025,1,Saturday,22,7,0,0.313
2025,1,Saturday,22,0,4,6.5755
2025,1,Saturday,22,4,1,36.558
2025,1,Saturday,22,2,7,3.5115
2025,1,Saturday,22,5,2,2.8327
2025,1,Saturday,22,1,0,15.2248
2025,1,Saturday,22,0,6,3.8127
2025,1,Saturday,22,5,1,6.0735
2025,1,Saturday,22,8,3,14.449
2025,1,Saturday,22,4,6,36.393
2025,1,Saturday,22,7,5,0.25
2025,1,Saturday,22,1,3,25.468
2025,1,Saturday,22,6,2,6.138
2025,1,Saturday,22,1,6,14.244
2025,1,Saturday,22,8,4,2.7798
2025,1,Saturday,22,2,1,7.4875
2025,1,Saturday,22,1,5,2.9665
2025,1,Saturday,22,3,2,22.779
2025,1,Saturday,22,4,2,16.8287
2025,1,Saturday,22,8,5,0.36
2025,1,Saturday,22,6,1,10.0345
2025,1,Saturday,22,6,4,14.151
2025,1,Saturday,22,5,4,7.0875
2025,1,Saturday,22,6,8,1.965
2025,1,Saturday,22,8,0,3.5278
2025,1,Saturday,22,6,0,4.931
2025,1,Saturday,22,4,7,9.6705
2025,1,Saturday,22,3,8,13.6597
2025,1,Saturday,22,1,8,5.8855
2025,1,Saturday,22,0,8,1.0367
2025,1,Saturday,22,3,7,9.5842
2025,1,Saturday,22,3,1,30.057
2025,1,Saturday,22,0,7,0.3478
2025,1,Saturday,22,6,3,27.441
2025,1,Saturday,22,6,5,2.3895
2025,1,Saturday,22,0,5,0.6885
2025,1,Saturday,22,5,3,16.834
2025,1,Saturday,22,1,7,3.5497
2025,1,Saturday,22,4,3,72.651
2025,1,Saturday,22,3,6,41.3257
2025,1,Saturday,22,4,8,5.2837
2025,1,Saturday,22,3,4,39.7718
2025,1,Saturday,22,8,1,1.2203
2025,1,Saturday,22,1,4,15.403
2025,1,Saturday,22,2,4,11.1278
2025,1,Saturday,22,0,3,4.8525
2025,1,Saturday,22,1,2,5.015
2025,1,Saturday,22,7,8,0.3332
2025,1,Saturday,22,5,7,2.4605
2025,1,Saturday,11,7,4,46.7397
2025,1,Saturday,11,2,0,5.2915
2025,1,Saturday,11,6,8,9.1313
2025,1,Saturday,11,5,2,12.5132
2025,1,Saturday,11,3,8,48.6185
2025,1,Saturday,11,1,3,110.0102
2025,1,Saturday,11,7,3,33.6202
2025,1,Saturday,11,5,4,37.7822
2025,1,Saturday,11,3,4,179.8715
2025,1,Saturday,11,2,3,49.464
2025,1,Saturday,11,8,1,14.837
2025,1,Saturday,11,8,0,3.0502
2025,1,Saturday,11,4,2,31.3383
2025,1,Saturday,11,3,2,63.2028
2025,1,Saturday,11,0,8,3.14
2025,1,Saturday,11,0,7,1.4068
2025,1,Saturday,11,0,6,11.7993
2025,1,Saturday,11,4,7,16.0558
2025,1,Saturday,11,7,5,4.221
2025,1,Saturday,11,4,1,65.6682
2025,1,Saturday,11,3,5,71.0487
2025,1,Saturday,11,2,6,23.9358
2025,1,Saturday,11,6,1,61.7935
2025,1,Saturday,11,4,8,10.1318
2025,1,Saturday,11,0,4,28.2025
2025,1,Saturday,11,1,6,28.6948
2025,1,Saturday,11,6,4,76.4383
2025,1,Saturday,11,5,1,18.1625
2025,1,Saturday,11,8,2,8.8505
2025,1,Saturday,11,2,4,42.0943
2025,1,Saturday,11,8,3,31.6632
2025,1,Saturday,11,5,0,1.4698
2025,1,Saturday,11,4,0,10.428
2025,1,Saturday,11,8,4,19.0165
2025,1,Saturday,11,4,3,98.3418
2025,1,Saturday,11,1,7,9.8587
2025,1,Saturday,11,4,5,21.927
2025,1,Saturday,11,7,8,1.5072
2025,1,Saturday,11,8,5,9.9682
2025,1,Saturday,11,6,3,90.436
2025,1,Saturday,11,2,1,31.6683
2025,1,Saturday,11,6,7,6.8065
2025,1,Saturday,11,0,5,6.2518
2025,1,Saturday,11,0,2,20.8673
2025,1,Saturday,11,3,0,12.9012
2025,1,Saturday,11,1,8,9.2445
2025,1,Saturday,11,2,7,6.3882
2025,1,Saturday,11,5,8,6.8148
2025,1,Saturday,11,0,1,43.789
2025,1,Saturday,11,3,1,135.0025
2025,1,Saturday,11,6,2,37.4075
2025,1,Saturday,11,1,2,36.3398
2025,1,Saturday,11,1,0,30.664
2025,1,Saturday,11,4,6,43.182
2025,1,Saturday,11,7,1,15.7813
2025,1,Saturday,11,0,3,25.7435
2025,1,Saturday,11,6,5,17.7835
2025,1,Saturday,11,6,0,4.1172
2025,1,Saturday,11,2,5,7.878
2025,1,Saturday,11,1,5,13.212
2025,1,Saturday,11,7,6,2.8043
2025,1,Saturday,11,3,6,120.9725
2025,1,Saturday,11,1,4,84.066
2025,1,Saturday,11,5,3,39.627
2025,1,Saturday,11,3,7,34.3533
2025,1,Saturday,11,2,8,5.5575
2025,1,Saturday,11,5,7,3.201
2025,1,Saturday,11,8,6,6.445
2025,1,Saturday,11,5,6,13.188
2025,1,Saturday,11,7,2,15.439
2025,1,Saturday,11,7,0,0.6183
2025,1,Saturday,23,2,6,12.8533
2025,1,Saturday,23,6,1,7.6435
2025,1,Saturday,23,6,3,18.5972
2025,1,Saturday,23,7,0,2.0167
2025,1,Saturday,23,6,0,4.6832
2025,1,Saturday,23,7,3,9.4782
2025,1,Saturday,23,6,4,9.6755
2025,1,Saturday,23,5,4,4.984
2025,1,Saturday,23,0,4,1.783
2025,1,Saturday,23,7,2,0.8428
2025,1,Saturday,23,6,7,1.184
2025,1,Saturday,23,0,5,1.0207
2025,1,Saturday,23,3,8,5.4983
2025,1,Saturday,23,1,6,12.097
2025,1,Saturday,23,2,3,9.8195
2025,1,Saturday,23,2,1,4.994
2025,1,Saturday,23,3,2,10.2403
2025,1,Saturday,23,2,5,2.0375
2025,1,Saturday,23,4,5,4.8907
2025,1,Saturday,23,1,4,9.08
2025,1,Saturday,23,4,8,5.1723
2025,1,Saturday,23,7,1,3.3327
2025,1,Saturday,23,8,3,7.2917
2025,1,Saturday,23,5,3,10.5763
2025,1,Saturday,23,5,7,1.7418
2025,1,Saturday,23,5,8,0.5728
2025,1,Saturday,23,3,0,17.4825
2025,1,Saturday,23,8,5,0.875
2025,1,Saturday,23,4,2,14.3332
2025,1,Saturday,23,3,7,3.7505
2025,1,Saturday,23,1,7,2.4155
2025,1,Saturday,23,0,2,3.2308
2025,1,Saturday,23,7,4,4.899
2025,1,Saturday,23,6,8,1.8653
2025,1,Saturday,23,4,6,27.8288
2025,1,Saturday,23,1,5,3.0278
2025,1,Saturday,23,3,1,21.379
2025,1,Saturday,23,5,0,3.8502
2025,1,Saturday,23,3,6,27.3475
2025,1,Saturday,23,4,0,15.6028
2025,1,Saturday,23,7,5,0.2845
2025,1,Saturday,23,0,7,1.0365
2025,1,Saturday,23,1,8,2.1135
2025,1,Saturday,23,2,8,0.6135
2025,1,Saturday,23,8,4,2.0647
2025,1,Saturday,23,1,0,11.7835
2025,1,Saturday,23,8,0,0.9307
2025,1,Saturday,23,8,2,1.511
2025,1,Saturday,23,0,1,4.876
2025,1,Saturday,23,5,1,3.192
2025,1,Saturday,23,4,7,9.538
2025,1,Saturday,23,0,6,4.9265
2025,1,Saturday,23,3,4,24.0228
2025,1,Saturday,23,6,2,4.9652
2025,1,Saturday,23,5,2,2.5408
2025,1,Saturday,23,4,1,32.952
2025,1,Saturday,23,1,3,18.7385
2025,1,Saturday,23,0,8,1.1318
2025,1,Saturday,23,2,4,5.5328
2025,1,Saturday,23,3,5,9.0135
2025,1,Saturday,23,6,5,2.504
2025,1,Saturday,23,2,7,1.4335
2025,1,Saturday,23,0,3,1.759
2025,1,Saturday,23,8,1,1.268
2025,1,Saturday,23,2,0,6.0563
2025,1,Saturday,23,5,6,1.143
2025,1,Saturday,23,1,2,2.6753
2025,1,Saturday,23,4,3,62.9855
2025,1,Saturday,23,7,6,0.7725
2025,1,Saturday,0,4,6,17.876
2025,1,Saturday,0,5,8,0.291
2025,1,Saturday,0,5,2,1.215
2025,1,Saturday,0,4,1,22.6345
2025,1,Saturday,0,5,1,2.3343
2025,1,Saturday,0,3,7,1.8925
2025,1,Saturday,0,0,2,0.3473
2025,1,Saturday,0,8,2,0.3125
2025,1,Saturday,0,0,8,0.3473
2025,1,Saturday,0,6,4,3.5415
2025,1,Saturday,0,6,3,11.4572
2025,1,Saturday,0,4,8,1.4967
2025,1,Saturday,0,3,8,9.8405
2025,1,Saturday,0,7,2,1.5167
2025,1,Saturday,0,1,4,3.372
2025,1,Saturday,0,2,4,5.2397
2025,1,Saturday,0,1,8,2.4597
2025,1,Saturday,0,7,3,5.5555
2025,1,Saturday,0,8,3,4.5428
2025,1,Saturday,0,0,1,2.7395
2025,1,Saturday,0,8,6,4.915
2025,1,Saturday,0,5,6,2.0705
2025,1,Saturday,0,1,6,3.9967
2025,1,Saturday,0,1,7,1.2465
2025,1,Saturday,0,0,3,3.3625
2025,1,Saturday,0,2,5,0.8913
2025,1,Saturday,0,2,1,5.607
2025,1,Saturday,0,7,4,1.207
2025,1,Saturday,0,3,4,9.5263
2025,1,Saturday,0,5,3,6.3915
2025,1,Saturday,0,3,0,6.0375
2025,1,Saturday,0,2,0,5.0848
2025,1,Saturday,0,4,3,24.5622
2025,1,Saturday,0,6,0,6.0285
2025,1,Saturday,0,4,5,6.042
2025,1,Saturday,0,3,2,6.1093
2025,1,Saturday,0,5,7,0.291
2025,1,Saturday,0,4,2,9.3245
2025,1,Saturday,0,4,7,3.9065
2025,1,Saturday,0,7,6,0.6185
2025,1,Saturday,0,1,0,6.3728
2025,1,Saturday,0,0,4,2.3207
2025,1,Saturday,0,7,0,0.8917
2025,1,Saturday,0,3,6,15.035
2025,1,Saturday,0,0,7,0.431
2025,1,Saturday,0,6,1,2.9145
2025,1,Saturday,0,8,7,0.2817
2025,1,Saturday,0,3,1,9.5433
2025,1,Saturday,0,1,5,0.306
2025,1,Saturday,0,5,0,1.8477
2025,1,Saturday,0,7,1,2.0692
2025,1,Saturday,0,1,3,4.3272
2025,1,Saturday,0,1,2,1.841
2025,1,Saturday,0,0,6,0.7925
2025,1,Saturday,0,7,5,0.5577
2025,1,Saturday,0,3,5,3.0805
2025,1,Saturday,0,6,2,1.178
2025,1,Saturday,0,4,0,12.596
2025,1,Saturday,0,2,8,4.6157
2025,1,Saturday,0,8,0,1.1797
2025,1,Saturday,0,2,6,6.0825
2025,1,Saturday,0,2,3,5.2883
2025,1,Saturday,0,6,8,0.585
2025,1,Saturday,0,5,4,1.8688
2025,1,Saturday,0,6,5,0.8752
2025,1,Saturday,12,7,4,40.8332
2025,1,Saturday,12,2,7,5.3838
2025,1,Saturday,12,6,0,4.5415
2025,1,Saturday,12,5,1,23.6052
2025,1,Saturday,12,3,6,114.2765
2025,1,Saturday,12,1,4,113.5895
2025,1,Saturday,12,5,6,13.3155
2025,1,Saturday,12,0,3,22.205
2025,1,Saturday,12,0,1,40.0828
2025,1,Saturday,12,0,6,9.5085
2025,1,Saturday,12,5,2,13.923
2025,1,Saturday,12,1,5,20.4425
2025,1,Saturday,12,4,6,59.705
2025,1,Saturday,12,0,7,1.0008
2025,1,Saturday,12,6,8,10.6477
2025,1,Saturday,12,7,5,3.9947
2025,1,Saturday,12,6,1,65.265
2025,1,Saturday,12,4,3,136.0852
2025,1,Saturday,12,4,8,15.2635
2025,1,Saturday,12,1,2,59.512
2025,1,Saturday,12,8,0,2.652
2025,1,Saturday,12,0,8,1.7313
2025,1,Saturday,12,8,2,12.5987
2025,1,Saturday,12,7,2,20.5025
2025,1,Saturday,12,5,3,49.5938
2025,1,Saturday,12,5,7,1.5267
2025,1,Saturday,12,5,0,1.211
2025,1,Saturday,12,5,4,36.8602
2025,1,Saturday,12,8,4,19.3202
2025,1,Saturday,12,0,2,20.0768
2025,1,Saturday,12,5,8,6.615
2025,1,Saturday,12,1,6,39.206
2025,1,Saturday,12,3,1,145.5957
2025,1,Saturday,12,6,7,4.4843
2025,1,Saturday,12,0,5,4.7983
2025,1,Saturday,12,2,1,48.0472
2025,1,Saturday,12,2,3,54.6375
2025,1,Saturday,12,3,2,70.5555
2025,1,Saturday,12,4,0,13.1132
2025,1,Saturday,12,8,3,31.97
2025,1,Saturday,12,6,5,17.125
2025,1,Saturday,12,4,7,17.8515
2025,1,Saturday,12,6,2,35.1888
2025,1,Saturday,12,3,7,29.118
2025,1,Saturday,12,6,3,98.085
2025,1,Saturday,12,4,5,25.812
2025,1,Saturday,12,3,0,9.9635
2025,1,Saturday,12,3,4,208.0635
2025,1,Saturday,12,8,5,6.9485
2025,1,Saturday,12,1,7,10.6888
2025,1,Saturday,12,1,0,31.6385
2025,1,Saturday,12,2,8,6.5955
2025,1,Saturday,12,3,8,48.1425
2025,1,Saturday,12,2,6,33.3615
2025,1,Saturday,12,7,0,0.292
2025,1,Saturday,12,4,1,98.0337
2025,1,Saturday,12,7,1,27.4343
2025,1,Saturday,12,8,1,20.0243
2025,1,Saturday,12,2,5,14.7793
2025,1,Saturday,12,1,8,9.8638
2025,1,Saturday,12,1,3,109.9317
2025,1,Saturday,12,0,4,22.8408
2025,1,Saturday,12,2,4,51.7413
2025,1,Saturday,12,6,4,96.9048
2025,1,Saturday,12,7,6,7.103
2025,1,Saturday,12,2,0,15.1818
2025,1,Saturday,12,8,6,12.626
2025,1,Saturday,12,4,2,56.6372
2025,1,Saturday,12,7,3,34.5027
2025,1,Saturday,12,3,5,56.5645
2025,1,Sunday,1,7,1,1.52
2025,1,Sunday,1,6,3,3.0388
2025,1,Sunday,1,3,4,4.6815
2025,1,Sunday,1,2,8,0.5353
2025,1,Sunday,1,2,6,0.5813
2025,1,Sunday,1,8,2,0.3383
2025,1,Sunday,1,8,0,0.25
2025,1,Sunday,1,8,3,1.1777
2025,1,Sunday,1,6,2,1.5253
2025,1,Sunday,1,6,8,0.266
2025,1,Sunday,1,4,8,0.3088
2025,1,Sunday,1,0,5,0.45
2025,1,Sunday,1,2,7,0.553
2025,1,Sunday,1,5,6,0.6073
2025,1,Sunday,1,5,3,3.1132
2025,1,Sunday,1,4,0,4.2092
2025,1,Sunday,1,0,3,1.439
2025,1,Sunday,1,8,5,0.5
2025,1,Sunday,1,7,3,1.5598
2025,1,Sunday,1,2,4,3.2833
2025,1,Sunday,1,8,1,0.2727
2025,1,Sunday,1,3,2,1.8617
2025,1,Sunday,1,3,1,7.036
2025,1,Sunday,1,4,6,7.0115
2025,1,Sunday,1,4,7,1.8107
2025,1,Sunday,1,0,6,0.3725
2025,1,Sunday,1,2,1,1.2105
2025,1,Sunday,1,0,1,1.7442
2025,1,Sunday,1,8,4,1.274
2025,1,Sunday,1,3,5,0.6312
2025,1,Sunday,1,6,0,0.9008
2025,1,Sunday,1,3,8,0.9732
2025,1,Sunday,1,7,6,0.525
2025,1,Sunday,1,2,3,2.8877
2025,1,Sunday,1,8,6,1.1332
2025,1,Sunday,1,3,6,7.1122
2025,1,Sunday,1,7,2,1.5195
2025,1,Sunday,1,1,3,2.5838
2025,1,Sunday,1,4,3,14.919
2025,1,Sunday,1,7,4,1.3098
2025,1,Sunday,1,6,4,1.3837
2025,1,Sunday,1,5,7,0.5277
2025,1,Sunday,1,1,6,0.577
2025,1,Sunday,1,6,7,0.3828
2025,1,Sunday,1,1,4,1.342
2025,1,Sunday,1,5,1,1.134
2025,1,Sunday,1,5,4,1.6923
2025,1,Sunday,1,6,5,0.714
2025,1,Sunday,1,0,4,0.3257
2025,1,Sunday,1,6,1,0.5577
2025,1,Sunday,1,1,2,0.674
2025,1,Sunday,1,4,1,9.1035
2025,1,Sunday,1,2,0,1.4243
2025,1,Sunday,1,7,0,0.695
2025,1,Sunday,1,4,5,1.4787
2025,1,Sunday,1,1,8,0.765
2025,1,Sunday,1,3,7,1.4972
2025,1,Sunday,1,3,0,3.831
2025,1,Sunday,1,4,2,3.883
2025,1,Sunday,1,5,2,0.2738
2025,1,Sunday,13,8,6,12.4145
2025,1,Sunday,13,2,1,49.0892
2025,1,Sunday,13,0,1,41.811
2025,1,Sunday,13,3,1,106.9477
2025,1,Sunday,13,6,4,78.9835
2025,1,Sunday,13,4,7,22.194
2025,1,Sunday,13,3,6,93.2495
2025,1,Sunday,13,2,0,12.4105
2025,1,Sunday,13,2,6,22.176
2025,1,Sunday,13,5,3,43.0675
2025,1,Sunday,13,8,3,35.3708
2025,1,Sunday,13,6,2,33.4898
2025,1,Sunday,13,1,2,41.9278
2025,1,Sunday,13,4,0,14.3735
2025,1,Sunday,13,5,2,14.358
2025,1,Sunday,13,1,0,28.6155
2025,1,Sunday,13,7,2,14.5958
2025,1,Sunday,13,7,5,3.729
2025,1,Sunday,13,3,8,33.071
2025,1,Sunday,13,4,8,10.8142
2025,1,Sunday,13,3,2,51.2888
2025,1,Sunday,13,7,6,7.8235
2025,1,Sunday,13,5,4,25.3263
2025,1,Sunday,13,2,3,53.5797
2025,1,Sunday,13,8,2,9.0942
2025,1,Sunday,13,6,0,4.183
2025,1,Sunday,13,1,5,14.971
2025,1,Sunday,13,5,8,7.793
2025,1,Sunday,13,7,8,1.2728
2025,1,Sunday,13,4,6,59.079
2025,1,Sunday,13,4,2,51.5157
2025,1,Sunday,13,6,1,54.229
2025,1,Sunday,13,0,8,1.7367
2025,1,Sunday,13,0,2,15.0638
2025,1,Sunday,13,6,3,92.5708
2025,1,Sunday,13,1,6,34.819
2025,1,Sunday,13,0,6,11.9622
2025,1,Sunday,13,4,3,126.9695
2025,1,Sunday,13,2,4,48.2153
2025,1,Sunday,13,7,4,35.6407
2025,1,Sunday,13,3,0,15.2775
2025,1,Sunday,13,1,3,92.0188
2025,1,Sunday,13,2,5,10.1187
2025,1,Sunday,13,2,8,6.8378
2025,1,Sunday,13,3,4,159.0745
2025,1,Sunday,13,4,1,74.1187
2025,1,Sunday,13,7,3,40.1175
2025,1,Sunday,13,3,5,40.3635
2025,1,Sunday,13,5,0,2.3047
2025,1,Sunday,13,3,7,26.321
2025,1,Sunday,13,0,7,0.3668
2025,1,Sunday,13,8,1,20.7833
2025,1,Sunday,13,1,4,87.8228
2025,1,Sunday,13,6,5,15.8105
2025,1,Sunday,13,8,5,18.1793
2025,1,Sunday,13,7,0,2.4825
2025,1,Sunday,13,8,4,13.141
2025,1,Sunday,13,1,7,10.1065
2025,1,Sunday,13,1,8,8.283
2025,1,Sunday,13,5,6,15.3368
2025,1,Sunday,13,0,3,19.3335
2025,1,Sunday,13,2,7,10.1395
2025,1,Sunday,13,4,5,23.6873
2025,1,Sunday,13,5,1,21.9492
2025,1,Sunday,13,5,7,3.3015
2025,1,Sunday,13,0,5,3.842
2025,1,Sunday,13,6,7,7.5308
2025,1,Sunday,13,0,4,19.0907
2025,1,Sunday,13,6,8,6.2652
2025,1,Sunday,13,7,1,16.1638
2025,1,Sunday,13,8,0,3.5538
2025,1,Sunday,2,2,0,1.3332
2025,1,Sunday,2,4,1,5.05
2025,1,Sunday,2,6,3,0.6165
2025,1,Sunday,2,3,8,1.0325
2025,1,Sunday,2,4,6,1.5395
2025,1,Sunday,2,8,3,0.8955
2025,1,Sunday,2,4,8,0.9318
2025,1,Sunday,2,5,0,0.25
2025,1,Sunday,2,7,5,0.2858
2025,1,Sunday,2,2,1,0.6082
2025,1,Sunday,2,1,0,0.353
2025,1,Sunday,2,6,4,1.503
2025,1,Sunday,2,1,6,0.6585
2025,1,Sunday,2,6,7,0.342
2025,1,Sunday,2,2,6,0.9048
2025,1,Sunday,2,5,4,0.375
2025,1,Sunday,2,1,3,0.706
2025,1,Sunday,2,4,5,0.6115
2025,1,Sunday,2,8,4,0.9582
2025,1,Sunday,2,3,1,1.4232
2025,1,Sunday,2,4,7,0.5842
2025,1,Sunday,2,3,2,0.6865
2025,1,Sunday,2,6,0,0.25
2025,1,Sunday,2,3,0,1.0278
2025,1,Sunday,2,7,6,0.5625
2025,1,Sunday,2,2,3,0.8895
2025,1,Sunday,2,6,1,0.8395
2025,1,Sunday,2,7,3,0.25
2025,1,Sunday,2,4,2,1.5318
2025,1,Sunday,2,1,4,0.353
2025,1,Sunday,2,5,3,0.3077
2025,1,Sunday,2,7,4,0.5715
2025,1,Sunday,2,1,2,0.706
2025,1,Sunday,2,1,7,0.3055
2025,1,Sunday,2,4,3,6.1653
2025,1,Sunday,2,8,6,1
2025,1,Sunday,2,7,0,0.2858
2025,1,Sunday,2,4,0,2.1068
2025,1,Sunday,2,5,1,0.5577
2025,1,Sunday,2,5,2,0.3077
2025,1,Sunday,2,0,3,0.797
2025,1,Sunday,2,2,8,0.275
2025,1,Sunday,2,3,6,1.1555
2025,1,Sunday,2,8,1,0.2727
2025,1,Sunday,2,3,4,2.613
2025,1,Sunday,2,2,4,0.3167
2025,1,Sunday,14,3,2,43.1755
2025,1,Sunday,14,5,0,2.628
2025,1,Sunday,14,1,0,27.9995
2025,1,Sunday,14,1,8,10.118
2025,1,Sunday,14,8,1,16.5652
2025,1,Sunday,14,7,2,15.046
2025,1,Sunday,14,0,7,1.7428
2025,1,Sunday,14,0,4,20.4168
2025,1,Sunday,14,7,6,7.4903
2025,1,Sunday,14,3,1,95.235
2025,1,Sunday,14,2,4,48.1512
2025,1,Sunday,14,0,3,26.7285
2025,1,Sunday,14,2,0,11.7087
2025,1,Sunday,14,0,5,7.2867
2025,1,Sunday,14,4,8,13.1592
2025,1,Sunday,14,4,0,18.4502
2025,1,Sunday,14,6,2,33.5735
2025,1,Sunday,14,0,2,15.5455
2025,1,Sunday,14,1,7,14.1695
2025,1,Sunday,14,6,3,107.9722
2025,1,Sunday,14,6,8,9.7842
2025,1,Sunday,14,4,1,78.4867
2025,1,Sunday,14,1,4,85.103
2025,1,Sunday,14,0,6,8.6833
2025,1,Sunday,14,1,5,17.0447
2025,1,Sunday,14,5,3,39.2247
2025,1,Sunday,14,4,6,67.0755
2025,1,Sunday,14,4,3,129.1168
2025,1,Sunday,14,7,3,30.1717
2025,1,Sunday,14,8,2,8.027
2025,1,Sunday,14,4,2,46.662
2025,1,Sunday,14,2,3,47.952
2025,1,Sunday,14,8,5,12.3437
2025,1,Sunday,14,7,1,18.9552
2025,1,Sunday,14,3,5,38.446
2025,1,Sunday,14,3,7,25.3923
2025,1,Sunday,14,3,6,109.9283
2025,1,Sunday,14,7,5,4.7077
2025,1,Sunday,14,4,5,20.7342
2025,1,Sunday,14,4,7,23.5275
2025,1,Sunday,14,2,5,5.7365
2025,1,Sunday,14,1,6,41.7887
2025,1,Sunday,14,3,4,136.6475
2025,1,Sunday,14,5,8,4.8488
2025,1,Sunday,14,2,6,29.2297
2025,1,Sunday,14,7,8,0.5
2025,1,Sunday,14,5,2,11.3485
2025,1,Sunday,14,8,4,13.6245
2025,1,Sunday,14,6,1,44.172
2025,1,Sunday,14,5,7,3.907
2025,1,Sunday,14,6,0,5.6685
2025,1,Sunday,14,6,7,6.0937
2025,1,Sunday,14,8,6,17.7555
2025,1,Sunday,14,1,2,49.0297
2025,1,Sunday,14,5,6,16.9588
2025,1,Sunday,14,3,0,13.3733
2025,1,Sunday,14,0,1,41.152
2025,1,Sunday,14,2,1,52.8417
2025,1,Sunday,14,1,3,119.083
2025,1,Sunday,14,6,4,79.944
2025,1,Sunday,14,8,0,4.0965
2025,1,Sunday,14,6,5,25.3902
2025,1,Sunday,14,5,1,18.941
2025,1,Sunday,14,5,4,31.5423
2025,1,Sunday,14,0,8,1.7135
2025,1,Sunday,14,3,8,30.3193
2025,1,Sunday,14,2,8,5.996
2025,1,Sunday,14,2,7,9.1785
2025,1,Sunday,14,8,3,33.497
2025,1,Sunday,14,7,4,36.2158
2025,1,Sunday,3,3,5,0.8535
2025,1,Sunday,3,3,2,0.6145
2025,1,Sunday,3,0,2,0.7665
2025,1,Sunday,3,3,8,0.361
2025,1,Sunday,3,1,2,0.35
2025,1,Sunday,3,1,6,0.35
2025,1,Sunday,3,6,1,0.375
2025,1,Sunday,3,8,1,0.25
2025,1,Sunday,3,2,1,0.5
2025,1,Sunday,3,7,6,0.25
2025,1,Sunday,3,4,3,4.2415
2025,1,Sunday,3,3,0,0.6668
2025,1,Sunday,3,2,4,0.5832
2025,1,Sunday,3,4,8,0.6077
2025,1,Sunday,3,4,0,2.337
2025,1,Sunday,3,3,7,0.3535
2025,1,Sunday,3,6,2,0.3655
2025,1,Sunday,3,4,5,0.8805
2025,1,Sunday,3,1,3,0.9957
2025,1,Sunday,3,5,6,0.2777
2025,1,Sunday,3,2,0,0.2707
2025,1,Sunday,3,6,8,0.3655
2025,1,Sunday,3,4,6,0.99
2025,1,Sunday,3,5,1,0.7383
2025,1,Sunday,3,6,3,1.9595
2025,1,Sunday,3,8,6,0.2777
2025,1,Sunday,3,3,4,2.3895
2025,1,Sunday,3,6,5,0.3
2025,1,Sunday,3,4,1,2.3838
2025,1,Sunday,3,8,3,0.5832
2025,1,Sunday,3,6,4,1.3955
2025,1,Sunday,3,0,3,0.3798
2025,1,Sunday,3,5,3,0.9883
2025,1,Sunday,3,4,7,0.2758
2025,1,Sunday,3,0,4,0.3695
2025,1,Sunday,3,1,0,0.3462
2025,1,Sunday,3,8,4,0.25
2025,1,Sunday,3,3,6,1.0137
2025,1,Sunday,3,3,1,0.3535
2025,1,Sunday,15,4,8,18.332
2025,1,Sunday,15,6,4,65.8633
2025,1,Sunday,15,3,5,35.7605
2025,1,Sunday,15,5,7,5.1027
2025,1,Sunday,15,5,2,12.9982
2025,1,Sunday,15,7,6,3.928
2025,1,Sunday,15,5,0,6.8593
2025,1,Sunday,15,3,7,29.2263
2025,1,Sunday,15,7,4,31.3035
2025,1,Sunday,15,3,4,129.3497
2025,1,Sunday,15,2,6,24.284
2025,1,Sunday,15,1,5,12.7695
2025,1,Sunday,15,2,7,8.9765
2025,1,Sunday,15,0,7,3.1217
2025,1,Sunday,15,0,5,2.437
2025,1,Sunday,15,1,2,34.8923
2025,1,Sunday,15,7,0,6.4475
2025,1,Sunday,15,0,2,16.0835
2025,1,Sunday,15,2,5,8.7605
2025,1,Sunday,15,3,0,22.802
2025,1,Sunday,15,6,1,42.848
2025,1,Sunday,15,8,5,13.6685
2025,1,Sunday,15,6,7,8.117
2025,1,Sunday,15,0,8,0.3577
2025,1,Sunday,15,3,2,47.2085
2025,1,Sunday,15,8,2,10.0583
2025,1,Sunday,15,2,3,51.9945
2025,1,Sunday,15,3,1,83.3345
2025,1,Sunday,15,6,5,18.9002
2025,1,Sunday,15,8,7,0.9975
2025,1,Sunday,15,5,3,41.0927
2025,1,Sunday,15,3,8,18.5952
2025,1,Sunday,15,3,6,92.838
2025,1,Sunday,15,1,8,11.9427
2025,1,Sunday,15,1,3,121.743
2025,1,Sunday,15,0,1,36.94
2025,1,Sunday,15,5,8,5.1147
2025,1,Sunday,15,4,2,47.92
2025,1,Sunday,15,7,5,3.9415
2025,1,Sunday,15,4,1,83.063
2025,1,Sunday,15,0,4,30.2862
2025,1,Sunday,15,7,1,9.776
2025,1,Sunday,15,8,6,9.6975
2025,1,Sunday,15,6,2,24.3562
2025,1,Sunday,15,6,8,8.6647
2025,1,Sunday,15,1,0,33.5372
2025,1,Sunday,15,2,8,9.837
2025,1,Sunday,15,4,0,19.2137
2025,1,Sunday,15,8,1,9.9185
2025,1,Sunday,15,0,3,20.2495
2025,1,Sunday,15,5,1,14.1015
2025,1,Sunday,15,5,4,28.7095
2025,1,Sunday,15,1,6,43.8907
2025,1,Sunday,15,2,1,40.423
2025,1,Sunday,15,4,6,68.5402
2025,1,Sunday,15,4,7,24.2317
2025,1,Sunday,15,2,4,50.2785
2025,1,Sunday,15,1,7,14.5823
2025,1,Sunday,15,8,0,2.5375
2025,1,Sunday,15,7,2,12.2387
2025,1,Sunday,15,6,0,7.7865
2025,1,Sunday,15,4,5,23.5985
2025,1,Sunday,15,0,6,12.2765
2025,1,Sunday,15,4,3,138.0645
2025,1,Sunday,15,2,0,15.58
2025,1,Sunday,15,7,3,26.84
2025,1,Sunday,15,8,3,43.236
2025,1,Sunday,15,5,6,11.1325
2025,1,Sunday,15,6,3,104.7958
2025,1,Sunday,15,8,4,18.0925
2025,1,Sunday,15,1,4,80.478
2025,1,Sunday,4,0,1,2.0577
2025,1,Sunday,4,8,4,0.3332
2025,1,Sunday,4,4,7,0.325
2025,1,Sunday,4,0,3,1.9527
2025,1,Sunday,4,3,0,1.4858
2025,1,Sunday,4,0,2,0.369
2025,1,Sunday,4,0,4,1.696
2025,1,Sunday,4,0,5,0.341
2025,1,Sunday,4,7,8,0.25
2025,1,Sunday,4,4,0,1.008
2025,1,Sunday,4,0,8,0.2937
2025,1,Sunday,4,0,6,0.5875
2025,1,Sunday,4,6,3,1.1477
2025,1,Sunday,4,7,6,0.5
2025,1,Sunday,4,2,4,1.7918
2025,1,Sunday,4,6,1,0.943
2025,1,Sunday,4,1,6,1.311
2025,1,Sunday,4,3,7,0.7082
2025,1,Sunday,4,4,3,2.8123
2025,1,Sunday,4,3,8,0.25
2025,1,Sunday,4,8,3,0.8332
2025,1,Sunday,4,2,0,0.9223
2025,1,Sunday,4,4,6,0.978
2025,1,Sunday,4,8,1,0.8525
2025,1,Sunday,4,4,1,0.296
2025,1,Sunday,4,5,3,0.25
2025,1,Sunday,4,5,1,0.625
2025,1,Sunday,4,2,3,0.8125
2025,1,Sunday,4,2,1,0.9315
2025,1,Sunday,4,8,6,0.2693
2025,1,Sunday,4,4,2,0.9215
2025,1,Sunday,4,6,2,0.3862
2025,1,Sunday,4,1,4,0.3125
2025,1,Sunday,4,5,6,0.5277
2025,1,Sunday,4,2,6,0.3215
2025,1,Sunday,4,6,8,0.25
2025,1,Sunday,4,3,5,0.4108
2025,1,Sunday,4,6,4,0.863
2025,1,Sunday,4,1,3,0.3438
2025,1,Sunday,16,8,4,24.072
2025,1,Sunday,16,6,8,7.5073
2025,1,Sunday,16,4,7,28.1642
2025,1,Sunday,16,4,2,47.7672
2025,1,Sunday,16,8,1,6.4265
2025,1,Sunday,16,0,3,17.5643
2025,1,Sunday,16,6,4,73.643
2025,1,Sunday,16,2,5,9.1433
2025,1,Sunday,16,4,3,146.9172
2025,1,Sunday,16,1,3,126.246
2025,1,Sunday,16,3,1,75.267
2025,1,Sunday,16,6,1,20.805
2025,1,Sunday,16,4,6,69.0645
2025,1,Sunday,16,3,0,17.5942
2025,1,Sunday,16,6,2,21.4388
2025,1,Sunday,16,8,5,12.082
2025,1,Sunday,16,3,7,21.9877
2025,1,Sunday,16,6,7,3.771
2025,1,Sunday,16,3,2,44.114
2025,1,Sunday,16,5,3,43.8607
2025,1,Sunday,16,7,2,8.1935
2025,1,Sunday,16,4,8,11.9057
2025,1,Sunday,16,2,1,37.6157
2025,1,Sunday,16,5,7,2.4268
2025,1,Sunday,16,3,5,27.6597
2025,1,Sunday,16,1,4,78.8227
2025,1,Sunday,16,0,6,9.4965
2025,1,Sunday,16,2,6,30.33
2025,1,Sunday,16,2,3,48.0518
2025,1,Sunday,16,1,0,29.0237
2025,1,Sunday,16,8,6,8.0377
2025,1,Sunday,16,7,5,2.45
2025,1,Sunday,16,5,1,13.0967
2025,1,Sunday,16,7,6,5.9548
2025,1,Sunday,16,1,5,12.667
2025,1,Sunday,16,6,5,18.113
2025,1,Sunday,16,0,8,2.0765
2025,1,Sunday,16,0,4,23.8935
2025,1,Sunday,16,1,7,7.8305
2025,1,Sunday,16,7,3,25.8973
2025,1,Sunday,16,5,6,7.9635
2025,1,Sunday,16,0,5,1.3817
2025,1,Sunday,16,1,8,7.836
2025,1,Sunday,16,8,2,11.3185
2025,1,Sunday,16,2,4,49.253
2025,1,Sunday,16,5,0,3.2305
2025,1,Sunday,16,7,0,3.0075
2025,1,Sunday,16,4,0,20.03
2025,1,Sunday,16,6,0,7.9372
2025,1,Sunday,16,3,8,19.89
2025,1,Sunday,16,2,7,7.0952
2025,1,Sunday,16,1,2,35.4163
2025,1,Sunday,16,0,7,0.7095
2025,1,Sunday,16,8,0,2.4845
2025,1,Sunday,16,5,4,25.797
2025,1,Sunday,16,5,2,12.038
2025,1,Sunday,16,0,1,34.77
2025,1,Sunday,16,1,6,45.7967
2025,1,Sunday,16,7,1,8.4692
2025,1,Sunday,16,5,8,5.446
2025,1,Sunday,16,4,1,69.649
2025,1,Sunday,16,2,8,8.643
2025,1,Sunday,16,0,2,12.632
2025,1,Sunday,16,3,6,80.146
2025,1,Sunday,16,3,4,130.994
2025,1,Sunday,16,6,3,88.6287
2025,1,Sunday,16,2,0,11.7045
2025,1,Sunday,16,8,3,34.732
2025,1,Sunday,16,7,4,31.7698
2025,1,Sunday,16,4,5,22.6415
2025,1,Sunday,5,1,4,1.7887
2025,1,Sunday,5,1,0,1.385
2025,1,Sunday,5,2,8,0.5
2025,1,Sunday,5,8,4,0.981
2025,1,Sunday,5,1,6,0.3125
2025,1,Sunday,5,5,1,0.25
2025,1,Sunday,5,8,2,1.736
2025,1,Sunday,5,4,2,5.4505
2025,1,Sunday,5,7,4,1.3263
2025,1,Sunday,5,2,3,2.5525
2025,1,Sunday,5,4,3,6.7945
2025,1,Sunday,5,2,5,0.2858
2025,1,Sunday,5,0,4,2.6945
2025,1,Sunday,5,5,7,0.25
2025,1,Sunday,5,1,7,0.9165
2025,1,Sunday,5,6,0,1.325
2025,1,Sunday,5,2,7,0.5
2025,1,Sunday,5,5,4,1.1125
2025,1,Sunday,5,3,2,4.0615
2025,1,Sunday,5,4,7,0.341
2025,1,Sunday,5,8,3,2.0563
2025,1,Sunday,5,5,3,2.6043
2025,1,Sunday,5,3,7,1.6787
2025,1,Sunday,5,6,4,0.45
2025,1,Sunday,5,2,0,3.216
2025,1,Sunday,5,3,6,1.3035
2025,1,Sunday,5,6,8,0.3225
2025,1,Sunday,5,6,1,3.2125
2025,1,Sunday,5,7,1,0.5347
2025,1,Sunday,5,0,3,4.4605
2025,1,Sunday,5,3,4,1.1045
2025,1,Sunday,5,4,0,9.446
2025,1,Sunday,5,3,1,1.6367
2025,1,Sunday,5,0,8,1.1107
2025,1,Sunday,5,1,2,1.1705
2025,1,Sunday,5,5,0,0.5715
2025,1,Sunday,5,6,3,7.202
2025,1,Sunday,5,0,2,1.0425
2025,1,Sunday,5,2,1,1.3863
2025,1,Sunday,5,5,6,0.6668
2025,1,Sunday,5,4,1,0.25
2025,1,Sunday,5,1,8,1.1998
2025,1,Sunday,5,0,1,1.4072
2025,1,Sunday,5,4,6,0.9518
2025,1,Sunday,5,3,8,2.1542
2025,1,Sunday,5,3,0,0.25
2025,1,Sunday,5,0,6,2.121
2025,1,Sunday,5,8,1,1.7133
2025,1,Sunday,5,6,2,0.6407
2025,1,Sunday,5,7,3,0.868
2025,1,Sunday,5,2,4,1.0168
2025,1,Sunday,5,8,5,0.7918
2025,1,Sunday,5,3,5,2.4212
2025,1,Sunday,5,8,0,0.3383
2025,1,Sunday,5,1,3,1.483
2025,1,Sunday,5,8,6,0.3438
2025,1,Sunday,5,0,5,2.4912
2025,1,Sunday,17,2,5,8.2743
2025,1,Sunday,17,8,3,32.019
2025,1,Sunday,17,1,3,93.6797
2025,1,Sunday,17,3,1,69.4325
2025,1,Sunday,17,4,1,56.0438
2025,1,Sunday,17,4,3,113.2443
2025,1,Sunday,17,1,2,25.631
2025,1,Sunday,17,5,0,2.4865
2025,1,Sunday,17,2,3,51.385
2025,1,Sunday,17,7,6,4.8097
2025,1,Sunday,17,1,4,70.4235
2025,1,Sunday,17,5,8,6.16
2025,1,Sunday,17,0,3,15.8885
2025,1,Sunday,17,3,4,124.89
2025,1,Sunday,17,8,1,6.9005
2025,1,Sunday,17,6,8,4.668
2025,1,Sunday,17,0,8,2.8253
2025,1,Sunday,17,2,6,27.3657
2025,1,Sunday,17,2,8,9.7197
2025,1,Sunday,17,8,4,13.453
2025,1,Sunday,17,7,2,6.243
2025,1,Sunday,17,0,5,3.1475
2025,1,Sunday,17,4,7,20.981
2025,1,Sunday,17,7,1,10.434
2025,1,Sunday,17,5,2,7.128
2025,1,Sunday,17,7,0,2.0447
2025,1,Sunday,17,4,0,17.1738
2025,1,Sunday,17,4,5,20.3695
2025,1,Sunday,17,5,4,31.7485
2025,1,Sunday,17,1,6,62.6848
2025,1,Sunday,17,2,0,11.8153
2025,1,Sunday,17,3,6,81.7048
2025,1,Sunday,17,1,5,16.9173
2025,1,Sunday,17,0,2,5.4135
2025,1,Sunday,17,4,2,31.336
2025,1,Sunday,17,3,7,23.4132
2025,1,Sunday,17,8,2,7.8285
2025,1,Sunday,17,6,3,88.9235
2025,1,Sunday,17,6,1,27.137
2025,1,Sunday,17,3,8,13.897
2025,1,Sunday,17,6,4,49.8263
2025,1,Sunday,17,5,1,8.1108
2025,1,Sunday,17,6,0,6.373
2025,1,Sunday,17,1,7,12.2435
2025,1,Sunday,17,7,8,0.25
2025,1,Sunday,17,3,0,15.727
2025,1,Sunday,17,7,4,34.1412
2025,1,Sunday,17,2,4,37.7657
2025,1,Sunday,17,3,5,29.9962
2025,1,Sunday,17,2,1,34.3497
2025,1,Sunday,17,7,3,27.7757
2025,1,Sunday,17,4,8,9.767
2025,1,Sunday,17,0,6,6.3945
2025,1,Sunday,17,4,6,54.8908
2025,1,Sunday,17,5,3,46.8753
2025,1,Sunday,17,8,0,2.1942
2025,1,Sunday,17,5,6,11.3705
2025,1,Sunday,17,2,7,13.2613
2025,1,Sunday,17,6,2,25.6175
2025,1,Sunday,17,5,7,4.6177
2025,1,Sunday,17,0,1,28.2267
2025,1,Sunday,17,8,5,6.2757
2025,1,Sunday,17,7,5,1.785
2025,1,Sunday,17,6,7,3.773
2025,1,Sunday,17,0,7,1.039
2025,1,Sunday,17,3,2,42.785
2025,1,Sunday,17,1,8,13.2282
2025,1,Sunday,17,0,4,7.5603
2025,1,Sunday,17,6,5,11.538
2025,1,Sunday,17,8,6,6.4962
2025,1,Sunday,17,1,0,35.764
2025,1,Sunday,6,5,2,1.2767
2025,1,Sunday,6,6,8,0.6875
2025,1,Sunday,6,1,6,2.3265
2025,1,Sunday,6,4,8,1.4268
2025,1,Sunday,6,4,3,10.1227
2025,1,Sunday,6,7,2,0.7962
2025,1,Sunday,6,3,6,11.3407
2025,1,Sunday,6,1,0,1.5045
2025,1,Sunday,6,0,8,2.3397
2025,1,Sunday,6,1,4,3.0408
2025,1,Sunday,6,8,1,3.2955
2025,1,Sunday,6,7,5,0.5475
2025,1,Sunday,6,3,1,8.5195
2025,1,Sunday,6,2,0,1.9042
2025,1,Sunday,6,3,4,18.9865
2025,1,Sunday,6,6,3,8.6807
2025,1,Sunday,6,8,2,1.8615
2025,1,Sunday,6,5,1,0.3125
2025,1,Sunday,6,3,7,1.917
2025,1,Sunday,6,2,4,3.1023
2025,1,Sunday,6,0,2,9.3625
2025,1,Sunday,6,0,4,6.309
2025,1,Sunday,6,8,3,6.47
2025,1,Sunday,6,5,7,0.25
2025,1,Sunday,6,5,3,4.987
2025,1,Sunday,6,1,8,0.343
2025,1,Sunday,6,4,5,1.2685
2025,1,Sunday,6,3,5,8.5252
2025,1,Sunday,6,7,4,0.2738
2025,1,Sunday,6,1,2,1.5075
2025,1,Sunday,6,4,7,0.2795
2025,1,Sunday,6,5,8,0.25
2025,1,Sunday,6,6,2,3.127
2025,1,Sunday,6,3,0,5.6362
2025,1,Sunday,6,2,3,2.5845
2025,1,Sunday,6,0,7,0.3252
2025,1,Sunday,6,1,5,2.1255
2025,1,Sunday,6,0,6,1.0248
2025,1,Sunday,6,1,7,0.6342
2025,1,Sunday,6,1,3,6.4073
2025,1,Sunday,6,2,8,4.343
2025,1,Sunday,6,4,6,0.6033
2025,1,Sunday,6,2,6,1.1885
2025,1,Sunday,6,6,0,4.24
2025,1,Sunday,6,8,0,0.5728
2025,1,Sunday,6,0,3,11.9995
2025,1,Sunday,6,7,3,2.4147
2025,1,Sunday,6,3,2,8.8625
2025,1,Sunday,6,8,5,2.0112
2025,1,Sunday,6,6,5,0.6215
2025,1,Sunday,6,0,1,10.2913
2025,1,Sunday,6,4,1,3.0245
2025,1,Sunday,6,0,5,2.64
2025,1,Sunday,6,7,1,0.8832
2025,1,Sunday,6,6,4,3.0478
2025,1,Sunday,6,5,4,0.525
2025,1,Sunday,6,6,1,5.2143
2025,1,Sunday,6,3,8,11.729
2025,1,Sunday,6,5,6,0.3
2025,1,Sunday,6,4,0,4.7137
2025,1,Sunday,6,8,4,1.506
2025,1,Sunday,6,4,2,1.514
2025,1,Sunday,6,2,1,0.25
2025,1,Sunday,6,2,7,1.432
2025,1,Sunday,18,8,5,4.4532
2025,1,Sunday,18,1,6,24.9008
2025,1,Sunday,18,1,7,7.797
2025,1,Sunday,18,1,4,51.7423
2025,1,Sunday,18,6,2,14.1558
2025,1,Sunday,18,0,8,3.5565
2025,1,Sunday,18,5,0,3.2805
2025,1,Sunday,18,6,7,5.1425
2025,1,Sunday,18,2,5,4.4838
2025,1,Sunday,18,6,1,22.656
2025,1,Sunday,18,2,6,18.231
2025,1,Sunday,18,3,6,62.36
2025,1,Sunday,18,8,0,3.8415
2025,1,Sunday,18,0,6,4.9343
2025,1,Sunday,18,7,1,9.1695
2025,1,Sunday,18,4,2,26.4693
2025,1,Sunday,18,2,3,47.9632
2025,1,Sunday,18,8,4,12.3685
2025,1,Sunday,18,5,7,1.8063
2025,1,Sunday,18,5,8,3.2262
2025,1,Sunday,18,1,2,18.903
2025,1,Sunday,18,3,1,61.7565
2025,1,Sunday,18,4,3,98.4853
2025,1,Sunday,18,0,4,10.3353
2025,1,Sunday,18,7,6,1.4947
2025,1,Sunday,18,7,5,2.146
2025,1,Sunday,18,7,3,23.407
2025,1,Sunday,18,7,0,1.4948
2025,1,Sunday,18,2,1,31.688
2025,1,Sunday,18,0,2,8.523
2025,1,Sunday,18,7,4,21.7293
2025,1,Sunday,18,6,5,12.0028
2025,1,Sunday,18,8,6,7.2593
2025,1,Sunday,18,4,5,17.466
2025,1,Sunday,18,2,0,12.562
2025,1,Sunday,18,8,1,6.2808
2025,1,Sunday,18,2,4,33.5955
2025,1,Sunday,18,3,7,23.1365
2025,1,Sunday,18,0,1,21.8495
2025,1,Sunday,18,7,2,5.3147
2025,1,Sunday,18,2,8,4.4288
2025,1,Sunday,18,0,5,2.4927
2025,1,Sunday,18,4,6,57.2495
2025,1,Sunday,18,1,3,55.9803
2025,1,Sunday,18,6,0,6.8977
2025,1,Sunday,18,0,7,0.7045
2025,1,Sunday,18,4,7,19.2775
2025,1,Sunday,18,5,3,30.745
2025,1,Sunday,18,8,3,14.725
2025,1,Sunday,18,5,2,3.505
2025,1,Sunday,18,3,8,16.5593
2025,1,Sunday,18,4,1,51.5785
2025,1,Sunday,18,3,2,34.5793
2025,1,Sunday,18,4,8,12.0362
2025,1,Sunday,18,3,5,21.2968
2025,1,Sunday,18,5,4,26.2222
2025,1,Sunday,18,1,5,9.3213
2025,1,Sunday,18,6,8,4.3245
2025,1,Sunday,18,1,8,7.5225
2025,1,Sunday,18,6,3,69.0795
2025,1,Sunday,18,0,3,9.191
2025,1,Sunday,18,3,4,92.81
2025,1,Sunday,18,4,0,21.7805
2025,1,Sunday,18,1,0,23.599
2025,1,Sunday,18,3,0,16.905
2025,1,Sunday,18,2,7,8.2998
2025,1,Sunday,18,8,2,4.4515
2025,1,Sunday,18,5,1,6.902
2025,1,Sunday,18,5,6,6.6305
2025,1,Sunday,18,6,4,57.4453
2025,1,Sunday,7,1,7,1.1547
2025,1,Sunday,7,2,7,2.208
2025,1,Sunday,7,0,4,14.1993
2025,1,Sunday,7,0,7,2.1388
2025,1,Sunday,7,8,0,1.5255
2025,1,Sunday,7,1,0,5.8218
2025,1,Sunday,7,3,5,9.134
2025,1,Sunday,7,4,0,2.3608
2025,1,Sunday,7,6,8,0.985
2025,1,Sunday,7,8,1,3.7065
2025,1,Sunday,7,1,4,4.002
2025,1,Sunday,7,2,4,2.9125
2025,1,Sunday,7,4,3,11.3783
2025,1,Sunday,7,8,3,7.9325
2025,1,Sunday,7,1,2,3.738
2025,1,Sunday,7,4,2,0.692
2025,1,Sunday,7,4,8,1.2058
2025,1,Sunday,7,5,6,1.7757
2025,1,Sunday,7,1,8,2.0073
2025,1,Sunday,7,1,5,1.9945
2025,1,Sunday,7,3,4,17.2863
2025,1,Sunday,7,0,5,1.0955
2025,1,Sunday,7,4,7,0.298
2025,1,Sunday,7,5,2,2.137
2025,1,Sunday,7,3,8,6.9727
2025,1,Sunday,7,0,1,15.4643
2025,1,Sunday,7,0,3,9.7325
2025,1,Sunday,7,5,4,2.9202
2025,1,Sunday,7,0,2,7.9245
2025,1,Sunday,7,6,5,1.542
2025,1,Sunday,7,2,5,0.5635
2025,1,Sunday,7,7,3,4.2322
2025,1,Sunday,7,2,1,1.5703
2025,1,Sunday,7,3,7,3.5897
2025,1,Sunday,7,8,2,3.8787
2025,1,Sunday,7,3,1,15.5185
2025,1,Sunday,7,5,1,3.7005
2025,1,Sunday,7,5,0,0.329
2025,1,Sunday,7,6,3,18.4035
2025,1,Sunday,7,6,1,6.846
2025,1,Sunday,7,8,6,0.658
2025,1,Sunday,7,4,5,3.0405
2025,1,Sunday,7,7,6,0.3223
2025,1,Sunday,7,1,6,5.4123
2025,1,Sunday,7,2,3,5.2795
2025,1,Sunday,7,6,0,2.8225
2025,1,Sunday,7,6,7,1.2127
2025,1,Sunday,7,2,0,4.007
2025,1,Sunday,7,2,8,2.1752
2025,1,Sunday,7,8,4,1.1413
2025,1,Sunday,7,4,1,4.231
2025,1,Sunday,7,7,5,0.625
2025,1,Sunday,7,1,3,9.6168
2025,1,Sunday,7,7,2,1.283
2025,1,Sunday,7,4,6,2.7658
2025,1,Sunday,7,0,6,7.2385
2025,1,Sunday,7,5,8,1.4342
2025,1,Sunday,7,7,1,1.1905
2025,1,Sunday,7,5,3,8.5795
2025,1,Sunday,7,6,4,3.9667
2025,1,Sunday,7,2,6,3.0285
2025,1,Sunday,7,7,4,2.7207
2025,1,Sunday,7,3,2,13.6505
2025,1,Sunday,7,7,0,0.5
2025,1,Sunday,7,0,8,2.2465
2025,1,Sunday,7,3,6,21.4198
2025,1,Sunday,7,6,2,9.9645
2025,1,Sunday,7,3,0,8.2635
2025,1,Sunday,19,6,2,13.649
2025,1,Sunday,19,6,1,16.3597
2025,1,Sunday,19,5,0,1.7632
2025,1,Sunday,19,3,4,73.0065
2025,1,Sunday,19,1,2,7.8705
2025,1,Sunday,19,8,6,2.4915
2025,1,Sunday,19,5,3,17.5085
2025,1,Sunday,19,3,6,54.2065
2025,1,Sunday,19,1,8,7.8875
2025,1,Sunday,19,2,6,16.1357
2025,1,Sunday,19,0,3,9.5135
2025,1,Sunday,19,7,5,2.164
2025,1,Sunday,19,4,8,6.4583
2025,1,Sunday,19,0,8,0.7097
2025,1,Sunday,19,3,7,16.006
2025,1,Sunday,19,3,2,20.1463
2025,1,Sunday,19,5,4,10.657
2025,1,Sunday,19,6,7,1.8078
2025,1,Sunday,19,0,2,4.7665
2025,1,Sunday,19,8,3,14.485
2025,1,Sunday,19,2,8,6.9643
2025,1,Sunday,19,5,8,0.2705
2025,1,Sunday,19,2,5,3.2225
2025,1,Sunday,19,6,5,7.4485
2025,1,Sunday,19,8,4,7.794
2025,1,Sunday,19,5,6,6.4425
2025,1,Sunday,19,6,8,3.0285
2025,1,Sunday,19,7,3,15.1497
2025,1,Sunday,19,5,1,5.015
2025,1,Sunday,19,7,4,11.8255
2025,1,Sunday,19,1,3,33.6115
2025,1,Sunday,19,0,4,10.9112
2025,1,Sunday,19,6,4,32.0162
2025,1,Sunday,19,4,1,34.9492
2025,1,Sunday,19,8,5,1.2477
2025,1,Sunday,19,2,7,7.658
2025,1,Sunday,19,5,7,0.887
2025,1,Sunday,19,4,0,12.5107
2025,1,Sunday,19,2,4,21.159
2025,1,Sunday,19,7,0,0.922
2025,1,Sunday,19,0,5,1.4897
2025,1,Sunday,19,3,1,45.3315
2025,1,Sunday,19,2,0,9.6593
2025,1,Sunday,19,1,0,17.6608
2025,1,Sunday,19,0,6,6.604
2025,1,Sunday,19,8,0,1.5882
2025,1,Sunday,19,3,5,14.5832
2025,1,Sunday,19,4,7,8.7473
2025,1,Sunday,19,4,3,86.6492
2025,1,Sunday,19,3,0,13.2963
2025,1,Sunday,19,7,6,2.1155
2025,1,Sunday,19,7,1,6.0385
2025,1,Sunday,19,4,2,31.911
2025,1,Sunday,19,5,2,5.4615
2025,1,Sunday,19,2,1,18.4897
2025,1,Sunday,19,1,6,19.6798
2025,1,Sunday,19,6,3,55.6605
2025,1,Sunday,19,1,4,27.4205
2025,1,Sunday,19,4,5,15.3943
2025,1,Sunday,19,7,2,5.2443
2025,1,Sunday,19,8,2,4.5395
2025,1,Sunday,19,8,1,4.333
2025,1,Sunday,19,6,0,6.187
2025,1,Sunday,19,3,8,11.1045
2025,1,Sunday,19,1,7,3.2873
2025,1,Sunday,19,4,6,44.5482
2025,1,Sunday,19,0,1,19.6207
2025,1,Sunday,19,1,5,2.9985
2025,1,Sunday,19,2,3,33.0758
2025,1,Sunday,8,7,1,4.4317
2025,1,Sunday,8,4,3,26.2598
2025,1,Sunday,8,4,1,16.9982
2025,1,Sunday,8,4,6,7.385
2025,1,Sunday,8,5,3,10.2842
2025,1,Sunday,8,6,2,8.39
2025,1,Sunday,8,6,7,0.6015
2025,1,Sunday,8,0,7,2.174
2025,1,Sunday,8,3,5,18.3855
2025,1,Sunday,8,7,3,15.3947
2025,1,Sunday,8,0,8,3.291
2025,1,Sunday,8,2,8,3.793
2025,1,Sunday,8,6,4,10.6512
2025,1,Sunday,8,0,4,14.2323
2025,1,Sunday,8,8,5,0.2718
2025,1,Sunday,8,3,6,38.641
2025,1,Sunday,8,0,2,10.3262
2025,1,Sunday,8,8,1,9.0335
2025,1,Sunday,8,8,3,11.466
2025,1,Sunday,8,7,6,1.1777
2025,1,Sunday,8,3,1,34.073
2025,1,Sunday,8,2,5,5.1375
2025,1,Sunday,8,3,0,8.2837
2025,1,Sunday,8,1,4,11.2705
2025,1,Sunday,8,0,5,3.244
2025,1,Sunday,8,1,6,7.204
2025,1,Sunday,8,1,5,2.8343
2025,1,Sunday,8,1,2,9.5112
2025,1,Sunday,8,4,2,10.0867
2025,1,Sunday,8,3,7,9.7847
2025,1,Sunday,8,5,1,5.151
2025,1,Sunday,8,3,2,19.232
2025,1,Sunday,8,4,8,4.285
2025,1,Sunday,8,5,6,2.0432
2025,1,Sunday,8,2,4,5.8878
2025,1,Sunday,8,1,7,1.5837
2025,1,Sunday,8,1,3,23.9052
2025,1,Sunday,8,0,3,14.6213
2025,1,Sunday,8,0,1,23.4302
2025,1,Sunday,8,8,4,3.9842
2025,1,Sunday,8,6,1,15.5437
2025,1,Sunday,8,4,0,3.0425
2025,1,Sunday,8,5,2,2.9653
2025,1,Sunday,8,2,6,6.9035
2025,1,Sunday,8,5,4,6.8255
2025,1,Sunday,8,2,1,7.0117
2025,1,Sunday,8,4,7,1.568
2025,1,Sunday,8,8,0,2.3718
2025,1,Sunday,8,2,0,6.0425
2025,1,Sunday,8,2,7,1.7937
2025,1,Sunday,8,5,0,1.111
2025,1,Sunday,8,4,5,3.3798
2025,1,Sunday,8,5,8,2.6405
2025,1,Sunday,8,7,2,2.6525
2025,1,Sunday,8,7,5,1.671
2025,1,Sunday,8,6,8,4.2835
2025,1,Sunday,8,7,4,4.6675
2025,1,Sunday,8,7,0,0.575
2025,1,Sunday,8,1,0,11.2583
2025,1,Sunday,8,6,0,6.3028
2025,1,Sunday,8,3,4,37.2102
2025,1,Sunday,8,6,3,32.9405
2025,1,Sunday,8,3,8,20.2983
2025,1,Sunday,8,2,3,11.84
2025,1,Sunday,8,8,2,5.6422
2025,1,Sunday,8,8,6,0.8873
2025,1,Sunday,8,6,5,2.1285
2025,1,Sunday,8,0,6,6.8727
2025,1,Sunday,8,5,7,0.2962
2025,1,Sunday,8,1,8,4.6935
2025,1,Sunday,20,7,6,1.5147
2025,1,Sunday,20,2,7,3.5413
2025,1,Sunday,20,0,4,7.116
2025,1,Sunday,20,3,0,12.5832
2025,1,Sunday,20,0,1,11.2462
2025,1,Sunday,20,4,5,8.1172
2025,1,Sunday,20,0,8,1.0057
2025,1,Sunday,20,1,6,11.0555
2025,1,Sunday,20,6,1,9.4498
2025,1,Sunday,20,2,3,21.136
2025,1,Sunday,20,8,5,0.324
2025,1,Sunday,20,4,7,7.7712
2025,1,Sunday,20,2,0,6.768
2025,1,Sunday,20,6,5,3.2783
2025,1,Sunday,20,1,4,14.8347
2025,1,Sunday,20,0,7,1.4323
2025,1,Sunday,20,1,8,4.0753
2025,1,Sunday,20,3,2,23.305
2025,1,Sunday,20,1,0,16.6172
2025,1,Sunday,20,6,7,1.5023
2025,1,Sunday,20,4,8,5.4855
2025,1,Sunday,20,8,0,1.2195
2025,1,Sunday,20,4,2,13.888
2025,1,Sunday,20,8,2,0.5998
2025,1,Sunday,20,7,4,10.1035
2025,1,Sunday,20,8,6,2.7275
2025,1,Sunday,20,4,1,31.0102
2025,1,Sunday,20,5,7,0.5913
2025,1,Sunday,20,5,4,7.545
2025,1,Sunday,20,3,6,45.5135
2025,1,Sunday,20,2,1,10.8695
2025,1,Sunday,20,6,2,4.5358
2025,1,Sunday,20,2,5,1.4688
2025,1,Sunday,20,1,5,3.8125
2025,1,Sunday,20,4,6,43.4115
2025,1,Sunday,20,4,0,12.4253
2025,1,Sunday,20,2,4,8.4928
2025,1,Sunday,20,3,1,37.1502
2025,1,Sunday,20,6,3,31.3617
2025,1,Sunday,20,2,8,4.1233
2025,1,Sunday,20,6,4,18.767
2025,1,Sunday,20,6,0,7.865
2025,1,Sunday,20,5,1,5.1737
2025,1,Sunday,20,1,7,3.2223
2025,1,Sunday,20,7,3,9.289
2025,1,Sunday,20,7,5,0.9042
2025,1,Sunday,20,8,4,3.9405
2025,1,Sunday,20,0,6,5.048
2025,1,Sunday,20,5,2,3.544
2025,1,Sunday,20,0,5,0.6955
2025,1,Sunday,20,5,3,11.9603
2025,1,Sunday,20,3,8,14.1422
2025,1,Sunday,20,6,8,3.4562
2025,1,Sunday,20,2,6,13.156
2025,1,Sunday,20,3,7,10.779
2025,1,Sunday,20,7,0,1.5015
2025,1,Sunday,20,4,3,64.0165
2025,1,Sunday,20,0,2,2.1105
2025,1,Sunday,20,0,3,4.2072
2025,1,Sunday,20,7,1,3.6173
2025,1,Sunday,20,1,2,9.01
2025,1,Sunday,20,3,4,46.0853
2025,1,Sunday,20,5,8,1.1973
2025,1,Sunday,20,3,5,10.7087
2025,1,Sunday,20,5,6,4.1808
2025,1,Sunday,20,1,3,22.3677
2025,1,Sunday,20,8,3,9.8695
2025,1,Sunday,20,7,2,1.808
2025,1,Sunday,20,5,0,2.0825
2025,1,Sunday,20,8,1,1.1983
2025,1,Sunday,9,1,2,19.3628
2025,1,Sunday,9,2,5,5.0243
2025,1,Sunday,9,1,7,6.0133
2025,1,Sunday,9,5,7,4.2445
2025,1,Sunday,9,4,2,22.4345
2025,1,Sunday,9,0,6,4.2635
2025,1,Sunday,9,4,0,4.1667
2025,1,Sunday,9,3,2,27.046
2025,1,Sunday,9,0,3,23.0838
2025,1,Sunday,9,8,4,6.9205
2025,1,Sunday,9,3,0,6.895
2025,1,Sunday,9,1,0,20.2657
2025,1,Sunday,9,5,1,7.5585
2025,1,Sunday,9,4,5,7.342
2025,1,Sunday,9,4,3,40.817
2025,1,Sunday,9,2,6,11.6863
2025,1,Sunday,9,3,1,53.06
2025,1,Sunday,9,5,6,6.1505
2025,1,Sunday,9,7,1,7.4885
2025,1,Sunday,9,1,6,13.016
2025,1,Sunday,9,8,1,6.0778
2025,1,Sunday,9,4,8,4.5992
2025,1,Sunday,9,0,4,20.5832
2025,1,Sunday,9,8,3,14.9823
2025,1,Sunday,9,2,1,16.837
2025,1,Sunday,9,3,6,60.6667
2025,1,Sunday,9,3,4,64.8435
2025,1,Sunday,9,0,8,3.5433
2025,1,Sunday,9,6,3,47.5805
2025,1,Sunday,9,6,1,28.4605
2025,1,Sunday,9,7,5,0.577
2025,1,Sunday,9,1,8,2.7602
2025,1,Sunday,9,2,7,4.3935
2025,1,Sunday,9,8,6,1.2973
2025,1,Sunday,9,7,6,2.388
2025,1,Sunday,9,6,5,6.848
2025,1,Sunday,9,4,6,10.6373
2025,1,Sunday,9,1,3,43.9995
2025,1,Sunday,9,0,5,3.9132
2025,1,Sunday,9,5,4,14.9835
2025,1,Sunday,9,6,7,2.4288
2025,1,Sunday,9,3,5,35.5505
2025,1,Sunday,9,5,0,1.2048
2025,1,Sunday,9,5,3,17.313
2025,1,Sunday,9,6,0,3.1332
2025,1,Sunday,9,7,0,1.1398
2025,1,Sunday,9,7,3,14.8382
2025,1,Sunday,9,8,2,8.785
2025,1,Sunday,9,7,4,12.2627
2025,1,Sunday,9,5,2,4.9243
2025,1,Sunday,9,1,5,5.48
2025,1,Sunday,9,4,1,29.038
2025,1,Sunday,9,8,0,1.5457
2025,1,Sunday,9,0,2,13.4733
2025,1,Sunday,9,2,8,4.1263
2025,1,Sunday,9,7,2,7.0432
2025,1,Sunday,9,4,7,8.8045
2025,1,Sunday,9,2,0,10.2583
2025,1,Sunday,9,1,4,31.077
2025,1,Sunday,9,2,3,19.758
2025,1,Sunday,9,6,4,29.4717
2025,1,Sunday,9,2,4,15.689
2025,1,Sunday,9,0,1,32.652
2025,1,Sunday,9,3,8,34.0957
2025,1,Sunday,9,8,5,4.837
2025,1,Sunday,9,3,7,14.4455
2025,1,Sunday,9,6,2,16.702
2025,1,Sunday,9,0,7,1.068
2025,1,Sunday,9,5,8,2.0667
2025,1,Sunday,9,6,8,3.797
2025,1,Sunday,21,8,5,1.5537
2025,1,Sunday,21,3,5,10.4988
2025,1,Sunday,21,1,5,1.1462
2025,1,Sunday,21,7,6,0.2995
2025,1,Sunday,21,0,2,2.382
2025,1,Sunday,21,2,5,2.635
2025,1,Sunday,21,0,6,3.7187
2025,1,Sunday,21,4,0,10.725
2025,1,Sunday,21,4,2,11.2775
2025,1,Sunday,21,8,1,2.9222
2025,1,Sunday,21,5,6,3.5687
2025,1,Sunday,21,2,1,5.4325
2025,1,Sunday,21,1,2,5.157
2025,1,Sunday,21,2,8,4.2645
2025,1,Sunday,21,7,3,5.199
2025,1,Sunday,21,2,0,5.983
2025,1,Sunday,21,5,0,1.685
2025,1,Sunday,21,4,1,23.61
2025,1,Sunday,21,5,8,1.9837
2025,1,Sunday,21,3,2,16.0188
2025,1,Sunday,21,5,3,11.4608
2025,1,Sunday,21,8,3,6.412
2025,1,Sunday,21,3,7,5.7978
2025,1,Sunday,21,1,6,5.95
2025,1,Sunday,21,1,0,8.2233
2025,1,Sunday,21,2,6,8.9513
2025,1,Sunday,21,8,4,3.2415
2025,1,Sunday,21,3,1,27.2935
2025,1,Sunday,21,1,8,1.9803
2025,1,Sunday,21,7,1,4.8247
2025,1,Sunday,21,6,1,10.371
2025,1,Sunday,21,1,7,1.4285
2025,1,Sunday,21,6,2,3.2433
2025,1,Sunday,21,6,0,7.612
2025,1,Sunday,21,7,4,6.2025
2025,1,Sunday,21,0,7,0.727
2025,1,Sunday,21,3,0,11.8333
2025,1,Sunday,21,2,3,8.8837
2025,1,Sunday,21,5,7,0.3158
2025,1,Sunday,21,0,3,6.5095
2025,1,Sunday,21,0,4,8.3933
2025,1,Sunday,21,8,0,4.029
2025,1,Sunday,21,3,4,32.196
2025,1,Sunday,21,1,3,15.6952
2025,1,Sunday,21,3,8,8.7278
2025,1,Sunday,21,8,6,2.155
2025,1,Sunday,21,4,5,8.9247
2025,1,Sunday,21,4,8,6.8205
2025,1,Sunday,21,6,7,1.1788
2025,1,Sunday,21,3,6,38.7653
2025,1,Sunday,21,2,4,7.4085
2025,1,Sunday,21,4,7,10.6423
2025,1,Sunday,21,4,3,51.3018
2025,1,Sunday,21,6,8,2.126
2025,1,Sunday,21,1,4,9.1052
2025,1,Sunday,21,6,5,2.274
2025,1,Sunday,21,5,1,4.2187
2025,1,Sunday,21,6,3,26.2615
2025,1,Sunday,21,8,2,1.2247
2025,1,Sunday,21,2,7,2.0173
2025,1,Sunday,21,0,1,10.0297
2025,1,Sunday,21,7,2,1.9935
2025,1,Sunday,21,7,0,1.1278
2025,1,Sunday,21,5,4,3.3207
2025,1,Sunday,21,5,2,0.8287
2025,1,Sunday,21,4,6,28.6973
2025,1,Sunday,21,6,4,14.3298
2025,1,Sunday,10,0,1,45.9315
2025,1,Sunday,10,0,7,2.504
2025,1,Sunday,10,7,2,10.4987
2025,1,Sunday,10,2,5,9.2562
2025,1,Sunday,10,6,4,43.562
2025,1,Sunday,10,3,2,42.3657
2025,1,Sunday,10,1,3,63.4305
2025,1,Sunday,10,8,2,11.1113
2025,1,Sunday,10,6,5,5.5153
2025,1,Sunday,10,4,7,13.6552
2025,1,Sunday,10,3,4,113.9355
2025,1,Sunday,10,0,3,18.3712
2025,1,Sunday,10,7,0,0.32
2025,1,Sunday,10,6,1,44.314
2025,1,Sunday,10,1,8,6.1027
2025,1,Sunday,10,0,8,3.2725
2025,1,Sunday,10,0,4,26.533
2025,1,Sunday,10,5,7,2.3942
2025,1,Sunday,10,5,3,23.5465
2025,1,Sunday,10,8,3,13.089
2025,1,Sunday,10,4,8,7.6685
2025,1,Sunday,10,2,0,9.7015
2025,1,Sunday,10,6,8,6.2373
2025,1,Sunday,10,3,0,9.902
2025,1,Sunday,10,1,7,8.886
2025,1,Sunday,10,0,2,20.1973
2025,1,Sunday,10,4,5,10.451
2025,1,Sunday,10,0,5,5.78
2025,1,Sunday,10,3,8,36.194
2025,1,Sunday,10,5,6,8.9945
2025,1,Sunday,10,7,5,2.1547
2025,1,Sunday,10,7,3,23.3947
2025,1,Sunday,10,3,6,82.1923
2025,1,Sunday,10,6,2,26.1665
2025,1,Sunday,10,7,6,4.1802
2025,1,Sunday,10,7,1,13.9537
2025,1,Sunday,10,1,0,24.166
2025,1,Sunday,10,2,1,26.5857
2025,1,Sunday,10,0,6,5.8915
2025,1,Sunday,10,6,0,4.2855
2025,1,Sunday,10,4,1,41.9873
2025,1,Sunday,10,8,4,10.4933
2025,1,Sunday,10,2,8,9.8828
2025,1,Sunday,10,8,5,1.5665
2025,1,Sunday,10,1,2,29.922
2025,1,Sunday,10,2,6,12.0408
2025,1,Sunday,10,2,7,6.4988
2025,1,Sunday,10,8,1,13.7618
2025,1,Sunday,10,5,4,20.9532
2025,1,Sunday,10,4,6,23.3962
2025,1,Sunday,10,4,2,22.3527
2025,1,Sunday,10,1,4,52.2805
2025,1,Sunday,10,3,5,40.758
2025,1,Sunday,10,5,0,1.4715
2025,1,Sunday,10,1,5,7.9538
2025,1,Sunday,10,6,7,3.977
2025,1,Sunday,10,4,3,56.114
2025,1,Sunday,10,3,1,88.2137
2025,1,Sunday,10,3,7,30.133
2025,1,Sunday,10,8,0,2.4555
2025,1,Sunday,10,8,7,0.2955
2025,1,Sunday,10,6,3,66.96
2025,1,Sunday,10,7,4,26.5165
2025,1,Sunday,10,2,3,25.8395
2025,1,Sunday,10,1,6,15.9252
2025,1,Sunday,10,5,2,6.7632
2025,1,Sunday,10,2,4,23.0323
2025,1,Sunday,10,5,1,17.687
2025,1,Sunday,10,4,0,5.241
2025,1,Sunday,10,8,6,2.367
2025,1,Sunday,10,5,8,2.2527
2025,1,Sunday,22,3,6,26.3885
2025,1,Sunday,22,5,6,1.1323
2025,1,Sunday,22,5,3,5.9563
2025,1,Sunday,22,5,2,2.288
2025,1,Sunday,22,1,4,8.4535
2025,1,Sunday,22,3,0,9.7687
2025,1,Sunday,22,4,0,11.475
2025,1,Sunday,22,8,3,5.814
2025,1,Sunday,22,6,2,3.103
2025,1,Sunday,22,1,3,13.658
2025,1,Sunday,22,8,4,4.421
2025,1,Sunday,22,2,4,3.4465
2025,1,Sunday,22,6,8,2.0835
2025,1,Sunday,22,0,6,2.478
2025,1,Sunday,22,4,6,28.3293
2025,1,Sunday,22,6,5,0.2905
2025,1,Sunday,22,2,8,4.0155
2025,1,Sunday,22,8,2,2.036
2025,1,Sunday,22,3,5,5.6038
2025,1,Sunday,22,2,1,9.5015
2025,1,Sunday,22,2,7,2.3232
2025,1,Sunday,22,6,0,2.604
2025,1,Sunday,22,2,3,14.7263
2025,1,Sunday,22,1,0,9.6182
2025,1,Sunday,22,7,3,12.3697
2025,1,Sunday,22,2,0,7.0248
2025,1,Sunday,22,8,5,0.5805
2025,1,Sunday,22,7,1,1.6885
2025,1,Sunday,22,4,8,3.457
2025,1,Sunday,22,3,8,7.7745
2025,1,Sunday,22,0,1,4.2442
2025,1,Sunday,22,6,7,1.1453
2025,1,Sunday,22,3,1,17.59
2025,1,Sunday,22,6,4,12.451
2025,1,Sunday,22,1,7,0.8845
2025,1,Sunday,22,5,7,0.2688
2025,1,Sunday,22,3,7,5.9345
2025,1,Sunday,22,5,0,1.7185
2025,1,Sunday,22,7,6,0.2905
2025,1,Sunday,22,3,2,8.9935
2025,1,Sunday,22,5,4,2.6317
2025,1,Sunday,22,6,3,18.6427
2025,1,Sunday,22,1,2,2.8545
2025,1,Sunday,22,4,2,6.8923
2025,1,Sunday,22,7,0,1.6802
2025,1,Sunday,22,0,2,2.934
2025,1,Sunday,22,8,6,0.5635
2025,1,Sunday,22,8,1,2.6875
2025,1,Sunday,22,7,2,2.8077
2025,1,Sunday,22,1,6,6.8415
2025,1,Sunday,22,0,4,1.7517
2025,1,Sunday,22,6,1,4.9927
2025,1,Sunday,22,7,4,4.2412
2025,1,Sunday,22,0,8,1.0257
2025,1,Sunday,22,4,3,36.3573
2025,1,Sunday,22,1,5,2.552
2025,1,Sunday,22,5,1,2.6665
2025,1,Sunday,22,0,3,2.492
2025,1,Sunday,22,8,0,2.033
2025,1,Sunday,22,4,7,6.0465
2025,1,Sunday,22,1,8,4.2815
2025,1,Sunday,22,3,4,19.511
2025,1,Sunday,22,2,5,2.2672
2025,1,Sunday,22,4,1,17.132
2025,1,Sunday,22,4,5,3.3943
2025,1,Sunday,22,2,6,10.0155
2025,1,Sunday,11,5,8,4.5052
2025,1,Sunday,11,4,6,36.8378
2025,1,Sunday,11,6,3,82.455
2025,1,Sunday,11,7,3,33.2355
2025,1,Sunday,11,4,7,11.338
2025,1,Sunday,11,7,2,15.2543
2025,1,Sunday,11,1,5,8.5125
2025,1,Sunday,11,8,6,11.123
2025,1,Sunday,11,3,4,154.1838
2025,1,Sunday,11,4,3,81.5803
2025,1,Sunday,11,8,1,17.9265
2025,1,Sunday,11,6,8,5.358
2025,1,Sunday,11,8,4,13.1225
2025,1,Sunday,11,5,3,24.5975
2025,1,Sunday,11,3,7,29.568
2025,1,Sunday,11,6,2,38.0402
2025,1,Sunday,11,0,4,21.3523
2025,1,Sunday,11,1,7,6.9883
2025,1,Sunday,11,4,2,27.7418
2025,1,Sunday,11,2,8,5.657
2025,1,Sunday,11,3,5,37.7815
2025,1,Sunday,11,7,5,1.8473
2025,1,Sunday,11,1,8,7.0072
2025,1,Sunday,11,0,3,22.3385
2025,1,Sunday,11,0,5,5.1568
2025,1,Sunday,11,3,0,6.271
2025,1,Sunday,11,7,4,33.1813
2025,1,Sunday,11,6,5,11.5815
2025,1,Sunday,11,2,1,25.7522
2025,1,Sunday,11,1,4,64.3817
2025,1,Sunday,11,5,2,11.9958
2025,1,Sunday,11,2,7,5.6332
2025,1,Sunday,11,8,7,0.289
2025,1,Sunday,11,4,0,5.066
2025,1,Sunday,11,8,2,7.4495
2025,1,Sunday,11,8,0,1.356
2025,1,Sunday,11,0,1,48.597
2025,1,Sunday,11,4,1,55.06
2025,1,Sunday,11,2,3,33.027
2025,1,Sunday,11,7,0,0.3155
2025,1,Sunday,11,6,1,50.6552
2025,1,Sunday,11,5,6,10.0565
2025,1,Sunday,11,8,3,22.1415
2025,1,Sunday,11,6,7,3.123
2025,1,Sunday,11,0,6,7.5728
2025,1,Sunday,11,5,4,22.4033
2025,1,Sunday,11,6,4,59.6615
2025,1,Sunday,11,4,8,10.4605
2025,1,Sunday,11,5,7,2.4633
2025,1,Sunday,11,2,6,19.2105
2025,1,Sunday,11,0,2,19.2803
2025,1,Sunday,11,1,2,40.1712
2025,1,Sunday,11,3,6,100.1813
2025,1,Sunday,11,7,1,14.54
2025,1,Sunday,11,2,4,37.2158
2025,1,Sunday,11,5,0,0.8848
2025,1,Sunday,11,3,8,30.449
2025,1,Sunday,11,3,1,101.1758
2025,1,Sunday,11,7,6,7.3703
2025,1,Sunday,11,2,0,8.3665
2025,1,Sunday,11,4,5,17.2657
2025,1,Sunday,11,6,0,2.329
2025,1,Sunday,11,1,3,68.279
2025,1,Sunday,11,1,0,26.9178
2025,1,Sunday,11,0,8,1.711
2025,1,Sunday,11,3,2,43.6455
2025,1,Sunday,11,2,5,9.4333
2025,1,Sunday,11,5,1,16.7465
2025,1,Sunday,11,8,5,12.9102
2025,1,Sunday,11,1,6,29.1998
2025,1,Sunday,11,0,7,8.281
2025,1,Sunday,23,2,5,0.3352
2025,1,Sunday,23,7,1,0.9012
2025,1,Sunday,23,5,2,0.8803
2025,1,Sunday,23,3,2,5.5545
2025,1,Sunday,23,8,3,1.6163
2025,1,Sunday,23,4,7,1.1075
2025,1,Sunday,23,4,6,11.7237
2025,1,Sunday,23,2,3,4.125
2025,1,Sunday,23,6,4,3.4997
2025,1,Sunday,23,4,1,6.5507
2025,1,Sunday,23,0,4,2.261
2025,1,Sunday,23,0,6,2.6113
2025,1,Sunday,23,2,7,1.4925
2025,1,Sunday,23,1,7,1.1505
2025,1,Sunday,23,1,3,9.301
2025,1,Sunday,23,7,3,2.9315
2025,1,Sunday,23,2,8,2.0547
2025,1,Sunday,23,5,6,1.2352
2025,1,Sunday,23,7,0,2.0682
2025,1,Sunday,23,7,4,2.8615
2025,1,Sunday,23,0,8,0.6488
2025,1,Sunday,23,5,0,1.1088
2025,1,Sunday,23,8,6,0.75
2025,1,Sunday,23,1,4,1.458
2025,1,Sunday,23,2,1,0.8905
2025,1,Sunday,23,0,3,2.245
2025,1,Sunday,23,3,6,10.5805
2025,1,Sunday,23,5,3,6.158
2025,1,Sunday,23,4,3,18.9655
2025,1,Sunday,23,6,3,11.704
2025,1,Sunday,23,3,4,6.5897
2025,1,Sunday,23,1,8,3.1863
2025,1,Sunday,23,5,8,0.537
2025,1,Sunday,23,8,0,0.5925
2025,1,Sunday,23,7,2,1.1398
2025,1,Sunday,23,3,7,4.2465
2025,1,Sunday,23,5,4,1.4055
2025,1,Sunday,23,8,1,0.5698
2025,1,Sunday,23,6,7,0.289
2025,1,Sunday,23,8,5,0.2803
2025,1,Sunday,23,6,0,3.731
2025,1,Sunday,23,0,2,4.5137
2025,1,Sunday,23,8,2,0.3173
2025,1,Sunday,23,0,7,1.288
2025,1,Sunday,23,5,1,2.8123
2025,1,Sunday,23,3,0,5.7653
2025,1,Sunday,23,8,4,0.579
2025,1,Sunday,23,4,0,9.278
2025,1,Sunday,23,1,5,0.5735
2025,1,Sunday,23,4,5,1.9775
2025,1,Sunday,23,6,8,0.2948
2025,1,Sunday,23,2,6,5.0867000000000004
2025,1,Sunday,23,1,6,5.2002
2025,1,Sunday,23,6,2,1.5378
2025,1,Sunday,23,2,4,2.2845
2025,1,Sunday,23,4,8,3.7905
2025,1,Sunday,23,2,0,3.9952
2025,1,Sunday,23,6,1,3.2327
2025,1,Sunday,23,3,5,5.643
2025,1,Sunday,23,4,2,3.7428
2025,1,Sunday,23,0,1,3.2413
2025,1,Sunday,23,1,0,8.8295
2025,1,Sunday,23,3,8,5.4117
2025,1,Sunday,23,6,5,1.1873
2025,1,Sunday,23,1,2,1.4558
2025,1,Sunday,23,3,1,10.2115
2025,1,Sunday,0,0,8,0.7195
2025,1,Sunday,0,0,6,0.622
2025,1,Sunday,0,4,5,2.688
2025,1,Sunday,0,0,5,0.3598
2025,1,Sunday,0,5,4,3.5115
2025,1,Sunday,0,1,4,6.4758
2025,1,Sunday,0,5,1,1.932
2025,1,Sunday,0,4,2,7.3822
2025,1,Sunday,0,3,0,5.3348
2025,1,Sunday,0,7,3,4.4063
2025,1,Sunday,0,1,2,0.3215
2025,1,Sunday,0,5,3,3.747
2025,1,Sunday,0,4,6,11.8938
2025,1,Sunday,0,4,8,2.3872
2025,1,Sunday,0,3,6,11.0775
2025,1,Sunday,0,3,4,8.433
2025,1,Sunday,0,4,0,11.5855
2025,1,Sunday,0,7,2,1.4895
2025,1,Sunday,0,1,5,0.6155
2025,1,Sunday,0,3,5,2.6103
2025,1,Sunday,0,2,4,2.3845
2025,1,Sunday,0,0,3,2.6427
2025,1,Sunday,0,5,2,1.0222
2025,1,Sunday,0,5,0,3.0477
2025,1,Sunday,0,8,1,1.7358
2025,1,Sunday,0,7,4,3.3045
2025,1,Sunday,0,1,8,1.5475
2025,1,Sunday,0,6,5,0.2907
2025,1,Sunday,0,8,4,1.3875
2025,1,Sunday,0,0,4,2.814
2025,1,Sunday,0,1,3,6.0703
2025,1,Sunday,0,6,4,5.2095
2025,1,Sunday,0,2,5,1.5013
2025,1,Sunday,0,4,7,5.9443
2025,1,Sunday,0,6,0,1.8415
2025,1,Sunday,0,2,6,4.5285
2025,1,Sunday,0,1,7,0.3215
2025,1,Sunday,0,5,6,1.452
2025,1,Sunday,0,3,7,5.032
2025,1,Sunday,0,4,3,27.499
2025,1,Sunday,0,2,7,2.438
2025,1,Sunday,0,7,1,2.073
2025,1,Sunday,0,6,3,9.1365
2025,1,Sunday,0,4,1,20.8267
2025,1,Sunday,0,2,1,4.6985
2025,1,Sunday,0,8,0,1.2037
2025,1,Sunday,0,6,7,0.5825
2025,1,Sunday,0,0,2,0.3598
2025,1,Sunday,0,3,1,9.6558
2025,1,Sunday,0,2,8,1.8025
2025,1,Sunday,0,3,8,2.7595
2025,1,Sunday,0,3,2,3.7093
2025,1,Sunday,0,8,3,4.2533
2025,1,Sunday,0,7,0,1.482
2025,1,Sunday,0,2,3,7.1302
2025,1,Sunday,0,7,6,0.5493
2025,1,Sunday,0,1,0,4.5427
2025,1,Sunday,0,0,1,2.1762
2025,1,Sunday,0,2,0,3.163
2025,1,Sunday,0,6,2,2.4757
2025,1,Sunday,0,1,6,6.2508
2025,1,Sunday,0,6,1,3.9858
2025,1,Sunday,0,8,2,1.5127
2025,1,Sunday,0,6,8,0.9055
2025,1,Sunday,0,8,6,0.5625
2025,1,Sunday,0,7,5,0.7993
2025,1,Sunday,12,1,5,15.1923
2025,1,Sunday,12,6,8,15.7453
2025,1,Sunday,12,1,6,30.6175
2025,1,Sunday,12,8,6,17.0992
2025,1,Sunday,12,0,3,23.0755
2025,1,Sunday,12,6,7,4.236
2025,1,Sunday,12,2,0,11.4115
2025,1,Sunday,12,1,7,12.7187
2025,1,Sunday,12,1,0,22.0718
2025,1,Sunday,12,2,4,45.9967
2025,1,Sunday,12,7,0,1.2873000000000001
2025,1,Sunday,12,7,2,18.5985
2025,1,Sunday,12,8,4,13.8287
2025,1,Sunday,12,4,1,68.681
2025,1,Sunday,12,5,1,17.6735
2025,1,Sunday,12,3,4,173.568
2025,1,Sunday,12,8,1,12.6127
2025,1,Sunday,12,1,4,92.1783
2025,1,Sunday,12,7,3,35.0353
2025,1,Sunday,12,4,7,15.0165
2025,1,Sunday,12,2,7,9.8763
2025,1,Sunday,12,3,7,27.48
2025,1,Sunday,12,6,2,35.1108
2025,1,Sunday,12,7,1,15.0802
2025,1,Sunday,12,5,8,7.4642
2025,1,Sunday,12,1,3,98.4635
2025,1,Sunday,12,0,1,41.2992
2025,1,Sunday,12,7,5,3.0443
2025,1,Sunday,12,2,3,46.9063
2025,1,Sunday,12,3,5,39.2228
2025,1,Sunday,12,6,0,6.3185
2025,1,Sunday,12,2,8,4.6955
2025,1,Sunday,12,0,2,19.3918
2025,1,Sunday,12,7,4,36.9713
2025,1,Sunday,12,3,6,82.2145
2025,1,Sunday,12,6,5,12.9417
2025,1,Sunday,12,2,6,29.632
2025,1,Sunday,12,0,8,3.774
2025,1,Sunday,12,5,0,0.3
2025,1,Sunday,12,3,0,15.2558
2025,1,Sunday,12,3,8,35.6343
2025,1,Sunday,12,4,0,9.453
2025,1,Sunday,12,3,1,125.0415
2025,1,Sunday,12,5,7,2.0857
2025,1,Sunday,12,0,4,25.4452
2025,1,Sunday,12,5,6,10.6525
2025,1,Sunday,12,6,4,60.8025
2025,1,Sunday,12,5,4,25.387
2025,1,Sunday,12,2,5,10.0915
2025,1,Sunday,12,3,2,47.7853
2025,1,Sunday,12,8,3,29.5272
2025,1,Sunday,12,4,6,44.6907
2025,1,Sunday,12,6,3,84.4338
2025,1,Sunday,12,4,5,19.9132
2025,1,Sunday,12,0,7,2.4383
2025,1,Sunday,12,4,3,96.104
2025,1,Sunday,12,0,5,3.4485
2025,1,Sunday,12,8,0,1.8592
2025,1,Sunday,12,2,1,39.1305
2025,1,Sunday,12,8,2,8.8495
2025,1,Sunday,12,6,1,42.6447
2025,1,Sunday,12,5,2,16.7738
2025,1,Sunday,12,0,6,7.2825
2025,1,Sunday,12,7,6,3.3613
2025,1,Sunday,12,4,8,11.913
2025,1,Sunday,12,8,5,7.166
2025,1,Sunday,12,4,2,38.486
2025,1,Sunday,12,1,2,51.3885
2025,1,Sunday,12,1,8,10.0235
2025,1,Sunday,12,5,3,33.0403
2025,2,Monday,1,0,8,0.3077
2025,2,Monday,1,1,2,0.3927
2025,2,Monday,1,5,3,0.9592
2025,2,Monday,1,2,1,0.625
2025,2,Monday,1,1,8,0.643
2025,2,Monday,1,2,8,0.3125
2025,2,Monday,1,4,2,0.574
2025,2,Monday,1,4,6,1.464
2025,2,Monday,1,8,2,0.3655
2025,2,Monday,1,3,4,4.5425
2025,2,Monday,1,3,6,3.7175
2025,2,Monday,1,6,3,1.1543
2025,2,Monday,1,8,1,0.6527
2025,2,Monday,1,3,1,1.281
2025,2,Monday,1,4,0,1.478
2025,2,Monday,1,4,3,3.563
2025,2,Monday,1,5,1,0.3438
2025,2,Monday,1,3,0,2.65
2025,2,Monday,1,4,5,0.593
2025,2,Monday,1,7,8,0.25
2025,2,Monday,1,6,2,0.6043
2025,2,Monday,1,1,5,0.6242
2025,2,Monday,1,5,7,0.3438
2025,2,Monday,1,3,2,2.4803
2025,2,Monday,1,0,6,0.3077
2025,2,Monday,1,7,0,0.3125
2025,2,Monday,1,5,4,0.5577
2025,2,Monday,1,0,3,1.163
2025,2,Monday,1,6,4,0.5625
2025,2,Monday,1,4,7,0.6563
2025,2,Monday,1,6,5,0.25
2025,2,Monday,1,4,1,1.9248
2025,2,Monday,1,2,4,0.3
2025,2,Monday,1,2,3,0.675
2025,2,Monday,1,1,6,0.9268
2025,2,Monday,1,2,0,0.9653
2025,2,Monday,1,6,8,0.423
2025,2,Monday,1,1,4,0.3027
2025,2,Monday,1,8,0,0.675
2025,2,Monday,1,7,5,0.75
2025,2,Monday,1,0,4,1.0853
2025,2,Monday,1,7,4,0.2858
2025,2,Monday,1,6,0,0.3832
2025,2,Monday,1,6,1,0.3027
2025,2,Monday,1,3,7,0.377
2025,2,Monday,1,0,1,0.389
2025,2,Monday,1,3,5,1.025
2025,2,Monday,13,0,1,38.6943
2025,2,Monday,13,8,1,23.6848
2025,2,Monday,13,4,7,20.3258
2025,2,Monday,13,8,6,19.852
2025,2,Monday,13,2,0,19.8035
2025,2,Monday,13,2,3,74.2898
2025,2,Monday,13,4,3,147.3967
2025,2,Monday,13,1,0,30.5822
2025,2,Monday,13,6,2,31.764
2025,2,Monday,13,3,4,160.978
2025,2,Monday,13,3,5,62.0712
2025,2,Monday,13,0,6,14.8975
2025,2,Monday,13,7,3,45.0527
2025,2,Monday,13,0,7,2.7867
2025,2,Monday,13,8,7,0.3097
2025,2,Monday,13,2,1,59.4797
2025,2,Monday,13,3,1,101.4225
2025,2,Monday,13,6,3,130.4627
2025,2,Monday,13,3,0,27.5693
2025,2,Monday,13,4,1,64.369
2025,2,Monday,13,2,8,7.0512
2025,2,Monday,13,4,5,30.5753
2025,2,Monday,13,7,5,6.9957
2025,2,Monday,13,4,0,22.6652
2025,2,Monday,13,1,3,103.5505
2025,2,Monday,13,3,6,126.969
2025,2,Monday,13,3,7,37.5433
2025,2,Monday,13,7,1,13.8673
2025,2,Monday,13,7,4,30.7
2025,2,Monday,13,8,5,12.515
2025,2,Monday,13,2,6,27.0087
2025,2,Monday,13,7,8,0.55
2025,2,Monday,13,0,5,11.3988
2025,2,Monday,13,5,7,5.9905
2025,2,Monday,13,1,6,32.4927
2025,2,Monday,13,8,2,14.6625
2025,2,Monday,13,2,5,17.1042
2025,2,Monday,13,6,4,69.4495
2025,2,Monday,13,4,6,58.7788
2025,2,Monday,13,1,5,14.0823
2025,2,Monday,13,3,2,85.6217
2025,2,Monday,13,6,0,9.2917
2025,2,Monday,13,1,2,55.7895
2025,2,Monday,13,0,8,4.1633
2025,2,Monday,13,8,3,54.1388
2025,2,Monday,13,5,0,9.175
2025,2,Monday,13,8,4,25.75
2025,2,Monday,13,5,2,22.2172
2025,2,Monday,13,1,7,9.58
2025,2,Monday,13,6,8,15.3913
2025,2,Monday,13,3,8,43.889
2025,2,Monday,13,5,3,73.0792
2025,2,Monday,13,5,6,22.0093
2025,2,Monday,13,4,8,14.4655
2025,2,Monday,13,7,2,14.2068
2025,2,Monday,13,4,2,44.455
2025,2,Monday,13,7,6,3.2455
2025,2,Monday,13,0,2,19.4175
2025,2,Monday,13,1,4,68.1613
2025,2,Monday,13,0,3,23.6267
2025,2,Monday,13,6,5,20.7735
2025,2,Monday,13,8,0,5.4148
2025,2,Monday,13,7,0,4.4227
2025,2,Monday,13,2,7,9.7525
2025,2,Monday,13,5,4,40.6667
2025,2,Monday,13,5,8,12.8882
2025,2,Monday,13,0,4,26.076
2025,2,Monday,13,6,7,6.2032
2025,2,Monday,13,5,1,21.5365
2025,2,Monday,13,6,1,47.6353
2025,2,Monday,13,1,8,11.3148
2025,2,Monday,13,2,4,46.027
2025,2,Monday,2,1,5,0.3
2025,2,Monday,2,4,3,1.134
2025,2,Monday,2,3,5,0.6748
2025,2,Monday,2,4,2,0.3655
2025,2,Monday,2,2,4,0.25
2025,2,Monday,2,2,6,0.2777
2025,2,Monday,2,4,6,0.8778
2025,2,Monday,2,2,8,0.3125
2025,2,Monday,2,3,2,1.027
2025,2,Monday,2,6,1,0.5625
2025,2,Monday,2,2,0,0.2858
2025,2,Monday,2,4,0,0.3055
2025,2,Monday,2,0,3,1.74
2025,2,Monday,2,3,8,0.591
2025,2,Monday,2,3,0,0.994
2025,2,Monday,2,3,4,1.3223
2025,2,Monday,2,5,4,1.3187
2025,2,Monday,2,3,1,0.456
2025,2,Monday,2,1,0,0.5385
2025,2,Monday,2,5,6,0.35
2025,2,Monday,2,3,6,1.4423
2025,2,Monday,2,8,0,0.7215
2025,2,Monday,2,6,2,0.2955
2025,2,Monday,2,6,5,0.6332
2025,2,Monday,2,0,6,0.2833
2025,2,Monday,2,2,5,0.5455
2025,2,Monday,2,6,3,0.7707
2025,2,Monday,14,0,1,45.9798
2025,2,Monday,14,0,4,29.4835
2025,2,Monday,14,8,0,7.3607
2025,2,Monday,14,7,5,5.552
2025,2,Monday,14,3,0,33.3972
2025,2,Monday,14,0,5,7.7637
2025,2,Monday,14,8,3,68.092
2025,2,Monday,14,5,1,26.164
2025,2,Monday,14,6,1,47.251
2025,2,Monday,14,8,1,34.1108
2025,2,Monday,14,2,0,23.9315
2025,2,Monday,14,1,2,47.846
2025,2,Monday,14,8,2,22.555
2025,2,Monday,14,3,5,58.1028
2025,2,Monday,14,4,3,184.5738
2025,2,Monday,14,7,8,0.5157
2025,2,Monday,14,7,3,58.086
2025,2,Monday,14,7,2,13.1598
2025,2,Monday,14,5,4,46.417
2025,2,Monday,14,8,4,27.7043
2025,2,Monday,14,7,6,4.341
2025,2,Monday,14,4,5,35.3233
2025,2,Monday,14,4,7,32.754
2025,2,Monday,14,1,4,69.064
2025,2,Monday,14,3,6,139.962
2025,2,Monday,14,3,7,38.595
2025,2,Monday,14,6,2,29.3278
2025,2,Monday,14,6,8,16.7395
2025,2,Monday,14,1,0,43.3555
2025,2,Monday,14,1,7,10.9498
2025,2,Monday,14,6,5,21.3643
2025,2,Monday,14,0,7,3.3597
2025,2,Monday,14,7,4,28.0838
2025,2,Monday,14,4,0,28.596
2025,2,Monday,14,0,6,11.512
2025,2,Monday,14,4,1,80.4375
2025,2,Monday,14,0,3,39.5275
2025,2,Monday,14,8,6,24.6647
2025,2,Monday,14,1,5,19.216
2025,2,Monday,14,5,6,14.5125
2025,2,Monday,14,3,2,69.6038
2025,2,Monday,14,3,4,164.0785
2025,2,Monday,14,5,0,17.142
2025,2,Monday,14,3,8,56.4375
2025,2,Monday,14,3,1,109.0977
2025,2,Monday,14,4,6,64.6895
2025,2,Monday,14,7,1,14.357
2025,2,Monday,14,0,2,17.5937
2025,2,Monday,14,1,3,111.525
2025,2,Monday,14,5,2,17.5683
2025,2,Monday,14,6,3,155.29
2025,2,Monday,14,6,0,15.9237
2025,2,Monday,14,2,4,54.886
2025,2,Monday,14,2,3,93.629
2025,2,Monday,14,5,8,12.227
2025,2,Monday,14,2,6,35.9545
2025,2,Monday,14,2,8,13.8857
2025,2,Monday,14,2,1,54.5118
2025,2,Monday,14,6,7,6.0278
2025,2,Monday,14,2,5,17.556
2025,2,Monday,14,2,7,12.4545
2025,2,Monday,14,4,8,18.4953
2025,2,Monday,14,5,3,87.8395
2025,2,Monday,14,1,8,19.846800000000002
2025,2,Monday,14,7,0,2.6192
2025,2,Monday,14,5,7,6.3592
2025,2,Monday,14,8,5,16.115
2025,2,Monday,14,1,6,44.564
2025,2,Monday,14,4,2,48.9935
2025,2,Monday,14,6,4,60.7595
2025,2,Monday,14,0,8,6.4317
2025,2,Monday,3,6,3,2.6068
2025,2,Monday,3,2,0,1.2332
2025,2,Monday,3,0,3,0.9998
2025,2,Monday,3,5,0,0.2918
2025,2,Monday,3,4,0,0.329
2025,2,Monday,3,4,6,0.2918
2025,2,Monday,3,3,1,0.25
2025,2,Monday,3,2,1,1.5835
2025,2,Monday,3,0,1,0.3302
2025,2,Monday,3,2,7,0.25
2025,2,Monday,3,3,4,0.409
2025,2,Monday,3,2,3,0.6582
2025,2,Monday,3,4,7,0.329
2025,2,Monday,3,2,5,0.25
2025,2,Monday,3,2,6,0.25
2025,2,Monday,3,0,4,0.712
2025,2,Monday,3,3,5,0.3332
2025,2,Monday,3,4,3,2.3633
2025,2,Monday,3,1,8,0.35
2025,2,Monday,3,8,6,0.25
2025,2,Monday,3,6,2,1.5
2025,2,Monday,3,5,4,0.6668
2025,2,Monday,3,0,5,0.3257
2025,2,Monday,3,7,6,0.25
2025,2,Monday,3,5,3,1
2025,2,Monday,3,1,6,0.4
2025,2,Monday,3,3,8,0.3332
2025,2,Monday,3,0,2,0.337
2025,2,Monday,3,3,2,0.35
2025,2,Monday,3,3,6,0.5
2025,2,Monday,3,6,4,0.409
2025,2,Monday,3,1,0,0.6817
2025,2,Monday,15,0,2,20.5312
2025,2,Monday,15,5,2,29.2108
2025,2,Monday,15,1,7,12.9225
2025,2,Monday,15,3,5,57.253
2025,2,Monday,15,3,2,78.46
2025,2,Monday,15,5,1,37.4803
2025,2,Monday,15,0,6,18.0593
2025,2,Monday,15,1,3,164.0085
2025,2,Monday,15,8,7,0.279
2025,2,Monday,15,8,4,30.8395
2025,2,Monday,15,3,7,43.6325
2025,2,Monday,15,6,1,49.4262
2025,2,Monday,15,8,5,24.3173
2025,2,Monday,15,5,8,16.5863
2025,2,Monday,15,4,1,101.9748
2025,2,Monday,15,2,6,63.7117
2025,2,Monday,15,7,5,6.427
2025,2,Monday,15,0,4,29.1137
2025,2,Monday,15,2,7,18.1885
2025,2,Monday,15,3,6,155.417
2025,2,Monday,15,0,7,3.705
2025,2,Monday,15,0,8,11.5943
2025,2,Monday,15,1,5,39.9465
2025,2,Monday,15,3,4,178.416
2025,2,Monday,15,6,3,253.7775
2025,2,Monday,15,6,2,38.771
2025,2,Monday,15,7,0,4.983
2025,2,Monday,15,1,6,63.8167
2025,2,Monday,15,0,5,9.0635
2025,2,Monday,15,6,8,12.9135
2025,2,Monday,15,1,4,82.484
2025,2,Monday,15,7,2,12.2477
2025,2,Monday,15,5,0,22.0053
2025,2,Monday,15,7,1,23.8733
2025,2,Monday,15,4,6,91.1123
2025,2,Monday,15,6,7,5.322
2025,2,Monday,15,6,5,26.0838
2025,2,Monday,15,1,8,29.1085
2025,2,Monday,15,5,3,198.1118
2025,2,Monday,15,2,0,32.9118
2025,2,Monday,15,1,0,97.988
2025,2,Monday,15,5,7,5.719
2025,2,Monday,15,2,8,23.9198
2025,2,Monday,15,0,3,48.9055
2025,2,Monday,15,3,8,51.6935
2025,2,Monday,15,8,0,9.0507
2025,2,Monday,15,6,0,17.4198
2025,2,Monday,15,2,3,135.0837
2025,2,Monday,15,4,8,28.8453
2025,2,Monday,15,7,4,43.421
2025,2,Monday,15,4,5,49.1545
2025,2,Monday,15,1,2,67.2182
2025,2,Monday,15,8,2,19.0242
2025,2,Monday,15,5,6,21.839
2025,2,Monday,15,4,7,29.349
2025,2,Monday,15,3,1,124.8645
2025,2,Monday,15,0,1,53.6282
2025,2,Monday,15,4,3,270.4502
2025,2,Monday,15,2,5,14.3425
2025,2,Monday,15,4,0,41.2167
2025,2,Monday,15,3,0,39.5237
2025,2,Monday,15,7,8,0.2845
2025,2,Monday,15,6,4,70.9495
2025,2,Monday,15,2,1,70.6657
2025,2,Monday,15,7,3,81.8037
2025,2,Monday,15,2,4,54.973
2025,2,Monday,15,4,2,53.8582
2025,2,Monday,15,7,6,5.2135
2025,2,Monday,15,8,3,133.8642
2025,2,Monday,15,8,6,39.9415
2025,2,Monday,15,5,4,65.5782
2025,2,Monday,15,8,1,25.9522
2025,2,Monday,4,8,3,0.5
2025,2,Monday,4,0,8,2.5725
2025,2,Monday,4,1,2,0.2918
2025,2,Monday,4,1,8,0.4168
2025,2,Monday,4,3,8,0.6638
2025,2,Monday,4,0,7,0.3022
2025,2,Monday,4,6,3,7.348
2025,2,Monday,4,4,6,0.569
2025,2,Monday,4,0,5,2.9073
2025,2,Monday,4,5,0,0.5227
2025,2,Monday,4,1,3,0.727
2025,2,Monday,4,0,2,1.5597
2025,2,Monday,4,3,7,0.4027
2025,2,Monday,4,6,5,1.3245
2025,2,Monday,4,3,4,3.0017
2025,2,Monday,4,0,1,1.975
2025,2,Monday,4,4,0,0.4723
2025,2,Monday,4,6,1,0.676
2025,2,Monday,4,2,8,0.8588
2025,2,Monday,4,5,4,1.1978
2025,2,Monday,4,1,6,0.7363
2025,2,Monday,4,2,0,0.2632
2025,2,Monday,4,2,1,1.3665
2025,2,Monday,4,2,4,2.7423
2025,2,Monday,4,6,2,2.3612
2025,2,Monday,4,3,1,0.6
2025,2,Monday,4,4,8,1.1923
2025,2,Monday,4,0,6,1.6375
2025,2,Monday,4,6,4,0.9742
2025,2,Monday,4,8,5,0.35
2025,2,Monday,4,5,1,0.25
2025,2,Monday,4,3,0,3.2925
2025,2,Monday,4,4,5,1.227
2025,2,Monday,4,8,4,0.35
2025,2,Monday,4,8,1,0.75
2025,2,Monday,4,0,4,0.6355
2025,2,Monday,4,4,3,2.9248
2025,2,Monday,4,2,6,0.2858
2025,2,Monday,4,8,6,0.25
2025,2,Monday,4,2,3,1.0418
2025,2,Monday,4,5,3,0.8282
2025,2,Monday,4,4,1,1.6595
2025,2,Monday,4,8,2,0.85
2025,2,Monday,4,1,0,0.3215
2025,2,Monday,4,6,0,0.75
2025,2,Monday,4,4,7,0.319
2025,2,Monday,4,5,6,0.25
2025,2,Monday,4,3,6,1.4445
2025,2,Monday,4,0,3,2.9695
2025,2,Monday,16,3,0,43.8417
2025,2,Monday,16,4,2,42.292
2025,2,Monday,16,0,6,28.453
2025,2,Monday,16,1,6,90.1207
2025,2,Monday,16,1,3,176.2268
2025,2,Monday,16,1,8,40.0297
2025,2,Monday,16,6,2,52.858
2025,2,Monday,16,0,3,43.9375
2025,2,Monday,16,8,0,9.732
2025,2,Monday,16,4,6,85.436
2025,2,Monday,16,5,4,61.79
2025,2,Monday,16,0,8,9.2657
2025,2,Monday,16,4,0,34.5865
2025,2,Monday,16,6,8,11.7502
2025,2,Monday,16,7,8,0.8
2025,2,Monday,16,0,7,2.6487
2025,2,Monday,16,8,2,22.2193
2025,2,Monday,16,2,8,33.0323
2025,2,Monday,16,4,5,29.915
2025,2,Monday,16,2,3,200.0777
2025,2,Monday,16,0,4,31.2208
2025,2,Monday,16,4,8,29.046
2025,2,Monday,16,3,8,82.0718
2025,2,Monday,16,6,0,26.019
2025,2,Monday,16,2,5,26.836
2025,2,Monday,16,8,5,21.3655
2025,2,Monday,16,5,6,28.6052
2025,2,Monday,16,1,4,88.5913
2025,2,Monday,16,5,3,321.013
2025,2,Monday,16,5,8,22.8385
2025,2,Monday,16,4,7,25.9135
2025,2,Monday,16,3,1,173.3305
2025,2,Monday,16,0,2,24.572
2025,2,Monday,16,7,5,6.0908
2025,2,Monday,16,0,1,53.995
2025,2,Monday,16,1,7,18.397
2025,2,Monday,16,7,3,176.4215
2025,2,Monday,16,1,0,100.1743
2025,2,Monday,16,3,6,296.5403
2025,2,Monday,16,3,7,67.6705
2025,2,Monday,16,6,1,77.647
2025,2,Monday,16,7,6,8.7145
2025,2,Monday,16,2,1,73.751
2025,2,Monday,16,5,2,30.0945
2025,2,Monday,16,1,5,18.97
2025,2,Monday,16,7,1,29.8487
2025,2,Monday,16,3,5,71.9885
2025,2,Monday,16,5,0,21.94
2025,2,Monday,16,6,4,104.5263
2025,2,Monday,16,2,0,41.2072
2025,2,Monday,16,0,5,7.9182
2025,2,Monday,16,7,0,8.3695
2025,2,Monday,16,2,7,23.4707
2025,2,Monday,16,6,3,512.5308
2025,2,Monday,16,4,1,92.9882
2025,2,Monday,16,5,1,44.181
2025,2,Monday,16,6,5,20.931
2025,2,Monday,16,3,4,200.9642
2025,2,Monday,16,2,6,86.422
2025,2,Monday,16,4,3,339.7745
2025,2,Monday,16,8,1,23.8873
2025,2,Monday,16,8,6,33.1913
2025,2,Monday,16,7,4,44.0725
2025,2,Monday,16,3,2,85.5455
2025,2,Monday,16,5,7,6.5717
2025,2,Monday,16,7,2,15.072
2025,2,Monday,16,8,4,42.5605
2025,2,Monday,16,8,3,237.7333
2025,2,Monday,16,2,4,68.15
2025,2,Monday,16,6,7,8.2565
2025,2,Monday,16,1,2,60.7437
2025,2,Monday,5,1,6,5.5655
2025,2,Monday,5,7,1,1.0888
2025,2,Monday,5,1,3,9.248
2025,2,Monday,5,6,5,1
2025,2,Monday,5,2,4,0.297
2025,2,Monday,5,0,7,1.5847
2025,2,Monday,5,4,1,6.001
2025,2,Monday,5,4,6,4.53
2025,2,Monday,5,4,5,3.2333
2025,2,Monday,5,3,4,15.803
2025,2,Monday,5,8,6,0.9322
2025,2,Monday,5,0,6,8.8735
2025,2,Monday,5,2,5,3.4128
2025,2,Monday,5,4,8,2.302
2025,2,Monday,5,5,4,0.6393
2025,2,Monday,5,6,8,0.9263
2025,2,Monday,5,0,5,3.4735
2025,2,Monday,5,6,7,0.424
2025,2,Monday,5,5,2,0.2763
2025,2,Monday,5,8,4,4.9147
2025,2,Monday,5,6,1,7.4735
2025,2,Monday,5,5,1,1.1705
2025,2,Monday,5,8,1,5.322
2025,2,Monday,5,3,1,7.8937
2025,2,Monday,5,6,4,2.345
2025,2,Monday,5,1,5,1.4073
2025,2,Monday,5,5,0,0.6987
2025,2,Monday,5,1,4,2.1815
2025,2,Monday,5,4,7,0.9455
2025,2,Monday,5,7,4,1.642
2025,2,Monday,5,2,7,1.0933
2025,2,Monday,5,3,8,19.241
2025,2,Monday,5,4,3,14.5238
2025,2,Monday,5,8,5,2.0325
2025,2,Monday,5,5,3,8.8595
2025,2,Monday,5,6,2,6.1382
2025,2,Monday,5,2,3,3.5363
2025,2,Monday,5,2,8,4.598
2025,2,Monday,5,7,3,7.9393
2025,2,Monday,5,0,3,15.488
2025,2,Monday,5,2,6,1.67
2025,2,Monday,5,7,6,0.8168
2025,2,Monday,5,0,1,7.876
2025,2,Monday,5,8,3,18.029
2025,2,Monday,5,8,2,8.0965
2025,2,Monday,5,4,0,5.3153
2025,2,Monday,5,3,2,8.1103
2025,2,Monday,5,7,2,1.914
2025,2,Monday,5,1,2,2.5518
2025,2,Monday,5,3,7,13.9978
2025,2,Monday,5,4,2,2.3318
2025,2,Monday,5,0,4,9.1478
2025,2,Monday,5,8,0,2.6957
2025,2,Monday,5,3,0,0.8615
2025,2,Monday,5,2,1,0.8467
2025,2,Monday,5,1,0,4.5338
2025,2,Monday,5,6,3,36.9607
2025,2,Monday,5,1,7,3.2917
2025,2,Monday,5,2,0,6.414
2025,2,Monday,5,3,5,32.7515
2025,2,Monday,5,1,8,5.3052
2025,2,Monday,5,0,8,3.7565
2025,2,Monday,5,3,6,41.29
2025,2,Monday,5,6,0,4.4727
2025,2,Monday,5,0,2,11.6978
2025,2,Monday,5,5,6,0.3392
2025,2,Monday,17,3,0,68.9107
2025,2,Monday,17,6,4,168.585
2025,2,Monday,17,1,6,91.6885
2025,2,Monday,17,6,1,166.0157
2025,2,Monday,17,6,8,9.9243
2025,2,Monday,17,2,6,176.4972
2025,2,Monday,17,5,2,33.3663
2025,2,Monday,17,0,5,5.0132
2025,2,Monday,17,4,5,39.7955
2025,2,Monday,17,0,1,65.1627
2025,2,Monday,17,5,6,27.2192
2025,2,Monday,17,3,5,162.9332
2025,2,Monday,17,4,6,86.1155
2025,2,Monday,17,6,0,28.901
2025,2,Monday,17,1,7,15.8065
2025,2,Monday,17,4,8,32.3802
2025,2,Monday,17,0,8,4.6693
2025,2,Monday,17,7,5,9.3008
2025,2,Monday,17,0,7,1.6757
2025,2,Monday,17,3,4,404.9613
2025,2,Monday,17,1,2,52.717
2025,2,Monday,17,1,8,31.0962
2025,2,Monday,17,5,3,381.0575
2025,2,Monday,17,1,3,171.756
2025,2,Monday,17,7,0,9.308
2025,2,Monday,17,4,3,381.9087
2025,2,Monday,17,4,7,41.3033
2025,2,Monday,17,5,1,51.0487
2025,2,Monday,17,8,3,264.1418
2025,2,Monday,17,5,7,6.4235
2025,2,Monday,17,2,1,125.9608
2025,2,Monday,17,2,8,36.5347
2025,2,Monday,17,7,4,70.9085
2025,2,Monday,17,3,1,394.5787
2025,2,Monday,17,8,2,27.5978
2025,2,Monday,17,6,3,807.2613
2025,2,Monday,17,0,2,22.7405
2025,2,Monday,17,5,4,70.186
2025,2,Monday,17,1,4,106.1255
2025,2,Monday,17,8,7,0.2808
2025,2,Monday,17,7,3,234.4405
2025,2,Monday,17,2,0,62.778
2025,2,Monday,17,3,8,127.5417
2025,2,Monday,17,3,2,124.6863
2025,2,Monday,17,3,6,565.7695
2025,2,Monday,17,4,1,89.5807
2025,2,Monday,17,8,4,52.8467
2025,2,Monday,17,6,2,88.2582
2025,2,Monday,17,6,5,20.9105
2025,2,Monday,17,1,5,26.5333
2025,2,Monday,17,5,8,14.8365
2025,2,Monday,17,2,4,104.2205
2025,2,Monday,17,8,6,31.9325
2025,2,Monday,17,2,7,44.8665
2025,2,Monday,17,2,5,46.6992
2025,2,Monday,17,1,0,100.0205
2025,2,Monday,17,0,4,24.7052
2025,2,Monday,17,7,2,26.5665
2025,2,Monday,17,5,0,17.9558
2025,2,Monday,17,7,1,49.3705
2025,2,Monday,17,8,5,9.302
2025,2,Monday,17,0,3,43.7367
2025,2,Monday,17,4,2,56.633
2025,2,Monday,17,3,7,152.0085
2025,2,Monday,17,8,0,15.3722
2025,2,Monday,17,6,7,12.137
2025,2,Monday,17,2,3,265.1413
2025,2,Monday,17,7,6,7.873
2025,2,Monday,17,0,6,18.6945
2025,2,Monday,17,4,0,41.3815
2025,2,Monday,17,8,1,39.9352
2025,2,Monday,6,6,4,13.8143
2025,2,Monday,6,6,1,39.1902
2025,2,Monday,6,0,6,14.1003
2025,2,Monday,6,7,4,4.7613
2025,2,Monday,6,2,6,11.861
2025,2,Monday,6,6,3,117.246
2025,2,Monday,6,5,6,3.9205
2025,2,Monday,6,5,1,4.9865
2025,2,Monday,6,7,1,4.4298
2025,2,Monday,6,4,1,6.0985
2025,2,Monday,6,1,6,32.5318
2025,2,Monday,6,6,5,4.4213
2025,2,Monday,6,5,0,2.023
2025,2,Monday,6,8,6,1.3832
2025,2,Monday,6,8,1,11.685
2025,2,Monday,6,7,2,9.1488
2025,2,Monday,6,2,5,5.513
2025,2,Monday,6,7,8,0.25
2025,2,Monday,6,0,5,15.3525
2025,2,Monday,6,4,8,5.0698
2025,2,Monday,6,3,5,140.1818
2025,2,Monday,6,3,4,108.0905
2025,2,Monday,6,3,1,38.982
2025,2,Monday,6,7,5,1.9295
2025,2,Monday,6,1,3,47.0038
2025,2,Monday,6,0,1,43.1513
2025,2,Monday,6,1,0,25.5145
2025,2,Monday,6,4,3,49.2675
2025,2,Monday,6,4,5,6.1125
2025,2,Monday,6,2,4,4.3797
2025,2,Monday,6,0,7,4.1505
2025,2,Monday,6,0,4,14.8133
2025,2,Monday,6,6,0,9.9527
2025,2,Monday,6,2,1,6.8123
2025,2,Monday,6,2,3,16.144
2025,2,Monday,6,6,2,38.543
2025,2,Monday,6,7,6,0.25
2025,2,Monday,6,1,7,4.7367
2025,2,Monday,6,3,0,15.7983
2025,2,Monday,6,0,3,22.8598
2025,2,Monday,6,2,7,6.399
2025,2,Monday,6,1,2,11.1963
2025,2,Monday,6,0,2,34.4312
2025,2,Monday,6,5,3,32.5972
2025,2,Monday,6,0,8,5.4725
2025,2,Monday,6,3,7,57.4082
2025,2,Monday,6,1,8,3.8252
2025,2,Monday,6,8,2,18.1275
2025,2,Monday,6,8,5,4.506
2025,2,Monday,6,2,0,12.004
2025,2,Monday,6,3,2,78.4077
2025,2,Monday,6,3,8,84.7115
2025,2,Monday,6,5,4,2.0187
2025,2,Monday,6,2,8,3.8505
2025,2,Monday,6,8,3,39.9775
2025,2,Monday,6,3,6,196.066
2025,2,Monday,6,1,4,12.0952
2025,2,Monday,6,4,6,14.5073
2025,2,Monday,6,6,8,8.085
2025,2,Monday,6,7,3,34.4148
2025,2,Monday,6,4,2,10.3013
2025,2,Monday,6,6,7,0.3
2025,2,Monday,6,5,2,4.913
2025,2,Monday,6,8,0,7.6562
2025,2,Monday,6,8,4,18.2477
2025,2,Monday,6,4,0,6.7575
2025,2,Monday,6,4,7,3.6245
2025,2,Monday,6,7,0,0.893
2025,2,Monday,6,1,5,8.8505
2025,2,Monday,18,8,3,91.8975
2025,2,Monday,18,1,2,32.2492
2025,2,Monday,18,1,8,16.2233
2025,2,Monday,18,8,1,29.5905
2025,2,Monday,18,6,5,12.1545
2025,2,Monday,18,7,5,5.409
2025,2,Monday,18,3,5,147.355
2025,2,Monday,18,7,3,105.2043
2025,2,Monday,18,0,6,13.8375
2025,2,Monday,18,4,7,38.8012
2025,2,Monday,18,7,8,0.5635
2025,2,Monday,18,0,2,14.53
2025,2,Monday,18,6,2,72.9255
2025,2,Monday,18,5,3,164.5237
2025,2,Monday,18,5,6,14.3945
2025,2,Monday,18,3,6,451.3687
2025,2,Monday,18,8,2,17.2605
2025,2,Monday,18,5,7,3.7077
2025,2,Monday,18,4,5,34.1635
2025,2,Monday,18,2,7,36.0428
2025,2,Monday,18,0,1,60.5498
2025,2,Monday,18,1,6,62.058
2025,2,Monday,18,1,5,17.6945
2025,2,Monday,18,2,0,43.779
2025,2,Monday,18,1,0,54.5167
2025,2,Monday,18,2,5,29.9835
2025,2,Monday,18,7,6,7.0755
2025,2,Monday,18,6,7,8.164
2025,2,Monday,18,8,0,7.456
2025,2,Monday,18,6,0,21.9655
2025,2,Monday,18,6,8,8.6262
2025,2,Monday,18,2,6,121.9165
2025,2,Monday,18,5,8,8.7412
2025,2,Monday,18,5,0,12.5595
2025,2,Monday,18,1,3,102.8385
2025,2,Monday,18,2,4,83.7908
2025,2,Monday,18,3,2,108.3263
2025,2,Monday,18,7,0,3.945
2025,2,Monday,18,3,8,71.4382
2025,2,Monday,18,5,2,16.4445
2025,2,Monday,18,4,3,237.8375
2025,2,Monday,18,0,3,19.4457
2025,2,Monday,18,6,3,397.2193
2025,2,Monday,18,7,1,33.1608
2025,2,Monday,18,6,4,140.0805
2025,2,Monday,18,4,1,95.5703
2025,2,Monday,18,6,1,126.1175
2025,2,Monday,18,3,7,164.008
2025,2,Monday,18,5,1,42.7657
2025,2,Monday,18,4,8,17.4615
2025,2,Monday,18,0,4,19.4858
2025,2,Monday,18,3,4,377.9572
2025,2,Monday,18,4,6,86.3905
2025,2,Monday,18,8,5,5.5942
2025,2,Monday,18,5,4,52.1352
2025,2,Monday,18,4,2,48.5373
2025,2,Monday,18,1,4,70.2685
2025,2,Monday,18,8,6,14.107
2025,2,Monday,18,3,1,343.0933
2025,2,Monday,18,1,7,17.2318
2025,2,Monday,18,2,3,128.0093
2025,2,Monday,18,8,4,34.5858
2025,2,Monday,18,2,1,105.3618
2025,2,Monday,18,0,8,4.973
2025,2,Monday,18,7,2,23.6325
2025,2,Monday,18,0,7,0.3505
2025,2,Monday,18,0,5,1.98
2025,2,Monday,18,3,0,49.2425
2025,2,Monday,18,4,0,36.65
2025,2,Monday,18,7,4,66.5353
2025,2,Monday,18,2,8,29.7765
2025,2,Monday,7,7,2,25.2132
2025,2,Monday,7,1,3,204.2193
2025,2,Monday,7,1,4,43.7542
2025,2,Monday,7,1,6,114.1837
2025,2,Monday,7,5,7,2.3055
2025,2,Monday,7,6,7,1.857
2025,2,Monday,7,4,5,27.9793
2025,2,Monday,7,2,1,24.7602
2025,2,Monday,7,7,6,2.9517
2025,2,Monday,7,8,7,0.323
2025,2,Monday,7,7,4,22.5707
2025,2,Monday,7,5,6,3.0033
2025,2,Monday,7,8,0,6.7493
2025,2,Monday,7,6,3,333.7777
2025,2,Monday,7,0,6,32.7843
2025,2,Monday,7,4,7,21.4533
2025,2,Monday,7,0,2,58.161
2025,2,Monday,7,5,2,24.1612
2025,2,Monday,7,1,5,48.993
2025,2,Monday,7,4,1,64.621
2025,2,Monday,7,6,0,21.6838
2025,2,Monday,7,2,0,15.6007
2025,2,Monday,7,8,4,23.9578
2025,2,Monday,7,0,4,44.973
2025,2,Monday,7,2,3,58.2065
2025,2,Monday,7,7,3,121.7632
2025,2,Monday,7,3,1,153.2857
2025,2,Monday,7,6,8,23.2635
2025,2,Monday,7,0,8,15.446
2025,2,Monday,7,4,8,17.629
2025,2,Monday,7,1,2,50.1775
2025,2,Monday,7,3,5,315.1252
2025,2,Monday,7,2,5,20.541
2025,2,Monday,7,1,7,40.4767
2025,2,Monday,7,0,1,157.0423
2025,2,Monday,7,6,4,31.9835
2025,2,Monday,7,5,8,4.9397
2025,2,Monday,7,4,3,187.9835
2025,2,Monday,7,4,6,51.1325
2025,2,Monday,7,1,0,68.4528
2025,2,Monday,7,8,1,46.834
2025,2,Monday,7,1,8,36.42
2025,2,Monday,7,3,2,166.4652
2025,2,Monday,7,6,5,9.1152
2025,2,Monday,7,6,2,96.1442
2025,2,Monday,7,3,8,234.823
2025,2,Monday,7,5,0,2.106
2025,2,Monday,7,2,7,9.7733
2025,2,Monday,7,3,7,150.124
2025,2,Monday,7,8,2,28.4773
2025,2,Monday,7,4,2,34.8623
2025,2,Monday,7,5,3,108.684
2025,2,Monday,7,3,4,276.6563
2025,2,Monday,7,4,0,11.611
2025,2,Monday,7,2,8,18.0738
2025,2,Monday,7,2,6,49.966
2025,2,Monday,7,7,5,1.4682
2025,2,Monday,7,3,0,49.681
2025,2,Monday,7,0,7,8.013
2025,2,Monday,7,0,5,22.2115
2025,2,Monday,7,3,6,539.7552
2025,2,Monday,7,8,6,5.9245
2025,2,Monday,7,7,0,4.7437
2025,2,Monday,7,2,4,20.8572
2025,2,Monday,7,8,5,11.9455
2025,2,Monday,7,6,1,80.949700000000007
2025,2,Monday,7,5,4,24.229
2025,2,Monday,7,0,3,54.0645
2025,2,Monday,7,5,1,37.787
2025,2,Monday,7,7,1,16.3343
2025,2,Monday,7,8,3,97.4728
2025,2,Monday,19,5,7,3.4073
2025,2,Monday,19,3,4,201.0768
2025,2,Monday,19,5,1,18.8195
2025,2,Monday,19,0,1,35.9
2025,2,Monday,19,8,3,33.9218
2025,2,Monday,19,4,2,27.6875
2025,2,Monday,19,8,1,9.7777
2025,2,Monday,19,3,6,200.8375
2025,2,Monday,19,6,0,12.465
2025,2,Monday,19,4,0,26.7115
2025,2,Monday,19,3,8,42.3797
2025,2,Monday,19,0,7,1.996
2025,2,Monday,19,7,6,5.8008
2025,2,Monday,19,1,2,18.9997
2025,2,Monday,19,5,8,2.5498
2025,2,Monday,19,3,2,55.175
2025,2,Monday,19,5,0,6.208
2025,2,Monday,19,6,5,10.963
2025,2,Monday,19,0,4,10.9745
2025,2,Monday,19,8,4,16.1045
2025,2,Monday,19,7,5,2.1035
2025,2,Monday,19,2,0,24.4067
2025,2,Monday,19,2,8,12.6928
2025,2,Monday,19,7,4,33.2798
2025,2,Monday,19,7,3,39.856
2025,2,Monday,19,8,0,4.324
2025,2,Monday,19,2,5,15.9913
2025,2,Monday,19,5,4,28.2565
2025,2,Monday,19,4,7,24.2635
2025,2,Monday,19,7,0,3.7852
2025,2,Monday,19,5,2,9.309
2025,2,Monday,19,5,6,7.5475
2025,2,Monday,19,1,8,13.2592
2025,2,Monday,19,2,4,39.2855
2025,2,Monday,19,4,5,28.5703
2025,2,Monday,19,1,0,40.2585
2025,2,Monday,19,6,8,4.896
2025,2,Monday,19,5,3,72.0562
2025,2,Monday,19,1,5,7.202
2025,2,Monday,19,1,7,7.6967
2025,2,Monday,19,7,8,0.272
2025,2,Monday,19,6,7,5.9822
2025,2,Monday,19,6,2,27.303
2025,2,Monday,19,4,6,55.1633
2025,2,Monday,19,8,6,7.935
2025,2,Monday,19,0,3,13.035
2025,2,Monday,19,0,5,1.3393
2025,2,Monday,19,2,6,58.0295
2025,2,Monday,19,4,3,153.97
2025,2,Monday,19,8,5,1.819
2025,2,Monday,19,7,1,16.5918
2025,2,Monday,19,8,2,4.306
2025,2,Monday,19,6,1,61.3272
2025,2,Monday,19,3,7,72.802
2025,2,Monday,19,1,6,28.4075
2025,2,Monday,19,3,0,32.4352
2025,2,Monday,19,4,8,10.4525
2025,2,Monday,19,7,2,9.714
2025,2,Monday,19,2,3,68.4325
2025,2,Monday,19,0,6,8.9698
2025,2,Monday,19,3,1,156.596
2025,2,Monday,19,6,3,165.5812
2025,2,Monday,19,0,8,7.0155
2025,2,Monday,19,2,1,51.048
2025,2,Monday,19,1,3,46.38
2025,2,Monday,19,4,1,61.6025
2025,2,Monday,19,8,7,0.281
2025,2,Monday,19,6,4,61.8175
2025,2,Monday,19,0,2,5.6328
2025,2,Monday,19,1,4,38.9723
2025,2,Monday,19,3,5,65.542
2025,2,Monday,19,2,7,19.562
2025,2,Monday,8,7,5,6.6212
2025,2,Monday,8,2,4,44.5937
2025,2,Monday,8,1,2,121.2523
2025,2,Monday,8,2,3,99.7348
2025,2,Monday,8,3,0,33.878
2025,2,Monday,8,0,3,89.3205
2025,2,Monday,8,6,1,96.1142
2025,2,Monday,8,6,8,28.5285
2025,2,Monday,8,7,8,1
2025,2,Monday,8,8,2,45.44
2025,2,Monday,8,4,7,55.328
2025,2,Monday,8,7,6,2.4585
2025,2,Monday,8,5,2,49.3292
2025,2,Monday,8,3,7,255.962
2025,2,Monday,8,5,4,53.576
2025,2,Monday,8,6,7,2.0263
2025,2,Monday,8,6,0,25.4447
2025,2,Monday,8,2,0,17.2115
2025,2,Monday,8,5,6,9.1835
2025,2,Monday,8,3,5,423.096
2025,2,Monday,8,8,3,169.6037
2025,2,Monday,8,4,2,86.61
2025,2,Monday,8,0,4,59.8223
2025,2,Monday,8,7,2,64.0463
2025,2,Monday,8,0,5,35.8022
2025,2,Monday,8,7,4,55.4657
2025,2,Monday,8,5,0,4.072
2025,2,Monday,8,2,8,31.8315
2025,2,Monday,8,3,1,147.6408
2025,2,Monday,8,3,6,886.2732
2025,2,Monday,8,0,6,35.886
2025,2,Monday,8,8,7,0.5862
2025,2,Monday,8,4,5,56.0632
2025,2,Monday,8,0,2,77.3928
2025,2,Monday,8,1,6,202.477
2025,2,Monday,8,4,1,44.9928
2025,2,Monday,8,4,6,128.321
2025,2,Monday,8,4,3,346.946
2025,2,Monday,8,8,5,15.7537
2025,2,Monday,8,5,3,191.687
2025,2,Monday,8,2,1,37.1595
2025,2,Monday,8,2,5,38.522
2025,2,Monday,8,8,1,42.3975
2025,2,Monday,8,0,7,15.0902
2025,2,Monday,8,1,4,102.5938
2025,2,Monday,8,6,3,723.2507
2025,2,Monday,8,4,8,45.9172
2025,2,Monday,8,2,6,95.1705
2025,2,Monday,8,1,8,49.944
2025,2,Monday,8,1,5,81.8927
2025,2,Monday,8,1,7,54.9925
2025,2,Monday,8,7,1,17.0237
2025,2,Monday,8,6,4,83.5243
2025,2,Monday,8,1,3,500.3952
2025,2,Monday,8,0,1,113.061
2025,2,Monday,8,3,2,221.6312
2025,2,Monday,8,7,0,2.8777
2025,2,Monday,8,5,8,6.1177
2025,2,Monday,8,6,5,15.1303
2025,2,Monday,8,3,8,288.9557
2025,2,Monday,8,0,8,16.3908
2025,2,Monday,8,8,6,7.9935
2025,2,Monday,8,8,0,7.094
2025,2,Monday,8,1,0,55.75
2025,2,Monday,8,5,7,5.648
2025,2,Monday,8,2,7,26.9715
2025,2,Monday,8,7,3,236.764
2025,2,Monday,8,8,4,34.6462
2025,2,Monday,8,6,2,176.1088
2025,2,Monday,8,5,1,24.023
2025,2,Monday,8,4,0,16.297
2025,2,Monday,8,3,4,419.6072
2025,2,Monday,20,3,2,35.3023
2025,2,Monday,20,3,8,27.7505
2025,2,Monday,20,1,6,21.0012
2025,2,Monday,20,4,5,15.6757
2025,2,Monday,20,5,2,7.111
2025,2,Monday,20,4,0,16.8818
2025,2,Monday,20,7,2,4.0172
2025,2,Monday,20,7,6,1.174
2025,2,Monday,20,3,0,19.9085
2025,2,Monday,20,5,7,0.302
2025,2,Monday,20,1,3,31.496
2025,2,Monday,20,2,7,6.4882
2025,2,Monday,20,0,1,12.5882
2025,2,Monday,20,5,3,47.054
2025,2,Monday,20,4,2,23.6303
2025,2,Monday,20,0,8,2.876
2025,2,Monday,20,5,8,2.634
2025,2,Monday,20,7,3,24.826
2025,2,Monday,20,4,6,50.8403
2025,2,Monday,20,2,5,7.3883
2025,2,Monday,20,2,8,10.7995
2025,2,Monday,20,7,0,2.3038
2025,2,Monday,20,5,0,4.6365
2025,2,Monday,20,0,2,2.8957
2025,2,Monday,20,6,8,3.5055
2025,2,Monday,20,1,2,10.3068
2025,2,Monday,20,8,1,4.961
2025,2,Monday,20,8,5,0.801
2025,2,Monday,20,2,6,22.12
2025,2,Monday,20,1,5,7.6908
2025,2,Monday,20,6,5,7.778
2025,2,Monday,20,5,1,14.64
2025,2,Monday,20,2,1,34.0545
2025,2,Monday,20,4,7,16.0302
2025,2,Monday,20,2,3,34.4502
2025,2,Monday,20,6,2,13.691
2025,2,Monday,20,5,6,4.2603
2025,2,Monday,20,1,4,24.4738
2025,2,Monday,20,3,1,84.8003
2025,2,Monday,20,0,3,10.7845
2025,2,Monday,20,6,0,6.6652
2025,2,Monday,20,6,1,19.9303
2025,2,Monday,20,1,0,27.365
2025,2,Monday,20,8,2,5.8467
2025,2,Monday,20,4,3,109.5985
2025,2,Monday,20,7,1,6.8533
2025,2,Monday,20,3,4,98.0135
2025,2,Monday,20,1,7,5.0785
2025,2,Monday,20,1,8,8.2053
2025,2,Monday,20,6,3,66.413
2025,2,Monday,20,0,6,5.3237
2025,2,Monday,20,4,1,48.4098
2025,2,Monday,20,4,8,12.3837
2025,2,Monday,20,3,7,42.307
2025,2,Monday,20,6,7,4.484
2025,2,Monday,20,7,4,11.1752
2025,2,Monday,20,7,5,2.3607
2025,2,Monday,20,8,4,5.489
2025,2,Monday,20,2,4,20.7158
2025,2,Monday,20,0,4,7.9785
2025,2,Monday,20,2,0,15.1918
2025,2,Monday,20,8,3,16.7762
2025,2,Monday,20,3,6,113.1697
2025,2,Monday,20,0,5,1.7875
2025,2,Monday,20,8,0,4.0228
2025,2,Monday,20,3,5,31.9817
2025,2,Monday,20,8,6,2.3695
2025,2,Monday,20,5,4,15.3025
2025,2,Monday,20,6,4,37.9307
2025,2,Monday,9,0,5,25.0667
2025,2,Monday,9,1,4,61.2967
2025,2,Monday,9,8,1,28.7212
2025,2,Monday,9,6,3,376.9672
2025,2,Monday,9,8,6,8.8885
2025,2,Monday,9,8,5,21.3145
2025,2,Monday,9,7,8,0.5455
2025,2,Monday,9,8,4,14.5343
2025,2,Monday,9,1,5,35.7895
2025,2,Monday,9,2,0,10.7763
2025,2,Monday,9,5,8,7.111
2025,2,Monday,9,2,6,52.0653
2025,2,Monday,9,8,3,77.4302
2025,2,Monday,9,7,3,98.4042
2025,2,Monday,9,3,6,405.6718
2025,2,Monday,9,3,2,168.7142
2025,2,Monday,9,0,6,19.3988
2025,2,Monday,9,4,0,7.3665
2025,2,Monday,9,7,2,31.693
2025,2,Monday,9,5,3,117.5198
2025,2,Monday,9,6,4,62.253
2025,2,Monday,9,0,8,7.369
2025,2,Monday,9,4,2,59.0962
2025,2,Monday,9,1,6,77.2013
2025,2,Monday,9,2,5,26.9975
2025,2,Monday,9,3,1,105.943
2025,2,Monday,9,5,1,17.1072
2025,2,Monday,9,5,7,3.489
2025,2,Monday,9,6,8,28.0833
2025,2,Monday,9,7,1,15.1245
2025,2,Monday,9,5,0,5.0005
2025,2,Monday,9,8,2,37.4688
2025,2,Monday,9,4,5,32.1337
2025,2,Monday,9,8,0,6.1293
2025,2,Monday,9,2,4,40.4558
2025,2,Monday,9,3,5,264.7255
2025,2,Monday,9,0,2,54.9998
2025,2,Monday,9,7,6,1.935
2025,2,Monday,9,6,5,13.8187
2025,2,Monday,9,4,7,39.839
2025,2,Monday,9,1,8,22.8227
2025,2,Monday,9,1,3,265.536
2025,2,Monday,9,4,1,45.6575
2025,2,Monday,9,0,7,6.6865
2025,2,Monday,9,3,8,126.8238
2025,2,Monday,9,3,7,110.869
2025,2,Monday,9,4,3,199.1805
2025,2,Monday,9,0,1,69.767
2025,2,Monday,9,7,0,1.236
2025,2,Monday,9,6,7,2.4595
2025,2,Monday,9,6,2,137.3017
2025,2,Monday,9,4,8,27.2987
2025,2,Monday,9,6,0,9.9595
2025,2,Monday,9,1,2,101.8183
2025,2,Monday,9,5,6,8.6038
2025,2,Monday,9,3,4,302.994
2025,2,Monday,9,7,4,38.246
2025,2,Monday,9,1,0,27.2153
2025,2,Monday,9,5,2,35.429
2025,2,Monday,9,2,3,79.475
2025,2,Monday,9,2,8,15.2348
2025,2,Monday,9,5,4,41.8102
2025,2,Monday,9,2,1,31.6538
2025,2,Monday,9,4,6,74.1202
2025,2,Monday,9,6,1,63.1545
2025,2,Monday,9,8,7,0.5993
2025,2,Monday,9,1,7,27.3477
2025,2,Monday,9,7,5,8.081
2025,2,Monday,9,0,4,34.5548
2025,2,Monday,9,2,7,19.7315
2025,2,Monday,9,3,0,18.737
2025,2,Monday,9,0,3,61.0435
2025,2,Monday,21,7,5,0.5
2025,2,Monday,21,8,3,7.8775
2025,2,Monday,21,3,7,16.3273
2025,2,Monday,21,5,4,9.7968
2025,2,Monday,21,1,0,16.22
2025,2,Monday,21,5,6,3.7183
2025,2,Monday,21,4,8,6.2625
2025,2,Monday,21,5,0,4.976
2025,2,Monday,21,3,5,17.175
2025,2,Monday,21,6,4,17.6053
2025,2,Monday,21,1,3,23.8758
2025,2,Monday,21,1,8,6.323
2025,2,Monday,21,1,7,3.4355
2025,2,Monday,21,1,2,6.0108
2025,2,Monday,21,0,3,5.3035
2025,2,Monday,21,8,4,5.6083
2025,2,Monday,21,4,7,15.5465
2025,2,Monday,21,7,6,1.3987
2025,2,Monday,21,8,5,0.2677
2025,2,Monday,21,7,4,5.8485
2025,2,Monday,21,3,4,42.178
2025,2,Monday,21,5,1,8.014
2025,2,Monday,21,0,2,1.0247
2025,2,Monday,21,6,1,13.5645
2025,2,Monday,21,3,8,10.8672
2025,2,Monday,21,8,6,1.7457
2025,2,Monday,21,5,2,4.6133
2025,2,Monday,21,2,3,21.6635
2025,2,Monday,21,7,3,11.7242
2025,2,Monday,21,3,1,46.7473
2025,2,Monday,21,0,1,11.389
2025,2,Monday,21,4,5,11.5922
2025,2,Monday,21,2,5,6.1713
2025,2,Monday,21,3,6,55.748
2025,2,Monday,21,1,5,2.5888
2025,2,Monday,21,7,2,2.494
2025,2,Monday,21,7,0,1.655
2025,2,Monday,21,8,2,2.244
2025,2,Monday,21,2,4,8.6497
2025,2,Monday,21,5,8,0.8905
2025,2,Monday,21,1,4,13.0375
2025,2,Monday,21,7,8,0.5
2025,2,Monday,21,1,6,14.3645
2025,2,Monday,21,2,0,12.3807
2025,2,Monday,21,4,0,15.606
2025,2,Monday,21,2,8,6.093
2025,2,Monday,21,6,5,3.7043
2025,2,Monday,21,0,4,7.6375
2025,2,Monday,21,6,0,5.7058
2025,2,Monday,21,4,1,35.0175
2025,2,Monday,21,2,7,5.8327
2025,2,Monday,21,3,0,17.7368
2025,2,Monday,21,8,1,2.2583
2025,2,Monday,21,5,3,23.7078
2025,2,Monday,21,6,2,7.5913
2025,2,Monday,21,4,3,71.1357
2025,2,Monday,21,2,6,12.3923
2025,2,Monday,21,8,0,0.8548
2025,2,Monday,21,2,1,16.0553
2025,2,Monday,21,0,6,3.821
2025,2,Monday,21,4,6,34.1118
2025,2,Monday,21,0,8,1.0565
2025,2,Monday,21,6,3,31.9938
2025,2,Monday,21,6,8,1.9493
2025,2,Monday,21,5,7,0.8373
2025,2,Monday,21,7,1,3.644
2025,2,Monday,21,4,2,18.5095
2025,2,Monday,21,0,5,1.3727
2025,2,Monday,21,3,2,23.1715
2025,2,Monday,10,6,0,6.3172
2025,2,Monday,10,2,8,6.858
2025,2,Monday,10,8,4,13.1365
2025,2,Monday,10,8,0,1.8738
2025,2,Monday,10,4,7,20.7912
2025,2,Monday,10,4,8,15.3535
2025,2,Monday,10,5,3,85.7242
2025,2,Monday,10,0,7,3.404
2025,2,Monday,10,2,7,9.2873
2025,2,Monday,10,2,6,30.4285
2025,2,Monday,10,7,5,4.3408
2025,2,Monday,10,7,3,45.977
2025,2,Monday,10,3,2,96.4437
2025,2,Monday,10,7,4,30.9685
2025,2,Monday,10,8,2,19.9558
2025,2,Monday,10,7,2,19.1568
2025,2,Monday,10,0,3,44.0562
2025,2,Monday,10,2,1,35.9633
2025,2,Monday,10,7,0,0.898
2025,2,Monday,10,6,2,43.7313
2025,2,Monday,10,3,7,45.2217
2025,2,Monday,10,7,1,14.9783
2025,2,Monday,10,2,0,8.8317
2025,2,Monday,10,1,2,54.5115
2025,2,Monday,10,4,6,39.0395
2025,2,Monday,10,6,4,59.3895
2025,2,Monday,10,7,6,2.9735
2025,2,Monday,10,1,3,127.571
2025,2,Monday,10,6,8,13.221
2025,2,Monday,10,3,0,17.8485
2025,2,Monday,10,2,5,15.5615
2025,2,Monday,10,1,0,20.334
2025,2,Monday,10,8,1,17.822
2025,2,Monday,10,8,6,9.5508
2025,2,Monday,10,0,2,25.8985
2025,2,Monday,10,5,0,8.7385
2025,2,Monday,10,3,5,116.4648
2025,2,Monday,10,4,0,12.2387
2025,2,Monday,10,6,5,13.3533
2025,2,Monday,10,4,1,51.8725
2025,2,Monday,10,4,2,30.2417
2025,2,Monday,10,3,6,149.56
2025,2,Monday,10,4,5,27.7015
2025,2,Monday,10,1,5,19.8427
2025,2,Monday,10,1,8,8.1495
2025,2,Monday,10,0,1,54.7197
2025,2,Monday,10,1,4,53.431
2025,2,Monday,10,6,3,147.3692
2025,2,Monday,10,0,5,15.0317
2025,2,Monday,10,2,4,34.5025
2025,2,Monday,10,8,3,37.0285
2025,2,Monday,10,0,8,9.8317
2025,2,Monday,10,1,6,33.4487
2025,2,Monday,10,4,3,96.0497
2025,2,Monday,10,5,4,33.6358
2025,2,Monday,10,2,3,64.261
2025,2,Monday,10,7,8,0.7918
2025,2,Monday,10,0,4,30.4422
2025,2,Monday,10,5,7,4.0125
2025,2,Monday,10,5,6,11.5788
2025,2,Monday,10,0,6,12.3425
2025,2,Monday,10,3,1,100.2537
2025,2,Monday,10,1,7,12.9525
2025,2,Monday,10,3,8,57.9727
2025,2,Monday,10,8,5,15.02
2025,2,Monday,10,5,8,13.0745
2025,2,Monday,10,6,7,3.5815
2025,2,Monday,10,5,1,14.8352
2025,2,Monday,10,5,2,17.8335
2025,2,Monday,10,6,1,45.4545
2025,2,Monday,10,3,4,170.426
2025,2,Monday,22,7,6,0.5405
2025,2,Monday,22,0,4,2.482
2025,2,Monday,22,4,3,57.578
2025,2,Monday,22,8,6,0.5498
2025,2,Monday,22,7,2,1.9118
2025,2,Monday,22,6,3,20.51
2025,2,Monday,22,8,3,6.8318
2025,2,Monday,22,0,2,0.677
2025,2,Monday,22,6,1,7.7573
2025,2,Monday,22,8,5,0.815
2025,2,Monday,22,3,6,41.9453
2025,2,Monday,22,7,4,5.1938
2025,2,Monday,22,8,1,1.9332
2025,2,Monday,22,5,1,3.5962
2025,2,Monday,22,4,2,8.9885
2025,2,Monday,22,2,3,16.273
2025,2,Monday,22,2,0,9.208
2025,2,Monday,22,1,7,3.317
2025,2,Monday,22,6,0,6.304
2025,2,Monday,22,6,8,2.9995
2025,2,Monday,22,2,7,1.439
2025,2,Monday,22,2,4,7.507
2025,2,Monday,22,1,3,13.5765
2025,2,Monday,22,4,7,6.1492000000000004
2025,2,Monday,22,0,7,0.364
2025,2,Monday,22,8,2,1.6705
2025,2,Monday,22,1,5,3.8887
2025,2,Monday,22,7,3,13.6523
2025,2,Monday,22,1,6,6.91
2025,2,Monday,22,4,1,19.9845
2025,2,Monday,22,1,2,2.7765
2025,2,Monday,22,0,1,4.8162
2025,2,Monday,22,3,1,19.608
2025,2,Monday,22,5,7,0.25
2025,2,Monday,22,5,6,0.8905
2025,2,Monday,22,5,4,7.1517
2025,2,Monday,22,5,2,3.0365
2025,2,Monday,22,3,0,15.5395
2025,2,Monday,22,3,7,8.0875
2025,2,Monday,22,6,5,0.5685
2025,2,Monday,22,5,3,11.3203
2025,2,Monday,22,1,4,6.6662
2025,2,Monday,22,0,8,0.7025
2025,2,Monday,22,7,1,5.7345
2025,2,Monday,22,1,8,1.6612
2025,2,Monday,22,6,7,3.1315
2025,2,Monday,22,1,0,11.323
2025,2,Monday,22,6,2,4.7015
2025,2,Monday,22,2,8,3.3517
2025,2,Monday,22,4,0,13.5032
2025,2,Monday,22,8,0,1.6365
2025,2,Monday,22,3,2,10.7607
2025,2,Monday,22,3,8,15.7388
2025,2,Monday,22,4,5,5.394
2025,2,Monday,22,6,4,4.4208
2025,2,Monday,22,2,6,11.2408
2025,2,Monday,22,4,8,3.3575
2025,2,Monday,22,4,6,23.4622
2025,2,Monday,22,0,5,0.3385
2025,2,Monday,22,3,4,28.033
2025,2,Monday,22,5,0,3.363
2025,2,Monday,22,5,8,0.545
2025,2,Monday,22,2,5,2.197
2025,2,Monday,22,0,6,4.3507
2025,2,Monday,22,7,0,1.917
2025,2,Monday,22,8,4,0.5625
2025,2,Monday,22,0,3,5.8422
2025,2,Monday,22,3,5,8.4977
2025,2,Monday,22,2,1,7.2195
2025,2,Monday,11,7,5,3.8955
2025,2,Monday,11,0,6,15.0647
2025,2,Monday,11,2,5,14.592
2025,2,Monday,11,8,2,12.245
2025,2,Monday,11,1,3,90.5017
2025,2,Monday,11,8,0,2.7518
2025,2,Monday,11,7,2,9.9095
2025,2,Monday,11,6,1,41.5085
2025,2,Monday,11,7,6,3.5722
2025,2,Monday,11,2,7,12.4785
2025,2,Monday,11,5,6,17.301
2025,2,Monday,11,1,0,15.198
2025,2,Monday,11,5,4,39.0925
2025,2,Monday,11,6,4,67.1632
2025,2,Monday,11,2,3,58.4047
2025,2,Monday,11,0,7,3.7695
2025,2,Monday,11,3,0,12.184
2025,2,Monday,11,3,1,89.6677
2025,2,Monday,11,8,1,12.733
2025,2,Monday,11,1,2,54.2335
2025,2,Monday,11,0,1,42.6275
2025,2,Monday,11,1,4,58.0847
2025,2,Monday,11,6,5,13.966
2025,2,Monday,11,0,8,2.7203
2025,2,Monday,11,2,4,37.5693
2025,2,Monday,11,8,4,16.544
2025,2,Monday,11,0,5,13.0275
2025,2,Monday,11,4,2,30.014
2025,2,Monday,11,8,3,52.592
2025,2,Monday,11,4,3,107.7275
2025,2,Monday,11,7,0,0.3092
2025,2,Monday,11,4,0,10.9508
2025,2,Monday,11,7,3,39.6535
2025,2,Monday,11,0,4,20.596
2025,2,Monday,11,0,2,21.3175
2025,2,Monday,11,1,5,13.3455
2025,2,Monday,11,5,8,6.6668
2025,2,Monday,11,4,1,45.8305
2025,2,Monday,11,1,8,11.2477
2025,2,Monday,11,6,2,33.4252
2025,2,Monday,11,8,6,18.3347
2025,2,Monday,11,7,1,10.702
2025,2,Monday,11,7,4,30.3752
2025,2,Monday,11,4,6,42.5523
2025,2,Monday,11,2,8,10.6248
2025,2,Monday,11,2,1,49.2933
2025,2,Monday,11,5,2,20.6618
2025,2,Monday,11,3,5,64.665
2025,2,Monday,11,3,6,135.5093
2025,2,Monday,11,8,7,0.3055
2025,2,Monday,11,5,7,6.1655
2025,2,Monday,11,2,6,26.3815
2025,2,Monday,11,0,3,32.588
2025,2,Monday,11,8,5,6.9925
2025,2,Monday,11,5,3,74.4243
2025,2,Monday,11,5,0,7.8315
2025,2,Monday,11,6,3,122.9225
2025,2,Monday,11,3,7,45.664
2025,2,Monday,11,4,8,16.6535
2025,2,Monday,11,1,6,31.6935
2025,2,Monday,11,6,7,7.1815
2025,2,Monday,11,5,1,20.185
2025,2,Monday,11,4,7,19.7932
2025,2,Monday,11,3,2,86.0085
2025,2,Monday,11,4,5,25.2483
2025,2,Monday,11,3,4,157.1653
2025,2,Monday,11,6,8,10.4305
2025,2,Monday,11,3,8,43.0245
2025,2,Monday,11,2,0,9.5843
2025,2,Monday,11,1,7,7.7188
2025,2,Monday,11,6,0,7.493
2025,2,Monday,23,4,3,33.9217
2025,2,Monday,23,2,1,2.8505
2025,2,Monday,23,0,7,0.9498
2025,2,Monday,23,3,5,3.86
2025,2,Monday,23,4,6,12.4042
2025,2,Monday,23,2,3,10.9643
2025,2,Monday,23,5,6,0.8268
2025,2,Monday,23,2,6,4.2175
2025,2,Monday,23,1,3,8.471
2025,2,Monday,23,8,0,1.525
2025,2,Monday,23,1,2,2.6077
2025,2,Monday,23,0,5,0.3428
2025,2,Monday,23,0,4,2.533
2025,2,Monday,23,1,4,2.0395
2025,2,Monday,23,4,1,10.2665
2025,2,Monday,23,7,3,9.9132
2025,2,Monday,23,7,2,0.5442
2025,2,Monday,23,0,6,0.9808
2025,2,Monday,23,8,6,0.628
2025,2,Monday,23,5,8,0.275
2025,2,Monday,23,0,3,3.561
2025,2,Monday,23,0,1,1.295
2025,2,Monday,23,0,2,3.564
2025,2,Monday,23,5,1,3.3547
2025,2,Monday,23,3,8,7.6715
2025,2,Monday,23,0,8,0.9863
2025,2,Monday,23,4,5,2.842
2025,2,Monday,23,6,4,3.0752
2025,2,Monday,23,7,4,3.4042
2025,2,Monday,23,3,4,13.587
2025,2,Monday,23,6,2,2.1185
2025,2,Monday,23,3,2,4.1918
2025,2,Monday,23,8,4,0.9213
2025,2,Monday,23,2,4,2.6062
2025,2,Monday,23,6,3,10.8155
2025,2,Monday,23,2,8,4.3053
2025,2,Monday,23,5,3,7.2882
2025,2,Monday,23,7,1,3.4218
2025,2,Monday,23,3,7,4.1053
2025,2,Monday,23,5,2,0.5637
2025,2,Monday,23,1,6,3.2148
2025,2,Monday,23,6,7,0.2755
2025,2,Monday,23,1,0,4.0247
2025,2,Monday,23,8,5,0.6817
2025,2,Monday,23,1,7,0.8647
2025,2,Monday,23,2,0,9.6725
2025,2,Monday,23,6,0,2.928
2025,2,Monday,23,5,0,1.6998
2025,2,Monday,23,2,7,0.883
2025,2,Monday,23,4,2,5.6517
2025,2,Monday,23,1,8,3.2125
2025,2,Monday,23,4,8,3.4402
2025,2,Monday,23,3,0,10.7293
2025,2,Monday,23,7,6,0.563
2025,2,Monday,23,3,6,16.1175
2025,2,Monday,23,6,5,1.479
2025,2,Monday,23,7,0,2.5605
2025,2,Monday,23,5,7,0.25
2025,2,Monday,23,6,8,0.5508
2025,2,Monday,23,6,1,2.3582
2025,2,Monday,23,5,4,0.6612
2025,2,Monday,23,4,7,5.0385
2025,2,Monday,23,3,1,10.081
2025,2,Monday,23,4,0,6.2335
2025,2,Monday,23,1,5,1.149
2025,2,Monday,23,8,3,3.5675
2025,2,Monday,0,4,1,2.0515
2025,2,Monday,0,5,0,2.0502
2025,2,Monday,0,8,3,1.4
2025,2,Monday,0,6,7,0.645
2025,2,Monday,0,0,2,0.671
2025,2,Monday,0,4,7,0.3097
2025,2,Monday,0,4,3,11.221
2025,2,Monday,0,1,4,1.453
2025,2,Monday,0,6,4,1.0372
2025,2,Monday,0,0,8,0.6973
2025,2,Monday,0,4,2,1.739
2025,2,Monday,0,1,8,0.858
2025,2,Monday,0,0,5,0.671
2025,2,Monday,0,1,6,0.5755
2025,2,Monday,0,0,7,0.3405
2025,2,Monday,0,2,1,1.2837
2025,2,Monday,0,3,6,4.551
2025,2,Monday,0,3,0,4.3102
2025,2,Monday,0,7,6,0.297
2025,2,Monday,0,3,2,3.3615
2025,2,Monday,0,2,7,0.2895
2025,2,Monday,0,5,4,0.9543
2025,2,Monday,0,2,6,1.4995
2025,2,Monday,0,7,4,0.297
2025,2,Monday,0,6,8,0.8302
2025,2,Monday,0,4,6,3.6553
2025,2,Monday,0,3,5,1.119
2025,2,Monday,0,3,8,1.53
2025,2,Monday,0,2,0,1.4645
2025,2,Monday,0,2,5,0.9107
2025,2,Monday,0,3,4,3.9457
2025,2,Monday,0,4,0,6.8713
2025,2,Monday,0,8,1,0.3
2025,2,Monday,0,0,6,1.0323
2025,2,Monday,0,1,3,1.9693
2025,2,Monday,0,5,3,2.154
2025,2,Monday,0,3,1,3.6542
2025,2,Monday,0,2,4,2.0378
2025,2,Monday,0,6,3,6.611
2025,2,Monday,0,6,2,1.8708
2025,2,Monday,0,1,0,1.3813
2025,2,Monday,0,8,6,1.2763
2025,2,Monday,0,4,5,1.834
2025,2,Monday,0,0,1,1.011
2025,2,Monday,0,7,2,0.611
2025,2,Monday,0,6,0,0.594
2025,2,Monday,0,4,8,0.9448
2025,2,Monday,0,3,7,0.8955
2025,2,Monday,0,5,2,0.2833
2025,2,Monday,0,7,3,1.1945
2025,2,Monday,0,0,3,2.774
2025,2,Monday,0,2,3,1.7475
2025,2,Monday,0,2,8,1.2043
2025,2,Monday,0,5,1,0.6625
2025,2,Monday,0,0,4,0.6973
2025,2,Monday,0,7,0,0.2865
2025,2,Monday,12,8,6,21.7873
2025,2,Monday,12,5,1,19.51
2025,2,Monday,12,8,5,16.3658
2025,2,Monday,12,5,7,7.2592
2025,2,Monday,12,2,7,6.178
2025,2,Monday,12,0,5,8.3955
2025,2,Monday,12,1,0,24.7915
2025,2,Monday,12,0,2,18.6757
2025,2,Monday,12,0,8,2.664
2025,2,Monday,12,3,2,88.1892
2025,2,Monday,12,7,2,14.3515
2025,2,Monday,12,2,6,33.5797
2025,2,Monday,12,8,4,19.237
2025,2,Monday,12,8,2,20.7248
2025,2,Monday,12,7,1,11.51
2025,2,Monday,12,1,8,11.5408
2025,2,Monday,12,6,7,4.6675
2025,2,Monday,12,0,4,19.707
2025,2,Monday,12,7,5,5.2538
2025,2,Monday,12,2,8,10.355
2025,2,Monday,12,5,8,11.8117
2025,2,Monday,12,0,3,29.741
2025,2,Monday,12,8,0,2.4085
2025,2,Monday,12,1,2,52.073
2025,2,Monday,12,4,0,13.1877
2025,2,Monday,12,8,1,11.307
2025,2,Monday,12,1,7,10.6945
2025,2,Monday,12,6,5,20.9838
2025,2,Monday,12,4,6,54.1072
2025,2,Monday,12,3,4,194.841
2025,2,Monday,12,7,0,2.5927
2025,2,Monday,12,2,5,17.638
2025,2,Monday,12,3,7,32.6295
2025,2,Monday,12,4,5,40.1847
2025,2,Monday,12,6,1,30.0555
2025,2,Monday,12,8,7,1.2085
2025,2,Monday,12,1,3,95.9327
2025,2,Monday,12,4,8,17.238
2025,2,Monday,12,7,6,3.5495
2025,2,Monday,12,2,3,75.5555
2025,2,Monday,12,6,2,27.9878
2025,2,Monday,12,2,4,46.2317
2025,2,Monday,12,4,1,55.782
2025,2,Monday,12,0,1,47.3773
2025,2,Monday,12,3,8,40.4707
2025,2,Monday,12,7,3,43.6323
2025,2,Monday,12,7,8,1.3705
2025,2,Monday,12,6,3,122.0298
2025,2,Monday,12,4,2,48.7363
2025,2,Monday,12,1,4,61.9857
2025,2,Monday,12,5,3,81.0933
2025,2,Monday,12,6,4,62.8448
2025,2,Monday,12,7,4,34.5822
2025,2,Monday,12,5,6,26.1673
2025,2,Monday,12,6,8,20.8908
2025,2,Monday,12,3,0,18.0913
2025,2,Monday,12,5,4,49.5537
2025,2,Monday,12,0,6,13.09
2025,2,Monday,12,2,0,14.046
2025,2,Monday,12,5,0,8.8165
2025,2,Monday,12,2,1,48.4075
2025,2,Monday,12,3,1,100.909
2025,2,Monday,12,6,0,9.8718
2025,2,Monday,12,3,5,76.5235
2025,2,Monday,12,0,7,2.3543
2025,2,Monday,12,4,3,103.6742
2025,2,Monday,12,4,7,17.2275
2025,2,Monday,12,1,6,30.3655
2025,2,Monday,12,8,3,44.3878
2025,2,Monday,12,5,2,14.9692
2025,2,Monday,12,3,6,149.422
2025,2,Monday,12,1,5,13.9343
2025,2,Tuesday,1,7,3,0.818
2025,2,Tuesday,1,7,0,0.2648
2025,2,Tuesday,1,4,2,0.5705
2025,2,Tuesday,1,5,4,1.1665
2025,2,Tuesday,1,6,3,1.3103
2025,2,Tuesday,1,7,4,0.2648
2025,2,Tuesday,1,2,0,1.9865
2025,2,Tuesday,1,5,1,0.3927
2025,2,Tuesday,1,1,8,1.2293
2025,2,Tuesday,1,2,4,1.7948
2025,2,Tuesday,1,3,5,0.375
2025,2,Tuesday,1,4,6,0.8578
2025,2,Tuesday,1,4,8,0.816
2025,2,Tuesday,1,4,1,1.8297
2025,2,Tuesday,1,8,4,0.3543
2025,2,Tuesday,1,1,6,1.1793
2025,2,Tuesday,1,6,2,0.5
2025,2,Tuesday,1,3,7,0.3052
2025,2,Tuesday,1,2,8,0.275
2025,2,Tuesday,1,5,3,0.5418
2025,2,Tuesday,1,1,0,0.5857
2025,2,Tuesday,1,3,2,0.25
2025,2,Tuesday,1,0,6,0.3713
2025,2,Tuesday,1,0,1,0.3713
2025,2,Tuesday,1,6,1,0.33
2025,2,Tuesday,1,4,0,1.7835
2025,2,Tuesday,1,7,5,0.2885
2025,2,Tuesday,1,8,3,0.25
2025,2,Tuesday,1,6,4,0.584
2025,2,Tuesday,1,3,4,1.149
2025,2,Tuesday,1,3,0,1.8825
2025,2,Tuesday,1,3,1,0.96
2025,2,Tuesday,1,5,2,0.9165
2025,2,Tuesday,1,8,2,0.2727
2025,2,Tuesday,1,1,4,0.5
2025,2,Tuesday,1,5,6,0.375
2025,2,Tuesday,1,8,0,0.2632
2025,2,Tuesday,1,2,6,0.6668
2025,2,Tuesday,1,4,3,2.2
2025,2,Tuesday,1,3,6,2.307
2025,2,Tuesday,1,0,3,0.9713
2025,2,Tuesday,1,0,8,0.3713
2025,2,Tuesday,1,2,3,0.7918
2025,2,Tuesday,13,8,5,28.3758
2025,2,Tuesday,13,5,4,45.8688
2025,2,Tuesday,13,0,7,3.5718
2025,2,Tuesday,13,8,2,13.1223
2025,2,Tuesday,13,0,6,14.749
2025,2,Tuesday,13,8,4,25.75
2025,2,Tuesday,13,0,1,48.3765
2025,2,Tuesday,13,8,3,63.9272
2025,2,Tuesday,13,1,4,60.396
2025,2,Tuesday,13,7,5,14.8415
2025,2,Tuesday,13,3,6,151.147
2025,2,Tuesday,13,3,4,171.3555
2025,2,Tuesday,13,2,7,9.7785
2025,2,Tuesday,13,8,1,19.4427
2025,2,Tuesday,13,1,5,18.413
2025,2,Tuesday,13,0,4,34.3853
2025,2,Tuesday,13,2,5,15.3418
2025,2,Tuesday,13,7,0,5.536
2025,2,Tuesday,13,4,7,22.4805
2025,2,Tuesday,13,6,2,35.958
2025,2,Tuesday,13,5,6,26.5975
2025,2,Tuesday,13,2,6,35.1785
2025,2,Tuesday,13,4,6,61.3005
2025,2,Tuesday,13,1,3,103.4443
2025,2,Tuesday,13,1,8,15.2545
2025,2,Tuesday,13,6,0,10.2535
2025,2,Tuesday,13,7,1,15.4555
2025,2,Tuesday,13,4,8,20.7525
2025,2,Tuesday,13,3,8,57.6433
2025,2,Tuesday,13,1,6,35.3117
2025,2,Tuesday,13,5,3,93.5218
2025,2,Tuesday,13,1,0,31.017
2025,2,Tuesday,13,7,3,59.343
2025,2,Tuesday,13,0,2,17.231
2025,2,Tuesday,13,5,7,8.449
2025,2,Tuesday,13,7,6,5.2582
2025,2,Tuesday,13,3,5,88.8532
2025,2,Tuesday,13,5,8,13.5905
2025,2,Tuesday,13,2,8,13.6418
2025,2,Tuesday,13,4,2,41.32
2025,2,Tuesday,13,3,1,116.7808
2025,2,Tuesday,13,5,2,19.297
2025,2,Tuesday,13,5,1,25.2303
2025,2,Tuesday,13,2,0,19.533
2025,2,Tuesday,13,7,8,0.6
2025,2,Tuesday,13,0,8,3.5858
2025,2,Tuesday,13,2,1,49.74
2025,2,Tuesday,13,4,5,39.6917
2025,2,Tuesday,13,4,0,15.3693
2025,2,Tuesday,13,0,3,26.7958
2025,2,Tuesday,13,6,7,8.5392
2025,2,Tuesday,13,6,1,33.6585
2025,2,Tuesday,13,5,0,9.3118
2025,2,Tuesday,13,3,2,103.4063
2025,2,Tuesday,13,3,0,27.4992
2025,2,Tuesday,13,1,7,11.425
2025,2,Tuesday,13,8,7,0.295
2025,2,Tuesday,13,7,2,15.278
2025,2,Tuesday,13,6,3,183.644
2025,2,Tuesday,13,6,8,23.8653
2025,2,Tuesday,13,6,5,28.4415
2025,2,Tuesday,13,2,3,103.9618
2025,2,Tuesday,13,8,0,7.0615
2025,2,Tuesday,13,3,7,40.0615
2025,2,Tuesday,13,2,4,49.8785
2025,2,Tuesday,13,1,2,57.0887
2025,2,Tuesday,13,7,4,27.6422
2025,2,Tuesday,13,4,3,158.8935
2025,2,Tuesday,13,6,4,68.7902
2025,2,Tuesday,13,8,6,30.5235
2025,2,Tuesday,13,4,1,59.0542
2025,2,Tuesday,13,0,5,11.84
2025,2,Tuesday,2,1,6,0.5625
2025,2,Tuesday,2,3,7,0.303
2025,2,Tuesday,2,2,3,0.8125
2025,2,Tuesday,2,3,2,0.6965
2025,2,Tuesday,2,3,1,0.5
2025,2,Tuesday,2,3,5,0.7405
2025,2,Tuesday,2,7,1,0.25
2025,2,Tuesday,2,3,0,0.688
2025,2,Tuesday,2,6,5,0.2885
2025,2,Tuesday,2,2,4,1
2025,2,Tuesday,2,5,4,0.4375
2025,2,Tuesday,2,6,3,0.611
2025,2,Tuesday,2,2,5,0.25
2025,2,Tuesday,2,2,0,0.65
2025,2,Tuesday,2,2,8,0.5
2025,2,Tuesday,2,5,3,0.3125
2025,2,Tuesday,2,3,4,0.613
2025,2,Tuesday,2,4,3,0.2813
2025,2,Tuesday,2,0,3,1.0622
2025,2,Tuesday,2,3,6,1.9483
2025,2,Tuesday,2,4,8,0.2693
2025,2,Tuesday,2,5,1,0.3332
2025,2,Tuesday,2,0,4,0.389
2025,2,Tuesday,2,3,8,0.325
2025,2,Tuesday,2,1,3,0.875
2025,2,Tuesday,2,6,8,0.3832
2025,2,Tuesday,2,4,5,0.2985
2025,2,Tuesday,2,4,6,0.3015
2025,2,Tuesday,14,5,1,39.8833
2025,2,Tuesday,14,7,1,15.2275
2025,2,Tuesday,14,5,0,22.555
2025,2,Tuesday,14,7,0,5.3825
2025,2,Tuesday,14,8,3,96.9597
2025,2,Tuesday,14,8,5,16.5675
2025,2,Tuesday,14,2,8,17.5675
2025,2,Tuesday,14,2,7,18.7845
2025,2,Tuesday,14,6,4,73.2775
2025,2,Tuesday,14,1,6,41.8852
2025,2,Tuesday,14,6,5,23.1057
2025,2,Tuesday,14,2,6,40.7327
2025,2,Tuesday,14,2,0,27.2415
2025,2,Tuesday,14,4,3,221.5577
2025,2,Tuesday,14,4,1,81.2742
2025,2,Tuesday,14,1,3,118.2447
2025,2,Tuesday,14,1,5,22.0735
2025,2,Tuesday,14,3,8,59.2347
2025,2,Tuesday,14,6,3,232.4403
2025,2,Tuesday,14,7,2,14.698
2025,2,Tuesday,14,3,1,122.573
2025,2,Tuesday,14,1,2,50.656
2025,2,Tuesday,14,8,7,0.5995
2025,2,Tuesday,14,3,7,47.6147
2025,2,Tuesday,14,4,6,76.9412
2025,2,Tuesday,14,0,7,7.915
2025,2,Tuesday,14,7,8,0.9875
2025,2,Tuesday,14,1,7,10.0215
2025,2,Tuesday,14,1,8,18.2745
2025,2,Tuesday,14,8,1,27.169
2025,2,Tuesday,14,5,3,124.0705
2025,2,Tuesday,14,7,5,9.58
2025,2,Tuesday,14,2,4,51.502
2025,2,Tuesday,14,7,3,86.1092
2025,2,Tuesday,14,8,2,21.9617
2025,2,Tuesday,14,5,6,18.3447
2025,2,Tuesday,14,0,5,8.981
2025,2,Tuesday,14,6,8,18.6982
2025,2,Tuesday,14,6,1,48.309
2025,2,Tuesday,14,5,4,51.1658
2025,2,Tuesday,14,3,0,38.1613
2025,2,Tuesday,14,4,8,25.527
2025,2,Tuesday,14,4,5,33.9355
2025,2,Tuesday,14,8,4,30.9857
2025,2,Tuesday,14,8,0,11.9255
2025,2,Tuesday,14,3,2,82.01
2025,2,Tuesday,14,1,4,55.6152
2025,2,Tuesday,14,6,0,15.4548
2025,2,Tuesday,14,3,6,148.7698
2025,2,Tuesday,14,5,7,8.1013
2025,2,Tuesday,14,3,4,176.9145
2025,2,Tuesday,14,0,8,7.5878
2025,2,Tuesday,14,0,2,21.4297
2025,2,Tuesday,14,4,7,27.4313
2025,2,Tuesday,14,0,1,47.0208
2025,2,Tuesday,14,6,2,39.6275
2025,2,Tuesday,14,4,0,27.884
2025,2,Tuesday,14,7,4,31.6558
2025,2,Tuesday,14,8,6,20.626
2025,2,Tuesday,14,5,8,16.1433
2025,2,Tuesday,14,5,2,21.3357
2025,2,Tuesday,14,3,5,78.0985
2025,2,Tuesday,14,2,1,63.6665
2025,2,Tuesday,14,0,4,28.0043
2025,2,Tuesday,14,0,6,20.0278
2025,2,Tuesday,14,6,7,7.848
2025,2,Tuesday,14,7,6,6.2648
2025,2,Tuesday,14,1,0,47.5028
2025,2,Tuesday,14,2,5,17.7327
2025,2,Tuesday,14,4,2,45.7575
2025,2,Tuesday,14,2,3,112.2063
2025,2,Tuesday,14,0,3,51.5218
2025,2,Tuesday,3,4,1,0.5935
2025,2,Tuesday,3,3,6,0.25
2025,2,Tuesday,3,6,5,0.409
2025,2,Tuesday,3,8,6,0.75
2025,2,Tuesday,3,2,3,1.225
2025,2,Tuesday,3,2,0,0.25
2025,2,Tuesday,3,5,3,2.0445
2025,2,Tuesday,3,5,6,0.8555
2025,2,Tuesday,3,2,4,1.1267
2025,2,Tuesday,3,0,3,0.707
2025,2,Tuesday,3,2,1,1.2458
2025,2,Tuesday,3,7,3,0.25
2025,2,Tuesday,3,5,0,0.4168
2025,2,Tuesday,3,3,0,0.627
2025,2,Tuesday,3,4,0,0.625
2025,2,Tuesday,3,3,5,0.5
2025,2,Tuesday,3,4,8,0.25
2025,2,Tuesday,3,6,8,1.0875
2025,2,Tuesday,3,6,3,1.6822
2025,2,Tuesday,3,4,3,0.875
2025,2,Tuesday,3,5,4,0.3
2025,2,Tuesday,3,0,6,0.41
2025,2,Tuesday,3,7,1,0.25
2025,2,Tuesday,3,4,5,0.25
2025,2,Tuesday,3,4,2,0.3125
2025,2,Tuesday,3,7,4,0.75
2025,2,Tuesday,3,0,4,0.657
2025,2,Tuesday,3,3,4,1.753
2025,2,Tuesday,3,0,5,0.674
2025,2,Tuesday,15,2,6,74.146
2025,2,Tuesday,15,4,1,83.4748
2025,2,Tuesday,15,0,2,24.6788
2025,2,Tuesday,15,2,8,28.1843
2025,2,Tuesday,15,7,5,4.9698
2025,2,Tuesday,15,7,8,1.7508
2025,2,Tuesday,15,4,8,35.479
2025,2,Tuesday,15,4,6,90.1718
2025,2,Tuesday,15,7,4,39.7122
2025,2,Tuesday,15,8,6,33.1567
2025,2,Tuesday,15,0,1,67.5613
2025,2,Tuesday,15,5,6,28.7808
2025,2,Tuesday,15,6,5,30.5875
2025,2,Tuesday,15,7,0,8.7982
2025,2,Tuesday,15,4,5,47.6712
2025,2,Tuesday,15,0,7,3.1265
2025,2,Tuesday,15,1,5,39.1345
2025,2,Tuesday,15,1,6,73.3842
2025,2,Tuesday,15,4,0,49.1545
2025,2,Tuesday,15,3,7,67.443
2025,2,Tuesday,15,2,7,15.8683
2025,2,Tuesday,15,1,2,68.435
2025,2,Tuesday,15,2,5,19.544
2025,2,Tuesday,15,0,3,49.3298
2025,2,Tuesday,15,3,6,194.0718
2025,2,Tuesday,15,2,1,80.5288
2025,2,Tuesday,15,4,3,327.0193
2025,2,Tuesday,15,2,3,189.5305
2025,2,Tuesday,15,7,6,8.0158
2025,2,Tuesday,15,4,7,30.9608
2025,2,Tuesday,15,3,4,195.8555
2025,2,Tuesday,15,5,7,13.9112
2025,2,Tuesday,15,3,5,81.0013
2025,2,Tuesday,15,7,1,23.4777
2025,2,Tuesday,15,8,4,43.743
2025,2,Tuesday,15,0,5,8.6968
2025,2,Tuesday,15,5,8,18.5852
2025,2,Tuesday,15,6,4,98.4062
2025,2,Tuesday,15,6,7,5.363
2025,2,Tuesday,15,6,1,58.0172
2025,2,Tuesday,15,6,0,24.4842
2025,2,Tuesday,15,3,2,87.886
2025,2,Tuesday,15,1,4,82.2023
2025,2,Tuesday,15,1,7,13.9495
2025,2,Tuesday,15,4,2,49.4882
2025,2,Tuesday,15,5,0,23.3542
2025,2,Tuesday,15,8,7,0.5903
2025,2,Tuesday,15,8,1,24.5762
2025,2,Tuesday,15,8,5,17.6878
2025,2,Tuesday,15,3,1,123.7905
2025,2,Tuesday,15,1,8,40.2165
2025,2,Tuesday,15,8,3,194.0208
2025,2,Tuesday,15,1,0,95.181
2025,2,Tuesday,15,5,3,254.9675
2025,2,Tuesday,15,2,0,38.3565
2025,2,Tuesday,15,3,0,47.117
2025,2,Tuesday,15,5,2,27.9405
2025,2,Tuesday,15,1,3,207.6408
2025,2,Tuesday,15,5,4,68.521
2025,2,Tuesday,15,3,8,58.694
2025,2,Tuesday,15,0,4,35.0943
2025,2,Tuesday,15,8,0,9.6728
2025,2,Tuesday,15,7,2,19.241
2025,2,Tuesday,15,6,3,370.8405
2025,2,Tuesday,15,5,1,44.3375
2025,2,Tuesday,15,6,2,41.1325
2025,2,Tuesday,15,6,8,13.5958
2025,2,Tuesday,15,8,2,24.3795
2025,2,Tuesday,15,2,4,61.1483
2025,2,Tuesday,15,0,6,22.921
2025,2,Tuesday,15,0,8,16.3548
2025,2,Tuesday,15,7,3,114.638
2025,2,Tuesday,4,2,8,1.4525
2025,2,Tuesday,4,6,3,4.4755
2025,2,Tuesday,4,5,4,0.6418
2025,2,Tuesday,4,1,6,1.0598
2025,2,Tuesday,4,8,2,2.459
2025,2,Tuesday,4,8,4,0.601
2025,2,Tuesday,4,3,6,2.1795
2025,2,Tuesday,4,5,7,0.2918
2025,2,Tuesday,4,4,2,0.3798
2025,2,Tuesday,4,3,1,0.375
2025,2,Tuesday,4,0,4,1.3245
2025,2,Tuesday,4,3,0,0.95
2025,2,Tuesday,4,1,8,0.7918
2025,2,Tuesday,4,7,1,0.3125
2025,2,Tuesday,4,4,5,1.783
2025,2,Tuesday,4,6,2,1.3722
2025,2,Tuesday,4,6,8,0.375
2025,2,Tuesday,4,0,1,2.9252
2025,2,Tuesday,4,8,3,2.5187
2025,2,Tuesday,4,4,3,2.176
2025,2,Tuesday,4,1,0,0.915
2025,2,Tuesday,4,2,4,3.7995
2025,2,Tuesday,4,1,3,0.3215
2025,2,Tuesday,4,3,7,1.025
2025,2,Tuesday,4,0,2,1.2785
2025,2,Tuesday,4,8,1,1.0982
2025,2,Tuesday,4,3,2,0.325
2025,2,Tuesday,4,0,3,4.534
2025,2,Tuesday,4,3,4,1.8
2025,2,Tuesday,4,1,2,1.1965
2025,2,Tuesday,4,2,1,1.0777
2025,2,Tuesday,4,6,1,1.2427
2025,2,Tuesday,4,0,5,4.1882
2025,2,Tuesday,4,0,6,1.638
2025,2,Tuesday,4,1,4,0.3077
2025,2,Tuesday,4,8,6,0.9552
2025,2,Tuesday,4,6,4,1.1937
2025,2,Tuesday,4,4,1,0.3543
2025,2,Tuesday,4,1,5,0.4375
2025,2,Tuesday,4,4,0,0.3125
2025,2,Tuesday,4,4,6,0.625
2025,2,Tuesday,4,2,3,1.8055
2025,2,Tuesday,4,0,8,1.316
2025,2,Tuesday,4,4,8,0.6543
2025,2,Tuesday,16,1,6,83.111
2025,2,Tuesday,16,5,2,34.3705
2025,2,Tuesday,16,0,8,6.9617000000000004
2025,2,Tuesday,16,0,7,3.329
2025,2,Tuesday,16,8,3,343.368
2025,2,Tuesday,16,2,8,39.346
2025,2,Tuesday,16,1,4,86.6137
2025,2,Tuesday,16,0,6,34.9255
2025,2,Tuesday,16,7,3,273.8
2025,2,Tuesday,16,5,0,26.4713
2025,2,Tuesday,16,0,3,57.6763
2025,2,Tuesday,16,7,1,33.5052
2025,2,Tuesday,16,7,5,10.3665
2025,2,Tuesday,16,5,7,5.7838
2025,2,Tuesday,16,4,6,90.7422
2025,2,Tuesday,16,8,6,50.7547
2025,2,Tuesday,16,6,0,36.2662
2025,2,Tuesday,16,2,6,103.6787
2025,2,Tuesday,16,8,4,53.029
2025,2,Tuesday,16,7,6,8.528
2025,2,Tuesday,16,1,3,204.9768
2025,2,Tuesday,16,4,3,443.2595
2025,2,Tuesday,16,3,6,399.7105
2025,2,Tuesday,16,6,8,14.709
2025,2,Tuesday,16,0,4,33.315
2025,2,Tuesday,16,0,5,9.3203
2025,2,Tuesday,16,4,5,38.943
2025,2,Tuesday,16,3,5,107.077
2025,2,Tuesday,16,3,2,107.7533
2025,2,Tuesday,16,6,2,66.039
2025,2,Tuesday,16,5,8,22.0632
2025,2,Tuesday,16,7,2,23.381
2025,2,Tuesday,16,8,7,1.1587
2025,2,Tuesday,16,0,1,71.1448
2025,2,Tuesday,16,2,4,69.1947
2025,2,Tuesday,16,6,5,27.4255
2025,2,Tuesday,16,3,0,48.9122
2025,2,Tuesday,16,3,8,109.3835
2025,2,Tuesday,16,2,7,26.5202
2025,2,Tuesday,16,2,5,23.5197
2025,2,Tuesday,16,0,2,19.3187
2025,2,Tuesday,16,4,2,49.376
2025,2,Tuesday,16,1,7,17.0672
2025,2,Tuesday,16,8,1,38.1833
2025,2,Tuesday,16,3,4,272.0322
2025,2,Tuesday,16,1,5,25.721800000000002
2025,2,Tuesday,16,1,0,123.3345
2025,2,Tuesday,16,4,7,39.2265
2025,2,Tuesday,16,4,1,74.23
2025,2,Tuesday,16,7,8,0.583
2025,2,Tuesday,16,2,0,55.7715
2025,2,Tuesday,16,2,3,257.393
2025,2,Tuesday,16,7,0,12.1298
2025,2,Tuesday,16,1,2,57.7083
2025,2,Tuesday,16,6,1,121.5435
2025,2,Tuesday,16,6,4,134.1365
2025,2,Tuesday,16,7,4,52.2555
2025,2,Tuesday,16,4,0,48.0192
2025,2,Tuesday,16,5,6,25.8695
2025,2,Tuesday,16,8,5,20.5843
2025,2,Tuesday,16,8,2,26.9202
2025,2,Tuesday,16,2,1,89.356
2025,2,Tuesday,16,5,1,46.713
2025,2,Tuesday,16,1,8,44.5822
2025,2,Tuesday,16,3,1,225.5182
2025,2,Tuesday,16,6,7,7.666
2025,2,Tuesday,16,5,3,426.8135
2025,2,Tuesday,16,6,3,860.48
2025,2,Tuesday,16,4,8,43.0683
2025,2,Tuesday,16,5,4,80.0437
2025,2,Tuesday,16,3,7,96.4045
2025,2,Tuesday,16,8,0,14.5267
2025,2,Tuesday,5,2,0,6.4455
2025,2,Tuesday,5,8,1,6.7797
2025,2,Tuesday,5,0,7,1.2675
2025,2,Tuesday,5,7,1,0.2727
2025,2,Tuesday,5,0,6,10.465
2025,2,Tuesday,5,2,4,0.9142
2025,2,Tuesday,5,5,3,6.8105
2025,2,Tuesday,5,4,1,3.8637
2025,2,Tuesday,5,5,1,2.3022
2025,2,Tuesday,5,7,4,4.812
2025,2,Tuesday,5,8,6,2.6353
2025,2,Tuesday,5,3,7,23.4695
2025,2,Tuesday,5,1,5,2.975
2025,2,Tuesday,5,3,4,33.019
2025,2,Tuesday,5,5,2,1.4837
2025,2,Tuesday,5,4,2,3.7985
2025,2,Tuesday,5,3,0,3.4428
2025,2,Tuesday,5,2,7,0.5547
2025,2,Tuesday,5,7,3,10.977
2025,2,Tuesday,5,0,3,21.8783
2025,2,Tuesday,5,3,1,11.1967
2025,2,Tuesday,5,8,2,8.0598
2025,2,Tuesday,5,2,1,1.3883
2025,2,Tuesday,5,4,7,1.336
2025,2,Tuesday,5,1,2,2.955
2025,2,Tuesday,5,2,8,6.7008
2025,2,Tuesday,5,4,0,3.6627
2025,2,Tuesday,5,3,6,70.2965
2025,2,Tuesday,5,6,3,53.9055
2025,2,Tuesday,5,7,2,1.6715
2025,2,Tuesday,5,8,0,4.249
2025,2,Tuesday,5,5,4,1.1655
2025,2,Tuesday,5,3,8,36.924
2025,2,Tuesday,5,1,7,4.2313
2025,2,Tuesday,5,6,5,1.7147
2025,2,Tuesday,5,8,5,1.895
2025,2,Tuesday,5,6,2,10.7767
2025,2,Tuesday,5,0,5,6.0182
2025,2,Tuesday,5,4,6,6.909
2025,2,Tuesday,5,7,6,0.8535
2025,2,Tuesday,5,0,2,18.3787
2025,2,Tuesday,5,6,0,5.4332
2025,2,Tuesday,5,6,1,8.2275
2025,2,Tuesday,5,2,6,2.7632
2025,2,Tuesday,5,5,6,0.6328
2025,2,Tuesday,5,0,1,11.1057
2025,2,Tuesday,5,4,3,21.6802
2025,2,Tuesday,5,7,5,0.288
2025,2,Tuesday,5,3,5,53.7197
2025,2,Tuesday,5,1,3,15.1628
2025,2,Tuesday,5,4,5,3.7427
2025,2,Tuesday,5,1,6,10.3923
2025,2,Tuesday,5,3,2,15.2825
2025,2,Tuesday,5,2,3,4.2717
2025,2,Tuesday,5,6,8,0.363
2025,2,Tuesday,5,8,3,20.7982
2025,2,Tuesday,5,1,8,6.8465
2025,2,Tuesday,5,6,4,3.031
2025,2,Tuesday,5,1,4,3.87
2025,2,Tuesday,5,1,0,7.2655
2025,2,Tuesday,5,5,0,0.3655
2025,2,Tuesday,5,2,5,3.6023
2025,2,Tuesday,5,0,4,9.8333
2025,2,Tuesday,5,4,8,1.305
2025,2,Tuesday,5,8,4,4.563
2025,2,Tuesday,5,0,8,7.9207
2025,2,Tuesday,17,8,5,18.395
2025,2,Tuesday,17,2,0,79.287
2025,2,Tuesday,17,0,1,79.8825
2025,2,Tuesday,17,7,6,12.5177
2025,2,Tuesday,17,8,3,437.9703
2025,2,Tuesday,17,3,2,177.7102
2025,2,Tuesday,17,6,0,46.5603
2025,2,Tuesday,17,5,2,40.0688
2025,2,Tuesday,17,1,3,204.0637
2025,2,Tuesday,17,1,6,89.783
2025,2,Tuesday,17,4,3,562.7522
2025,2,Tuesday,17,7,5,7.9825
2025,2,Tuesday,17,2,3,364.0663
2025,2,Tuesday,17,7,0,18.5613
2025,2,Tuesday,17,1,8,33.6043
2025,2,Tuesday,17,7,1,70.8595
2025,2,Tuesday,17,2,4,133.734
2025,2,Tuesday,17,6,8,18.5652
2025,2,Tuesday,17,0,6,28.7572
2025,2,Tuesday,17,6,2,156.822
2025,2,Tuesday,17,1,5,24.766
2025,2,Tuesday,17,4,0,43.5025
2025,2,Tuesday,17,3,4,589.3465
2025,2,Tuesday,17,6,4,289.3225
2025,2,Tuesday,17,3,7,239.4583
2025,2,Tuesday,17,3,1,559.8055
2025,2,Tuesday,17,1,7,24.4148
2025,2,Tuesday,17,3,0,102.4852
2025,2,Tuesday,17,8,0,22.6387
2025,2,Tuesday,17,0,5,6.687
2025,2,Tuesday,17,7,8,0.848
2025,2,Tuesday,17,4,1,117.5002
2025,2,Tuesday,17,3,5,239.1177
2025,2,Tuesday,17,8,6,40.737
2025,2,Tuesday,17,2,8,44.7072
2025,2,Tuesday,17,6,5,26.063
2025,2,Tuesday,17,5,8,15.9347
2025,2,Tuesday,17,0,3,50.109
2025,2,Tuesday,17,3,8,172.44
2025,2,Tuesday,17,1,0,116.1572
2025,2,Tuesday,17,1,4,113.195
2025,2,Tuesday,17,5,4,109.9385
2025,2,Tuesday,17,0,7,5.6835
2025,2,Tuesday,17,0,2,32.751
2025,2,Tuesday,17,7,4,112.4903
2025,2,Tuesday,17,8,4,81.8482
2025,2,Tuesday,17,2,6,272.687
2025,2,Tuesday,17,2,1,170.3142
2025,2,Tuesday,17,0,8,9.6988
2025,2,Tuesday,17,6,1,277.8795
2025,2,Tuesday,17,7,2,47.5557
2025,2,Tuesday,17,4,5,55.9033
2025,2,Tuesday,17,5,6,34.5462
2025,2,Tuesday,17,5,1,77.2067
2025,2,Tuesday,17,8,2,51.6265
2025,2,Tuesday,17,4,8,32.92
2025,2,Tuesday,17,8,1,64.8303
2025,2,Tuesday,17,8,7,0.295
2025,2,Tuesday,17,3,6,916.8198
2025,2,Tuesday,17,7,3,398.0495
2025,2,Tuesday,17,1,2,60.7395
2025,2,Tuesday,17,4,7,55.004
2025,2,Tuesday,17,4,2,70.6613
2025,2,Tuesday,17,5,0,25.946
2025,2,Tuesday,17,2,5,55.254
2025,2,Tuesday,17,4,6,122.2878
2025,2,Tuesday,17,6,7,9.4897
2025,2,Tuesday,17,0,4,32.406
2025,2,Tuesday,17,2,7,65.2625
2025,2,Tuesday,17,5,3,530.4233
2025,2,Tuesday,17,5,7,8.452
2025,2,Tuesday,17,6,3,1469.1105
2025,2,Tuesday,6,7,2,11.02
2025,2,Tuesday,6,5,1,4.388
2025,2,Tuesday,6,0,2,31.0333
2025,2,Tuesday,6,2,0,11.4622
2025,2,Tuesday,6,0,7,6.6223
2025,2,Tuesday,6,5,4,6.634
2025,2,Tuesday,6,2,1,8.835
2025,2,Tuesday,6,6,2,48.7655
2025,2,Tuesday,6,3,4,134.4965
2025,2,Tuesday,6,1,7,7.8937
2025,2,Tuesday,6,7,8,0.25
2025,2,Tuesday,6,1,2,10.869
2025,2,Tuesday,6,7,1,5.2485
2025,2,Tuesday,6,4,8,7.495
2025,2,Tuesday,6,3,1,42.9042
2025,2,Tuesday,6,5,0,1.8067
2025,2,Tuesday,6,0,4,18.0863
2025,2,Tuesday,6,3,0,12.9497
2025,2,Tuesday,6,1,5,12.3883
2025,2,Tuesday,6,5,8,0.2928
2025,2,Tuesday,6,7,5,0.5715
2025,2,Tuesday,6,1,6,42.3943
2025,2,Tuesday,6,8,5,3.9003
2025,2,Tuesday,6,8,6,3.0818
2025,2,Tuesday,6,4,7,5.0658
2025,2,Tuesday,6,3,5,185.6667
2025,2,Tuesday,6,5,6,2.0182
2025,2,Tuesday,6,2,7,4.5953
2025,2,Tuesday,6,5,2,7.9355
2025,2,Tuesday,6,0,3,27.2538
2025,2,Tuesday,6,0,1,57.6267
2025,2,Tuesday,6,2,8,9.3665
2025,2,Tuesday,6,1,4,16.5033
2025,2,Tuesday,6,4,3,56.9233
2025,2,Tuesday,6,6,3,147.8612
2025,2,Tuesday,6,7,4,7.2963
2025,2,Tuesday,6,7,3,53.1975
2025,2,Tuesday,6,4,0,5.1152
2025,2,Tuesday,6,6,0,12.1522
2025,2,Tuesday,6,4,5,10.5615
2025,2,Tuesday,6,4,6,26.1328
2025,2,Tuesday,6,3,2,87.9038
2025,2,Tuesday,6,1,3,65.6835
2025,2,Tuesday,6,4,2,10.5753
2025,2,Tuesday,6,1,0,33.1242
2025,2,Tuesday,6,6,7,0.3067
2025,2,Tuesday,6,2,6,15.672
2025,2,Tuesday,6,5,3,43.8485
2025,2,Tuesday,6,0,6,22.0775
2025,2,Tuesday,6,2,5,10.0082
2025,2,Tuesday,6,7,0,0.5905
2025,2,Tuesday,6,2,3,21.6232
2025,2,Tuesday,6,8,3,51.8203
2025,2,Tuesday,6,6,4,15.9023
2025,2,Tuesday,6,6,5,5.0515
2025,2,Tuesday,6,5,7,1.4872
2025,2,Tuesday,6,6,1,39.6087
2025,2,Tuesday,6,6,8,8.6925
2025,2,Tuesday,6,8,2,24.293
2025,2,Tuesday,6,8,4,21.3555
2025,2,Tuesday,6,4,1,10.9332
2025,2,Tuesday,6,8,0,9.525
2025,2,Tuesday,6,3,7,79.6678
2025,2,Tuesday,6,3,8,125.3335
2025,2,Tuesday,6,3,6,266.47
2025,2,Tuesday,6,2,4,3.288
2025,2,Tuesday,6,1,8,8.8295
2025,2,Tuesday,6,8,1,14.409
2025,2,Tuesday,6,0,5,17.7665
2025,2,Tuesday,6,0,8,5.7012
2025,2,Tuesday,6,7,6,0.5802
2025,2,Tuesday,18,1,8,13.882
2025,2,Tuesday,18,7,5,4.8502
2025,2,Tuesday,18,3,4,561.0895
2025,2,Tuesday,18,6,0,31.7685
2025,2,Tuesday,18,5,3,219.903
2025,2,Tuesday,18,5,7,2.769
2025,2,Tuesday,18,1,5,18.7865
2025,2,Tuesday,18,5,1,52.6565
2025,2,Tuesday,18,0,8,4.0007
2025,2,Tuesday,18,1,6,73.5042
2025,2,Tuesday,18,6,8,9.0807
2025,2,Tuesday,18,0,5,4.997
2025,2,Tuesday,18,4,1,110.6503
2025,2,Tuesday,18,6,4,220.9607
2025,2,Tuesday,18,2,4,104.88
2025,2,Tuesday,18,2,5,39.9417
2025,2,Tuesday,18,2,7,43.024
2025,2,Tuesday,18,4,6,103.3443
2025,2,Tuesday,18,0,2,19.2105
2025,2,Tuesday,18,1,2,42.31
2025,2,Tuesday,18,4,7,49.3645
2025,2,Tuesday,18,3,7,215.388
2025,2,Tuesday,18,5,8,8.578
2025,2,Tuesday,18,8,0,11.764
2025,2,Tuesday,18,4,0,36.3523
2025,2,Tuesday,18,8,5,4.0032
2025,2,Tuesday,18,8,7,0.58
2025,2,Tuesday,18,1,0,63.1463
2025,2,Tuesday,18,1,4,79.5912
2025,2,Tuesday,18,5,2,24.7798
2025,2,Tuesday,18,5,0,16.254
2025,2,Tuesday,18,8,4,43.1417
2025,2,Tuesday,18,7,4,89
2025,2,Tuesday,18,6,5,14.7563
2025,2,Tuesday,18,7,8,0.5415
2025,2,Tuesday,18,3,2,154.8597
2025,2,Tuesday,18,0,1,83.5413
2025,2,Tuesday,18,3,1,491.03
2025,2,Tuesday,18,7,1,53.0585
2025,2,Tuesday,18,6,2,112.41
2025,2,Tuesday,18,4,5,49.198
2025,2,Tuesday,18,7,3,177.3182
2025,2,Tuesday,18,5,4,65.1323
2025,2,Tuesday,18,4,2,59.091
2025,2,Tuesday,18,7,0,9.696
2025,2,Tuesday,18,1,7,22.5548
2025,2,Tuesday,18,7,2,35.64
2025,2,Tuesday,18,8,1,39.0933
2025,2,Tuesday,18,6,7,11.1325
2025,2,Tuesday,18,2,0,49.4232
2025,2,Tuesday,18,0,4,20.8683
2025,2,Tuesday,18,8,6,21.0713
2025,2,Tuesday,18,2,6,173.9135
2025,2,Tuesday,18,3,0,62.2192
2025,2,Tuesday,18,8,3,153.2005
2025,2,Tuesday,18,4,3,331.5462
2025,2,Tuesday,18,3,6,667.3822
2025,2,Tuesday,18,8,2,27.393
2025,2,Tuesday,18,6,3,666.7645
2025,2,Tuesday,18,7,6,10.7667
2025,2,Tuesday,18,3,5,197.8613
2025,2,Tuesday,18,0,6,15.233
2025,2,Tuesday,18,3,8,101.498
2025,2,Tuesday,18,5,6,24.7378
2025,2,Tuesday,18,0,3,26.909
2025,2,Tuesday,18,1,3,110.0765
2025,2,Tuesday,18,2,1,131.168
2025,2,Tuesday,18,2,8,27.583
2025,2,Tuesday,18,4,8,23.19
2025,2,Tuesday,18,2,3,178.3407
2025,2,Tuesday,18,0,7,0.987
2025,2,Tuesday,18,6,1,200.202
2025,2,Tuesday,7,2,5,27.3015
2025,2,Tuesday,7,2,7,20.4897
2025,2,Tuesday,7,5,0,2.5847
2025,2,Tuesday,7,8,1,56.6045
2025,2,Tuesday,7,7,6,3.504
2025,2,Tuesday,7,4,3,262.467
2025,2,Tuesday,7,1,6,185.7838
2025,2,Tuesday,7,3,8,406.371
2025,2,Tuesday,7,0,7,17.8365
2025,2,Tuesday,7,8,2,39.352
2025,2,Tuesday,7,7,1,17.0405
2025,2,Tuesday,7,3,4,366.7133
2025,2,Tuesday,7,4,5,35.2563
2025,2,Tuesday,7,0,2,79.6793
2025,2,Tuesday,7,8,6,6.4525
2025,2,Tuesday,7,0,8,15.632
2025,2,Tuesday,7,7,8,0.2918
2025,2,Tuesday,7,6,3,516.4865
2025,2,Tuesday,7,4,2,49.156
2025,2,Tuesday,7,7,5,2.013
2025,2,Tuesday,7,6,1,98.6515
2025,2,Tuesday,7,1,8,50.0892
2025,2,Tuesday,7,8,4,37.6885
2025,2,Tuesday,7,5,1,43.4272
2025,2,Tuesday,7,7,2,44.7872
2025,2,Tuesday,7,4,6,80.0385
2025,2,Tuesday,7,1,5,63.947
2025,2,Tuesday,7,1,4,59.4952
2025,2,Tuesday,7,4,0,11.6678
2025,2,Tuesday,7,8,5,11.585
2025,2,Tuesday,7,8,0,10.4425
2025,2,Tuesday,7,6,8,37.173
2025,2,Tuesday,7,6,4,51.2578
2025,2,Tuesday,7,7,3,166.7395
2025,2,Tuesday,7,5,3,165.8342
2025,2,Tuesday,7,2,1,25.7098
2025,2,Tuesday,7,7,4,27.9788
2025,2,Tuesday,7,1,0,84.6985
2025,2,Tuesday,7,6,5,12.2438
2025,2,Tuesday,7,1,7,46.8915
2025,2,Tuesday,7,0,4,48.182
2025,2,Tuesday,7,5,6,4.879
2025,2,Tuesday,7,8,3,135.74
2025,2,Tuesday,7,1,3,290.2295
2025,2,Tuesday,7,7,0,3.8245
2025,2,Tuesday,7,2,4,26.4965
2025,2,Tuesday,7,5,4,32.98
2025,2,Tuesday,7,0,1,182.665
2025,2,Tuesday,7,1,2,70.7235
2025,2,Tuesday,7,3,0,57.5085
2025,2,Tuesday,7,4,1,73.9292
2025,2,Tuesday,7,3,5,465.4482
2025,2,Tuesday,7,3,7,254.4045
2025,2,Tuesday,7,5,8,4.2255
2025,2,Tuesday,7,3,1,190.0497
2025,2,Tuesday,7,0,3,73.658
2025,2,Tuesday,7,3,6,982.6322
2025,2,Tuesday,7,5,2,32.6808
2025,2,Tuesday,7,6,7,1.749
2025,2,Tuesday,7,6,2,125.276
2025,2,Tuesday,7,0,6,44.031
2025,2,Tuesday,7,3,2,225.0223
2025,2,Tuesday,7,2,6,67.2755
2025,2,Tuesday,7,2,3,74.912
2025,2,Tuesday,7,4,8,24.0387
2025,2,Tuesday,7,8,7,0.8943
2025,2,Tuesday,7,4,7,29.3262
2025,2,Tuesday,7,0,5,30.9525
2025,2,Tuesday,7,6,0,29.1278
2025,2,Tuesday,7,2,0,22.0685
2025,2,Tuesday,7,5,7,1.146
2025,2,Tuesday,7,2,8,27.365
2025,2,Tuesday,19,3,2,67.6385
2025,2,Tuesday,19,6,1,85.0233
2025,2,Tuesday,19,4,3,197.3453
2025,2,Tuesday,19,8,3,47.598
2025,2,Tuesday,19,1,3,59.3602
2025,2,Tuesday,19,7,2,15.12
2025,2,Tuesday,19,6,3,246.864
2025,2,Tuesday,19,2,1,66.8943
2025,2,Tuesday,19,1,7,7.6783
2025,2,Tuesday,19,1,5,9.412
2025,2,Tuesday,19,6,7,4.5743
2025,2,Tuesday,19,7,3,64.4145
2025,2,Tuesday,19,5,4,31.252
2025,2,Tuesday,19,6,5,9.111
2025,2,Tuesday,19,1,4,50.3882
2025,2,Tuesday,19,5,8,3.0065
2025,2,Tuesday,19,5,1,24.0245
2025,2,Tuesday,19,4,6,66.9677
2025,2,Tuesday,19,6,0,13.1635
2025,2,Tuesday,19,7,4,35.54
2025,2,Tuesday,19,4,7,26.682
2025,2,Tuesday,19,2,5,14.475
2025,2,Tuesday,19,6,2,38.1255
2025,2,Tuesday,19,1,8,14.2835
2025,2,Tuesday,19,7,6,6.3097
2025,2,Tuesday,19,8,7,0.2795
2025,2,Tuesday,19,3,0,42.5185
2025,2,Tuesday,19,8,6,7.877
2025,2,Tuesday,19,2,8,18.278
2025,2,Tuesday,19,6,4,92.7857
2025,2,Tuesday,19,0,2,10.9043
2025,2,Tuesday,19,2,7,29.688
2025,2,Tuesday,19,0,4,9.5202
2025,2,Tuesday,19,4,5,29.124
2025,2,Tuesday,19,0,1,34.5485
2025,2,Tuesday,19,4,8,13.9005
2025,2,Tuesday,19,2,3,80.7152
2025,2,Tuesday,19,4,0,35.4847
2025,2,Tuesday,19,0,5,0.655
2025,2,Tuesday,19,8,2,7.9578
2025,2,Tuesday,19,0,6,10.4915
2025,2,Tuesday,19,1,6,36.8817
2025,2,Tuesday,19,3,5,94.7385
2025,2,Tuesday,19,3,7,113.7432
2025,2,Tuesday,19,5,6,9.5235
2025,2,Tuesday,19,3,6,308.3167
2025,2,Tuesday,19,2,6,69.12
2025,2,Tuesday,19,1,2,23.7955
2025,2,Tuesday,19,3,4,284.9333
2025,2,Tuesday,19,2,0,29.968
2025,2,Tuesday,19,0,8,4.2687
2025,2,Tuesday,19,6,8,5.0717
2025,2,Tuesday,19,4,2,35.112
2025,2,Tuesday,19,0,7,0.6743
2025,2,Tuesday,19,8,5,1.9737
2025,2,Tuesday,19,8,4,15.9252
2025,2,Tuesday,19,2,4,45.2645
2025,2,Tuesday,19,3,8,52.3815
2025,2,Tuesday,19,4,1,85.2348
2025,2,Tuesday,19,3,1,230.6453
2025,2,Tuesday,19,5,0,8.055
2025,2,Tuesday,19,7,0,4.6598
2025,2,Tuesday,19,8,0,5.6915
2025,2,Tuesday,19,7,1,23.8
2025,2,Tuesday,19,1,0,45.1215
2025,2,Tuesday,19,7,5,3.1965
2025,2,Tuesday,19,5,7,2.2027
2025,2,Tuesday,19,0,3,14.4903
2025,2,Tuesday,19,5,2,10.8238
2025,2,Tuesday,19,5,3,99.5822
2025,2,Tuesday,19,8,1,11.9
2025,2,Tuesday,8,1,6,383.19
2025,2,Tuesday,8,4,5,80.914
2025,2,Tuesday,8,7,3,380.5987
2025,2,Tuesday,8,0,7,19.8725
2025,2,Tuesday,8,0,1,153.3563
2025,2,Tuesday,8,0,4,66.424
2025,2,Tuesday,8,5,1,25.7073
2025,2,Tuesday,8,4,8,63.182
2025,2,Tuesday,8,1,4,124.8935
2025,2,Tuesday,8,4,2,103.6045
2025,2,Tuesday,8,5,7,5.7732
2025,2,Tuesday,8,8,7,1.1785
2025,2,Tuesday,8,3,7,461.6763
2025,2,Tuesday,8,3,8,542.6158
2025,2,Tuesday,8,3,5,596.7325
2025,2,Tuesday,8,6,2,279.597
2025,2,Tuesday,8,4,7,85.3832
2025,2,Tuesday,8,8,6,12.8373
2025,2,Tuesday,8,7,2,93.0895
2025,2,Tuesday,8,7,8,0.5782
2025,2,Tuesday,8,3,1,184.653
2025,2,Tuesday,8,5,4,63.992
2025,2,Tuesday,8,7,4,93.3765
2025,2,Tuesday,8,1,8,87.626
2025,2,Tuesday,8,3,6,1833.053
2025,2,Tuesday,8,5,6,10.2122
2025,2,Tuesday,8,4,6,283.4722
2025,2,Tuesday,8,4,0,19.027
2025,2,Tuesday,8,3,2,336.3952
2025,2,Tuesday,8,3,0,51.4435
2025,2,Tuesday,8,1,3,793.0592
2025,2,Tuesday,8,6,5,23.4573
2025,2,Tuesday,8,3,4,694.0915
2025,2,Tuesday,8,6,0,31.007
2025,2,Tuesday,8,2,8,57.8887
2025,2,Tuesday,8,2,1,39.3605
2025,2,Tuesday,8,6,7,3.8047
2025,2,Tuesday,8,2,0,26.5927
2025,2,Tuesday,8,5,2,64.9265
2025,2,Tuesday,8,7,5,9.0005
2025,2,Tuesday,8,2,4,57.8842
2025,2,Tuesday,8,0,5,49.1182
2025,2,Tuesday,8,1,7,96.1448
2025,2,Tuesday,8,8,2,61.1195
2025,2,Tuesday,8,7,6,6.1283
2025,2,Tuesday,8,2,5,49.6947
2025,2,Tuesday,8,6,3,1162.081
2025,2,Tuesday,8,7,1,18.9067
2025,2,Tuesday,8,4,3,517.406
2025,2,Tuesday,8,8,5,23.8558
2025,2,Tuesday,8,1,0,83.2665
2025,2,Tuesday,8,0,8,28.2387
2025,2,Tuesday,8,8,3,245.8098
2025,2,Tuesday,8,6,4,113.5865
2025,2,Tuesday,8,1,2,186.7657
2025,2,Tuesday,8,5,8,8.8892
2025,2,Tuesday,8,0,2,101.6895
2025,2,Tuesday,8,6,8,29.4817
2025,2,Tuesday,8,8,1,50.9737
2025,2,Tuesday,8,0,6,56.4182
2025,2,Tuesday,8,1,5,100.2417
2025,2,Tuesday,8,2,3,165.8143
2025,2,Tuesday,8,5,3,299.6312
2025,2,Tuesday,8,8,0,9.5308
2025,2,Tuesday,8,4,1,60.7732
2025,2,Tuesday,8,2,6,184.6612
2025,2,Tuesday,8,5,0,6.3182
2025,2,Tuesday,8,8,4,49.1093
2025,2,Tuesday,8,2,7,55.1377
2025,2,Tuesday,8,6,1,115.1137
2025,2,Tuesday,8,0,3,121.3147
2025,2,Tuesday,8,7,0,3.1892
2025,2,Tuesday,20,4,8,10.806
2025,2,Tuesday,20,3,1,122.7103
2025,2,Tuesday,20,8,0,3.2135
2025,2,Tuesday,20,6,0,11.0905
2025,2,Tuesday,20,1,2,11.722
2025,2,Tuesday,20,7,8,0.3125
2025,2,Tuesday,20,7,5,2.0123
2025,2,Tuesday,20,0,4,9.9792
2025,2,Tuesday,20,8,5,2.105
2025,2,Tuesday,20,3,6,147.094
2025,2,Tuesday,20,8,7,0.287
2025,2,Tuesday,20,3,8,26.0985
2025,2,Tuesday,20,7,4,24.0983
2025,2,Tuesday,20,0,5,1.3565
2025,2,Tuesday,20,8,2,5.3525
2025,2,Tuesday,20,1,4,32.3975
2025,2,Tuesday,20,7,0,3.441
2025,2,Tuesday,20,4,3,158.9177
2025,2,Tuesday,20,6,7,3.2115
2025,2,Tuesday,20,4,7,23.61
2025,2,Tuesday,20,6,5,5.076
2025,2,Tuesday,20,4,1,61.4982
2025,2,Tuesday,20,3,5,39.5908
2025,2,Tuesday,20,1,5,6.6153
2025,2,Tuesday,20,8,3,23.4432
2025,2,Tuesday,20,2,4,29.465
2025,2,Tuesday,20,5,4,19.7413
2025,2,Tuesday,20,0,6,5.5335
2025,2,Tuesday,20,7,2,7.4575
2025,2,Tuesday,20,3,7,57.1812
2025,2,Tuesday,20,2,7,10.5067
2025,2,Tuesday,20,5,0,6.4775
2025,2,Tuesday,20,5,8,2.3553
2025,2,Tuesday,20,0,7,0.6842
2025,2,Tuesday,20,6,4,36.8633
2025,2,Tuesday,20,8,6,3.572
2025,2,Tuesday,20,4,5,23.888
2025,2,Tuesday,20,7,3,31.8257
2025,2,Tuesday,20,4,2,32.1592
2025,2,Tuesday,20,1,6,23.4098
2025,2,Tuesday,20,0,8,1.3765
2025,2,Tuesday,20,5,1,18.7935
2025,2,Tuesday,20,8,4,8.2417
2025,2,Tuesday,20,2,6,26.4498
2025,2,Tuesday,20,7,6,3.4415
2025,2,Tuesday,20,6,3,111.8167
2025,2,Tuesday,20,1,3,43.7788
2025,2,Tuesday,20,4,0,23.9102
2025,2,Tuesday,20,6,2,17.137
2025,2,Tuesday,20,3,0,25.4965
2025,2,Tuesday,20,6,8,2.7037
2025,2,Tuesday,20,6,1,29.5873
2025,2,Tuesday,20,5,6,4.9543
2025,2,Tuesday,20,2,1,39.135
2025,2,Tuesday,20,0,3,9.9282
2025,2,Tuesday,20,7,1,14.0447
2025,2,Tuesday,20,5,3,60.8793
2025,2,Tuesday,20,2,0,21.773
2025,2,Tuesday,20,0,2,3.1072
2025,2,Tuesday,20,2,8,8.2253
2025,2,Tuesday,20,2,5,11.3877
2025,2,Tuesday,20,0,1,13.8017
2025,2,Tuesday,20,2,3,55.3995
2025,2,Tuesday,20,5,7,0.8517
2025,2,Tuesday,20,1,8,8.9475
2025,2,Tuesday,20,1,0,30.0055
2025,2,Tuesday,20,8,1,5.8652
2025,2,Tuesday,20,3,4,121.3128
2025,2,Tuesday,20,4,6,56.7322
2025,2,Tuesday,20,3,2,30.8533
2025,2,Tuesday,20,5,2,3.5018
2025,2,Tuesday,20,1,7,4.0535
2025,2,Tuesday,9,5,2,41.849
2025,2,Tuesday,9,7,5,11.1213
2025,2,Tuesday,9,8,2,42.1037
2025,2,Tuesday,9,6,7,5.7738
2025,2,Tuesday,9,0,4,43.598
2025,2,Tuesday,9,6,8,30.6555
2025,2,Tuesday,9,3,6,754.2792
2025,2,Tuesday,9,0,7,9.243
2025,2,Tuesday,9,4,2,74.047
2025,2,Tuesday,9,1,7,50.777
2025,2,Tuesday,9,2,8,21.87
2025,2,Tuesday,9,7,0,0.6043
2025,2,Tuesday,9,2,4,48.7623
2025,2,Tuesday,9,0,2,69.375
2025,2,Tuesday,9,8,3,115.0202
2025,2,Tuesday,9,0,3,83.2772
2025,2,Tuesday,9,6,4,105.7545
2025,2,Tuesday,9,5,1,17.353
2025,2,Tuesday,9,2,0,15.6892
2025,2,Tuesday,9,2,3,114.8323
2025,2,Tuesday,9,4,5,42.4437
2025,2,Tuesday,9,1,0,30.7527
2025,2,Tuesday,9,7,3,167.2375
2025,2,Tuesday,9,4,8,36.531
2025,2,Tuesday,9,4,3,305.667
2025,2,Tuesday,9,1,6,128.539
2025,2,Tuesday,9,1,2,120.171
2025,2,Tuesday,9,3,7,201.1723
2025,2,Tuesday,9,0,1,80.0027
2025,2,Tuesday,9,6,1,65.0925
2025,2,Tuesday,9,5,7,5.0725
2025,2,Tuesday,9,2,7,24.3047
2025,2,Tuesday,9,5,0,10.137
2025,2,Tuesday,9,5,6,10.315
2025,2,Tuesday,9,8,6,13.122
2025,2,Tuesday,9,6,3,618.8012
2025,2,Tuesday,9,6,0,12.8135
2025,2,Tuesday,9,5,3,158.3793
2025,2,Tuesday,9,3,1,128.1477
2025,2,Tuesday,9,3,5,343.923
2025,2,Tuesday,9,0,5,33.4122
2025,2,Tuesday,9,2,6,79.588
2025,2,Tuesday,9,2,5,34.037
2025,2,Tuesday,9,5,4,50.1053
2025,2,Tuesday,9,7,6,4.8263
2025,2,Tuesday,9,4,7,54.857
2025,2,Tuesday,9,0,6,20.2585
2025,2,Tuesday,9,3,2,252.176
2025,2,Tuesday,9,2,1,37.4803
2025,2,Tuesday,9,8,4,30.3365
2025,2,Tuesday,9,7,8,2.011
2025,2,Tuesday,9,6,5,21.2598
2025,2,Tuesday,9,0,8,9.9475
2025,2,Tuesday,9,3,8,188.4687
2025,2,Tuesday,9,8,7,0.92
2025,2,Tuesday,9,7,1,13.1505
2025,2,Tuesday,9,4,0,14.3905
2025,2,Tuesday,9,7,4,51.551
2025,2,Tuesday,9,4,1,57.3255
2025,2,Tuesday,9,7,2,45.8847
2025,2,Tuesday,9,4,6,127.4
2025,2,Tuesday,9,5,8,7.5562
2025,2,Tuesday,9,6,2,216.8148
2025,2,Tuesday,9,3,0,22.7922
2025,2,Tuesday,9,1,5,53.1695
2025,2,Tuesday,9,8,1,25.0813
2025,2,Tuesday,9,1,3,411.5125
2025,2,Tuesday,9,1,4,92.4502
2025,2,Tuesday,9,1,8,37.247
2025,2,Tuesday,9,8,5,23.9255
2025,2,Tuesday,9,8,0,9.8248
2025,2,Tuesday,9,3,4,462.9662
2025,2,Tuesday,21,3,0,16.8075
2025,2,Tuesday,21,3,1,62.081
2025,2,Tuesday,21,5,7,0.931
2025,2,Tuesday,21,6,7,2.3095
2025,2,Tuesday,21,6,3,52.1175
2025,2,Tuesday,21,2,0,9.863
2025,2,Tuesday,21,1,6,18.8903
2025,2,Tuesday,21,1,3,25.5337
2025,2,Tuesday,21,6,5,2.2915
2025,2,Tuesday,21,1,7,2.7875
2025,2,Tuesday,21,8,5,0.5908
2025,2,Tuesday,21,5,2,5.8065
2025,2,Tuesday,21,1,0,13.642
2025,2,Tuesday,21,4,1,39.8247
2025,2,Tuesday,21,4,3,110.2342
2025,2,Tuesday,21,3,5,19.8072
2025,2,Tuesday,21,0,5,1.776
2025,2,Tuesday,21,4,6,47.8407
2025,2,Tuesday,21,5,0,3.1857
2025,2,Tuesday,21,6,8,1.7457
2025,2,Tuesday,21,7,3,16.617
2025,2,Tuesday,21,4,5,12.4825
2025,2,Tuesday,21,8,1,2.9125
2025,2,Tuesday,21,1,8,3.6495
2025,2,Tuesday,21,0,4,5.505
2025,2,Tuesday,21,8,4,6.3445
2025,2,Tuesday,21,3,4,60.6455
2025,2,Tuesday,21,0,7,0.6855
2025,2,Tuesday,21,0,8,1.7942
2025,2,Tuesday,21,0,3,5.6517
2025,2,Tuesday,21,1,4,14.5868
2025,2,Tuesday,21,5,4,8.1645
2025,2,Tuesday,21,6,0,6.3543
2025,2,Tuesday,21,2,1,14.4315
2025,2,Tuesday,21,6,1,22.5282
2025,2,Tuesday,21,0,2,3.2135
2025,2,Tuesday,21,8,3,14.9973
2025,2,Tuesday,21,3,7,28.125
2025,2,Tuesday,21,4,2,24.6617
2025,2,Tuesday,21,8,2,2.9168
2025,2,Tuesday,21,2,8,4.4715
2025,2,Tuesday,21,5,3,26.308
2025,2,Tuesday,21,5,8,2.269
2025,2,Tuesday,21,7,1,5.641
2025,2,Tuesday,21,8,6,2.0625
2025,2,Tuesday,21,3,2,22.8595
2025,2,Tuesday,21,5,6,4.6973
2025,2,Tuesday,21,7,6,1.4203
2025,2,Tuesday,21,2,7,5.3683
2025,2,Tuesday,21,0,6,3.849
2025,2,Tuesday,21,6,2,8.8985
2025,2,Tuesday,21,6,4,21.787
2025,2,Tuesday,21,4,7,16.812
2025,2,Tuesday,21,0,1,9.537
2025,2,Tuesday,21,3,8,20.7782
2025,2,Tuesday,21,7,2,3.7018
2025,2,Tuesday,21,2,6,17.7232
2025,2,Tuesday,21,3,6,82.1715
2025,2,Tuesday,21,5,1,10.1953
2025,2,Tuesday,21,1,5,4.28
2025,2,Tuesday,21,4,8,9.9277
2025,2,Tuesday,21,7,8,0.2858
2025,2,Tuesday,21,2,4,12.6335
2025,2,Tuesday,21,7,0,2.7983
2025,2,Tuesday,21,2,3,30.4815
2025,2,Tuesday,21,4,0,14.2627
2025,2,Tuesday,21,2,5,4.5235
2025,2,Tuesday,21,1,2,9.0202
2025,2,Tuesday,21,8,0,2.05
2025,2,Tuesday,21,7,4,10.762
2025,2,Tuesday,21,7,5,0.8623
2025,2,Tuesday,10,3,7,81.1795
2025,2,Tuesday,10,4,2,40.1108
2025,2,Tuesday,10,4,1,34.2897
2025,2,Tuesday,10,8,5,15.7793
2025,2,Tuesday,10,4,7,20.7465
2025,2,Tuesday,10,0,2,34.9637
2025,2,Tuesday,10,2,1,39.7847
2025,2,Tuesday,10,8,3,54.6795
2025,2,Tuesday,10,0,1,58.878
2025,2,Tuesday,10,7,0,2.1123
2025,2,Tuesday,10,1,7,14.4782
2025,2,Tuesday,10,0,6,20.698
2025,2,Tuesday,10,2,0,14.6155
2025,2,Tuesday,10,4,3,138.0323
2025,2,Tuesday,10,7,1,12.9195
2025,2,Tuesday,10,5,7,5.591
2025,2,Tuesday,10,7,2,26.1998
2025,2,Tuesday,10,1,3,159.98
2025,2,Tuesday,10,8,6,11.888
2025,2,Tuesday,10,4,5,27.6955
2025,2,Tuesday,10,3,5,136.054
2025,2,Tuesday,10,3,8,84.1422
2025,2,Tuesday,10,1,2,67.4875
2025,2,Tuesday,10,2,6,46.915
2025,2,Tuesday,10,8,7,0.617
2025,2,Tuesday,10,8,0,3.088
2025,2,Tuesday,10,2,8,14.378
2025,2,Tuesday,10,7,6,3.911
2025,2,Tuesday,10,1,8,14.699
2025,2,Tuesday,10,3,4,218.0557
2025,2,Tuesday,10,6,2,56.3342
2025,2,Tuesday,10,0,3,51.7223
2025,2,Tuesday,10,3,2,120.8023
2025,2,Tuesday,10,6,8,18.3512
2025,2,Tuesday,10,5,4,39.4395
2025,2,Tuesday,10,6,5,14.6097
2025,2,Tuesday,10,1,6,47.9787
2025,2,Tuesday,10,2,5,16.7265
2025,2,Tuesday,10,6,3,203.0035
2025,2,Tuesday,10,5,1,17.755
2025,2,Tuesday,10,8,4,18.908
2025,2,Tuesday,10,5,6,18.8928
2025,2,Tuesday,10,3,1,107.294
2025,2,Tuesday,10,6,7,4.3645
2025,2,Tuesday,10,0,7,4.3992000000000004
2025,2,Tuesday,10,3,6,237.9118
2025,2,Tuesday,10,6,4,61.3527
2025,2,Tuesday,10,2,3,80.6775
2025,2,Tuesday,10,6,1,45.929
2025,2,Tuesday,10,4,0,10.9717
2025,2,Tuesday,10,0,5,18.1935
2025,2,Tuesday,10,5,0,9.3692
2025,2,Tuesday,10,7,5,6.3155
2025,2,Tuesday,10,5,2,22.1647
2025,2,Tuesday,10,5,3,100.9163
2025,2,Tuesday,10,8,2,20.4987
2025,2,Tuesday,10,4,8,18.4585
2025,2,Tuesday,10,2,4,39.75
2025,2,Tuesday,10,1,5,32.868
2025,2,Tuesday,10,7,8,0.8882
2025,2,Tuesday,10,8,1,16.231
2025,2,Tuesday,10,7,4,25.637
2025,2,Tuesday,10,1,0,23.4775
2025,2,Tuesday,10,7,3,65.1688
2025,2,Tuesday,10,4,6,58.5847
2025,2,Tuesday,10,3,0,24.2127
2025,2,Tuesday,10,5,8,9.789
2025,2,Tuesday,10,1,4,57.487
2025,2,Tuesday,10,0,8,5.4737
2025,2,Tuesday,10,2,7,11.5955
2025,2,Tuesday,10,6,0,6.3705
2025,2,Tuesday,10,0,4,27.4898
2025,2,Tuesday,22,5,4,9.3125
2025,2,Tuesday,22,2,0,8.9743
2025,2,Tuesday,22,6,8,1.872
2025,2,Tuesday,22,8,4,1.1475
2025,2,Tuesday,22,0,2,1.2892
2025,2,Tuesday,22,2,7,3.5933
2025,2,Tuesday,22,4,8,5.397
2025,2,Tuesday,22,1,5,2.3022
2025,2,Tuesday,22,4,7,9.6175
2025,2,Tuesday,22,2,3,15.234
2025,2,Tuesday,22,8,2,1.132
2025,2,Tuesday,22,6,1,7.7192
2025,2,Tuesday,22,0,4,0.6535
2025,2,Tuesday,22,2,4,7.5337
2025,2,Tuesday,22,4,5,6.7662
2025,2,Tuesday,22,7,6,1.109
2025,2,Tuesday,22,5,0,4.594
2025,2,Tuesday,22,4,1,27.067
2025,2,Tuesday,22,7,2,2.201
2025,2,Tuesday,22,0,1,5.245
2025,2,Tuesday,22,3,2,13.3302
2025,2,Tuesday,22,2,6,15.0517
2025,2,Tuesday,22,8,6,0.5653
2025,2,Tuesday,22,1,6,7.4613
2025,2,Tuesday,22,5,6,2.019
2025,2,Tuesday,22,2,8,4.4817
2025,2,Tuesday,22,5,3,12.1367
2025,2,Tuesday,22,3,1,28.192
2025,2,Tuesday,22,0,3,4.5602
2025,2,Tuesday,22,8,0,1.7145
2025,2,Tuesday,22,6,3,24.843
2025,2,Tuesday,22,3,6,40.9995
2025,2,Tuesday,22,4,0,12.3817
2025,2,Tuesday,22,0,7,0.322
2025,2,Tuesday,22,1,8,7.179
2025,2,Tuesday,22,5,8,5.3895
2025,2,Tuesday,22,0,5,1.9557
2025,2,Tuesday,22,7,4,6.3498
2025,2,Tuesday,22,3,5,8.8067
2025,2,Tuesday,22,0,8,0.3338
2025,2,Tuesday,22,3,7,15.0957
2025,2,Tuesday,22,5,1,6.23
2025,2,Tuesday,22,2,1,11.2363
2025,2,Tuesday,22,6,0,4.9688
2025,2,Tuesday,22,6,2,6.1742
2025,2,Tuesday,22,1,4,9.1545
2025,2,Tuesday,22,6,5,1.1877
2025,2,Tuesday,22,3,8,18.0297
2025,2,Tuesday,22,8,1,2.5682
2025,2,Tuesday,22,6,4,9.679
2025,2,Tuesday,22,1,2,4.3172
2025,2,Tuesday,22,8,3,6.7778
2025,2,Tuesday,22,0,6,4.9068
2025,2,Tuesday,22,1,7,2.5548
2025,2,Tuesday,22,1,0,10.1892
2025,2,Tuesday,22,7,3,15.7283
2025,2,Tuesday,22,4,2,13.8445
2025,2,Tuesday,22,7,0,1.1123
2025,2,Tuesday,22,7,1,6.3333
2025,2,Tuesday,22,1,3,18.387
2025,2,Tuesday,22,6,7,0.5912
2025,2,Tuesday,22,7,8,0.25
2025,2,Tuesday,22,2,5,1.9375
2025,2,Tuesday,22,3,0,20.8575
2025,2,Tuesday,22,4,3,56.329
2025,2,Tuesday,22,3,4,29.4942
2025,2,Tuesday,22,4,6,24.2062
2025,2,Tuesday,22,5,2,1.9545
2025,2,Tuesday,11,5,2,18.7467
2025,2,Tuesday,11,4,6,53.5438
2025,2,Tuesday,11,0,4,27.2705
2025,2,Tuesday,11,4,1,42.5085
2025,2,Tuesday,11,5,3,96.493
2025,2,Tuesday,11,4,2,39.1763
2025,2,Tuesday,11,8,2,14.7085
2025,2,Tuesday,11,8,5,8.813
2025,2,Tuesday,11,3,4,180.3848
2025,2,Tuesday,11,1,0,23.8408
2025,2,Tuesday,11,3,1,96.613
2025,2,Tuesday,11,0,6,14.4618
2025,2,Tuesday,11,5,4,41.6497
2025,2,Tuesday,11,2,5,12.8303
2025,2,Tuesday,11,6,4,64.0165
2025,2,Tuesday,11,8,7,0.8965
2025,2,Tuesday,11,2,8,17.5878
2025,2,Tuesday,11,6,8,11.93
2025,2,Tuesday,11,3,5,101.1742
2025,2,Tuesday,11,5,0,8.0697
2025,2,Tuesday,11,4,8,18.9942
2025,2,Tuesday,11,5,7,4.8305
2025,2,Tuesday,11,8,0,4.896
2025,2,Tuesday,11,6,7,5.526
2025,2,Tuesday,11,3,8,71.531
2025,2,Tuesday,11,7,2,20.1
2025,2,Tuesday,11,1,6,36.4987
2025,2,Tuesday,11,7,5,5.5945
2025,2,Tuesday,11,3,6,180.4792
2025,2,Tuesday,11,1,4,52.1225
2025,2,Tuesday,11,7,1,12.094
2025,2,Tuesday,11,7,8,0.888
2025,2,Tuesday,11,8,3,72.7045
2025,2,Tuesday,11,2,6,37.6482
2025,2,Tuesday,11,4,5,28.3035
2025,2,Tuesday,11,0,8,5.609
2025,2,Tuesday,11,0,5,12.5692
2025,2,Tuesday,11,7,6,2.9663
2025,2,Tuesday,11,1,8,12.1045
2025,2,Tuesday,11,3,7,54.45
2025,2,Tuesday,11,6,3,171.4055
2025,2,Tuesday,11,4,7,22.003
2025,2,Tuesday,11,8,6,13.8193
2025,2,Tuesday,11,2,4,39.1895
2025,2,Tuesday,11,4,0,9.2665
2025,2,Tuesday,11,1,2,54.788
2025,2,Tuesday,11,7,4,30.5505
2025,2,Tuesday,11,1,3,117.2018
2025,2,Tuesday,11,0,3,51.5135
2025,2,Tuesday,11,2,7,14.5517
2025,2,Tuesday,11,8,4,22.0317
2025,2,Tuesday,11,2,3,84.6687
2025,2,Tuesday,11,8,1,16.1607
2025,2,Tuesday,11,6,0,10.9503
2025,2,Tuesday,11,6,5,20.4073
2025,2,Tuesday,11,4,3,135.6165
2025,2,Tuesday,11,2,1,43.53
2025,2,Tuesday,11,1,5,23.949
2025,2,Tuesday,11,0,1,42.609
2025,2,Tuesday,11,6,2,39.124
2025,2,Tuesday,11,1,7,12.5755
2025,2,Tuesday,11,6,1,36.9613
2025,2,Tuesday,11,5,6,17.5345
2025,2,Tuesday,11,2,0,9.4327
2025,2,Tuesday,11,7,3,59.5362
2025,2,Tuesday,11,5,8,10.7727
2025,2,Tuesday,11,5,1,25.5107
2025,2,Tuesday,11,3,0,23.1845
2025,2,Tuesday,11,7,0,1.178
2025,2,Tuesday,11,3,2,94.0338
2025,2,Tuesday,11,0,2,29.5612
2025,2,Tuesday,11,0,7,6.7055
2025,2,Tuesday,23,5,8,0.5973
2025,2,Tuesday,23,0,8,1.6477
2025,2,Tuesday,23,2,1,4.0015
2025,2,Tuesday,23,8,1,0.8497
2025,2,Tuesday,23,4,8,2.2975
2025,2,Tuesday,23,7,0,1.9588
2025,2,Tuesday,23,2,0,8.834
2025,2,Tuesday,23,4,1,10.7635
2025,2,Tuesday,23,2,6,3.9352
2025,2,Tuesday,23,2,8,4.7797
2025,2,Tuesday,23,0,3,2.9772
2025,2,Tuesday,23,0,4,0.998
2025,2,Tuesday,23,7,6,0.5712
2025,2,Tuesday,23,5,4,3.821
2025,2,Tuesday,23,5,0,1.7102
2025,2,Tuesday,23,2,3,8.7698
2025,2,Tuesday,23,1,3,7.748
2025,2,Tuesday,23,0,2,1.6075
2025,2,Tuesday,23,8,2,1.0997
2025,2,Tuesday,23,3,8,8.454
2025,2,Tuesday,23,8,3,5.189
2025,2,Tuesday,23,7,2,1.6565
2025,2,Tuesday,23,6,7,1.5203
2025,2,Tuesday,23,2,5,0.8375
2025,2,Tuesday,23,6,2,2.6848
2025,2,Tuesday,23,5,6,0.578
2025,2,Tuesday,23,4,6,15.059
2025,2,Tuesday,23,6,4,5.8655
2025,2,Tuesday,23,8,4,1.3877
2025,2,Tuesday,23,3,4,13.4582
2025,2,Tuesday,23,1,7,0.88
2025,2,Tuesday,23,1,4,3.4168
2025,2,Tuesday,23,1,8,3.1515
2025,2,Tuesday,23,2,4,1.9207
2025,2,Tuesday,23,4,0,7.6188
2025,2,Tuesday,23,6,5,0.5538
2025,2,Tuesday,23,3,2,4.006
2025,2,Tuesday,23,4,2,5.1152
2025,2,Tuesday,23,4,3,29.958
2025,2,Tuesday,23,8,0,2.2248
2025,2,Tuesday,23,0,6,1.276
2025,2,Tuesday,23,1,6,3.4387
2025,2,Tuesday,23,5,2,1.1802
2025,2,Tuesday,23,7,1,2.5135
2025,2,Tuesday,23,6,1,6.0892
2025,2,Tuesday,23,6,3,18.1063
2025,2,Tuesday,23,2,7,1.0768
2025,2,Tuesday,23,5,1,3.8832
2025,2,Tuesday,23,4,5,3.981
2025,2,Tuesday,23,6,0,5.3153
2025,2,Tuesday,23,4,7,4.7162
2025,2,Tuesday,23,3,1,14.6603
2025,2,Tuesday,23,6,8,0.3
2025,2,Tuesday,23,3,5,5.3887
2025,2,Tuesday,23,0,5,0.9712
2025,2,Tuesday,23,7,3,4.753
2025,2,Tuesday,23,3,0,10.7832
2025,2,Tuesday,23,7,4,2.5145
2025,2,Tuesday,23,5,3,10.9692
2025,2,Tuesday,23,3,6,17.7118
2025,2,Tuesday,23,1,0,9.6465
2025,2,Tuesday,23,1,2,2.303
2025,2,Tuesday,23,0,1,3.8875
2025,2,Tuesday,23,1,5,0.2878
2025,2,Tuesday,23,3,7,3.8405
2025,2,Tuesday,23,8,6,0.9182
2025,2,Tuesday,0,1,0,3.288
2025,2,Tuesday,0,3,4,5.2977
2025,2,Tuesday,0,5,1,1.1553
2025,2,Tuesday,0,0,1,2.1765
2025,2,Tuesday,0,7,3,2.5308
2025,2,Tuesday,0,0,3,1.1447
2025,2,Tuesday,0,5,6,0.8423
2025,2,Tuesday,0,6,7,0.279
2025,2,Tuesday,0,5,4,0.9398
2025,2,Tuesday,0,2,4,0.9035
2025,2,Tuesday,0,0,6,1.0905
2025,2,Tuesday,0,8,5,0.3183
2025,2,Tuesday,0,5,0,1.1875
2025,2,Tuesday,0,3,1,2.976
2025,2,Tuesday,0,0,4,0.3517
2025,2,Tuesday,0,4,1,3.6652
2025,2,Tuesday,0,4,8,2.3448
2025,2,Tuesday,0,2,0,4.7665
2025,2,Tuesday,0,2,1,0.907
2025,2,Tuesday,0,8,3,2.7138
2025,2,Tuesday,0,6,3,6.3138
2025,2,Tuesday,0,2,6,2.7088
2025,2,Tuesday,0,2,8,4.2352
2025,2,Tuesday,0,3,6,8.656
2025,2,Tuesday,0,6,4,1.7675
2025,2,Tuesday,0,5,8,0.2813
2025,2,Tuesday,0,6,0,2.0895
2025,2,Tuesday,0,4,5,1.1885
2025,2,Tuesday,0,5,3,3.8967
2025,2,Tuesday,0,3,7,2.0838
2025,2,Tuesday,0,1,3,1.7788
2025,2,Tuesday,0,1,8,1.1918
2025,2,Tuesday,0,1,2,0.2948
2025,2,Tuesday,0,8,2,0.2727
2025,2,Tuesday,0,2,5,0.2788
2025,2,Tuesday,0,8,1,0.423
2025,2,Tuesday,0,8,0,2.0533
2025,2,Tuesday,0,1,4,1.7718
2025,2,Tuesday,0,4,0,6.7965
2025,2,Tuesday,0,0,7,0.3692
2025,2,Tuesday,0,8,4,0.2727
2025,2,Tuesday,0,6,5,0.9428
2025,2,Tuesday,0,2,7,0.596
2025,2,Tuesday,0,1,5,0.2928
2025,2,Tuesday,0,4,3,8.2975
2025,2,Tuesday,0,3,8,7.6102
2025,2,Tuesday,0,3,2,2.451
2025,2,Tuesday,0,7,1,1.6898
2025,2,Tuesday,0,3,0,5.948
2025,2,Tuesday,0,0,8,0.3877
2025,2,Tuesday,0,6,1,1.4972
2025,2,Tuesday,0,8,6,0.323
2025,2,Tuesday,0,6,8,0.876
2025,2,Tuesday,0,1,6,1.4743
2025,2,Tuesday,0,2,3,1.8087
2025,2,Tuesday,0,6,2,0.2945
2025,2,Tuesday,0,4,2,1.771
2025,2,Tuesday,0,4,7,1.5145
2025,2,Tuesday,0,3,5,2.4478
2025,2,Tuesday,0,4,6,4.5517
2025,2,Tuesday,0,7,4,1.1232
2025,2,Tuesday,12,8,3,54.997
2025,2,Tuesday,12,2,5,16.422
2025,2,Tuesday,12,0,4,31.382
2025,2,Tuesday,12,5,0,12.4773
2025,2,Tuesday,12,6,4,72.6275
2025,2,Tuesday,12,3,1,100.4505
2025,2,Tuesday,12,7,5,4.9302
2025,2,Tuesday,12,8,5,18.7732
2025,2,Tuesday,12,5,2,16.6253
2025,2,Tuesday,12,4,2,46.6645
2025,2,Tuesday,12,3,5,75.1455
2025,2,Tuesday,12,2,4,49.0575
2025,2,Tuesday,12,2,3,95.0565
2025,2,Tuesday,12,1,3,117.6688
2025,2,Tuesday,12,1,4,60.988
2025,2,Tuesday,12,0,6,14.6313
2025,2,Tuesday,12,2,7,16.7957
2025,2,Tuesday,12,6,8,17.81
2025,2,Tuesday,12,1,0,26.7243
2025,2,Tuesday,12,1,6,36.0195
2025,2,Tuesday,12,7,8,0.9433
2025,2,Tuesday,12,4,5,33.6033
2025,2,Tuesday,12,0,2,22.312
2025,2,Tuesday,12,0,8,5.2077
2025,2,Tuesday,12,1,2,64.4422
2025,2,Tuesday,12,3,8,47.5547
2025,2,Tuesday,12,7,3,54.6517
2025,2,Tuesday,12,8,1,22.239
2025,2,Tuesday,12,4,0,20.5238
2025,2,Tuesday,12,6,3,167.2155
2025,2,Tuesday,12,5,1,18.6225
2025,2,Tuesday,12,8,2,17.8375
2025,2,Tuesday,12,6,2,36.212
2025,2,Tuesday,12,1,7,8.809
2025,2,Tuesday,12,8,0,3.082
2025,2,Tuesday,12,2,8,14.7673
2025,2,Tuesday,12,3,7,46.1233
2025,2,Tuesday,12,7,4,40.1897
2025,2,Tuesday,12,1,8,13.6402
2025,2,Tuesday,12,7,1,16.908
2025,2,Tuesday,12,4,1,50.404
2025,2,Tuesday,12,3,0,30.4547
2025,2,Tuesday,12,6,0,10.041
2025,2,Tuesday,12,7,0,3.0532
2025,2,Tuesday,12,6,7,5.8955
2025,2,Tuesday,12,5,6,21.046
2025,2,Tuesday,12,7,6,2.713
2025,2,Tuesday,12,6,5,18.528
2025,2,Tuesday,12,0,3,34.8738
2025,2,Tuesday,12,0,1,41.5497
2025,2,Tuesday,12,2,0,17.7905
2025,2,Tuesday,12,2,1,46.2608
2025,2,Tuesday,12,3,2,102.6267
2025,2,Tuesday,12,3,4,168.2607
2025,2,Tuesday,12,5,4,60.9602
2025,2,Tuesday,12,6,1,43.9243
2025,2,Tuesday,12,4,8,18.0627
2025,2,Tuesday,12,4,3,140.369
2025,2,Tuesday,12,0,7,4.5433
2025,2,Tuesday,12,3,6,159.6407
2025,2,Tuesday,12,2,6,28.0977
2025,2,Tuesday,12,7,2,13.317
2025,2,Tuesday,12,5,7,12.1242
2025,2,Tuesday,12,0,5,11.533
2025,2,Tuesday,12,5,3,96.748
2025,2,Tuesday,12,1,5,19.9518
2025,2,Tuesday,12,8,6,39.5155
2025,2,Tuesday,12,4,7,19.2937
2025,2,Tuesday,12,4,6,62.5152
2025,2,Tuesday,12,5,8,11.517
2025,2,Tuesday,12,8,4,30.2465
2025,2,Tuesday,12,8,7,0.2982
2025,2,Wednesday,1,0,3,1.747
2025,2,Wednesday,1,7,0,0.3
2025,2,Wednesday,1,8,7,0.25
2025,2,Wednesday,1,6,3,2.177
2025,2,Wednesday,1,4,0,1.4205
2025,2,Wednesday,1,2,4,0.9315
2025,2,Wednesday,1,3,7,0.3113
2025,2,Wednesday,1,3,6,3.0765
2025,2,Wednesday,1,3,2,0.3223
2025,2,Wednesday,1,4,6,0.8628
2025,2,Wednesday,1,6,4,0.6845
2025,2,Wednesday,1,3,8,0.6335
2025,2,Wednesday,1,3,0,3.962
2025,2,Wednesday,1,1,2,0.3927
2025,2,Wednesday,1,6,1,0.275
2025,2,Wednesday,1,5,1,0.8875
2025,2,Wednesday,1,1,8,0.3473
2025,2,Wednesday,1,3,1,1.5313
2025,2,Wednesday,1,2,0,3.1963
2025,2,Wednesday,1,7,2,0.3055
2025,2,Wednesday,1,4,3,5.343
2025,2,Wednesday,1,5,4,0.6608
2025,2,Wednesday,1,2,3,1.0418
2025,2,Wednesday,1,2,6,0.3332
2025,2,Wednesday,1,4,2,0.325
2025,2,Wednesday,1,6,8,0.7188
2025,2,Wednesday,1,6,0,1.8258
2025,2,Wednesday,1,8,0,1.5218
2025,2,Wednesday,1,2,1,0.5895
2025,2,Wednesday,1,1,0,0.294
2025,2,Wednesday,1,7,6,0.2918
2025,2,Wednesday,1,5,0,0.325
2025,2,Wednesday,1,4,1,1.6893
2025,2,Wednesday,1,0,8,0.3055
2025,2,Wednesday,1,5,3,1.375
2025,2,Wednesday,1,4,8,0.5605
2025,2,Wednesday,1,3,5,1.199
2025,2,Wednesday,1,0,2,0.311
2025,2,Wednesday,1,5,8,0.5832
2025,2,Wednesday,1,8,4,0.25
2025,2,Wednesday,1,3,4,0.9363
2025,2,Wednesday,1,7,3,0.9055
2025,2,Wednesday,1,8,6,0.25
2025,2,Wednesday,1,8,1,0.284
2025,2,Wednesday,1,1,3,0.6945
2025,2,Wednesday,1,0,4,0.6763
2025,2,Wednesday,1,1,6,1.0295
2025,2,Wednesday,1,8,2,0.75
2025,2,Wednesday,13,1,2,58.048
2025,2,Wednesday,13,0,8,4.8668
2025,2,Wednesday,13,8,3,60.7472
2025,2,Wednesday,13,0,7,3.133
2025,2,Wednesday,13,2,4,50.24
2025,2,Wednesday,13,4,5,48.4345
2025,2,Wednesday,13,3,7,40.3577
2025,2,Wednesday,13,6,4,80.2212
2025,2,Wednesday,13,2,1,57.0782
2025,2,Wednesday,13,0,5,16.0355
2025,2,Wednesday,13,3,5,91.0955
2025,2,Wednesday,13,6,1,37.5005
2025,2,Wednesday,13,7,2,13.2137
2025,2,Wednesday,13,7,0,4.6863
2025,2,Wednesday,13,1,5,16.8685
2025,2,Wednesday,13,1,7,5.059
2025,2,Wednesday,13,2,5,20.7635
2025,2,Wednesday,13,5,0,11.486
2025,2,Wednesday,13,3,4,186.717
2025,2,Wednesday,13,8,7,0.8978
2025,2,Wednesday,13,3,2,102.574
2025,2,Wednesday,13,8,2,18.5423
2025,2,Wednesday,13,0,4,28.5545
2025,2,Wednesday,13,8,1,18.5048
2025,2,Wednesday,13,4,6,70.9008
2025,2,Wednesday,13,3,1,110.4925
2025,2,Wednesday,13,3,6,168.5505
2025,2,Wednesday,13,5,4,52.413
2025,2,Wednesday,13,2,6,39.7077
2025,2,Wednesday,13,2,3,98.9587
2025,2,Wednesday,13,6,3,175.2503
2025,2,Wednesday,13,0,6,15.655
2025,2,Wednesday,13,0,3,36.5845
2025,2,Wednesday,13,1,8,10.5995
2025,2,Wednesday,13,2,8,14.785
2025,2,Wednesday,13,4,8,23.3937
2025,2,Wednesday,13,0,1,37.6778
2025,2,Wednesday,13,4,2,43.3048
2025,2,Wednesday,13,5,1,19.3313
2025,2,Wednesday,13,4,3,165.224
2025,2,Wednesday,13,7,4,33.5498
2025,2,Wednesday,13,6,8,18.8305
2025,2,Wednesday,13,6,2,42.8667
2025,2,Wednesday,13,6,5,24.0945
2025,2,Wednesday,13,5,2,21.9643
2025,2,Wednesday,13,8,0,6.6415
2025,2,Wednesday,13,8,4,19.4158
2025,2,Wednesday,13,5,3,101.3045
2025,2,Wednesday,13,8,6,31.823
2025,2,Wednesday,13,4,0,18.202
2025,2,Wednesday,13,3,8,53.7453
2025,2,Wednesday,13,7,5,11.7645
2025,2,Wednesday,13,6,7,5.8705
2025,2,Wednesday,13,2,0,22.0573
2025,2,Wednesday,13,4,7,24.4455
2025,2,Wednesday,13,2,7,12.7307
2025,2,Wednesday,13,4,1,58.1497
2025,2,Wednesday,13,5,6,22.6782
2025,2,Wednesday,13,7,6,4.7557
2025,2,Wednesday,13,1,6,37.5618
2025,2,Wednesday,13,5,7,8.5255
2025,2,Wednesday,13,1,0,33.959
2025,2,Wednesday,13,1,4,55.5198
2025,2,Wednesday,13,7,3,71.284
2025,2,Wednesday,13,3,0,26.488
2025,2,Wednesday,13,8,5,17.8925
2025,2,Wednesday,13,7,8,0.5543
2025,2,Wednesday,13,1,3,104.7678
2025,2,Wednesday,13,7,1,11.708
2025,2,Wednesday,13,6,0,16.238
2025,2,Wednesday,13,0,2,17.773
2025,2,Wednesday,13,5,8,15.7098
2025,2,Wednesday,2,2,8,0.5938
2025,2,Wednesday,2,1,8,0.3438
2025,2,Wednesday,2,4,3,1.5583
2025,2,Wednesday,2,4,1,0.2693
2025,2,Wednesday,2,6,3,0.8282
2025,2,Wednesday,2,4,5,0.5
2025,2,Wednesday,2,6,8,0.99
2025,2,Wednesday,2,2,3,0.2813
2025,2,Wednesday,2,5,0,0.25
2025,2,Wednesday,2,6,4,0.5938
2025,2,Wednesday,2,4,2,0.2955
2025,2,Wednesday,2,1,3,0.677
2025,2,Wednesday,2,4,0,0.2693
2025,2,Wednesday,2,2,1,0.5358
2025,2,Wednesday,2,2,4,1.1942
2025,2,Wednesday,2,0,3,1.612
2025,2,Wednesday,2,2,6,0.3
2025,2,Wednesday,2,8,1,0.25
2025,2,Wednesday,2,2,7,0.3
2025,2,Wednesday,2,8,4,0.25
2025,2,Wednesday,2,0,8,0.375
2025,2,Wednesday,2,3,4,0.294
2025,2,Wednesday,2,7,3,0.5
2025,2,Wednesday,2,6,2,0.25
2025,2,Wednesday,2,6,0,0.3438
2025,2,Wednesday,2,2,5,0.5938
2025,2,Wednesday,2,7,0,0.2813
2025,2,Wednesday,2,0,1,0.3685
2025,2,Wednesday,2,3,6,1.7195
2025,2,Wednesday,2,3,8,0.6195
2025,2,Wednesday,14,6,2,40.4088
2025,2,Wednesday,14,5,4,54.8085
2025,2,Wednesday,14,5,0,16.2675
2025,2,Wednesday,14,3,7,47.2577
2025,2,Wednesday,14,2,0,26.787
2025,2,Wednesday,14,8,4,33.5895
2025,2,Wednesday,14,3,5,76.0702
2025,2,Wednesday,14,0,1,45.5573
2025,2,Wednesday,14,6,8,16.1275
2025,2,Wednesday,14,7,4,38.7125
2025,2,Wednesday,14,1,5,14.5823
2025,2,Wednesday,14,7,8,1.1465
2025,2,Wednesday,14,5,7,7.674
2025,2,Wednesday,14,8,5,15.4277
2025,2,Wednesday,14,4,6,86.203
2025,2,Wednesday,14,5,2,23.738
2025,2,Wednesday,14,3,1,127.617
2025,2,Wednesday,14,3,0,37.4838
2025,2,Wednesday,14,6,3,249.1083
2025,2,Wednesday,14,6,1,42.5005
2025,2,Wednesday,14,1,2,66.807
2025,2,Wednesday,14,7,3,72.969
2025,2,Wednesday,14,4,2,58.0315
2025,2,Wednesday,14,4,7,30.4972
2025,2,Wednesday,14,7,2,18.3148
2025,2,Wednesday,14,7,5,7.83
2025,2,Wednesday,14,4,3,210.571
2025,2,Wednesday,14,1,3,109.134
2025,2,Wednesday,14,0,4,33.498
2025,2,Wednesday,14,7,1,12.1972
2025,2,Wednesday,14,5,6,23.797
2025,2,Wednesday,14,5,8,11.809
2025,2,Wednesday,14,1,6,37.642
2025,2,Wednesday,14,4,1,73.5913
2025,2,Wednesday,14,8,0,12.543
2025,2,Wednesday,14,5,3,123.6507
2025,2,Wednesday,14,0,8,3.4575
2025,2,Wednesday,14,0,6,17.6248
2025,2,Wednesday,14,2,4,58.207
2025,2,Wednesday,14,8,3,106.6815
2025,2,Wednesday,14,8,1,29.0683
2025,2,Wednesday,14,4,0,27.8845
2025,2,Wednesday,14,7,0,4.039
2025,2,Wednesday,14,5,1,32.0132
2025,2,Wednesday,14,6,5,20.5628
2025,2,Wednesday,14,8,7,0.2932
2025,2,Wednesday,14,1,0,46.8963
2025,2,Wednesday,14,0,5,10.6988
2025,2,Wednesday,14,0,7,6.21
2025,2,Wednesday,14,4,5,47.4615
2025,2,Wednesday,14,2,5,19.2397
2025,2,Wednesday,14,8,2,16.9653
2025,2,Wednesday,14,0,2,25.5838
2025,2,Wednesday,14,1,7,11.278
2025,2,Wednesday,14,1,4,59.1073
2025,2,Wednesday,14,3,2,94.6647
2025,2,Wednesday,14,3,8,59.2732
2025,2,Wednesday,14,2,8,17.4357
2025,2,Wednesday,14,7,6,4.647
2025,2,Wednesday,14,2,1,63.7775
2025,2,Wednesday,14,3,4,206.3985
2025,2,Wednesday,14,3,6,165.4345
2025,2,Wednesday,14,8,6,25.247
2025,2,Wednesday,14,6,0,18.3843
2025,2,Wednesday,14,6,7,13.121
2025,2,Wednesday,14,1,8,18.7048
2025,2,Wednesday,14,2,3,122.7145
2025,2,Wednesday,14,6,4,81.2735
2025,2,Wednesday,14,4,8,25.2835
2025,2,Wednesday,14,2,7,22.1228
2025,2,Wednesday,14,2,6,44.9725
2025,2,Wednesday,14,0,3,47.2673
2025,2,Wednesday,3,4,8,0.5938
2025,2,Wednesday,3,6,1,0.691
2025,2,Wednesday,3,5,3,1.25
2025,2,Wednesday,3,5,8,0.25
2025,2,Wednesday,3,3,0,0.361
2025,2,Wednesday,3,0,2,0.3307
2025,2,Wednesday,3,5,6,0.25
2025,2,Wednesday,3,0,5,0.6785
2025,2,Wednesday,3,3,6,0.625
2025,2,Wednesday,3,4,6,0.8373
2025,2,Wednesday,3,6,0,0.9168
2025,2,Wednesday,3,1,4,0.375
2025,2,Wednesday,3,2,1,0.606
2025,2,Wednesday,3,0,4,0.9807
2025,2,Wednesday,3,5,0,0.55
2025,2,Wednesday,3,3,1,0.7065
2025,2,Wednesday,3,0,3,0.9868
2025,2,Wednesday,3,4,1,0.25
2025,2,Wednesday,3,4,3,0.6305
2025,2,Wednesday,3,6,4,0.841
2025,2,Wednesday,3,6,5,0.25
2025,2,Wednesday,3,2,4,0.951
2025,2,Wednesday,3,2,3,0.75
2025,2,Wednesday,3,8,2,0.3332
2025,2,Wednesday,3,4,0,0.6337
2025,2,Wednesday,3,6,3,1.375
2025,2,Wednesday,3,1,0,0.25
2025,2,Wednesday,3,3,5,0.9742
2025,2,Wednesday,3,5,4,0.6875
2025,2,Wednesday,3,3,8,1
2025,2,Wednesday,3,3,4,0.3462
2025,2,Wednesday,15,4,7,32.0435
2025,2,Wednesday,15,4,2,58.0315
2025,2,Wednesday,15,0,7,7.1555
2025,2,Wednesday,15,6,2,45.269
2025,2,Wednesday,15,0,4,36.8128
2025,2,Wednesday,15,3,5,72.2292
2025,2,Wednesday,15,4,5,39.5978
2025,2,Wednesday,15,0,3,48.7022
2025,2,Wednesday,15,3,8,67.4145
2025,2,Wednesday,15,1,3,206.3303
2025,2,Wednesday,15,6,8,21.5945
2025,2,Wednesday,15,1,6,73.26
2025,2,Wednesday,15,3,4,203.5443
2025,2,Wednesday,15,8,1,27.3258
2025,2,Wednesday,15,6,3,343.805
2025,2,Wednesday,15,4,3,326.704
2025,2,Wednesday,15,6,4,91.0592
2025,2,Wednesday,15,5,8,11.56
2025,2,Wednesday,15,5,7,9.5592
2025,2,Wednesday,15,5,0,23.8365
2025,2,Wednesday,15,4,6,85.525
2025,2,Wednesday,15,5,4,75.5005
2025,2,Wednesday,15,0,5,9.8802
2025,2,Wednesday,15,3,7,55.7638
2025,2,Wednesday,15,2,8,31.0775
2025,2,Wednesday,15,3,2,95.4965
2025,2,Wednesday,15,2,3,193.8537
2025,2,Wednesday,15,5,2,31.4742
2025,2,Wednesday,15,7,0,6.0418
2025,2,Wednesday,15,2,4,66.9163
2025,2,Wednesday,15,8,7,1.4948
2025,2,Wednesday,15,7,6,9.571
2025,2,Wednesday,15,3,6,195.9347
2025,2,Wednesday,15,7,8,1.9922
2025,2,Wednesday,15,1,4,99.7115
2025,2,Wednesday,15,5,6,28.4987
2025,2,Wednesday,15,8,3,194.733
2025,2,Wednesday,15,4,0,47.627
2025,2,Wednesday,15,3,1,121.6362
2025,2,Wednesday,15,6,5,23.7328
2025,2,Wednesday,15,1,0,98.0963
2025,2,Wednesday,15,7,3,113.5212
2025,2,Wednesday,15,0,2,31.4017
2025,2,Wednesday,15,8,4,42.2045
2025,2,Wednesday,15,0,1,63.3753
2025,2,Wednesday,15,7,5,5.7187
2025,2,Wednesday,15,8,6,27.0345
2025,2,Wednesday,15,2,0,33.7967
2025,2,Wednesday,15,7,4,46.9867
2025,2,Wednesday,15,6,0,25.9137
2025,2,Wednesday,15,1,8,36.9055
2025,2,Wednesday,15,2,7,17.931
2025,2,Wednesday,15,2,5,24.4447
2025,2,Wednesday,15,5,3,243.995
2025,2,Wednesday,15,1,7,15.9098
2025,2,Wednesday,15,2,6,69.644
2025,2,Wednesday,15,8,5,18.8353
2025,2,Wednesday,15,8,2,19.766
2025,2,Wednesday,15,1,2,67.4547
2025,2,Wednesday,15,6,7,8.9165
2025,2,Wednesday,15,5,1,43.8223
2025,2,Wednesday,15,4,1,87.7892
2025,2,Wednesday,15,1,5,38.0285
2025,2,Wednesday,15,0,8,11.9247
2025,2,Wednesday,15,8,0,12.621
2025,2,Wednesday,15,3,0,47.6787
2025,2,Wednesday,15,4,8,29.3617
2025,2,Wednesday,15,7,2,15.6907
2025,2,Wednesday,15,2,1,67.3818
2025,2,Wednesday,15,6,1,49.0707
2025,2,Wednesday,15,7,1,22.9595
2025,2,Wednesday,15,0,6,25.201
2025,2,Wednesday,4,6,1,1.4595
2025,2,Wednesday,4,8,2,2.4715
2025,2,Wednesday,4,1,5,0.3438
2025,2,Wednesday,4,0,6,1.6743
2025,2,Wednesday,4,2,0,0.5888
2025,2,Wednesday,4,4,7,0.25
2025,2,Wednesday,4,4,0,1.684
2025,2,Wednesday,4,3,0,0.674
2025,2,Wednesday,4,0,2,0.3
2025,2,Wednesday,4,4,3,1.4168
2025,2,Wednesday,4,2,5,0.75
2025,2,Wednesday,4,6,2,3.2927
2025,2,Wednesday,4,8,1,1.4905
2025,2,Wednesday,4,0,5,4.297
2025,2,Wednesday,4,6,5,0.8982
2025,2,Wednesday,4,8,3,4.2052
2025,2,Wednesday,4,2,3,1.3125
2025,2,Wednesday,4,8,6,1.0207
2025,2,Wednesday,4,1,8,0.8438
2025,2,Wednesday,4,8,4,0.9187
2025,2,Wednesday,4,1,6,1.9147
2025,2,Wednesday,4,0,7,0.6458
2025,2,Wednesday,4,4,2,0.2928
2025,2,Wednesday,4,5,6,0.5625
2025,2,Wednesday,4,4,5,0.9257
2025,2,Wednesday,4,0,4,0.6772
2025,2,Wednesday,4,5,4,0.5625
2025,2,Wednesday,4,0,3,4.2655
2025,2,Wednesday,4,4,8,0.3332
2025,2,Wednesday,4,3,1,1.3125
2025,2,Wednesday,4,0,1,2.3418
2025,2,Wednesday,4,3,6,1.7915
2025,2,Wednesday,4,3,8,0.298
2025,2,Wednesday,4,6,0,0.6377
2025,2,Wednesday,4,2,4,3.2517
2025,2,Wednesday,4,2,1,2.4448
2025,2,Wednesday,4,3,7,0.9935
2025,2,Wednesday,4,1,3,1.7915
2025,2,Wednesday,4,0,8,2.6375
2025,2,Wednesday,4,1,0,1.8005
2025,2,Wednesday,4,6,4,2.485
2025,2,Wednesday,4,4,6,0.7928
2025,2,Wednesday,4,6,3,10.046
2025,2,Wednesday,4,2,8,2.0455
2025,2,Wednesday,4,3,4,1.9147
2025,2,Wednesday,4,4,1,0.2928
2025,2,Wednesday,4,6,8,0.3295
2025,2,Wednesday,16,2,0,54.3943
2025,2,Wednesday,16,8,3,312.0528
2025,2,Wednesday,16,0,6,33.352
2025,2,Wednesday,16,7,6,6.9847
2025,2,Wednesday,16,8,4,49.1348
2025,2,Wednesday,16,1,6,84.4168
2025,2,Wednesday,16,8,2,49.2405
2025,2,Wednesday,16,7,4,60.6515
2025,2,Wednesday,16,3,2,97.6828
2025,2,Wednesday,16,6,1,112.528
2025,2,Wednesday,16,0,1,61.0543
2025,2,Wednesday,16,2,8,39.4125
2025,2,Wednesday,16,5,6,26.6745
2025,2,Wednesday,16,0,3,48.6417
2025,2,Wednesday,16,3,7,74.9298
2025,2,Wednesday,16,5,4,78.5955
2025,2,Wednesday,16,6,7,6.7815
2025,2,Wednesday,16,5,1,58.9115
2025,2,Wednesday,16,3,6,390.2292
2025,2,Wednesday,16,4,2,59.0565
2025,2,Wednesday,16,1,7,19.9977
2025,2,Wednesday,16,0,2,24.0375
2025,2,Wednesday,16,2,4,86.7262
2025,2,Wednesday,16,0,5,13.316
2025,2,Wednesday,16,2,6,106.6405
2025,2,Wednesday,16,0,4,26.3753
2025,2,Wednesday,16,7,0,12.1625
2025,2,Wednesday,16,2,7,31.6915
2025,2,Wednesday,16,5,2,32.3902
2025,2,Wednesday,16,7,3,258.3622
2025,2,Wednesday,16,7,2,32.128
2025,2,Wednesday,16,8,7,0.592
2025,2,Wednesday,16,1,8,40.618
2025,2,Wednesday,16,1,5,22.0432
2025,2,Wednesday,16,4,1,91.0725
2025,2,Wednesday,16,6,2,67.8945
2025,2,Wednesday,16,2,5,24.319
2025,2,Wednesday,16,4,5,37.5912
2025,2,Wednesday,16,5,3,414.177
2025,2,Wednesday,16,8,5,15.8207
2025,2,Wednesday,16,3,4,269.4095
2025,2,Wednesday,16,7,5,4.2547
2025,2,Wednesday,16,1,4,75.4155
2025,2,Wednesday,16,1,3,193.3335
2025,2,Wednesday,16,4,0,41.1452
2025,2,Wednesday,16,8,1,32.284
2025,2,Wednesday,16,5,0,26.7407
2025,2,Wednesday,16,5,7,9.575
2025,2,Wednesday,16,8,6,52.5083
2025,2,Wednesday,16,3,8,120.9445
2025,2,Wednesday,16,2,3,237.8637
2025,2,Wednesday,16,6,8,16.2765
2025,2,Wednesday,16,8,0,13.9822
2025,2,Wednesday,16,6,5,21.15
2025,2,Wednesday,16,3,0,52.981
2025,2,Wednesday,16,4,3,424.8565
2025,2,Wednesday,16,3,5,94.1565
2025,2,Wednesday,16,4,8,36.9045
2025,2,Wednesday,16,6,3,742.0422
2025,2,Wednesday,16,3,1,239.2633
2025,2,Wednesday,16,6,0,37.731
2025,2,Wednesday,16,1,2,58.4443
2025,2,Wednesday,16,7,8,0.872
2025,2,Wednesday,16,0,7,4.668
2025,2,Wednesday,16,5,8,24.4465
2025,2,Wednesday,16,0,8,11.3665
2025,2,Wednesday,16,7,1,37.279
2025,2,Wednesday,16,1,0,115.1875
2025,2,Wednesday,16,2,1,82.6838
2025,2,Wednesday,16,6,4,131.8723
2025,2,Wednesday,16,4,6,101.3918
2025,2,Wednesday,16,4,7,36.5275
2025,2,Wednesday,5,0,8,6.381
2025,2,Wednesday,5,1,4,2.2875
2025,2,Wednesday,5,1,6,9.2495
2025,2,Wednesday,5,4,1,3.7395
2025,2,Wednesday,5,3,0,2.6488
2025,2,Wednesday,5,7,0,0.5435
2025,2,Wednesday,5,3,5,55.7555
2025,2,Wednesday,5,0,3,19.7802
2025,2,Wednesday,5,5,8,0.25
2025,2,Wednesday,5,8,4,4.7155
2025,2,Wednesday,5,1,2,3.6183
2025,2,Wednesday,5,2,6,3.2582
2025,2,Wednesday,5,2,3,4.9515
2025,2,Wednesday,5,4,3,19.1087
2025,2,Wednesday,5,5,6,0.25
2025,2,Wednesday,5,8,5,2.1053
2025,2,Wednesday,5,6,1,4.1533
2025,2,Wednesday,5,6,5,0.3255
2025,2,Wednesday,5,3,7,21.449
2025,2,Wednesday,5,0,1,13.0558
2025,2,Wednesday,5,4,0,1.6395
2025,2,Wednesday,5,3,6,61.5672
2025,2,Wednesday,5,7,2,1.706
2025,2,Wednesday,5,7,1,0.5475
2025,2,Wednesday,5,4,8,1.6595
2025,2,Wednesday,5,2,7,2.7055
2025,2,Wednesday,5,0,2,13.3812
2025,2,Wednesday,5,7,3,10.7485
2025,2,Wednesday,5,3,4,31.3353
2025,2,Wednesday,5,2,4,1.278
2025,2,Wednesday,5,4,2,2.093
2025,2,Wednesday,5,4,6,5.4632
2025,2,Wednesday,5,0,5,5.0617
2025,2,Wednesday,5,0,6,6.057
2025,2,Wednesday,5,8,1,8.1805
2025,2,Wednesday,5,5,2,0.575
2025,2,Wednesday,5,6,8,0.292
2025,2,Wednesday,5,6,4,2.0197
2025,2,Wednesday,5,8,6,1.265
2025,2,Wednesday,5,6,3,41.7097
2025,2,Wednesday,5,7,4,2.817
2025,2,Wednesday,5,3,2,17.198
2025,2,Wednesday,5,1,0,7.0515
2025,2,Wednesday,5,2,0,5.6905
2025,2,Wednesday,5,6,0,5.1433
2025,2,Wednesday,5,5,3,7.4345
2025,2,Wednesday,5,8,3,16.2013
2025,2,Wednesday,5,1,5,1.3875
2025,2,Wednesday,5,2,5,3.7202
2025,2,Wednesday,5,6,2,6.3008
2025,2,Wednesday,5,1,7,3.355
2025,2,Wednesday,5,0,4,9.2692
2025,2,Wednesday,5,3,8,38.769
2025,2,Wednesday,5,2,8,4.4163
2025,2,Wednesday,5,1,8,5.595
2025,2,Wednesday,5,7,6,0.5395
2025,2,Wednesday,5,2,1,3.4142
2025,2,Wednesday,5,1,3,11.4063
2025,2,Wednesday,5,4,5,3.7512
2025,2,Wednesday,5,5,4,1.2528
2025,2,Wednesday,5,0,7,2.2412
2025,2,Wednesday,5,4,7,0.3438
2025,2,Wednesday,5,3,1,10.6168
2025,2,Wednesday,5,8,2,10.487
2025,2,Wednesday,5,8,0,2.9913
2025,2,Wednesday,5,5,1,0.5715
2025,2,Wednesday,17,4,1,109.4965
2025,2,Wednesday,17,8,5,9.9568
2025,2,Wednesday,17,4,0,53.4245
2025,2,Wednesday,17,8,4,77.434
2025,2,Wednesday,17,7,0,17.3085
2025,2,Wednesday,17,6,2,142.8172
2025,2,Wednesday,17,5,3,483.5213
2025,2,Wednesday,17,5,2,44.636
2025,2,Wednesday,17,5,8,20.812
2025,2,Wednesday,17,7,4,109.5007
2025,2,Wednesday,17,1,8,30.7905
2025,2,Wednesday,17,2,3,365.9732
2025,2,Wednesday,17,3,7,199.8092
2025,2,Wednesday,17,1,3,197.9673
2025,2,Wednesday,17,1,4,109.0255
2025,2,Wednesday,17,6,4,286.7878
2025,2,Wednesday,17,0,6,32.5518
2025,2,Wednesday,17,2,4,136.4658
2025,2,Wednesday,17,8,2,41.9657
2025,2,Wednesday,17,7,5,7.1273
2025,2,Wednesday,17,8,0,20.3667
2025,2,Wednesday,17,5,7,8.3132
2025,2,Wednesday,17,6,8,15.7855
2025,2,Wednesday,17,7,6,11.2188
2025,2,Wednesday,17,3,1,531.8795
2025,2,Wednesday,17,4,5,54.6998
2025,2,Wednesday,17,0,2,28.5897
2025,2,Wednesday,17,0,5,6.9202
2025,2,Wednesday,17,4,2,72.026
2025,2,Wednesday,17,0,7,5.26
2025,2,Wednesday,17,4,3,513.2968
2025,2,Wednesday,17,2,7,58.686
2025,2,Wednesday,17,1,7,22.1395
2025,2,Wednesday,17,7,2,44.5703
2025,2,Wednesday,17,1,6,77.92
2025,2,Wednesday,17,3,2,183.5108
2025,2,Wednesday,17,0,3,59.584
2025,2,Wednesday,17,6,0,46.2787
2025,2,Wednesday,17,0,1,81.914
2025,2,Wednesday,17,2,8,40.262
2025,2,Wednesday,17,7,8,1.3938
2025,2,Wednesday,17,6,5,24.1217
2025,2,Wednesday,17,1,2,51.2887
2025,2,Wednesday,17,5,6,28.2985
2025,2,Wednesday,17,2,5,49.3745
2025,2,Wednesday,17,3,0,93.08
2025,2,Wednesday,17,0,4,40.7543
2025,2,Wednesday,17,5,1,73.7297
2025,2,Wednesday,17,7,1,80.5918
2025,2,Wednesday,17,8,1,60.33
2025,2,Wednesday,17,5,4,95.281
2025,2,Wednesday,17,2,0,81.1025
2025,2,Wednesday,17,4,7,58.8483
2025,2,Wednesday,17,6,1,258.5318
2025,2,Wednesday,17,2,6,247.1907
2025,2,Wednesday,17,6,3,1330.1463
2025,2,Wednesday,17,0,8,6.22
2025,2,Wednesday,17,3,8,167.987
2025,2,Wednesday,17,6,7,10.4765
2025,2,Wednesday,17,8,6,38.5265
2025,2,Wednesday,17,3,6,832.0055
2025,2,Wednesday,17,1,0,116.7843
2025,2,Wednesday,17,2,1,157.5433
2025,2,Wednesday,17,7,3,374.575
2025,2,Wednesday,17,8,3,395.8993
2025,2,Wednesday,17,1,5,29.1105
2025,2,Wednesday,17,3,4,577.111
2025,2,Wednesday,17,4,6,140.1765
2025,2,Wednesday,17,3,5,210.9278
2025,2,Wednesday,17,4,8,37.2275
2025,2,Wednesday,17,5,0,21.8792
2025,2,Wednesday,6,0,5,14.4148
2025,2,Wednesday,6,0,2,28.2838
2025,2,Wednesday,6,0,6,18.8003
2025,2,Wednesday,6,6,4,16.4392
2025,2,Wednesday,6,7,6,1.2002
2025,2,Wednesday,6,8,1,17.5887
2025,2,Wednesday,6,4,2,13.2265
2025,2,Wednesday,6,3,2,89.9158
2025,2,Wednesday,6,5,8,0.849
2025,2,Wednesday,6,3,8,121.46
2025,2,Wednesday,6,1,4,11.877
2025,2,Wednesday,6,8,6,0.822
2025,2,Wednesday,6,6,5,5.5463
2025,2,Wednesday,6,1,6,38.9362
2025,2,Wednesday,6,3,7,80.1645
2025,2,Wednesday,6,8,2,22.1812
2025,2,Wednesday,6,2,7,3.8063
2025,2,Wednesday,6,5,7,0.8985
2025,2,Wednesday,6,4,6,19.3388
2025,2,Wednesday,6,5,2,6.7125
2025,2,Wednesday,6,2,8,7.0737
2025,2,Wednesday,6,1,5,16.7503
2025,2,Wednesday,6,7,3,44.6915
2025,2,Wednesday,6,2,5,8.9245
2025,2,Wednesday,6,5,0,2.0325
2025,2,Wednesday,6,7,2,11.1898
2025,2,Wednesday,6,4,7,4.7897
2025,2,Wednesday,6,3,6,247.979
2025,2,Wednesday,6,1,0,34.0025
2025,2,Wednesday,6,4,1,9.271
2025,2,Wednesday,6,0,3,28.8283
2025,2,Wednesday,6,4,5,8.6645
2025,2,Wednesday,6,6,1,45.4207
2025,2,Wednesday,6,8,0,8.062
2025,2,Wednesday,6,0,1,54.8353
2025,2,Wednesday,6,4,0,5.6873
2025,2,Wednesday,6,3,1,49.2245
2025,2,Wednesday,6,4,3,61.6403
2025,2,Wednesday,6,0,8,5.0373
2025,2,Wednesday,6,1,8,5.1947
2025,2,Wednesday,6,3,5,185.1785
2025,2,Wednesday,6,6,3,144.3198
2025,2,Wednesday,6,4,8,7.974
2025,2,Wednesday,6,2,6,16.422
2025,2,Wednesday,6,1,7,11.252
2025,2,Wednesday,6,1,2,14.431
2025,2,Wednesday,6,5,1,5.5952
2025,2,Wednesday,6,5,6,1.7957
2025,2,Wednesday,6,2,4,2.0045
2025,2,Wednesday,6,0,4,13.793
2025,2,Wednesday,6,2,1,6.503
2025,2,Wednesday,6,0,7,6.27
2025,2,Wednesday,6,1,3,64.0455
2025,2,Wednesday,6,8,3,61.42
2025,2,Wednesday,6,5,4,2.2985
2025,2,Wednesday,6,7,0,0.8995
2025,2,Wednesday,6,3,4,128.283
2025,2,Wednesday,6,6,2,44.4473
2025,2,Wednesday,6,6,8,9.797
2025,2,Wednesday,6,5,3,37.8748
2025,2,Wednesday,6,6,0,17.1325
2025,2,Wednesday,6,2,3,21.4208
2025,2,Wednesday,6,8,4,23.434
2025,2,Wednesday,6,7,4,7.8555
2025,2,Wednesday,6,8,5,3.94
2025,2,Wednesday,6,6,7,2.0625
2025,2,Wednesday,6,7,1,6.9577
2025,2,Wednesday,6,2,0,14.4742
2025,2,Wednesday,6,3,0,17.3422
2025,2,Wednesday,18,1,5,16.0028
2025,2,Wednesday,18,6,2,113.236
2025,2,Wednesday,18,2,8,27.8487
2025,2,Wednesday,18,6,3,631.7593
2025,2,Wednesday,18,4,3,337.7333
2025,2,Wednesday,18,1,0,62.58
2025,2,Wednesday,18,8,4,57.2555
2025,2,Wednesday,18,3,0,62.5293
2025,2,Wednesday,18,7,8,0.2705
2025,2,Wednesday,18,3,2,146.4363
2025,2,Wednesday,18,6,5,14.7972
2025,2,Wednesday,18,1,4,74.4418
2025,2,Wednesday,18,3,8,92.2317
2025,2,Wednesday,18,7,4,89.1837
2025,2,Wednesday,18,4,0,37.8022
2025,2,Wednesday,18,8,3,153.4675
2025,2,Wednesday,18,8,6,20.3263
2025,2,Wednesday,18,8,2,21.6472
2025,2,Wednesday,18,7,6,9.9223
2025,2,Wednesday,18,3,7,203.841
2025,2,Wednesday,18,0,5,3.9603
2025,2,Wednesday,18,6,1,194.6088
2025,2,Wednesday,18,0,4,17.8135
2025,2,Wednesday,18,0,7,1.977
2025,2,Wednesday,18,8,1,37.1745
2025,2,Wednesday,18,7,1,50.616
2025,2,Wednesday,18,0,8,4.2838
2025,2,Wednesday,18,8,7,0.8497
2025,2,Wednesday,18,2,3,160.8437
2025,2,Wednesday,18,5,7,3.7493
2025,2,Wednesday,18,4,7,45.3708
2025,2,Wednesday,18,8,0,10.0757
2025,2,Wednesday,18,5,0,19.121
2025,2,Wednesday,18,5,3,223.0213
2025,2,Wednesday,18,7,2,34.4065
2025,2,Wednesday,18,3,5,170.155
2025,2,Wednesday,18,3,1,476.979
2025,2,Wednesday,18,3,6,589.356
2025,2,Wednesday,18,6,0,28.16
2025,2,Wednesday,18,5,4,83.5495
2025,2,Wednesday,18,7,3,159.7358
2025,2,Wednesday,18,5,2,22.607
2025,2,Wednesday,18,5,6,16.9353
2025,2,Wednesday,18,3,4,530.814
2025,2,Wednesday,18,8,5,9.0862
2025,2,Wednesday,18,4,2,63.8825
2025,2,Wednesday,18,1,7,13.9605
2025,2,Wednesday,18,7,0,8.5225
2025,2,Wednesday,18,6,4,235.9735
2025,2,Wednesday,18,4,6,117.1185
2025,2,Wednesday,18,2,6,168.354
2025,2,Wednesday,18,2,1,120.889
2025,2,Wednesday,18,5,1,57.5857
2025,2,Wednesday,18,0,3,25.3972
2025,2,Wednesday,18,0,2,14.8333
2025,2,Wednesday,18,1,2,42.5152
2025,2,Wednesday,18,2,7,53.162
2025,2,Wednesday,18,4,1,113.2678
2025,2,Wednesday,18,1,3,125.7972
2025,2,Wednesday,18,1,8,16.2818
2025,2,Wednesday,18,2,4,103.7625
2025,2,Wednesday,18,6,7,11.6945
2025,2,Wednesday,18,4,8,23.5648
2025,2,Wednesday,18,0,6,15.175
2025,2,Wednesday,18,0,1,73.5215
2025,2,Wednesday,18,2,5,39.9097
2025,2,Wednesday,18,4,5,46.6748
2025,2,Wednesday,18,7,5,6.1403
2025,2,Wednesday,18,6,8,12.8695
2025,2,Wednesday,18,2,0,49.3732
2025,2,Wednesday,18,5,8,15.0768
2025,2,Wednesday,18,1,6,66.824
2025,2,Wednesday,7,3,0,52.7905
2025,2,Wednesday,7,3,6,884.012
2025,2,Wednesday,7,5,4,37.8387
2025,2,Wednesday,7,6,5,15.8537
2025,2,Wednesday,7,8,7,0.3065
2025,2,Wednesday,7,8,1,51.8845
2025,2,Wednesday,7,5,7,3.792
2025,2,Wednesday,7,8,6,6.6138
2025,2,Wednesday,7,7,8,0.8145
2025,2,Wednesday,7,5,8,6.2047
2025,2,Wednesday,7,4,5,37.424
2025,2,Wednesday,7,2,3,75.3362
2025,2,Wednesday,7,5,3,150.7407
2025,2,Wednesday,7,0,3,69.0703
2025,2,Wednesday,7,3,1,179.5668
2025,2,Wednesday,7,6,0,28.359
2025,2,Wednesday,7,3,4,364.1622
2025,2,Wednesday,7,3,7,229.9755
2025,2,Wednesday,7,0,5,34.6865
2025,2,Wednesday,7,0,1,165.4485
2025,2,Wednesday,7,7,4,25.4102
2025,2,Wednesday,7,7,6,4.3997
2025,2,Wednesday,7,4,1,77.14
2025,2,Wednesday,7,2,7,16.38
2025,2,Wednesday,7,1,0,83.985
2025,2,Wednesday,7,0,8,20.384
2025,2,Wednesday,7,1,6,180.7915
2025,2,Wednesday,7,6,3,505.2855
2025,2,Wednesday,7,4,6,78.9145
2025,2,Wednesday,7,3,2,223.248
2025,2,Wednesday,7,1,2,69.236
2025,2,Wednesday,7,7,2,40.2937
2025,2,Wednesday,7,2,5,25.8092
2025,2,Wednesday,7,4,8,23.5737
2025,2,Wednesday,7,0,6,51.2377
2025,2,Wednesday,7,8,4,36.9775
2025,2,Wednesday,7,4,0,14.5535
2025,2,Wednesday,7,7,3,150.5602
2025,2,Wednesday,7,6,8,34.3417
2025,2,Wednesday,7,8,2,43.2555
2025,2,Wednesday,7,6,7,2.06
2025,2,Wednesday,7,1,4,53.9828
2025,2,Wednesday,7,4,7,25.957
2025,2,Wednesday,7,5,0,3.8085
2025,2,Wednesday,7,8,0,6.231
2025,2,Wednesday,7,5,6,6.686
2025,2,Wednesday,7,0,4,53.4755
2025,2,Wednesday,7,0,7,17.8093
2025,2,Wednesday,7,4,3,264.7385
2025,2,Wednesday,7,1,3,281.494
2025,2,Wednesday,7,1,8,52.5568
2025,2,Wednesday,7,4,2,44.873
2025,2,Wednesday,7,2,4,26.4293
2025,2,Wednesday,7,2,0,14.5333
2025,2,Wednesday,7,5,1,44.4845
2025,2,Wednesday,7,7,0,3.5665
2025,2,Wednesday,7,6,2,123.8087
2025,2,Wednesday,7,7,1,21.2907
2025,2,Wednesday,7,8,5,12.702
2025,2,Wednesday,7,6,1,90.7283
2025,2,Wednesday,7,8,3,126.777
2025,2,Wednesday,7,3,5,444.0162
2025,2,Wednesday,7,6,4,48.29
2025,2,Wednesday,7,2,1,32.8452
2025,2,Wednesday,7,1,7,48.4387
2025,2,Wednesday,7,1,5,63.1303
2025,2,Wednesday,7,0,2,74.4737
2025,2,Wednesday,7,7,5,1.7627
2025,2,Wednesday,7,2,6,60.6835
2025,2,Wednesday,7,2,8,24.014
2025,2,Wednesday,7,5,2,28.868
2025,2,Wednesday,7,3,8,373.565
2025,2,Wednesday,19,0,6,9.4705
2025,2,Wednesday,19,2,6,56.1748
2025,2,Wednesday,19,7,4,36.1703
2025,2,Wednesday,19,8,4,21.6485
2025,2,Wednesday,19,1,4,42.5898
2025,2,Wednesday,19,5,6,12.6785
2025,2,Wednesday,19,5,4,35.896
2025,2,Wednesday,19,6,1,88.19
2025,2,Wednesday,19,4,2,38.2165
2025,2,Wednesday,19,1,8,9.3788
2025,2,Wednesday,19,2,7,23.765
2025,2,Wednesday,19,0,3,10.5308
2025,2,Wednesday,19,6,0,15.6255
2025,2,Wednesday,19,8,5,2.3072
2025,2,Wednesday,19,1,0,41.9312
2025,2,Wednesday,19,6,3,245.508
2025,2,Wednesday,19,8,2,8.92
2025,2,Wednesday,19,4,5,33.0062
2025,2,Wednesday,19,3,0,33.977
2025,2,Wednesday,19,6,5,15.5735
2025,2,Wednesday,19,1,6,34.9155
2025,2,Wednesday,19,0,8,5.7418
2025,2,Wednesday,19,2,4,50.3525
2025,2,Wednesday,19,6,4,99.1842
2025,2,Wednesday,19,7,6,4.8965
2025,2,Wednesday,19,7,5,2.057
2025,2,Wednesday,19,4,1,76.354
2025,2,Wednesday,19,2,0,30.9372
2025,2,Wednesday,19,3,1,228.2577
2025,2,Wednesday,19,5,8,3.4095
2025,2,Wednesday,19,8,0,5.6505
2025,2,Wednesday,19,5,0,7.379
2025,2,Wednesday,19,3,2,65.177
2025,2,Wednesday,19,3,5,91.6492
2025,2,Wednesday,19,1,2,18.3382
2025,2,Wednesday,19,4,7,25.7745
2025,2,Wednesday,19,8,1,11.8482
2025,2,Wednesday,19,8,6,9.4545
2025,2,Wednesday,19,6,8,5.7907
2025,2,Wednesday,19,3,6,298.05
2025,2,Wednesday,19,3,4,271.9575
2025,2,Wednesday,19,7,0,4.0553
2025,2,Wednesday,19,0,1,45.2337
2025,2,Wednesday,19,0,5,2.3442
2025,2,Wednesday,19,2,1,63.155
2025,2,Wednesday,19,1,5,14.091
2025,2,Wednesday,19,4,6,72.838
2025,2,Wednesday,19,0,7,1.7423
2025,2,Wednesday,19,4,8,12.0355
2025,2,Wednesday,19,5,7,2.3635
2025,2,Wednesday,19,7,2,13.364
2025,2,Wednesday,19,3,8,48.3405
2025,2,Wednesday,19,6,7,7.8972
2025,2,Wednesday,19,2,8,12.541
2025,2,Wednesday,19,6,2,39.959
2025,2,Wednesday,19,1,7,8.488
2025,2,Wednesday,19,5,3,103.261
2025,2,Wednesday,19,5,2,12.568
2025,2,Wednesday,19,2,5,19.7817
2025,2,Wednesday,19,0,2,8.3855
2025,2,Wednesday,19,7,1,17.0633
2025,2,Wednesday,19,5,1,23.7317
2025,2,Wednesday,19,7,3,60.784
2025,2,Wednesday,19,8,3,59.8512
2025,2,Wednesday,19,0,4,12.1907
2025,2,Wednesday,19,4,3,198.116
2025,2,Wednesday,19,3,7,106.4747
2025,2,Wednesday,19,1,3,66.5268
2025,2,Wednesday,19,4,0,30.5075
2025,2,Wednesday,19,2,3,88.9295
2025,2,Wednesday,8,0,7,23.959
2025,2,Wednesday,8,2,0,25.9628
2025,2,Wednesday,8,4,5,80.9913
2025,2,Wednesday,8,5,8,9.1297
2025,2,Wednesday,8,1,6,365.7315
2025,2,Wednesday,8,7,1,23.2308
2025,2,Wednesday,8,6,4,125.9267
2025,2,Wednesday,8,3,6,1658.6078
2025,2,Wednesday,8,2,3,142.9375
2025,2,Wednesday,8,7,5,14.8493
2025,2,Wednesday,8,4,2,105.0945
2025,2,Wednesday,8,4,6,252.968
2025,2,Wednesday,8,8,0,9.2365
2025,2,Wednesday,8,8,6,19.4377
2025,2,Wednesday,8,6,1,111.0435
2025,2,Wednesday,8,1,2,155.257
2025,2,Wednesday,8,3,4,650.954
2025,2,Wednesday,8,7,4,86.6095
2025,2,Wednesday,8,0,3,124.3367
2025,2,Wednesday,8,4,0,19.4778
2025,2,Wednesday,8,0,2,95.2055
2025,2,Wednesday,8,0,6,59.1615
2025,2,Wednesday,8,0,8,28.7775
2025,2,Wednesday,8,5,3,272.845
2025,2,Wednesday,8,3,2,330.2053
2025,2,Wednesday,8,0,1,169.5658
2025,2,Wednesday,8,5,1,31.1985
2025,2,Wednesday,8,8,4,43.1402
2025,2,Wednesday,8,1,0,81.449
2025,2,Wednesday,8,3,5,547.9627
2025,2,Wednesday,8,2,8,58.0425
2025,2,Wednesday,8,0,4,67.2243
2025,2,Wednesday,8,6,2,259.1127
2025,2,Wednesday,8,6,5,21.1438
2025,2,Wednesday,8,5,0,7.0618
2025,2,Wednesday,8,4,1,58.1045
2025,2,Wednesday,8,0,5,45.401
2025,2,Wednesday,8,8,1,58.409
2025,2,Wednesday,8,8,2,55.5167
2025,2,Wednesday,8,7,6,4.0803
2025,2,Wednesday,8,4,3,495.2037
2025,2,Wednesday,8,5,2,64.7775
2025,2,Wednesday,8,6,3,1148.679
2025,2,Wednesday,8,7,2,91.067
2025,2,Wednesday,8,3,1,202.5545
2025,2,Wednesday,8,8,5,22.683
2025,2,Wednesday,8,1,7,90.7217
2025,2,Wednesday,8,8,3,225.464
2025,2,Wednesday,8,5,7,8.632
2025,2,Wednesday,8,3,8,490.3675
2025,2,Wednesday,8,4,8,62.181
2025,2,Wednesday,8,6,0,33.6683
2025,2,Wednesday,8,3,7,465.9213
2025,2,Wednesday,8,8,7,1.4963
2025,2,Wednesday,8,2,7,56.8005
2025,2,Wednesday,8,1,5,100.0342
2025,2,Wednesday,8,1,4,140.2638
2025,2,Wednesday,8,3,0,49.0293
2025,2,Wednesday,8,2,6,172.9702
2025,2,Wednesday,8,7,0,4.347
2025,2,Wednesday,8,1,3,786.2062
2025,2,Wednesday,8,7,3,369.4158
2025,2,Wednesday,8,6,7,3.2105
2025,2,Wednesday,8,1,8,80.4105
2025,2,Wednesday,8,7,8,0.2918
2025,2,Wednesday,8,5,4,57.003
2025,2,Wednesday,8,6,8,35.3977
2025,2,Wednesday,8,2,5,41.3758
2025,2,Wednesday,8,4,7,78.2015
2025,2,Wednesday,8,2,4,55.2502
2025,2,Wednesday,8,5,6,16.894
2025,2,Wednesday,8,2,1,44.9952
2025,2,Wednesday,20,8,0,3.742
2025,2,Wednesday,20,4,0,22.0347
2025,2,Wednesday,20,4,1,54.908
2025,2,Wednesday,20,5,1,19.9837
2025,2,Wednesday,20,0,2,1.8023
2025,2,Wednesday,20,2,1,39.8635
2025,2,Wednesday,20,5,6,7.2983
2025,2,Wednesday,20,6,7,2.679
2025,2,Wednesday,20,3,0,27.9488
2025,2,Wednesday,20,0,1,13.1133
2025,2,Wednesday,20,1,3,46.8955
2025,2,Wednesday,20,7,4,16.1128
2025,2,Wednesday,20,7,0,5.485
2025,2,Wednesday,20,3,8,22.1922
2025,2,Wednesday,20,1,6,20.668
2025,2,Wednesday,20,6,1,33.02
2025,2,Wednesday,20,4,6,58.833
2025,2,Wednesday,20,7,1,8.3865
2025,2,Wednesday,20,2,8,11.7953
2025,2,Wednesday,20,1,0,25.4942
2025,2,Wednesday,20,5,4,23.2832
2025,2,Wednesday,20,3,4,137.407
2025,2,Wednesday,20,3,2,34.967
2025,2,Wednesday,20,8,1,11.228
2025,2,Wednesday,20,4,8,13.4092
2025,2,Wednesday,20,8,3,28.1562
2025,2,Wednesday,20,5,0,6.6098
2025,2,Wednesday,20,1,2,15.2143
2025,2,Wednesday,20,1,7,6.876
2025,2,Wednesday,20,8,7,0.2693
2025,2,Wednesday,20,7,2,8.3933
2025,2,Wednesday,20,6,8,4.9082
2025,2,Wednesday,20,8,6,4.964
2025,2,Wednesday,20,3,5,36.7602
2025,2,Wednesday,20,8,5,1.4593
2025,2,Wednesday,20,2,0,24.281
2025,2,Wednesday,20,4,3,171.122
2025,2,Wednesday,20,5,8,3.484
2025,2,Wednesday,20,2,4,19.8677
2025,2,Wednesday,20,8,2,3.517
2025,2,Wednesday,20,2,3,52.681
2025,2,Wednesday,20,3,6,147.8048
2025,2,Wednesday,20,6,5,5.8585
2025,2,Wednesday,20,0,3,11.669
2025,2,Wednesday,20,6,4,42.765
2025,2,Wednesday,20,6,2,20.3575
2025,2,Wednesday,20,1,8,9.445
2025,2,Wednesday,20,7,5,0.574
2025,2,Wednesday,20,4,7,16.6338
2025,2,Wednesday,20,0,8,3.1875
2025,2,Wednesday,20,4,2,33.1442
2025,2,Wednesday,20,7,3,30.7888
2025,2,Wednesday,20,6,0,8.728
2025,2,Wednesday,20,6,3,115.3555
2025,2,Wednesday,20,1,4,25.6753
2025,2,Wednesday,20,5,2,8.159
2025,2,Wednesday,20,2,7,13.527
2025,2,Wednesday,20,3,7,58.5205
2025,2,Wednesday,20,2,5,10.6675
2025,2,Wednesday,20,0,4,14.5055
2025,2,Wednesday,20,7,6,3.1633
2025,2,Wednesday,20,1,5,8.3065
2025,2,Wednesday,20,4,5,18.2815
2025,2,Wednesday,20,0,5,1.7698
2025,2,Wednesday,20,8,4,6.1922
2025,2,Wednesday,20,2,6,25.016
2025,2,Wednesday,20,3,1,118.56
2025,2,Wednesday,20,5,7,2.0615
2025,2,Wednesday,20,5,3,64.8387
2025,2,Wednesday,20,0,7,1.3875
2025,2,Wednesday,20,0,6,6.7362
2025,2,Wednesday,9,8,2,38.784
2025,2,Wednesday,9,0,3,81.3755
2025,2,Wednesday,9,4,2,82.2487
2025,2,Wednesday,9,6,5,19.9755
2025,2,Wednesday,9,8,0,6.4632
2025,2,Wednesday,9,0,1,94.338
2025,2,Wednesday,9,5,1,18.2467
2025,2,Wednesday,9,5,4,58.1615
2025,2,Wednesday,9,6,4,85.4392
2025,2,Wednesday,9,5,3,149.3045
2025,2,Wednesday,9,2,5,29.6878
2025,2,Wednesday,9,6,2,200.635
2025,2,Wednesday,9,0,7,8.3358
2025,2,Wednesday,9,7,5,16.0448
2025,2,Wednesday,9,4,3,319.3982
2025,2,Wednesday,9,0,6,22.0018
2025,2,Wednesday,9,7,3,159.545
2025,2,Wednesday,9,7,1,11.7387
2025,2,Wednesday,9,6,3,588.9108
2025,2,Wednesday,9,2,6,78.518
2025,2,Wednesday,9,3,8,196.6225
2025,2,Wednesday,9,2,3,117.793
2025,2,Wednesday,9,5,8,3.3498
2025,2,Wednesday,9,7,0,1.813
2025,2,Wednesday,9,0,5,25.9915
2025,2,Wednesday,9,1,3,422.384
2025,2,Wednesday,9,6,1,62.396
2025,2,Wednesday,9,4,5,44.009
2025,2,Wednesday,9,3,6,766.317
2025,2,Wednesday,9,4,6,133.872
2025,2,Wednesday,9,1,8,35.958
2025,2,Wednesday,9,4,0,10.2933
2025,2,Wednesday,9,4,1,56.4605
2025,2,Wednesday,9,4,8,43.1573
2025,2,Wednesday,9,8,1,25.34
2025,2,Wednesday,9,4,7,58.596
2025,2,Wednesday,9,3,7,213.3765
2025,2,Wednesday,9,3,0,23.8603
2025,2,Wednesday,9,8,3,108.7522
2025,2,Wednesday,9,1,4,83.9307
2025,2,Wednesday,9,1,2,125.2615
2025,2,Wednesday,9,0,2,70.6977
2025,2,Wednesday,9,1,6,124.9655
2025,2,Wednesday,9,0,4,42.6845
2025,2,Wednesday,9,8,6,11.1315
2025,2,Wednesday,9,5,0,5.1767
2025,2,Wednesday,9,2,0,11.9287
2025,2,Wednesday,9,5,7,6.692
2025,2,Wednesday,9,2,8,21.906
2025,2,Wednesday,9,8,4,27.6682
2025,2,Wednesday,9,7,6,6.1287
2025,2,Wednesday,9,6,7,3.0108
2025,2,Wednesday,9,1,7,44.8685
2025,2,Wednesday,9,1,5,54.7327
2025,2,Wednesday,9,3,2,244.0438
2025,2,Wednesday,9,2,4,52.8687
2025,2,Wednesday,9,2,7,29.6217
2025,2,Wednesday,9,0,8,11.6667
2025,2,Wednesday,9,7,2,41.4805
2025,2,Wednesday,9,5,6,13.573
2025,2,Wednesday,9,8,7,1.2605
2025,2,Wednesday,9,3,4,451.9668
2025,2,Wednesday,9,1,0,29.5535
2025,2,Wednesday,9,5,2,44.5442
2025,2,Wednesday,9,7,8,0.55
2025,2,Wednesday,9,8,5,25.9393
2025,2,Wednesday,9,7,4,47.3558
2025,2,Wednesday,9,3,5,333.655
2025,2,Wednesday,9,6,8,27.7373
2025,2,Wednesday,9,2,1,24.9083
2025,2,Wednesday,9,6,0,17.3668
2025,2,Wednesday,9,3,1,123.8033
2025,2,Wednesday,21,2,4,12.8525
2025,2,Wednesday,21,8,6,4.0237
2025,2,Wednesday,21,5,1,7.2547
2025,2,Wednesday,21,1,0,22.0455
2025,2,Wednesday,21,8,2,3.153
2025,2,Wednesday,21,0,7,2.1808
2025,2,Wednesday,21,4,8,8.6472
2025,2,Wednesday,21,0,8,1.7855
2025,2,Wednesday,21,8,4,4.684
2025,2,Wednesday,21,1,7,3.4737
2025,2,Wednesday,21,2,7,6.1805
2025,2,Wednesday,21,7,1,8.427
2025,2,Wednesday,21,4,2,22.6565
2025,2,Wednesday,21,4,7,16.1035
2025,2,Wednesday,21,5,8,0.8912
2025,2,Wednesday,21,2,6,16.8257
2025,2,Wednesday,21,0,2,2.8458
2025,2,Wednesday,21,8,3,12.4168
2025,2,Wednesday,21,4,0,18.9555
2025,2,Wednesday,21,2,0,12.1265
2025,2,Wednesday,21,4,1,51.2845
2025,2,Wednesday,21,3,1,72.1723
2025,2,Wednesday,21,3,8,22.7175
2025,2,Wednesday,21,3,4,63.7408
2025,2,Wednesday,21,6,7,0.5802
2025,2,Wednesday,21,1,2,10.486
2025,2,Wednesday,21,5,4,9.499
2025,2,Wednesday,21,5,2,6.779
2025,2,Wednesday,21,8,1,4.5643
2025,2,Wednesday,21,1,5,4.3205
2025,2,Wednesday,21,7,5,1.751
2025,2,Wednesday,21,5,6,1.4692
2025,2,Wednesday,21,7,6,1.959
2025,2,Wednesday,21,4,5,12.6347
2025,2,Wednesday,21,3,6,76.088
2025,2,Wednesday,21,6,3,52.8078
2025,2,Wednesday,21,4,6,42.589
2025,2,Wednesday,21,6,2,8.452
2025,2,Wednesday,21,8,0,0.2833
2025,2,Wednesday,21,5,7,0.2845
2025,2,Wednesday,21,8,5,0.56
2025,2,Wednesday,21,1,3,30.249
2025,2,Wednesday,21,2,3,33.8495
2025,2,Wednesday,21,4,3,106.763
2025,2,Wednesday,21,1,8,5.7805
2025,2,Wednesday,21,2,8,7.5392
2025,2,Wednesday,21,3,7,27.9193
2025,2,Wednesday,21,0,5,1.062
2025,2,Wednesday,21,7,4,10.3227
2025,2,Wednesday,21,3,2,32.2452
2025,2,Wednesday,21,1,6,15.0212
2025,2,Wednesday,21,0,3,7.5508
2025,2,Wednesday,21,2,1,18.9358
2025,2,Wednesday,21,3,0,22.8828
2025,2,Wednesday,21,0,6,4.7363
2025,2,Wednesday,21,6,8,2.1425
2025,2,Wednesday,21,6,0,5.7935
2025,2,Wednesday,21,7,2,4.8572
2025,2,Wednesday,21,0,1,10.1368
2025,2,Wednesday,21,1,4,18.3142
2025,2,Wednesday,21,6,5,1.6882
2025,2,Wednesday,21,7,3,19.0122
2025,2,Wednesday,21,6,4,19.759
2025,2,Wednesday,21,5,0,6.5855
2025,2,Wednesday,21,7,0,2.3292
2025,2,Wednesday,21,5,3,31.1493
2025,2,Wednesday,21,6,1,20.699
2025,2,Wednesday,21,3,5,22.1157
2025,2,Wednesday,21,0,4,6.4675
2025,2,Wednesday,21,2,5,4.1933
2025,2,Wednesday,10,6,7,4.9013
2025,2,Wednesday,10,5,0,8.392
2025,2,Wednesday,10,3,5,140.7728
2025,2,Wednesday,10,5,8,12.7567
2025,2,Wednesday,10,8,2,24.9092
2025,2,Wednesday,10,0,6,18.0777
2025,2,Wednesday,10,1,6,48.3883
2025,2,Wednesday,10,1,8,13.6565
2025,2,Wednesday,10,7,5,8.083
2025,2,Wednesday,10,4,8,20.9855
2025,2,Wednesday,10,2,7,13.3105
2025,2,Wednesday,10,4,6,61.9808
2025,2,Wednesday,10,1,3,176.7543
2025,2,Wednesday,10,3,7,80.241
2025,2,Wednesday,10,6,5,12.0822
2025,2,Wednesday,10,3,4,216.3215
2025,2,Wednesday,10,8,5,16.339
2025,2,Wednesday,10,5,2,22.1165
2025,2,Wednesday,10,7,1,11.924
2025,2,Wednesday,10,4,0,12.0488
2025,2,Wednesday,10,7,3,82.3455
2025,2,Wednesday,10,2,0,10.696
2025,2,Wednesday,10,0,5,16.3413
2025,2,Wednesday,10,1,0,21.002
2025,2,Wednesday,10,3,0,20.2273
2025,2,Wednesday,10,6,8,10.2113
2025,2,Wednesday,10,4,1,38.4118
2025,2,Wednesday,10,7,6,5.1378
2025,2,Wednesday,10,5,1,19.8422
2025,2,Wednesday,10,0,3,44.2373
2025,2,Wednesday,10,4,2,50.5842
2025,2,Wednesday,10,7,4,25.9327
2025,2,Wednesday,10,6,2,53.5705
2025,2,Wednesday,10,5,3,99.8217
2025,2,Wednesday,10,7,0,2.4068
2025,2,Wednesday,10,3,1,85.9687
2025,2,Wednesday,10,8,6,10.784
2025,2,Wednesday,10,2,5,16.5525
2025,2,Wednesday,10,2,4,38.3952
2025,2,Wednesday,10,2,6,51.9647
2025,2,Wednesday,10,5,7,15.8105
2025,2,Wednesday,10,1,4,64.5858
2025,2,Wednesday,10,4,7,22.6547
2025,2,Wednesday,10,8,4,24.5187
2025,2,Wednesday,10,8,0,6.161
2025,2,Wednesday,10,6,4,67.9808
2025,2,Wednesday,10,0,1,54.14
2025,2,Wednesday,10,1,5,29.1927
2025,2,Wednesday,10,1,7,15.5447
2025,2,Wednesday,10,3,2,129.9362
2025,2,Wednesday,10,5,6,14.6927
2025,2,Wednesday,10,6,0,10.6845
2025,2,Wednesday,10,0,8,7.1313
2025,2,Wednesday,10,2,3,87.7505
2025,2,Wednesday,10,8,1,12.6815
2025,2,Wednesday,10,5,4,40.8212
2025,2,Wednesday,10,2,8,17.3882
2025,2,Wednesday,10,4,3,141.6097
2025,2,Wednesday,10,0,7,5.801
2025,2,Wednesday,10,0,2,41.6078
2025,2,Wednesday,10,3,6,245.4232
2025,2,Wednesday,10,2,1,33.8103
2025,2,Wednesday,10,6,1,34.0423
2025,2,Wednesday,10,6,3,222.3882
2025,2,Wednesday,10,4,5,27.7608
2025,2,Wednesday,10,8,3,63.8357
2025,2,Wednesday,10,1,2,70.9492
2025,2,Wednesday,10,7,2,22.072
2025,2,Wednesday,10,0,4,27.9365
2025,2,Wednesday,10,3,8,81.5352
2025,2,Wednesday,22,1,4,9.4038
2025,2,Wednesday,22,4,0,15.9088
2025,2,Wednesday,22,2,0,9.9255
2025,2,Wednesday,22,6,4,15.6445
2025,2,Wednesday,22,6,2,7.0148
2025,2,Wednesday,22,4,1,26.3088
2025,2,Wednesday,22,4,6,30.769
2025,2,Wednesday,22,8,4,3.9763
2025,2,Wednesday,22,5,0,2.7877
2025,2,Wednesday,22,0,4,1.3442
2025,2,Wednesday,22,8,0,1.7183
2025,2,Wednesday,22,8,3,11.666
2025,2,Wednesday,22,1,7,1.6847
2025,2,Wednesday,22,1,5,3.7053
2025,2,Wednesday,22,5,3,12.6003
2025,2,Wednesday,22,8,6,1.1118
2025,2,Wednesday,22,6,1,6.0565
2025,2,Wednesday,22,3,0,14.9203
2025,2,Wednesday,22,0,8,1.0138
2025,2,Wednesday,22,1,2,2.584
2025,2,Wednesday,22,0,7,0.3307
2025,2,Wednesday,22,3,2,16.9982
2025,2,Wednesday,22,2,5,2.5393
2025,2,Wednesday,22,0,2,2.3692
2025,2,Wednesday,22,4,2,14.424
2025,2,Wednesday,22,6,0,5.2067
2025,2,Wednesday,22,1,8,3.9827
2025,2,Wednesday,22,7,5,0.8142
2025,2,Wednesday,22,7,3,20.075
2025,2,Wednesday,22,8,1,3.1518
2025,2,Wednesday,22,3,6,38.726
2025,2,Wednesday,22,0,1,3.7737
2025,2,Wednesday,22,5,4,7.9323
2025,2,Wednesday,22,2,4,7.922
2025,2,Wednesday,22,3,8,19.8228
2025,2,Wednesday,22,3,5,9.3877
2025,2,Wednesday,22,5,1,7.3168
2025,2,Wednesday,22,4,3,75.754
2025,2,Wednesday,22,5,8,0.5515
2025,2,Wednesday,22,1,0,13.3567
2025,2,Wednesday,22,5,2,3.6785
2025,2,Wednesday,22,4,8,4.8375
2025,2,Wednesday,22,3,4,33.5533
2025,2,Wednesday,22,2,8,3.9683
2025,2,Wednesday,22,6,7,1.217
2025,2,Wednesday,22,8,5,0.2887
2025,2,Wednesday,22,1,6,10.5463
2025,2,Wednesday,22,6,8,1.9812
2025,2,Wednesday,22,7,1,7.9748
2025,2,Wednesday,22,5,6,2.316
2025,2,Wednesday,22,7,4,5.4878
2025,2,Wednesday,22,7,0,3.1603
2025,2,Wednesday,22,6,5,0.2865
2025,2,Wednesday,22,8,2,1.1918
2025,2,Wednesday,22,2,7,3.3165
2025,2,Wednesday,22,4,5,9.6983
2025,2,Wednesday,22,7,2,2.8707
2025,2,Wednesday,22,5,7,0.588
2025,2,Wednesday,22,6,3,36.07
2025,2,Wednesday,22,7,6,2.3025
2025,2,Wednesday,22,2,1,10.6303
2025,2,Wednesday,22,2,6,14.401
2025,2,Wednesday,22,0,6,2.0887
2025,2,Wednesday,22,3,7,14.923
2025,2,Wednesday,22,0,5,1.6925
2025,2,Wednesday,22,3,1,30.6882
2025,2,Wednesday,22,0,3,7.1575
2025,2,Wednesday,22,1,3,15.5958
2025,2,Wednesday,22,4,7,11.613
2025,2,Wednesday,22,2,3,16.8355
2025,2,Wednesday,11,0,2,25.197
2025,2,Wednesday,11,5,4,46.7127
2025,2,Wednesday,11,8,1,12.1915
2025,2,Wednesday,11,6,4,78.4585
2025,2,Wednesday,11,5,2,26.6105
2025,2,Wednesday,11,6,0,8.9497
2025,2,Wednesday,11,4,1,47.551
2025,2,Wednesday,11,2,8,10.4877
2025,2,Wednesday,11,0,8,3.927
2025,2,Wednesday,11,2,6,34.032
2025,2,Wednesday,11,3,2,113.1017
2025,2,Wednesday,11,1,2,52.5525
2025,2,Wednesday,11,7,2,14.997
2025,2,Wednesday,11,7,0,2.999
2025,2,Wednesday,11,3,0,20.6475
2025,2,Wednesday,11,0,6,15.248
2025,2,Wednesday,11,6,3,180.9862
2025,2,Wednesday,11,2,5,12.9557
2025,2,Wednesday,11,2,3,81.3887
2025,2,Wednesday,11,3,7,60.6837
2025,2,Wednesday,11,1,0,17.6557
2025,2,Wednesday,11,8,6,14.3133
2025,2,Wednesday,11,8,5,17.6713
2025,2,Wednesday,11,4,0,10.522
2025,2,Wednesday,11,5,3,92.129
2025,2,Wednesday,11,3,4,200.6605
2025,2,Wednesday,11,6,2,38.1412
2025,2,Wednesday,11,1,5,21.4177
2025,2,Wednesday,11,3,5,80.8647
2025,2,Wednesday,11,3,1,86.12
2025,2,Wednesday,11,5,1,22.7343
2025,2,Wednesday,11,7,3,63.3302
2025,2,Wednesday,11,2,4,47.06
2025,2,Wednesday,11,6,7,4.5023
2025,2,Wednesday,11,0,4,28.7752
2025,2,Wednesday,11,5,6,17.917
2025,2,Wednesday,11,5,8,15.2892
2025,2,Wednesday,11,7,6,4.1455
2025,2,Wednesday,11,8,2,15.5288
2025,2,Wednesday,11,8,7,0.2928
2025,2,Wednesday,11,4,2,43.3168
2025,2,Wednesday,11,6,8,10.6517
2025,2,Wednesday,11,8,3,56.0218
2025,2,Wednesday,11,5,0,11.236
2025,2,Wednesday,11,1,7,13.6037
2025,2,Wednesday,11,5,7,10.3482
2025,2,Wednesday,11,8,4,26.3003
2025,2,Wednesday,11,0,3,40.8737
2025,2,Wednesday,11,1,3,117.6317
2025,2,Wednesday,11,7,5,6.9625
2025,2,Wednesday,11,4,5,28.7228
2025,2,Wednesday,11,1,6,41.6477
2025,2,Wednesday,11,0,1,42.7805
2025,2,Wednesday,11,4,7,20.6777
2025,2,Wednesday,11,4,6,62.3925
2025,2,Wednesday,11,2,7,17.298
2025,2,Wednesday,11,7,4,36.641
2025,2,Wednesday,11,4,8,19.4602
2025,2,Wednesday,11,2,1,51.024
2025,2,Wednesday,11,2,0,14.1725
2025,2,Wednesday,11,6,1,30.3115
2025,2,Wednesday,11,8,0,3.9385
2025,2,Wednesday,11,6,5,17.2702
2025,2,Wednesday,11,0,7,4.9392
2025,2,Wednesday,11,3,8,72.55
2025,2,Wednesday,11,0,5,14.8312
2025,2,Wednesday,11,1,4,59.1935
2025,2,Wednesday,11,7,1,10.2937
2025,2,Wednesday,11,3,6,179.1017
2025,2,Wednesday,11,1,8,10.2683
2025,2,Wednesday,11,4,3,133.5758
2025,2,Wednesday,23,8,2,0.8945
2025,2,Wednesday,23,5,8,1.2905
2025,2,Wednesday,23,2,6,5.0575
2025,2,Wednesday,23,7,4,1.4255
2025,2,Wednesday,23,8,6,1.1423
2025,2,Wednesday,23,4,3,38.2485
2025,2,Wednesday,23,5,4,2.4083
2025,2,Wednesday,23,1,4,4.5498
2025,2,Wednesday,23,7,2,1.437
2025,2,Wednesday,23,5,2,1.4557
2025,2,Wednesday,23,2,5,0.2862
2025,2,Wednesday,23,2,8,5.0292
2025,2,Wednesday,23,7,5,0.2833
2025,2,Wednesday,23,6,3,18.0248
2025,2,Wednesday,23,5,6,1.7395
2025,2,Wednesday,23,3,2,6.8462
2025,2,Wednesday,23,2,1,2.256
2025,2,Wednesday,23,1,0,10.6488
2025,2,Wednesday,23,3,7,4.385
2025,2,Wednesday,23,7,3,7.1073
2025,2,Wednesday,23,5,3,12.7975
2025,2,Wednesday,23,4,1,10.2747
2025,2,Wednesday,23,3,6,19.698
2025,2,Wednesday,23,0,2,2.8543
2025,2,Wednesday,23,4,5,4.8782
2025,2,Wednesday,23,7,0,2.269
2025,2,Wednesday,23,6,8,1.11
2025,2,Wednesday,23,5,0,1.963
2025,2,Wednesday,23,8,5,0.5855
2025,2,Wednesday,23,0,1,3.163
2025,2,Wednesday,23,8,3,6.128
2025,2,Wednesday,23,2,4,4.4045
2025,2,Wednesday,23,5,7,0.6155
2025,2,Wednesday,23,2,3,12.041
2025,2,Wednesday,23,4,7,4.6005
2025,2,Wednesday,23,1,5,0.8593
2025,2,Wednesday,23,1,7,1.1425
2025,2,Wednesday,23,6,2,2.6068
2025,2,Wednesday,23,1,8,3.1307
2025,2,Wednesday,23,0,8,1.279
2025,2,Wednesday,23,8,4,1.1835
2025,2,Wednesday,23,1,2,1.4242
2025,2,Wednesday,23,2,7,0.8568
2025,2,Wednesday,23,0,6,2.5335
2025,2,Wednesday,23,3,8,11.6712
2025,2,Wednesday,23,6,0,4.2488
2025,2,Wednesday,23,5,1,2.002
2025,2,Wednesday,23,3,0,12.139
2025,2,Wednesday,23,0,4,2.2455
2025,2,Wednesday,23,1,6,5.6898
2025,2,Wednesday,23,3,4,13.3412
2025,2,Wednesday,23,6,4,1.9925
2025,2,Wednesday,23,0,5,0.651
2025,2,Wednesday,23,7,6,0.8725
2025,2,Wednesday,23,4,2,6.5845
2025,2,Wednesday,23,6,1,6.0485
2025,2,Wednesday,23,6,7,0.2845
2025,2,Wednesday,23,0,3,3.1905
2025,2,Wednesday,23,3,5,5.8767
2025,2,Wednesday,23,3,1,11.486
2025,2,Wednesday,23,6,5,1.6863
2025,2,Wednesday,23,4,8,4.5715
2025,2,Wednesday,23,4,6,9.6978
2025,2,Wednesday,23,2,0,7.3537
2025,2,Wednesday,23,7,1,1.4293
2025,2,Wednesday,23,8,1,0.297
2025,2,Wednesday,23,4,0,12.5085
2025,2,Wednesday,23,1,3,11.678
2025,2,Wednesday,23,8,0,0.9022
2025,2,Wednesday,0,3,5,2.6917
2025,2,Wednesday,0,4,5,0.5825
2025,2,Wednesday,0,8,1,0.544
2025,2,Wednesday,0,5,1,1.2165
2025,2,Wednesday,0,3,1,4.1587
2025,2,Wednesday,0,1,7,0.2975
2025,2,Wednesday,0,1,3,0.885
2025,2,Wednesday,0,7,2,0.6
2025,2,Wednesday,0,5,0,0.638
2025,2,Wednesday,0,0,1,1.3555
2025,2,Wednesday,0,3,8,8.6298
2025,2,Wednesday,0,2,4,0.865
2025,2,Wednesday,0,6,3,7.0365
2025,2,Wednesday,0,5,3,4.8753
2025,2,Wednesday,0,4,6,5.531
2025,2,Wednesday,0,0,3,0.6527
2025,2,Wednesday,0,2,6,1.1763
2025,2,Wednesday,0,4,0,4.1045
2025,2,Wednesday,0,2,8,5.1638
2025,2,Wednesday,0,4,8,3.7898
2025,2,Wednesday,0,2,1,1.4663
2025,2,Wednesday,0,5,4,0.8892
2025,2,Wednesday,0,7,1,2.3188
2025,2,Wednesday,0,0,2,0.6445
2025,2,Wednesday,0,6,5,0.5525
2025,2,Wednesday,0,6,8,0.3063
2025,2,Wednesday,0,0,5,0.6445
2025,2,Wednesday,0,8,3,3.1085
2025,2,Wednesday,0,6,0,0.9127
2025,2,Wednesday,0,4,7,1.7102
2025,2,Wednesday,0,3,6,9.6095
2025,2,Wednesday,0,7,6,0.5345
2025,2,Wednesday,0,8,2,0.2808
2025,2,Wednesday,0,1,8,1.171
2025,2,Wednesday,0,1,4,1.1642
2025,2,Wednesday,0,2,0,3.448
2025,2,Wednesday,0,4,3,9.7195
2025,2,Wednesday,0,7,3,3.1683
2025,2,Wednesday,0,2,5,0.3
2025,2,Wednesday,0,3,0,6.217
2025,2,Wednesday,0,4,2,1.174
2025,2,Wednesday,0,2,3,2.8933
2025,2,Wednesday,0,1,2,1.753
2025,2,Wednesday,0,6,4,1.4875
2025,2,Wednesday,0,8,6,0.2808
2025,2,Wednesday,0,4,1,5.2788
2025,2,Wednesday,0,6,2,0.25
2025,2,Wednesday,0,3,2,0.9095
2025,2,Wednesday,0,2,7,1.094
2025,2,Wednesday,0,0,8,0.6527
2025,2,Wednesday,0,1,6,1.7388
2025,2,Wednesday,0,8,4,0.8775
2025,2,Wednesday,0,7,0,0.8338
2025,2,Wednesday,0,6,7,0.2955
2025,2,Wednesday,0,7,4,0.2845
2025,2,Wednesday,0,6,1,0.62
2025,2,Wednesday,0,0,4,0.6308
2025,2,Wednesday,0,0,7,0.3195
2025,2,Wednesday,0,3,4,7.5558
2025,2,Wednesday,0,8,0,0.274
2025,2,Wednesday,0,3,7,2.3835
2025,2,Wednesday,0,1,0,2.079
2025,2,Wednesday,0,5,6,0.8277
2025,2,Wednesday,12,4,8,22.9523
2025,2,Wednesday,12,3,1,108.4797
2025,2,Wednesday,12,7,4,39.7027
2025,2,Wednesday,12,0,7,4.5325
2025,2,Wednesday,12,6,2,38.919
2025,2,Wednesday,12,5,4,61.0805
2025,2,Wednesday,12,3,2,102.6475
2025,2,Wednesday,12,7,2,16.2492
2025,2,Wednesday,12,4,6,63.9242
2025,2,Wednesday,12,0,8,4.5343
2025,2,Wednesday,12,7,0,4.4205
2025,2,Wednesday,12,3,4,195.64
2025,2,Wednesday,12,8,6,30.5605
2025,2,Wednesday,12,4,2,48.7808
2025,2,Wednesday,12,0,4,19.9715
2025,2,Wednesday,12,5,8,16.0905
2025,2,Wednesday,12,1,0,32.3615
2025,2,Wednesday,12,2,6,37.8113
2025,2,Wednesday,12,2,8,11.782
2025,2,Wednesday,12,8,0,5.3208
2025,2,Wednesday,12,2,7,12.0312
2025,2,Wednesday,12,6,3,185.1318
2025,2,Wednesday,12,1,5,18.982
2025,2,Wednesday,12,2,0,21.1323
2025,2,Wednesday,12,8,7,0.9187
2025,2,Wednesday,12,7,8,1.2705
2025,2,Wednesday,12,3,6,161.6077
2025,2,Wednesday,12,5,7,13.8658
2025,2,Wednesday,12,7,5,9.3498
2025,2,Wednesday,12,0,3,26.585
2025,2,Wednesday,12,6,1,34.0645
2025,2,Wednesday,12,4,1,47.195
2025,2,Wednesday,12,2,1,49.7613
2025,2,Wednesday,12,8,3,54.862
2025,2,Wednesday,12,0,1,30.1655
2025,2,Wednesday,12,4,7,25.5337
2025,2,Wednesday,12,2,3,100.6113
2025,2,Wednesday,12,1,3,117.9308
2025,2,Wednesday,12,3,7,44.5232
2025,2,Wednesday,12,1,6,35.291
2025,2,Wednesday,12,0,2,17.8607
2025,2,Wednesday,12,7,6,4.4287
2025,2,Wednesday,12,8,5,17.013
2025,2,Wednesday,12,7,3,53.9887
2025,2,Wednesday,12,8,4,27.5473
2025,2,Wednesday,12,5,2,24.5018
2025,2,Wednesday,12,6,0,8.0495
2025,2,Wednesday,12,7,1,11.1863
2025,2,Wednesday,12,5,0,12.533
2025,2,Wednesday,12,8,1,13.2375
2025,2,Wednesday,12,3,5,80.7652
2025,2,Wednesday,12,5,3,87.9293
2025,2,Wednesday,12,4,5,37.7888
2025,2,Wednesday,12,4,3,144.347
2025,2,Wednesday,12,4,0,15.236
2025,2,Wednesday,12,2,4,45.2905
2025,2,Wednesday,12,5,6,20.0275
2025,2,Wednesday,12,0,6,15.0187
2025,2,Wednesday,12,6,4,77.808
2025,2,Wednesday,12,0,5,11.5242
2025,2,Wednesday,12,1,7,8.8878
2025,2,Wednesday,12,1,8,12.1477
2025,2,Wednesday,12,5,1,25.1965
2025,2,Wednesday,12,1,2,56.058
2025,2,Wednesday,12,6,5,22.17
2025,2,Wednesday,12,8,2,19.53
2025,2,Wednesday,12,6,8,21.7528
2025,2,Wednesday,12,6,7,5.198
2025,2,Wednesday,12,2,5,17.397
2025,2,Wednesday,12,3,0,16.2447
2025,2,Wednesday,12,1,4,52.8983
2025,2,Wednesday,12,3,8,60.0377
2025,2,Thursday,1,2,0,3.0873
2025,2,Thursday,1,2,6,1.1875
2025,2,Thursday,1,8,2,0.5913
2025,2,Thursday,1,3,8,0.3223
2025,2,Thursday,1,8,0,0.869
2025,2,Thursday,1,6,4,0.6563
2025,2,Thursday,1,4,2,0.5715
2025,2,Thursday,1,4,5,0.918
2025,2,Thursday,1,3,7,0.5635
2025,2,Thursday,1,5,3,1.0992
2025,2,Thursday,1,4,7,0.5538
2025,2,Thursday,1,5,0,1.4597
2025,2,Thursday,1,3,4,2.485
2025,2,Thursday,1,8,1,0.3055
2025,2,Thursday,1,1,6,0.983
2025,2,Thursday,1,6,7,0.314
2025,2,Thursday,1,0,8,0.3677
2025,2,Thursday,1,7,3,0.3
2025,2,Thursday,1,4,0,1.781
2025,2,Thursday,1,3,1,0.8725
2025,2,Thursday,1,6,5,1.5
2025,2,Thursday,1,2,5,0.25
2025,2,Thursday,1,7,1,0.5545
2025,2,Thursday,1,1,2,0.29
2025,2,Thursday,1,1,4,0.9497
2025,2,Thursday,1,5,4,1.4017
2025,2,Thursday,1,0,3,0.7177
2025,2,Thursday,1,3,0,2.829
2025,2,Thursday,1,8,6,0.297
2025,2,Thursday,1,3,2,0.912
2025,2,Thursday,1,6,1,0.3013
2025,2,Thursday,1,0,2,1.1057
2025,2,Thursday,1,7,5,0.525
2025,2,Thursday,1,8,3,0.275
2025,2,Thursday,1,2,3,2.0005
2025,2,Thursday,1,1,0,1.453
2025,2,Thursday,1,4,3,3.2495
2025,2,Thursday,1,6,0,0.6875
2025,2,Thursday,1,4,1,1.7697
2025,2,Thursday,1,2,4,1.0832
2025,2,Thursday,1,4,8,0.6087
2025,2,Thursday,1,3,6,2.5418
2025,2,Thursday,1,6,3,2.2485
2025,2,Thursday,1,2,1,0.9335
2025,2,Thursday,1,2,7,0.3235
2025,2,Thursday,1,5,8,0.4375
2025,2,Thursday,1,4,6,0.8465
2025,2,Thursday,1,5,1,0.2777
2025,2,Thursday,1,1,8,0.6287
2025,2,Thursday,13,8,0,7.4328
2025,2,Thursday,13,1,3,106.63
2025,2,Thursday,13,2,8,14.12
2025,2,Thursday,13,0,3,29.1187
2025,2,Thursday,13,3,4,165.8782
2025,2,Thursday,13,6,2,42.3047
2025,2,Thursday,13,6,0,15.0722
2025,2,Thursday,13,8,5,23.1433
2025,2,Thursday,13,2,3,124.3678
2025,2,Thursday,13,2,0,16.983
2025,2,Thursday,13,3,5,82.1548
2025,2,Thursday,13,1,6,38.2675
2025,2,Thursday,13,2,1,50.7363
2025,2,Thursday,13,1,5,17.201
2025,2,Thursday,13,7,8,0.5663
2025,2,Thursday,13,2,6,43.9607
2025,2,Thursday,13,5,6,22.62
2025,2,Thursday,13,7,6,6.5347
2025,2,Thursday,13,4,5,33.689
2025,2,Thursday,13,0,6,11.7653
2025,2,Thursday,13,5,2,15.8315
2025,2,Thursday,13,4,2,46.7408
2025,2,Thursday,13,2,4,51.2567
2025,2,Thursday,13,3,1,119.3362
2025,2,Thursday,13,6,8,13.3483
2025,2,Thursday,13,7,1,16.3325
2025,2,Thursday,13,0,1,40.354
2025,2,Thursday,13,4,7,21.1833
2025,2,Thursday,13,6,5,21.5512
2025,2,Thursday,13,5,8,13.8875
2025,2,Thursday,13,8,6,19.595
2025,2,Thursday,13,7,4,27.7472
2025,2,Thursday,13,1,2,59.3032
2025,2,Thursday,13,3,6,161.1363
2025,2,Thursday,13,1,4,52.9265
2025,2,Thursday,13,2,5,18.4065
2025,2,Thursday,13,5,3,99.5087
2025,2,Thursday,13,8,2,14.3983
2025,2,Thursday,13,5,0,11.1665
2025,2,Thursday,13,0,8,3.4915
2025,2,Thursday,13,5,7,9.5643
2025,2,Thursday,13,1,7,7.8102
2025,2,Thursday,13,7,2,15.391
2025,2,Thursday,13,3,0,24.9232
2025,2,Thursday,13,3,2,128.4065
2025,2,Thursday,13,6,3,166.611
2025,2,Thursday,13,7,5,7.0037
2025,2,Thursday,13,4,0,15.781
2025,2,Thursday,13,6,7,5.5062
2025,2,Thursday,13,8,3,65.853
2025,2,Thursday,13,2,7,15.3815
2025,2,Thursday,13,5,4,39.9903
2025,2,Thursday,13,7,3,67.83
2025,2,Thursday,13,1,0,39.099
2025,2,Thursday,13,4,3,160.7695
2025,2,Thursday,13,0,7,2.4498
2025,2,Thursday,13,7,0,3.2558
2025,2,Thursday,13,8,4,27.5228
2025,2,Thursday,13,0,4,29.2133
2025,2,Thursday,13,8,1,18.518
2025,2,Thursday,13,4,6,67.8025
2025,2,Thursday,13,4,8,14.1873
2025,2,Thursday,13,3,8,44.3613
2025,2,Thursday,13,0,5,12.1198
2025,2,Thursday,13,5,1,24.8445
2025,2,Thursday,13,6,1,55.8395
2025,2,Thursday,13,6,4,78.1805
2025,2,Thursday,13,1,8,11.8515
2025,2,Thursday,13,3,7,41.8025
2025,2,Thursday,13,0,2,19.9065
2025,2,Thursday,13,4,1,61.2758
2025,2,Thursday,2,6,0,0.25
2025,2,Thursday,2,2,3,2.09
2025,2,Thursday,2,8,3,0.5
2025,2,Thursday,2,2,4,0.5715
2025,2,Thursday,2,6,2,0.3282
2025,2,Thursday,2,5,3,0.3332
2025,2,Thursday,2,4,8,0.6053
2025,2,Thursday,2,3,0,0.5325
2025,2,Thursday,2,0,3,1.4072
2025,2,Thursday,2,3,6,1.5885
2025,2,Thursday,2,4,2,0.33
2025,2,Thursday,2,6,3,0.8282
2025,2,Thursday,2,8,4,0.375
2025,2,Thursday,2,1,5,0.4285
2025,2,Thursday,2,3,4,0.3145
2025,2,Thursday,2,1,0,0.2833
2025,2,Thursday,2,5,4,0.3215
2025,2,Thursday,2,1,3,0.6428
2025,2,Thursday,2,5,2,0.25
2025,2,Thursday,2,7,1,0.2727
2025,2,Thursday,2,4,0,0.5385
2025,2,Thursday,2,6,8,0.9988
2025,2,Thursday,2,3,7,0.3178
2025,2,Thursday,2,8,1,0.3
2025,2,Thursday,2,8,2,0.25
2025,2,Thursday,2,2,6,1.5397
2025,2,Thursday,2,4,3,0.9552
2025,2,Thursday,2,6,5,1.5972
2025,2,Thursday,2,4,5,0.6082
2025,2,Thursday,2,2,1,0.6945
2025,2,Thursday,2,7,0,0.6668
2025,2,Thursday,2,4,1,0.2693
2025,2,Thursday,2,5,6,0.3055
2025,2,Thursday,2,6,4,0.361
2025,2,Thursday,14,6,2,46.0168
2025,2,Thursday,14,1,3,124.1595
2025,2,Thursday,14,3,6,164.1622
2025,2,Thursday,14,4,1,75.0472
2025,2,Thursday,14,2,4,62.527
2025,2,Thursday,14,7,6,8.4605
2025,2,Thursday,14,0,8,2.7633
2025,2,Thursday,14,0,4,33.6713
2025,2,Thursday,14,6,8,17.0547
2025,2,Thursday,14,2,0,26.8433
2025,2,Thursday,14,4,6,80.3015
2025,2,Thursday,14,2,8,15.8965
2025,2,Thursday,14,4,7,25.531
2025,2,Thursday,14,4,0,29.6405
2025,2,Thursday,14,2,1,70.4858
2025,2,Thursday,14,1,7,13.1535
2025,2,Thursday,14,2,3,117.9475
2025,2,Thursday,14,7,4,35.6978
2025,2,Thursday,14,0,3,53.7547
2025,2,Thursday,14,3,5,72.9512
2025,2,Thursday,14,0,6,17.9228
2025,2,Thursday,14,1,5,14.9043
2025,2,Thursday,14,7,0,5.3208
2025,2,Thursday,14,2,6,46.0063
2025,2,Thursday,14,1,8,18.194
2025,2,Thursday,14,1,0,46.5032
2025,2,Thursday,14,4,8,21.4215
2025,2,Thursday,14,0,1,45.015
2025,2,Thursday,14,1,6,41.6782
2025,2,Thursday,14,4,2,63.743
2025,2,Thursday,14,8,5,18.1998
2025,2,Thursday,14,0,5,8.602
2025,2,Thursday,14,4,5,31.9442
2025,2,Thursday,14,5,7,4.4575
2025,2,Thursday,14,1,4,63.8528
2025,2,Thursday,14,2,5,19.3755
2025,2,Thursday,14,3,2,92.9842
2025,2,Thursday,14,0,7,5.832
2025,2,Thursday,14,8,1,28.0563
2025,2,Thursday,14,6,0,13.606
2025,2,Thursday,14,5,3,128.1128
2025,2,Thursday,14,6,4,74.2185
2025,2,Thursday,14,5,0,14.51
2025,2,Thursday,14,6,3,247.1225
2025,2,Thursday,14,8,0,5.1158
2025,2,Thursday,14,5,8,8.3008
2025,2,Thursday,14,6,5,22.4535
2025,2,Thursday,14,8,2,19.0378
2025,2,Thursday,14,5,6,21.0865
2025,2,Thursday,14,5,2,25.2535
2025,2,Thursday,14,8,6,21.128
2025,2,Thursday,14,3,1,126.8835
2025,2,Thursday,14,8,7,0.5932
2025,2,Thursday,14,1,2,55.7913
2025,2,Thursday,14,3,4,177.2762
2025,2,Thursday,14,7,5,10.3785
2025,2,Thursday,14,4,3,200.2685
2025,2,Thursday,14,6,1,43.4048
2025,2,Thursday,14,7,1,15.684
2025,2,Thursday,14,5,1,33.2555
2025,2,Thursday,14,7,3,73.2218
2025,2,Thursday,14,0,2,21.2948
2025,2,Thursday,14,3,8,61.6822
2025,2,Thursday,14,2,7,18.0348
2025,2,Thursday,14,5,4,50.0835
2025,2,Thursday,14,3,7,47.9995
2025,2,Thursday,14,7,2,18.8645
2025,2,Thursday,14,8,3,91.841
2025,2,Thursday,14,3,0,38.0615
2025,2,Thursday,14,6,7,5.7895
2025,2,Thursday,14,7,8,1.5607
2025,2,Thursday,14,8,4,23.3243
2025,2,Thursday,3,2,8,0.3
2025,2,Thursday,3,1,4,0.625
2025,2,Thursday,3,2,0,0.35
2025,2,Thursday,3,4,3,1.1267
2025,2,Thursday,3,5,8,0.75
2025,2,Thursday,3,6,5,0.3832
2025,2,Thursday,3,4,2,0.525
2025,2,Thursday,3,6,2,0.25
2025,2,Thursday,3,6,3,1.8543
2025,2,Thursday,3,4,6,0.3125
2025,2,Thursday,3,3,8,0.6315
2025,2,Thursday,3,5,0,1.9793
2025,2,Thursday,3,3,1,0.3158
2025,2,Thursday,3,0,5,0.3445
2025,2,Thursday,3,1,3,0.25
2025,2,Thursday,3,4,8,0.3125
2025,2,Thursday,3,0,3,1.349
2025,2,Thursday,3,8,4,0.7677
2025,2,Thursday,3,0,6,0.3055
2025,2,Thursday,3,3,4,2.8445
2025,2,Thursday,3,3,7,0.29
2025,2,Thursday,3,1,8,0.6043
2025,2,Thursday,3,5,3,1.1875
2025,2,Thursday,3,8,2,0.375
2025,2,Thursday,3,8,0,0.25
2025,2,Thursday,3,2,1,0.2918
2025,2,Thursday,3,6,8,0.375
2025,2,Thursday,3,1,6,0.8543
2025,2,Thursday,3,3,6,1.5237
2025,2,Thursday,3,3,0,0.5313
2025,2,Thursday,3,2,3,1.125
2025,2,Thursday,3,4,1,0.3215
2025,2,Thursday,15,0,2,24.7395
2025,2,Thursday,15,4,6,80.374
2025,2,Thursday,15,3,7,51.4728
2025,2,Thursday,15,7,1,24.8725
2025,2,Thursday,15,2,7,22.5645
2025,2,Thursday,15,3,2,99.7977
2025,2,Thursday,15,0,7,5.4818
2025,2,Thursday,15,7,8,0.5542
2025,2,Thursday,15,4,8,19.7952
2025,2,Thursday,15,1,3,217.6815
2025,2,Thursday,15,1,0,99.9975
2025,2,Thursday,15,7,6,6.6852
2025,2,Thursday,15,0,8,11.9995
2025,2,Thursday,15,6,3,332.0875
2025,2,Thursday,15,8,7,0.3033
2025,2,Thursday,15,8,5,15.6648
2025,2,Thursday,15,1,5,37.563
2025,2,Thursday,15,8,3,168.7122
2025,2,Thursday,15,1,2,69.3963
2025,2,Thursday,15,3,0,42.6812
2025,2,Thursday,15,8,2,19.1555
2025,2,Thursday,15,5,4,73.9452
2025,2,Thursday,15,7,2,19.934
2025,2,Thursday,15,2,1,64.064
2025,2,Thursday,15,8,4,31.4007
2025,2,Thursday,15,4,5,51.914
2025,2,Thursday,15,0,3,41.9553
2025,2,Thursday,15,4,7,29.238
2025,2,Thursday,15,3,8,64.79
2025,2,Thursday,15,7,4,40.351
2025,2,Thursday,15,6,1,57.329
2025,2,Thursday,15,8,6,37.4123
2025,2,Thursday,15,1,7,13.179
2025,2,Thursday,15,5,0,19.528
2025,2,Thursday,15,5,6,23.0092
2025,2,Thursday,15,3,6,199.0322
2025,2,Thursday,15,0,1,64.2007
2025,2,Thursday,15,6,8,13.582
2025,2,Thursday,15,5,1,42.0225
2025,2,Thursday,15,7,3,111.722
2025,2,Thursday,15,2,4,63.2437
2025,2,Thursday,15,6,5,19.1088
2025,2,Thursday,15,4,2,63.951
2025,2,Thursday,15,5,3,245.7253
2025,2,Thursday,15,7,0,6.9975
2025,2,Thursday,15,1,6,69.9718
2025,2,Thursday,15,6,4,97.2785
2025,2,Thursday,15,3,5,59.8302
2025,2,Thursday,15,2,8,27.6667
2025,2,Thursday,15,6,2,41.397
2025,2,Thursday,15,3,1,121.8493
2025,2,Thursday,15,2,3,184.4675
2025,2,Thursday,15,6,0,23.192
2025,2,Thursday,15,4,3,299.335
2025,2,Thursday,15,0,4,26.784
2025,2,Thursday,15,0,6,28.49
2025,2,Thursday,15,1,4,99.8923
2025,2,Thursday,15,4,0,51.7355
2025,2,Thursday,15,8,1,22.7023
2025,2,Thursday,15,5,2,25.1215
2025,2,Thursday,15,5,7,9.7412
2025,2,Thursday,15,2,0,35.2505
2025,2,Thursday,15,5,8,12.409
2025,2,Thursday,15,3,4,189.371
2025,2,Thursday,15,6,7,7.443
2025,2,Thursday,15,8,0,9.5362
2025,2,Thursday,15,7,5,4.6843
2025,2,Thursday,15,0,5,8.5685
2025,2,Thursday,15,2,6,56.181
2025,2,Thursday,15,4,1,77.3158
2025,2,Thursday,15,1,8,37.9955
2025,2,Thursday,15,2,5,27.0162
2025,2,Thursday,4,8,2,1.5995
2025,2,Thursday,4,7,4,0.5
2025,2,Thursday,4,1,0,1.4538
2025,2,Thursday,4,1,8,1.3215
2025,2,Thursday,4,0,3,2.3077
2025,2,Thursday,4,4,0,0.8832
2025,2,Thursday,4,3,4,1.125
2025,2,Thursday,4,0,7,0.3433
2025,2,Thursday,4,3,2,0.6125
2025,2,Thursday,4,4,3,0.969
2025,2,Thursday,4,3,1,0.9527
2025,2,Thursday,4,8,0,0.375
2025,2,Thursday,4,2,7,0.2707
2025,2,Thursday,4,8,4,0.5555
2025,2,Thursday,4,5,3,1.6497
2025,2,Thursday,4,8,5,0.3055
2025,2,Thursday,4,3,7,1.6418
2025,2,Thursday,4,6,2,1.3015
2025,2,Thursday,4,1,2,0.375
2025,2,Thursday,4,8,3,3.251
2025,2,Thursday,4,2,0,1.9355
2025,2,Thursday,4,0,2,1.0085
2025,2,Thursday,4,0,4,1.3372
2025,2,Thursday,4,4,6,0.2955
2025,2,Thursday,4,8,6,0.9485
2025,2,Thursday,4,2,3,0.8418
2025,2,Thursday,4,0,1,2.5967
2025,2,Thursday,4,4,5,1.1585
2025,2,Thursday,4,0,8,3.2763
2025,2,Thursday,4,7,1,0.25
2025,2,Thursday,4,1,3,1.6678
2025,2,Thursday,4,3,0,0.8125
2025,2,Thursday,4,6,1,0.6618
2025,2,Thursday,4,8,1,0.375
2025,2,Thursday,4,5,4,0.3125
2025,2,Thursday,4,1,6,2.0238
2025,2,Thursday,4,5,0,0.3125
2025,2,Thursday,4,5,6,0.2727
2025,2,Thursday,4,3,6,0.3125
2025,2,Thursday,4,0,6,2.9615
2025,2,Thursday,4,4,2,0.375
2025,2,Thursday,4,7,6,0.25
2025,2,Thursday,4,7,3,1.1668
2025,2,Thursday,4,2,8,1.6755
2025,2,Thursday,4,6,3,6.5665
2025,2,Thursday,4,1,5,0.6925
2025,2,Thursday,4,2,1,1.1168
2025,2,Thursday,4,2,4,2.9395
2025,2,Thursday,4,0,5,3.2902
2025,2,Thursday,4,6,4,1.6903
2025,2,Thursday,4,6,8,0.25
2025,2,Thursday,4,2,6,0.5358
2025,2,Thursday,16,7,6,8.3803
2025,2,Thursday,16,7,2,23.2712
2025,2,Thursday,16,7,5,6.3855
2025,2,Thursday,16,1,4,99.5718
2025,2,Thursday,16,2,7,25.155
2025,2,Thursday,16,1,8,48.04
2025,2,Thursday,16,7,1,29.7402
2025,2,Thursday,16,6,2,64.4867
2025,2,Thursday,16,5,7,8.3645
2025,2,Thursday,16,3,8,91.051
2025,2,Thursday,16,8,4,42.038
2025,2,Thursday,16,6,8,11.4622
2025,2,Thursday,16,8,6,46.6818
2025,2,Thursday,16,8,7,0.2833
2025,2,Thursday,16,4,2,62.8343
2025,2,Thursday,16,4,1,73.7875
2025,2,Thursday,16,5,6,29.9847
2025,2,Thursday,16,3,4,272.743
2025,2,Thursday,16,2,3,233.848
2025,2,Thursday,16,8,1,25.0338
2025,2,Thursday,16,2,6,94.4318
2025,2,Thursday,16,0,6,29.6915
2025,2,Thursday,16,6,5,17.355
2025,2,Thursday,16,3,6,349.2465
2025,2,Thursday,16,0,5,8.0397
2025,2,Thursday,16,2,1,77.3667
2025,2,Thursday,16,0,1,63.152
2025,2,Thursday,16,0,8,8.0447
2025,2,Thursday,16,1,5,24.2015
2025,2,Thursday,16,6,3,651.6478
2025,2,Thursday,16,1,3,204.7828
2025,2,Thursday,16,0,4,35.7785
2025,2,Thursday,16,7,8,0.2848
2025,2,Thursday,16,4,7,32.013
2025,2,Thursday,16,3,1,209.9397
2025,2,Thursday,16,5,3,359.0055
2025,2,Thursday,16,0,2,20.087
2025,2,Thursday,16,1,7,18.947
2025,2,Thursday,16,6,4,132.2015
2025,2,Thursday,16,5,2,37.7172
2025,2,Thursday,16,4,8,41.8783
2025,2,Thursday,16,4,3,395.3755
2025,2,Thursday,16,1,2,63.9795
2025,2,Thursday,16,8,2,22.7808
2025,2,Thursday,16,3,2,99.6798
2025,2,Thursday,16,0,7,2.6705
2025,2,Thursday,16,4,0,39.4922
2025,2,Thursday,16,1,6,96.5133
2025,2,Thursday,16,2,8,35.8897
2025,2,Thursday,16,0,3,49.7105
2025,2,Thursday,16,3,5,81.5892
2025,2,Thursday,16,6,1,90.5725
2025,2,Thursday,16,1,0,116.5198
2025,2,Thursday,16,7,3,240.9147
2025,2,Thursday,16,4,5,43.8235
2025,2,Thursday,16,2,0,57.5085
2025,2,Thursday,16,8,5,8.107
2025,2,Thursday,16,3,0,47.9693
2025,2,Thursday,16,5,4,73.09
2025,2,Thursday,16,7,0,9.5472
2025,2,Thursday,16,6,0,28.3857
2025,2,Thursday,16,7,4,52.2302
2025,2,Thursday,16,2,5,23.0323
2025,2,Thursday,16,3,7,65.0155
2025,2,Thursday,16,5,1,40.8227
2025,2,Thursday,16,2,4,84.3687
2025,2,Thursday,16,5,0,23.219
2025,2,Thursday,16,4,6,85.312
2025,2,Thursday,16,8,3,294.7405
2025,2,Thursday,16,6,7,8.6723
2025,2,Thursday,16,8,0,12.3855
2025,2,Thursday,16,5,8,19.3803
2025,2,Thursday,5,8,2,6.833
2025,2,Thursday,5,4,8,0.9957
2025,2,Thursday,5,5,4,1.0187
2025,2,Thursday,5,2,4,1.3298
2025,2,Thursday,5,3,8,31.6805
2025,2,Thursday,5,7,4,1.7085
2025,2,Thursday,5,7,6,0.882
2025,2,Thursday,5,4,7,1.0095
2025,2,Thursday,5,2,8,6.5325
2025,2,Thursday,5,2,0,3.8092
2025,2,Thursday,5,1,5,3.6317
2025,2,Thursday,5,7,1,2.276
2025,2,Thursday,5,1,3,12.0103
2025,2,Thursday,5,3,7,18.9667
2025,2,Thursday,5,6,1,4.0533
2025,2,Thursday,5,0,8,3.231
2025,2,Thursday,5,0,1,11.3467
2025,2,Thursday,5,6,8,0.956
2025,2,Thursday,5,8,6,2.1305
2025,2,Thursday,5,5,3,8.5777
2025,2,Thursday,5,8,1,6.135
2025,2,Thursday,5,2,1,3.315
2025,2,Thursday,5,4,1,3.4015
2025,2,Thursday,5,1,2,3.035
2025,2,Thursday,5,1,4,3.9495
2025,2,Thursday,5,8,5,2.221
2025,2,Thursday,5,2,7,2.6525
2025,2,Thursday,5,4,3,18.5362
2025,2,Thursday,5,8,0,3.2085
2025,2,Thursday,5,4,6,7.0212
2025,2,Thursday,5,3,0,3.2395
2025,2,Thursday,5,3,2,12.6503
2025,2,Thursday,5,0,5,4.8383
2025,2,Thursday,5,4,2,1.568
2025,2,Thursday,5,3,6,56.772
2025,2,Thursday,5,1,8,5.6522
2025,2,Thursday,5,2,5,4.0347
2025,2,Thursday,5,4,0,2.9363
2025,2,Thursday,5,7,3,5.4957
2025,2,Thursday,5,8,4,5.6515
2025,2,Thursday,5,1,6,6.4252
2025,2,Thursday,5,0,2,11.5883
2025,2,Thursday,5,3,5,51.7142
2025,2,Thursday,5,6,3,37.4218
2025,2,Thursday,5,7,2,1.7517
2025,2,Thursday,5,6,2,7.2217
2025,2,Thursday,5,5,6,0.2858
2025,2,Thursday,5,1,0,6.9432
2025,2,Thursday,5,8,3,21.1143
2025,2,Thursday,5,2,6,1.918
2025,2,Thursday,5,5,1,1.9375
2025,2,Thursday,5,0,3,18.4268
2025,2,Thursday,5,6,4,2.4208
2025,2,Thursday,5,0,6,8.7632
2025,2,Thursday,5,6,5,0.3125
2025,2,Thursday,5,1,7,1.9537
2025,2,Thursday,5,6,0,5.392
2025,2,Thursday,5,5,2,0.6043
2025,2,Thursday,5,2,3,5.581
2025,2,Thursday,5,0,4,8.1643
2025,2,Thursday,5,3,4,24.239
2025,2,Thursday,5,6,7,0.3077
2025,2,Thursday,5,0,7,1.9415
2025,2,Thursday,5,4,5,5.2005
2025,2,Thursday,5,3,1,11.1572
2025,2,Thursday,17,1,5,23.4198
2025,2,Thursday,17,1,3,232.5065
2025,2,Thursday,17,8,3,346.857
2025,2,Thursday,17,7,8,1.4293
2025,2,Thursday,17,8,2,29.1677
2025,2,Thursday,17,4,3,486.1705
2025,2,Thursday,17,5,7,7.1445
2025,2,Thursday,17,8,1,47.955
2025,2,Thursday,17,4,0,33.7057
2025,2,Thursday,17,5,1,63.9195
2025,2,Thursday,17,6,8,14.9293
2025,2,Thursday,17,8,5,7.7665
2025,2,Thursday,17,2,4,133.5897
2025,2,Thursday,17,6,3,1117.9588
2025,2,Thursday,17,3,7,158.3462
2025,2,Thursday,17,3,2,172.7795
2025,2,Thursday,17,2,5,37.045
2025,2,Thursday,17,3,6,715.7625
2025,2,Thursday,17,2,0,67.9243
2025,2,Thursday,17,4,2,66.8295
2025,2,Thursday,17,0,6,26.4365
2025,2,Thursday,17,3,0,88.12
2025,2,Thursday,17,5,2,35.8648
2025,2,Thursday,17,2,1,143.3372
2025,2,Thursday,17,0,1,72.9392
2025,2,Thursday,17,7,1,58.0445
2025,2,Thursday,17,2,8,42.671
2025,2,Thursday,17,6,1,204.3205
2025,2,Thursday,17,4,6,112.5867
2025,2,Thursday,17,7,5,5.7955
2025,2,Thursday,17,5,4,82.5685
2025,2,Thursday,17,0,3,45.5955
2025,2,Thursday,17,7,0,18.5457
2025,2,Thursday,17,1,8,27.7942
2025,2,Thursday,17,0,8,9.906
2025,2,Thursday,17,6,7,8.4635
2025,2,Thursday,17,1,2,57.396
2025,2,Thursday,17,7,3,309.3215
2025,2,Thursday,17,6,5,23.654
2025,2,Thursday,17,7,4,103.9965
2025,2,Thursday,17,7,6,11.6117
2025,2,Thursday,17,3,5,173.2795
2025,2,Thursday,17,1,6,98.7592
2025,2,Thursday,17,7,2,37.8603
2025,2,Thursday,17,3,1,445.1435
2025,2,Thursday,17,6,4,261.4378
2025,2,Thursday,17,1,4,92.7433
2025,2,Thursday,17,4,7,50.16
2025,2,Thursday,17,5,6,27.4557
2025,2,Thursday,17,8,4,77.6932
2025,2,Thursday,17,1,7,15.2607
2025,2,Thursday,17,8,6,37.8123
2025,2,Thursday,17,2,7,49.591
2025,2,Thursday,17,6,2,120.5805
2025,2,Thursday,17,0,4,44.31
2025,2,Thursday,17,5,8,11.432
2025,2,Thursday,17,2,6,217.0305
2025,2,Thursday,17,0,2,28.3962
2025,2,Thursday,17,4,1,103.2665
2025,2,Thursday,17,3,4,527.2975
2025,2,Thursday,17,1,0,106.693
2025,2,Thursday,17,3,8,140.6517
2025,2,Thursday,17,8,7,0.899
2025,2,Thursday,17,4,8,30.9947
2025,2,Thursday,17,0,7,2.969
2025,2,Thursday,17,5,3,426.6968
2025,2,Thursday,17,4,5,53.734
2025,2,Thursday,17,0,5,3.9747
2025,2,Thursday,17,8,0,22.0477
2025,2,Thursday,17,2,3,328.425
2025,2,Thursday,17,5,0,21.9162
2025,2,Thursday,17,6,0,40.4305
2025,2,Thursday,6,7,3,43.9148
2025,2,Thursday,6,3,0,19.1633
2025,2,Thursday,6,8,3,48.3765
2025,2,Thursday,6,2,3,19.261
2025,2,Thursday,6,5,7,0.5705
2025,2,Thursday,6,0,8,6.2045
2025,2,Thursday,6,4,8,5.7397
2025,2,Thursday,6,2,5,7.017
2025,2,Thursday,6,2,7,4.4357
2025,2,Thursday,6,8,5,2.2542
2025,2,Thursday,6,8,2,18.1172
2025,2,Thursday,6,1,0,29.9
2025,2,Thursday,6,1,5,14.5257
2025,2,Thursday,6,1,4,15.0427
2025,2,Thursday,6,1,6,33.5812
2025,2,Thursday,6,0,4,17.4497
2025,2,Thursday,6,4,3,60.874
2025,2,Thursday,6,0,6,16.177
2025,2,Thursday,6,0,2,31.5457
2025,2,Thursday,6,8,4,16.828
2025,2,Thursday,6,3,1,47.369
2025,2,Thursday,6,5,3,34.8065
2025,2,Thursday,6,3,7,69.3483
2025,2,Thursday,6,6,1,40.7245
2025,2,Thursday,6,2,6,15.0265
2025,2,Thursday,6,5,1,11.1427
2025,2,Thursday,6,2,8,8.2498
2025,2,Thursday,6,8,6,1.4148
2025,2,Thursday,6,7,2,9.137
2025,2,Thursday,6,6,2,42.3125
2025,2,Thursday,6,4,2,12.2875
2025,2,Thursday,6,0,1,51.8212
2025,2,Thursday,6,7,4,8.8592
2025,2,Thursday,6,4,0,6.6718
2025,2,Thursday,6,5,2,8.1912
2025,2,Thursday,6,5,0,2.008
2025,2,Thursday,6,1,7,5.4145
2025,2,Thursday,6,7,8,0.25
2025,2,Thursday,6,6,4,14.9023
2025,2,Thursday,6,6,8,6.746
2025,2,Thursday,6,1,3,57.076
2025,2,Thursday,6,8,0,8.223
2025,2,Thursday,6,3,4,107.2698
2025,2,Thursday,6,4,7,5.503
2025,2,Thursday,6,7,0,0.288
2025,2,Thursday,6,8,1,17.1542
2025,2,Thursday,6,0,7,5.299
2025,2,Thursday,6,3,6,228.7035
2025,2,Thursday,6,7,1,8.2803
2025,2,Thursday,6,6,5,3.8338
2025,2,Thursday,6,2,1,4.8678
2025,2,Thursday,6,7,6,0.9733
2025,2,Thursday,6,6,0,10.711
2025,2,Thursday,6,4,1,11.6762
2025,2,Thursday,6,1,2,14.491
2025,2,Thursday,6,6,7,1.1808
2025,2,Thursday,6,3,8,105.8315
2025,2,Thursday,6,6,3,136.1795
2025,2,Thursday,6,0,5,15.291
2025,2,Thursday,6,4,6,17.4242
2025,2,Thursday,6,3,5,175.3178
2025,2,Thursday,6,5,4,2.4178
2025,2,Thursday,6,0,3,22.4295
2025,2,Thursday,6,5,6,2.872
2025,2,Thursday,6,1,8,8.0117
2025,2,Thursday,6,3,2,80.171
2025,2,Thursday,6,2,4,1.4435
2025,2,Thursday,6,2,0,9.9033
2025,2,Thursday,6,4,5,7.5932
2025,2,Thursday,18,2,1,126.5675
2025,2,Thursday,18,8,1,32.0748
2025,2,Thursday,18,8,2,24.7068
2025,2,Thursday,18,7,1,41.7422
2025,2,Thursday,18,3,6,536.973
2025,2,Thursday,18,1,8,15.0642
2025,2,Thursday,18,5,6,21.2845
2025,2,Thursday,18,6,3,564.5653
2025,2,Thursday,18,6,8,12.1987
2025,2,Thursday,18,2,3,163.834
2025,2,Thursday,18,3,2,146.3467
2025,2,Thursday,18,0,3,27.539
2025,2,Thursday,18,5,1,50.4513
2025,2,Thursday,18,5,8,10.0207
2025,2,Thursday,18,0,7,1.6718
2025,2,Thursday,18,4,0,40.4847
2025,2,Thursday,18,1,4,90.8383
2025,2,Thursday,18,3,7,147.8842
2025,2,Thursday,18,8,5,6.4183
2025,2,Thursday,18,1,0,62.1445
2025,2,Thursday,18,5,3,203.6018
2025,2,Thursday,18,2,5,31.9562
2025,2,Thursday,18,0,4,21.7798
2025,2,Thursday,18,3,8,81.9045
2025,2,Thursday,18,0,5,5.6918
2025,2,Thursday,18,3,0,66.2405
2025,2,Thursday,18,4,1,111.6915
2025,2,Thursday,18,8,6,18.792
2025,2,Thursday,18,6,0,21.243
2025,2,Thursday,18,6,1,148.814
2025,2,Thursday,18,2,4,102.7538
2025,2,Thursday,18,8,7,0.2993
2025,2,Thursday,18,2,0,40.2742
2025,2,Thursday,18,0,6,17.1533
2025,2,Thursday,18,8,3,137.9453
2025,2,Thursday,18,1,5,19.8245
2025,2,Thursday,18,4,6,104.2193
2025,2,Thursday,18,5,4,66.15
2025,2,Thursday,18,0,2,20.3353
2025,2,Thursday,18,6,4,204.6655
2025,2,Thursday,18,7,2,28.3703
2025,2,Thursday,18,0,1,65.798
2025,2,Thursday,18,1,6,67.408
2025,2,Thursday,18,6,5,20.6872
2025,2,Thursday,18,4,8,19.36
2025,2,Thursday,18,5,7,4.3072
2025,2,Thursday,18,4,3,325.4248
2025,2,Thursday,18,5,2,26.004
2025,2,Thursday,18,7,0,10.6132
2025,2,Thursday,18,2,6,145.703
2025,2,Thursday,18,1,2,39.9397
2025,2,Thursday,18,4,7,40.66
2025,2,Thursday,18,8,4,50.911
2025,2,Thursday,18,7,3,149.6652
2025,2,Thursday,18,7,6,12.666
2025,2,Thursday,18,7,5,3.248
2025,2,Thursday,18,0,8,7.3663
2025,2,Thursday,18,7,8,0.5552
2025,2,Thursday,18,7,4,82.5007
2025,2,Thursday,18,6,2,101.2682
2025,2,Thursday,18,3,1,410.0985
2025,2,Thursday,18,1,7,16.8727
2025,2,Thursday,18,2,8,35.484
2025,2,Thursday,18,4,5,46.577
2025,2,Thursday,18,1,3,118.1883
2025,2,Thursday,18,4,2,57.533
2025,2,Thursday,18,3,5,150.9435
2025,2,Thursday,18,8,0,9.32
2025,2,Thursday,18,3,4,490.54
2025,2,Thursday,18,6,7,11.4145
2025,2,Thursday,18,2,7,33.338
2025,2,Thursday,18,5,0,12.237
2025,2,Thursday,7,0,2,70.2317
2025,2,Thursday,7,1,7,42.9192
2025,2,Thursday,7,1,2,62.821
2025,2,Thursday,7,5,4,33.6363
2025,2,Thursday,7,0,7,16.1138
2025,2,Thursday,7,7,1,19.039
2025,2,Thursday,7,3,4,331.3565
2025,2,Thursday,7,0,5,29.0225
2025,2,Thursday,7,6,4,48.3085
2025,2,Thursday,7,7,2,41.8728
2025,2,Thursday,7,5,2,27.7507
2025,2,Thursday,7,8,2,40.1827
2025,2,Thursday,7,3,6,714.92
2025,2,Thursday,7,6,0,27.507
2025,2,Thursday,7,8,7,0.8955
2025,2,Thursday,7,6,2,123.6265
2025,2,Thursday,7,8,3,115.2375
2025,2,Thursday,7,2,4,19.285
2025,2,Thursday,7,7,5,2.362
2025,2,Thursday,7,4,6,69.766
2025,2,Thursday,7,5,0,3.7523
2025,2,Thursday,7,3,1,190.156
2025,2,Thursday,7,4,3,228.927
2025,2,Thursday,7,6,7,2.532
2025,2,Thursday,7,1,8,53.2082
2025,2,Thursday,7,5,3,131.3347
2025,2,Thursday,7,2,0,15.2902
2025,2,Thursday,7,7,3,145.9997
2025,2,Thursday,7,5,7,0.588
2025,2,Thursday,7,3,0,53.8705
2025,2,Thursday,7,0,6,39.586
2025,2,Thursday,7,8,5,11.3815
2025,2,Thursday,7,3,2,215.294
2025,2,Thursday,7,5,1,44.723
2025,2,Thursday,7,7,0,5.863
2025,2,Thursday,7,7,4,22.465
2025,2,Thursday,7,4,0,11.556
2025,2,Thursday,7,4,5,41.4435
2025,2,Thursday,7,2,1,27.479
2025,2,Thursday,7,0,1,169.4588
2025,2,Thursday,7,2,6,53.143
2025,2,Thursday,7,6,1,96.3175
2025,2,Thursday,7,8,4,26.505
2025,2,Thursday,7,5,6,4.6042
2025,2,Thursday,7,0,3,71.5175
2025,2,Thursday,7,0,4,44.4873
2025,2,Thursday,7,4,8,20.7693
2025,2,Thursday,7,5,8,5.2215
2025,2,Thursday,7,7,8,0.25
2025,2,Thursday,7,0,8,18.0393
2025,2,Thursday,7,6,8,38.9085
2025,2,Thursday,7,6,3,457.1357
2025,2,Thursday,7,3,7,210.096
2025,2,Thursday,7,6,5,14.1785
2025,2,Thursday,7,1,6,135.2158
2025,2,Thursday,7,2,3,75.895
2025,2,Thursday,7,3,8,337.5867
2025,2,Thursday,7,4,1,92.111
2025,2,Thursday,7,2,7,13.9885
2025,2,Thursday,7,1,4,54.7353
2025,2,Thursday,7,1,0,79.5402
2025,2,Thursday,7,4,7,25.1958
2025,2,Thursday,7,4,2,44.4717
2025,2,Thursday,7,2,8,19.5382
2025,2,Thursday,7,8,6,6.8245
2025,2,Thursday,7,8,0,8.9998
2025,2,Thursday,7,2,5,26.896
2025,2,Thursday,7,1,3,271.0148
2025,2,Thursday,7,8,1,57.2637
2025,2,Thursday,7,1,5,62.5538
2025,2,Thursday,7,3,5,399.7605
2025,2,Thursday,7,7,6,3.257
2025,2,Thursday,19,2,1,56.2855
2025,2,Thursday,19,8,0,5.0847
2025,2,Thursday,19,0,1,34.2098
2025,2,Thursday,19,6,8,5.2622
2025,2,Thursday,19,1,7,13.3455
2025,2,Thursday,19,5,4,35.18
2025,2,Thursday,19,1,5,7.849
2025,2,Thursday,19,2,0,31.9408
2025,2,Thursday,19,8,5,3.822
2025,2,Thursday,19,7,6,7.295
2025,2,Thursday,19,4,8,14.6628
2025,2,Thursday,19,2,8,16.492
2025,2,Thursday,19,5,1,25.921
2025,2,Thursday,19,8,1,11.35
2025,2,Thursday,19,6,7,7.599
2025,2,Thursday,19,6,1,71.5488
2025,2,Thursday,19,2,6,62.2328
2025,2,Thursday,19,3,8,46.1103
2025,2,Thursday,19,1,0,41.3303
2025,2,Thursday,19,3,4,263.1733
2025,2,Thursday,19,0,5,1.0185
2025,2,Thursday,19,7,4,35.6247
2025,2,Thursday,19,1,2,27.9203
2025,2,Thursday,19,8,3,46.4373
2025,2,Thursday,19,3,2,65.9773
2025,2,Thursday,19,1,6,45.5385
2025,2,Thursday,19,4,5,36.4668
2025,2,Thursday,19,3,0,31.995
2025,2,Thursday,19,0,7,0.3465
2025,2,Thursday,19,8,2,7.4862
2025,2,Thursday,19,6,3,244.7485
2025,2,Thursday,19,5,6,15.4185
2025,2,Thursday,19,4,1,74.7322
2025,2,Thursday,19,5,7,2.0365
2025,2,Thursday,19,8,6,4.9668
2025,2,Thursday,19,4,6,71.4728
2025,2,Thursday,19,1,3,66.4303
2025,2,Thursday,19,0,6,10.9772
2025,2,Thursday,19,6,5,12.8502
2025,2,Thursday,19,4,0,30.4785
2025,2,Thursday,19,7,2,11.2097
2025,2,Thursday,19,2,5,19.642
2025,2,Thursday,19,2,4,47.6902
2025,2,Thursday,19,5,3,100.8058
2025,2,Thursday,19,4,3,198.2687
2025,2,Thursday,19,0,4,9.2308
2025,2,Thursday,19,7,1,14.133
2025,2,Thursday,19,6,2,29.2265
2025,2,Thursday,19,0,8,4.1062
2025,2,Thursday,19,0,3,13.9808
2025,2,Thursday,19,5,0,13.3053
2025,2,Thursday,19,6,4,90.6545
2025,2,Thursday,19,3,5,86.6063
2025,2,Thursday,19,1,4,46.7638
2025,2,Thursday,19,3,6,264.4703
2025,2,Thursday,19,4,7,30.4837
2025,2,Thursday,19,7,5,2.959
2025,2,Thursday,19,2,3,91.7507
2025,2,Thursday,19,4,2,36.5778
2025,2,Thursday,19,2,7,19.7565
2025,2,Thursday,19,5,2,10.5787
2025,2,Thursday,19,3,7,92.3763
2025,2,Thursday,19,0,2,10.2563
2025,2,Thursday,19,8,4,17.0433
2025,2,Thursday,19,3,1,194.8328
2025,2,Thursday,19,1,8,14.7708
2025,2,Thursday,19,7,3,55.6813
2025,2,Thursday,19,7,0,5.252
2025,2,Thursday,19,6,0,18.6452
2025,2,Thursday,19,5,8,3.203
2025,2,Thursday,8,4,7,77.5025
2025,2,Thursday,8,2,0,27.503
2025,2,Thursday,8,0,1,139.3335
2025,2,Thursday,8,1,0,68.3927
2025,2,Thursday,8,7,0,2.6443
2025,2,Thursday,8,5,8,8.6105
2025,2,Thursday,8,0,4,71.38
2025,2,Thursday,8,7,6,7.852
2025,2,Thursday,8,3,0,50.4745
2025,2,Thursday,8,4,6,231.9952
2025,2,Thursday,8,5,4,60.7543
2025,2,Thursday,8,7,8,0.5693
2025,2,Thursday,8,8,1,44.6525
2025,2,Thursday,8,8,3,200.364
2025,2,Thursday,8,7,1,16.1808
2025,2,Thursday,8,3,4,607.4753
2025,2,Thursday,8,8,2,67.3715
2025,2,Thursday,8,0,2,90.9853
2025,2,Thursday,8,3,6,1368.134
2025,2,Thursday,8,3,8,449.8402
2025,2,Thursday,8,2,4,55.096
2025,2,Thursday,8,7,5,10.0668
2025,2,Thursday,8,2,3,162.4735
2025,2,Thursday,8,7,4,78.5335
2025,2,Thursday,8,8,6,10.0612
2025,2,Thursday,8,5,0,3.973
2025,2,Thursday,8,6,5,20.5172
2025,2,Thursday,8,3,2,316.479
2025,2,Thursday,8,6,8,33.1415
2025,2,Thursday,8,8,7,0.2892
2025,2,Thursday,8,4,1,59.252
2025,2,Thursday,8,7,3,315.4793
2025,2,Thursday,8,1,6,319.1038
2025,2,Thursday,8,3,7,397.235
2025,2,Thursday,8,1,3,731.3555
2025,2,Thursday,8,0,7,20.5303
2025,2,Thursday,8,6,3,1002.745
2025,2,Thursday,8,7,2,72.58
2025,2,Thursday,8,8,4,39.543
2025,2,Thursday,8,0,5,42.6667
2025,2,Thursday,8,1,8,66.752
2025,2,Thursday,8,6,0,28.798
2025,2,Thursday,8,3,5,509.0375
2025,2,Thursday,8,2,6,143.8048
2025,2,Thursday,8,4,3,455.746
2025,2,Thursday,8,1,7,79.7505
2025,2,Thursday,8,5,3,241.9617
2025,2,Thursday,8,2,1,46.0042
2025,2,Thursday,8,4,8,52.9385
2025,2,Thursday,8,8,5,22.1632
2025,2,Thursday,8,4,0,19.737
2025,2,Thursday,8,6,2,236.6428
2025,2,Thursday,8,1,5,85.336
2025,2,Thursday,8,6,4,106.976
2025,2,Thursday,8,4,2,98.453
2025,2,Thursday,8,4,5,67.9352
2025,2,Thursday,8,6,1,118.0842
2025,2,Thursday,8,2,5,38.6115
2025,2,Thursday,8,2,7,39.3868
2025,2,Thursday,8,1,2,161.806
2025,2,Thursday,8,0,6,51.8158
2025,2,Thursday,8,0,8,23.6975
2025,2,Thursday,8,2,8,46.4407
2025,2,Thursday,8,5,1,24.9168
2025,2,Thursday,8,0,3,111.2235
2025,2,Thursday,8,6,7,3.92
2025,2,Thursday,8,5,6,8.5758
2025,2,Thursday,8,1,4,119.168
2025,2,Thursday,8,5,2,53.252
2025,2,Thursday,8,5,7,6.5423
2025,2,Thursday,8,3,1,196.952
2025,2,Thursday,8,8,0,10.6377
2025,2,Thursday,20,7,2,6.9198
2025,2,Thursday,20,1,0,34.4963
2025,2,Thursday,20,3,6,137.4637
2025,2,Thursday,20,6,0,12.4942
2025,2,Thursday,20,0,6,9.7868
2025,2,Thursday,20,0,3,13.2435
2025,2,Thursday,20,3,4,119.0355
2025,2,Thursday,20,3,7,41.914
2025,2,Thursday,20,6,3,116.7073
2025,2,Thursday,20,7,1,11.9373
2025,2,Thursday,20,4,1,59.8175
2025,2,Thursday,20,3,1,118.7628
2025,2,Thursday,20,7,3,33.254
2025,2,Thursday,20,1,4,27.0922
2025,2,Thursday,20,4,6,67.4162
2025,2,Thursday,20,3,2,39.1142
2025,2,Thursday,20,4,5,21.7302
2025,2,Thursday,20,4,8,10.0542
2025,2,Thursday,20,4,3,142.788
2025,2,Thursday,20,8,4,7.4465
2025,2,Thursday,20,1,8,8.527
2025,2,Thursday,20,6,2,16.5065
2025,2,Thursday,20,7,4,14.6377
2025,2,Thursday,20,1,6,25.5122
2025,2,Thursday,20,3,0,25.4373
2025,2,Thursday,20,8,2,4.6978
2025,2,Thursday,20,2,8,13.3282
2025,2,Thursday,20,4,7,18.6093
2025,2,Thursday,20,1,2,12.997
2025,2,Thursday,20,2,7,10.6583
2025,2,Thursday,20,0,1,18.8593
2025,2,Thursday,20,5,6,7.602
2025,2,Thursday,20,7,8,0.25
2025,2,Thursday,20,6,5,7.9027
2025,2,Thursday,20,6,4,37.0325
2025,2,Thursday,20,8,3,34.5655
2025,2,Thursday,20,6,7,3.2545
2025,2,Thursday,20,5,8,2.3547
2025,2,Thursday,20,2,6,36.2398
2025,2,Thursday,20,4,0,26.4125
2025,2,Thursday,20,4,2,31.8287
2025,2,Thursday,20,7,5,1.8323
2025,2,Thursday,20,6,8,2.9677
2025,2,Thursday,20,5,2,5.5318
2025,2,Thursday,20,0,5,0.3495
2025,2,Thursday,20,1,5,6.7395
2025,2,Thursday,20,1,7,4.083
2025,2,Thursday,20,7,0,2.7033
2025,2,Thursday,20,5,3,57.0973
2025,2,Thursday,20,8,0,2.371
2025,2,Thursday,20,0,7,0.3495
2025,2,Thursday,20,0,8,1.7485
2025,2,Thursday,20,0,4,12.5583
2025,2,Thursday,20,8,1,2.076
2025,2,Thursday,20,1,3,50.837
2025,2,Thursday,20,2,3,55.7675
2025,2,Thursday,20,5,1,15.1773
2025,2,Thursday,20,2,4,26.9518
2025,2,Thursday,20,0,2,2.4335
2025,2,Thursday,20,8,6,4.6998
2025,2,Thursday,20,5,4,19.4943
2025,2,Thursday,20,5,7,0.6105
2025,2,Thursday,20,2,5,7.4292
2025,2,Thursday,20,5,0,4.3275
2025,2,Thursday,20,2,1,36.8863
2025,2,Thursday,20,6,1,31.3457
2025,2,Thursday,20,7,6,2.332
2025,2,Thursday,20,3,8,20.6085
2025,2,Thursday,20,2,0,25.2865
2025,2,Thursday,20,3,5,37.4188
2025,2,Thursday,20,8,5,0.6018
2025,2,Thursday,9,4,5,46.3342
2025,2,Thursday,9,1,2,124.7357
2025,2,Thursday,9,8,5,23.9683
2025,2,Thursday,9,7,4,50.81
2025,2,Thursday,9,4,0,12.2382
2025,2,Thursday,9,6,8,21.237
2025,2,Thursday,9,3,5,302.5435
2025,2,Thursday,9,6,3,566.8077
2025,2,Thursday,9,7,3,149.7243
2025,2,Thursday,9,6,0,16.5677
2025,2,Thursday,9,5,8,10.8265
2025,2,Thursday,9,2,6,66.181
2025,2,Thursday,9,5,6,11.0318
2025,2,Thursday,9,0,3,79.694
2025,2,Thursday,9,2,1,42.2163
2025,2,Thursday,9,5,2,44.6005
2025,2,Thursday,9,1,5,49.8965
2025,2,Thursday,9,2,8,20.4072
2025,2,Thursday,9,4,8,29.3685
2025,2,Thursday,9,7,0,0.8993
2025,2,Thursday,9,4,2,77.8088
2025,2,Thursday,9,6,5,25.5792
2025,2,Thursday,9,2,7,29.388
2025,2,Thursday,9,0,6,17.2725
2025,2,Thursday,9,7,1,12.289
2025,2,Thursday,9,3,7,163.8585
2025,2,Thursday,9,1,6,113.0523
2025,2,Thursday,9,2,5,25.2878
2025,2,Thursday,9,2,3,132.969
2025,2,Thursday,9,6,4,90.9568
2025,2,Thursday,9,7,2,41.5088
2025,2,Thursday,9,5,4,47.068
2025,2,Thursday,9,1,0,36.9483
2025,2,Thursday,9,0,1,92.6495
2025,2,Thursday,9,5,1,20.7238
2025,2,Thursday,9,3,1,121.4617
2025,2,Thursday,9,7,8,0.2777
2025,2,Thursday,9,5,0,9.1033
2025,2,Thursday,9,4,7,48.0522
2025,2,Thursday,9,2,0,10.332
2025,2,Thursday,9,7,6,4.792
2025,2,Thursday,9,3,8,171.1642
2025,2,Thursday,9,8,0,6.6362
2025,2,Thursday,9,7,5,12.8795
2025,2,Thursday,9,1,8,27.0928
2025,2,Thursday,9,6,7,3.872
2025,2,Thursday,9,3,6,601.562
2025,2,Thursday,9,5,3,151.65
2025,2,Thursday,9,8,4,26.068
2025,2,Thursday,9,8,6,19.376
2025,2,Thursday,9,2,4,52.046
2025,2,Thursday,9,3,4,407.1122
2025,2,Thursday,9,4,3,284.4257
2025,2,Thursday,9,0,8,11.9457
2025,2,Thursday,9,6,1,65.6325
2025,2,Thursday,9,8,7,0.8873
2025,2,Thursday,9,3,2,241.1377
2025,2,Thursday,9,8,2,40.401
2025,2,Thursday,9,8,1,28.94
2025,2,Thursday,9,1,4,73.7937
2025,2,Thursday,9,5,7,3.3068
2025,2,Thursday,9,0,7,7.6388
2025,2,Thursday,9,4,1,46.6327
2025,2,Thursday,9,0,2,61.7095
2025,2,Thursday,9,4,6,122.137
2025,2,Thursday,9,8,3,103.1888
2025,2,Thursday,9,0,5,34.5285
2025,2,Thursday,9,1,7,36.1363
2025,2,Thursday,9,0,4,35.166
2025,2,Thursday,9,1,3,386.9957
2025,2,Thursday,9,3,0,21.734
2025,2,Thursday,9,6,2,199.2623
2025,2,Thursday,21,2,1,20.738
2025,2,Thursday,21,6,5,3.8555
2025,2,Thursday,21,2,4,14.3858
2025,2,Thursday,21,1,2,7.441
2025,2,Thursday,21,6,3,64.145
2025,2,Thursday,21,5,2,5.942
2025,2,Thursday,21,1,6,17.5028
2025,2,Thursday,21,1,4,16.3435
2025,2,Thursday,21,1,3,36.9232
2025,2,Thursday,21,4,2,24.3722
2025,2,Thursday,21,0,8,0.3565
2025,2,Thursday,21,6,8,0.6268
2025,2,Thursday,21,7,6,2.0603
2025,2,Thursday,21,2,5,6.9253
2025,2,Thursday,21,7,3,21.5308
2025,2,Thursday,21,7,4,16.0563
2025,2,Thursday,21,0,3,12.117
2025,2,Thursday,21,5,1,8.8895
2025,2,Thursday,21,6,7,1.4787
2025,2,Thursday,21,2,3,38.1
2025,2,Thursday,21,1,8,6.2442
2025,2,Thursday,21,2,0,16.3755
2025,2,Thursday,21,7,5,2.3773
2025,2,Thursday,21,5,8,1.179
2025,2,Thursday,21,6,1,19.795
2025,2,Thursday,21,7,1,6.5115
2025,2,Thursday,21,4,5,18.4562
2025,2,Thursday,21,4,0,19.5312
2025,2,Thursday,21,8,0,1.692
2025,2,Thursday,21,4,3,113.8668
2025,2,Thursday,21,8,5,1.1845
2025,2,Thursday,21,2,8,5.414
2025,2,Thursday,21,1,0,19.4898
2025,2,Thursday,21,5,4,10.0058
2025,2,Thursday,21,3,5,22.4607
2025,2,Thursday,21,3,6,74.8208
2025,2,Thursday,21,2,6,19.521
2025,2,Thursday,21,3,7,24.8055
2025,2,Thursday,21,7,2,5.6158
2025,2,Thursday,21,3,4,64.7292
2025,2,Thursday,21,5,3,26.8523
2025,2,Thursday,21,4,6,51.9278
2025,2,Thursday,21,5,6,4.1138
2025,2,Thursday,21,3,1,63.6658
2025,2,Thursday,21,3,0,22.2792
2025,2,Thursday,21,2,7,6.863
2025,2,Thursday,21,0,4,7.1113
2025,2,Thursday,21,8,2,4.34
2025,2,Thursday,21,8,1,4.0855
2025,2,Thursday,21,5,0,3.4747
2025,2,Thursday,21,0,2,2.1102
2025,2,Thursday,21,6,2,8.0925
2025,2,Thursday,21,8,3,17.415
2025,2,Thursday,21,3,8,19.465
2025,2,Thursday,21,0,7,0.7035
2025,2,Thursday,21,1,7,3.8363
2025,2,Thursday,21,5,7,1.4245
2025,2,Thursday,21,0,5,0.7183
2025,2,Thursday,21,0,6,4.2598
2025,2,Thursday,21,1,5,7.697
2025,2,Thursday,21,6,4,24.2703
2025,2,Thursday,21,6,0,9.309
2025,2,Thursday,21,3,2,32.0255
2025,2,Thursday,21,7,0,2.112
2025,2,Thursday,21,4,7,15.491
2025,2,Thursday,21,0,1,11.3723
2025,2,Thursday,21,4,1,45.6373
2025,2,Thursday,21,8,6,2.2668
2025,2,Thursday,21,4,8,8.3657
2025,2,Thursday,21,8,4,4.0758
2025,2,Thursday,10,4,2,50.9335
2025,2,Thursday,10,5,7,9.135
2025,2,Thursday,10,2,3,80.2807
2025,2,Thursday,10,8,0,3.373
2025,2,Thursday,10,6,1,50.081
2025,2,Thursday,10,2,8,13.6305
2025,2,Thursday,10,2,0,10.4215
2025,2,Thursday,10,1,5,26.9757
2025,2,Thursday,10,8,7,0.6305
2025,2,Thursday,10,1,2,71.5275
2025,2,Thursday,10,6,3,206.2703
2025,2,Thursday,10,4,8,16.7215
2025,2,Thursday,10,5,8,15.3148
2025,2,Thursday,10,5,6,21.2818
2025,2,Thursday,10,1,0,20.414
2025,2,Thursday,10,2,6,45.5067
2025,2,Thursday,10,6,7,2.6863
2025,2,Thursday,10,7,6,5.254
2025,2,Thursday,10,0,7,4.322
2025,2,Thursday,10,7,3,69.7043
2025,2,Thursday,10,6,0,8.3317
2025,2,Thursday,10,5,3,107.988
2025,2,Thursday,10,8,1,20.0583
2025,2,Thursday,10,3,7,73.7528
2025,2,Thursday,10,7,2,23.289
2025,2,Thursday,10,2,5,18.5825
2025,2,Thursday,10,0,2,35.6555
2025,2,Thursday,10,7,1,14.455
2025,2,Thursday,10,1,6,50.0015
2025,2,Thursday,10,5,4,36.6607
2025,2,Thursday,10,3,0,24.3967
2025,2,Thursday,10,4,6,61.1615
2025,2,Thursday,10,3,1,109.7465
2025,2,Thursday,10,7,8,0.2858
2025,2,Thursday,10,8,6,10.8105
2025,2,Thursday,10,4,3,139.5455
2025,2,Thursday,10,4,7,22.5005
2025,2,Thursday,10,3,8,66.9748
2025,2,Thursday,10,3,6,230.75
2025,2,Thursday,10,1,8,12.0012
2025,2,Thursday,10,2,1,43.9833
2025,2,Thursday,10,0,4,28.209
2025,2,Thursday,10,6,4,62.265
2025,2,Thursday,10,4,1,45.2523
2025,2,Thursday,10,1,7,14.0353
2025,2,Thursday,10,8,2,26.039
2025,2,Thursday,10,2,7,14.4955
2025,2,Thursday,10,5,0,7.0038
2025,2,Thursday,10,8,3,68.4605
2025,2,Thursday,10,8,5,6.7578
2025,2,Thursday,10,0,6,13.1158
2025,2,Thursday,10,8,4,22.1525
2025,2,Thursday,10,2,4,48.3265
2025,2,Thursday,10,6,8,9.999
2025,2,Thursday,10,6,5,12.137
2025,2,Thursday,10,5,2,24.8768
2025,2,Thursday,10,3,5,118.0993
2025,2,Thursday,10,4,5,22.1225
2025,2,Thursday,10,6,2,58.0445
2025,2,Thursday,10,1,3,154.7842
2025,2,Thursday,10,3,4,216.5938
2025,2,Thursday,10,0,3,48.357
2025,2,Thursday,10,5,1,17.2915
2025,2,Thursday,10,4,0,10.4533
2025,2,Thursday,10,0,1,59.5195
2025,2,Thursday,10,7,0,1.795
2025,2,Thursday,10,0,5,17.8363
2025,2,Thursday,10,3,2,144.4545
2025,2,Thursday,10,7,4,32.3072
2025,2,Thursday,10,1,4,65.9195
2025,2,Thursday,10,0,8,5.441
2025,2,Thursday,10,7,5,8.266
2025,2,Thursday,22,4,8,4.8652
2025,2,Thursday,22,3,4,32.6385
2025,2,Thursday,22,1,2,3.7497
2025,2,Thursday,22,4,6,34.604
2025,2,Thursday,22,5,3,13.3235
2025,2,Thursday,22,6,2,9.1642
2025,2,Thursday,22,1,0,14.9685
2025,2,Thursday,22,6,1,9.4945
2025,2,Thursday,22,8,5,0.8587
2025,2,Thursday,22,2,3,19.4533
2025,2,Thursday,22,4,0,14.8535
2025,2,Thursday,22,7,3,19.9393
2025,2,Thursday,22,7,0,3.0845
2025,2,Thursday,22,2,7,4.7068
2025,2,Thursday,22,0,6,2.016
2025,2,Thursday,22,2,1,9.33
2025,2,Thursday,22,4,2,17.9055
2025,2,Thursday,22,6,5,2.3392
2025,2,Thursday,22,1,7,2.3017
2025,2,Thursday,22,6,4,15.1215
2025,2,Thursday,22,6,0,5.2295
2025,2,Thursday,22,3,0,20.6707
2025,2,Thursday,22,3,7,13.6527
2025,2,Thursday,22,1,5,3.741
2025,2,Thursday,22,7,1,6.7388
2025,2,Thursday,22,2,8,5.5555
2025,2,Thursday,22,7,4,9.4688
2025,2,Thursday,22,4,3,72.058
2025,2,Thursday,22,8,0,1.1493
2025,2,Thursday,22,8,3,11.8042
2025,2,Thursday,22,6,7,1.207
2025,2,Thursday,22,8,2,1.9922
2025,2,Thursday,22,5,6,4.8388
2025,2,Thursday,22,1,3,20.227
2025,2,Thursday,22,7,6,3.668
2025,2,Thursday,22,3,5,11.5495
2025,2,Thursday,22,1,6,10.0997
2025,2,Thursday,22,8,6,3.1398
2025,2,Thursday,22,2,4,9.9098
2025,2,Thursday,22,0,4,2.6138
2025,2,Thursday,22,0,2,1.6465
2025,2,Thursday,22,3,6,54.7865
2025,2,Thursday,22,2,5,4.1073
2025,2,Thursday,22,2,0,11.236
2025,2,Thursday,22,5,2,2.2498
2025,2,Thursday,22,4,1,37.0945
2025,2,Thursday,22,0,8,1.343
2025,2,Thursday,22,6,8,2.609
2025,2,Thursday,22,0,5,0.6538
2025,2,Thursday,22,5,7,0.279
2025,2,Thursday,22,1,4,5.7637
2025,2,Thursday,22,5,4,6.9365
2025,2,Thursday,22,4,7,12.0075
2025,2,Thursday,22,5,1,6.5733
2025,2,Thursday,22,1,8,6.0485
2025,2,Thursday,22,8,1,5.9393
2025,2,Thursday,22,0,3,6.2815
2025,2,Thursday,22,0,1,4.299
2025,2,Thursday,22,8,4,1.4365
2025,2,Thursday,22,4,5,10.8712
2025,2,Thursday,22,3,1,37.617
2025,2,Thursday,22,5,8,1.4195
2025,2,Thursday,22,5,0,4.0667
2025,2,Thursday,22,6,3,46.5517
2025,2,Thursday,22,2,6,17.08
2025,2,Thursday,22,7,2,4.209
2025,2,Thursday,22,3,2,22.6092
2025,2,Thursday,22,3,8,18.6705
2025,2,Thursday,11,5,3,100.1135
2025,2,Thursday,11,2,5,10.1515
2025,2,Thursday,11,6,2,40.8147
2025,2,Thursday,11,4,2,39.6185
2025,2,Thursday,11,2,3,91.28
2025,2,Thursday,11,0,2,25.912
2025,2,Thursday,11,8,4,16.9338
2025,2,Thursday,11,8,3,60.6008
2025,2,Thursday,11,2,0,10.9698
2025,2,Thursday,11,1,2,57.0115
2025,2,Thursday,11,2,1,45.9015
2025,2,Thursday,11,4,6,49.4855
2025,2,Thursday,11,6,5,16.3252
2025,2,Thursday,11,4,7,22.2365
2025,2,Thursday,11,1,4,54.359
2025,2,Thursday,11,8,6,17.0333
2025,2,Thursday,11,2,8,14.0323
2025,2,Thursday,11,7,2,15.1295
2025,2,Thursday,11,4,3,130.6035
2025,2,Thursday,11,7,5,4.8085
2025,2,Thursday,11,5,6,20.7128
2025,2,Thursday,11,0,3,35.1875
2025,2,Thursday,11,7,6,5.064
2025,2,Thursday,11,4,1,52.4072
2025,2,Thursday,11,0,1,38.799
2025,2,Thursday,11,6,7,3.86
2025,2,Thursday,11,8,7,0.3108
2025,2,Thursday,11,3,1,106.2372
2025,2,Thursday,11,3,6,160.1457
2025,2,Thursday,11,4,0,11.6202
2025,2,Thursday,11,5,8,14.1082
2025,2,Thursday,11,7,8,2.058
2025,2,Thursday,11,1,5,15.5652
2025,2,Thursday,11,3,2,115.8458
2025,2,Thursday,11,3,7,60.6795
2025,2,Thursday,11,5,1,22.6217
2025,2,Thursday,11,6,8,14.547
2025,2,Thursday,11,8,0,3.0438
2025,2,Thursday,11,6,1,47.2672
2025,2,Thursday,11,6,4,71.8822
2025,2,Thursday,11,3,8,62.875
2025,2,Thursday,11,8,1,13.754
2025,2,Thursday,11,3,0,20.8055
2025,2,Thursday,11,7,0,2.3688
2025,2,Thursday,11,0,4,24.0485
2025,2,Thursday,11,6,3,155.3475
2025,2,Thursday,11,0,7,5.0705
2025,2,Thursday,11,8,2,13.7468
2025,2,Thursday,11,1,3,127.684
2025,2,Thursday,11,5,4,35.019
2025,2,Thursday,11,1,6,35.9787
2025,2,Thursday,11,2,6,45.9337
2025,2,Thursday,11,2,7,11.9207
2025,2,Thursday,11,2,4,50.545
2025,2,Thursday,11,1,8,12.7855
2025,2,Thursday,11,0,8,6.6075
2025,2,Thursday,11,5,2,20.2872
2025,2,Thursday,11,5,0,13.2623
2025,2,Thursday,11,3,4,170.363
2025,2,Thursday,11,0,5,11.0495
2025,2,Thursday,11,7,4,30.6375
2025,2,Thursday,11,5,7,10.2693
2025,2,Thursday,11,4,5,28.04
2025,2,Thursday,11,1,7,12.2862
2025,2,Thursday,11,8,5,9.2418
2025,2,Thursday,11,0,6,15.5897
2025,2,Thursday,11,1,0,22.8575
2025,2,Thursday,11,4,8,19.902
2025,2,Thursday,11,7,1,12.0025
2025,2,Thursday,11,3,5,94.484
2025,2,Thursday,11,7,3,64.5538
2025,2,Thursday,11,6,0,7.9658
2025,2,Thursday,23,7,2,1.69
2025,2,Thursday,23,8,1,1.6655
2025,2,Thursday,23,3,0,13.0833
2025,2,Thursday,23,3,6,24.4878
2025,2,Thursday,23,7,3,9.366
2025,2,Thursday,23,4,8,2.5845
2025,2,Thursday,23,2,8,4.9698
2025,2,Thursday,23,8,6,0.2668
2025,2,Thursday,23,7,5,0.285
2025,2,Thursday,23,4,5,4.1835
2025,2,Thursday,23,5,4,5.8065
2025,2,Thursday,23,1,0,7.828
2025,2,Thursday,23,5,3,16.9633
2025,2,Thursday,23,3,5,6.4858
2025,2,Thursday,23,7,6,0.8738
2025,2,Thursday,23,2,0,11.0232
2025,2,Thursday,23,0,7,0.324
2025,2,Thursday,23,4,2,9.5533
2025,2,Thursday,23,4,1,11.8553
2025,2,Thursday,23,2,7,1.9408
2025,2,Thursday,23,0,6,1.983
2025,2,Thursday,23,8,2,1.9658
2025,2,Thursday,23,8,0,2.3758
2025,2,Thursday,23,2,1,5.8842
2025,2,Thursday,23,5,2,3.4818
2025,2,Thursday,23,2,6,10.3875
2025,2,Thursday,23,2,5,0.8635
2025,2,Thursday,23,3,4,18.0145
2025,2,Thursday,23,4,6,19.4823
2025,2,Thursday,23,4,0,13.821
2025,2,Thursday,23,7,4,4.5195
2025,2,Thursday,23,3,7,6.4233
2025,2,Thursday,23,6,1,6.9615
2025,2,Thursday,23,4,3,44.014
2025,2,Thursday,23,6,7,2.0705
2025,2,Thursday,23,7,1,1.9505
2025,2,Thursday,23,6,0,4.2467
2025,2,Thursday,23,2,3,10.2307
2025,2,Thursday,23,0,2,2.3143
2025,2,Thursday,23,1,2,2.3255
2025,2,Thursday,23,5,8,1.217
2025,2,Thursday,23,5,6,2.1057
2025,2,Thursday,23,6,4,6.5085
2025,2,Thursday,23,8,3,7.032
2025,2,Thursday,23,5,0,2.3905
2025,2,Thursday,23,7,0,4.2672
2025,2,Thursday,23,6,5,3.201
2025,2,Thursday,23,3,2,7.0375
2025,2,Thursday,23,1,5,0.5773
2025,2,Thursday,23,0,1,3.5885
2025,2,Thursday,23,1,3,14.5617
2025,2,Thursday,23,3,1,15.0987
2025,2,Thursday,23,0,5,0.31
2025,2,Thursday,23,1,8,4.073
2025,2,Thursday,23,1,6,4.9603
2025,2,Thursday,23,2,4,5.593
2025,2,Thursday,23,1,7,1.1587
2025,2,Thursday,23,0,3,4.2163
2025,2,Thursday,23,0,8,0.9733
2025,2,Thursday,23,8,4,1.164
2025,2,Thursday,23,5,1,2.3013
2025,2,Thursday,23,3,8,8.677
2025,2,Thursday,23,4,7,5.9295
2025,2,Thursday,23,7,8,0.25
2025,2,Thursday,23,0,4,1.8953
2025,2,Thursday,23,6,3,22.1432
2025,2,Thursday,23,6,2,3.134
2025,2,Thursday,23,1,4,1.7548
2025,2,Thursday,23,6,8,1.7505
2025,2,Thursday,0,5,3,5.3655
2025,2,Thursday,0,0,2,1.027
2025,2,Thursday,0,1,6,1.8125
2025,2,Thursday,0,3,8,8.5053
2025,2,Thursday,0,0,4,1.3475
2025,2,Thursday,0,4,7,1.5015
2025,2,Thursday,0,7,2,0.2932
2025,2,Thursday,0,4,3,12.0102
2025,2,Thursday,0,6,8,0.279
2025,2,Thursday,0,3,7,2.3668
2025,2,Thursday,0,6,3,6.376
2025,2,Thursday,0,2,7,0.9432
2025,2,Thursday,0,2,4,2.3092
2025,2,Thursday,0,5,4,1.178
2025,2,Thursday,0,2,6,3.9332
2025,2,Thursday,0,8,2,1.105
2025,2,Thursday,0,3,0,7.2182
2025,2,Thursday,0,2,3,3.653
2025,2,Thursday,0,5,0,0.853
2025,2,Thursday,0,0,8,1.3865
2025,2,Thursday,0,4,2,1.167
2025,2,Thursday,0,3,5,3.6095
2025,2,Thursday,0,1,0,2.989
2025,2,Thursday,0,6,4,2.0483
2025,2,Thursday,0,7,6,0.25
2025,2,Thursday,0,3,1,2.975
2025,2,Thursday,0,7,0,0.8627
2025,2,Thursday,0,7,3,4.4995
2025,2,Thursday,0,0,1,1.03
2025,2,Thursday,0,7,1,1.984
2025,2,Thursday,0,3,2,2.1543
2025,2,Thursday,0,5,1,1.3927
2025,2,Thursday,0,2,1,2.526
2025,2,Thursday,0,4,6,4.7487
2025,2,Thursday,0,1,4,0.9183
2025,2,Thursday,0,0,3,1.7335
2025,2,Thursday,0,8,3,4.7305
2025,2,Thursday,0,3,6,12.022
2025,2,Thursday,0,0,7,1.3685
2025,2,Thursday,0,4,1,4.334
2025,2,Thursday,0,4,8,3.2835
2025,2,Thursday,0,1,3,0.9178
2025,2,Thursday,0,2,8,4.5985
2025,2,Thursday,0,7,4,0.56
2025,2,Thursday,0,8,1,0.25
2025,2,Thursday,0,6,0,2.0703
2025,2,Thursday,0,6,2,0.2862
2025,2,Thursday,0,2,0,3.5897
2025,2,Thursday,0,6,5,1.2403
2025,2,Thursday,0,4,5,1.4745
2025,2,Thursday,0,8,6,1.1232
2025,2,Thursday,0,0,6,0.6917
2025,2,Thursday,0,1,2,0.3228
2025,2,Thursday,0,6,1,1.1725
2025,2,Thursday,0,5,6,0.6068
2025,2,Thursday,0,1,8,0.5947
2025,2,Thursday,0,5,2,0.3055
2025,2,Thursday,0,3,4,5.676
2025,2,Thursday,0,4,0,6.1613
2025,2,Thursday,12,5,4,51.648
2025,2,Thursday,12,8,2,20.16
2025,2,Thursday,12,5,6,28.6482
2025,2,Thursday,12,6,0,8.779
2025,2,Thursday,12,3,5,89.976
2025,2,Thursday,12,8,5,12.8575
2025,2,Thursday,12,7,6,5.6185
2025,2,Thursday,12,4,5,23.404
2025,2,Thursday,12,5,8,13.8525
2025,2,Thursday,12,4,2,41.8615
2025,2,Thursday,12,5,2,20.231
2025,2,Thursday,12,2,7,14.6683
2025,2,Thursday,12,8,1,18.8725
2025,2,Thursday,12,2,8,14.5835
2025,2,Thursday,12,7,3,57.4313
2025,2,Thursday,12,4,6,55.8275
2025,2,Thursday,12,7,2,15.8958
2025,2,Thursday,12,2,1,57.86
2025,2,Thursday,12,1,4,58.2455
2025,2,Thursday,12,0,6,16.473
2025,2,Thursday,12,1,6,41.213
2025,2,Thursday,12,0,7,5.2735
2025,2,Thursday,12,1,5,19.2405
2025,2,Thursday,12,5,3,93.2155
2025,2,Thursday,12,0,5,11.5913
2025,2,Thursday,12,1,7,12.6407
2025,2,Thursday,12,0,8,4.9475
2025,2,Thursday,12,3,2,107.5612
2025,2,Thursday,12,1,3,117.8495
2025,2,Thursday,12,8,3,51.033
2025,2,Thursday,12,8,4,21.6213
2025,2,Thursday,12,2,0,16.1718
2025,2,Thursday,12,3,8,58.8525
2025,2,Thursday,12,6,2,41.9432
2025,2,Thursday,12,8,0,5.2008
2025,2,Thursday,12,5,7,8.9
2025,2,Thursday,12,7,0,3.49
2025,2,Thursday,12,2,4,55.9348
2025,2,Thursday,12,1,0,24.1405
2025,2,Thursday,12,4,0,12.7163
2025,2,Thursday,12,7,8,2.3872
2025,2,Thursday,12,0,3,31.323
2025,2,Thursday,12,0,2,24.8668
2025,2,Thursday,12,5,0,9.782
2025,2,Thursday,12,0,1,31.981
2025,2,Thursday,12,4,1,53.8463
2025,2,Thursday,12,1,2,57.5668
2025,2,Thursday,12,7,5,4.3303
2025,2,Thursday,12,4,8,17.9952
2025,2,Thursday,12,8,6,37.0885
2025,2,Thursday,12,5,1,20.6235
2025,2,Thursday,12,2,6,40.4993
2025,2,Thursday,12,7,1,14.3985
2025,2,Thursday,12,6,8,27.8435
2025,2,Thursday,12,7,4,38.8208
2025,2,Thursday,12,6,5,18.8672
2025,2,Thursday,12,1,8,17.4018
2025,2,Thursday,12,2,3,104.991
2025,2,Thursday,12,3,4,188.5253
2025,2,Thursday,12,6,3,164.3358
2025,2,Thursday,12,6,7,5.4137
2025,2,Thursday,12,4,7,21.5462
2025,2,Thursday,12,3,6,150.4828
2025,2,Thursday,12,2,5,12.7688
2025,2,Thursday,12,4,3,132.0945
2025,2,Thursday,12,3,0,23.8077
2025,2,Thursday,12,3,1,98.3938
2025,2,Thursday,12,0,4,29.3997
2025,2,Thursday,12,6,4,80.2987
2025,2,Thursday,12,3,7,57.8235
2025,2,Thursday,12,6,1,37.9125
2025,2,Friday,1,3,1,1.9378
2025,2,Friday,1,3,5,0.6128
2025,2,Friday,1,6,8,0.45
2025,2,Friday,1,2,1,1.1885
2025,2,Friday,1,1,8,0.2975
2025,2,Friday,1,4,8,0.3203
2025,2,Friday,1,8,6,0.3282
2025,2,Friday,1,1,4,0.35
2025,2,Friday,1,6,5,0.9818
2025,2,Friday,1,7,4,0.2858
2025,2,Friday,1,2,4,0.25
2025,2,Friday,1,3,4,3.0935
2025,2,Friday,1,3,8,0.9342
2025,2,Friday,1,7,2,0.3055
2025,2,Friday,1,6,0,0.6308
2025,2,Friday,1,5,0,0.25
2025,2,Friday,1,3,0,2.2545
2025,2,Friday,1,5,4,1.482
2025,2,Friday,1,3,6,4.4485
2025,2,Friday,1,1,3,1.553
2025,2,Friday,1,3,2,1.881
2025,2,Friday,1,8,0,0.663
2025,2,Friday,1,0,2,0.372
2025,2,Friday,1,6,2,0.2813
2025,2,Friday,1,2,6,0.25
2025,2,Friday,1,6,4,1.4943
2025,2,Friday,1,5,2,0.3125
2025,2,Friday,1,7,0,0.35
2025,2,Friday,1,4,5,0.871
2025,2,Friday,1,4,0,1.4775
2025,2,Friday,1,4,3,7.8953
2025,2,Friday,1,8,1,0.6382
2025,2,Friday,1,7,1,0.3055
2025,2,Friday,1,8,3,0.575
2025,2,Friday,1,6,1,0.2898
2025,2,Friday,1,4,6,3.273
2025,2,Friday,1,3,7,0.9335
2025,2,Friday,1,6,3,1.55
2025,2,Friday,1,0,3,0.6945
2025,2,Friday,1,5,1,0.9
2025,2,Friday,1,2,7,0.6
2025,2,Friday,1,1,0,0.598
2025,2,Friday,1,5,3,0.5777
2025,2,Friday,1,4,7,0.285
2025,2,Friday,1,4,2,1.527
2025,2,Friday,1,2,0,2.1647
2025,2,Friday,1,4,1,2.5365
2025,2,Friday,1,0,1,1.0943
2025,2,Friday,1,2,3,0.5288
2025,2,Friday,1,0,4,0.747
2025,2,Friday,1,5,7,0.6875
2025,2,Friday,1,0,8,0.361
2025,2,Friday,1,7,3,1.2337
2025,2,Friday,13,1,5,20.3637
2025,2,Friday,13,2,6,36.721
2025,2,Friday,13,0,4,28.0318
2025,2,Friday,13,1,0,42.9413
2025,2,Friday,13,3,4,170.7567
2025,2,Friday,13,1,4,66.7262
2025,2,Friday,13,6,7,8.7268
2025,2,Friday,13,7,2,15.1625
2025,2,Friday,13,0,1,53.017
2025,2,Friday,13,4,1,85.828
2025,2,Friday,13,4,0,21.0028
2025,2,Friday,13,8,3,58.997
2025,2,Friday,13,1,6,48.282
2025,2,Friday,13,1,3,117.0095
2025,2,Friday,13,7,5,5.974
2025,2,Friday,13,5,0,7.1617
2025,2,Friday,13,6,5,25.337
2025,2,Friday,13,3,6,149.6983
2025,2,Friday,13,7,4,31.2132
2025,2,Friday,13,8,0,6.5598
2025,2,Friday,13,8,1,17.4618
2025,2,Friday,13,5,2,27.1958
2025,2,Friday,13,1,8,10.024
2025,2,Friday,13,3,5,70.6642
2025,2,Friday,13,0,7,4.0457
2025,2,Friday,13,6,2,39.4935
2025,2,Friday,13,7,1,13.6867
2025,2,Friday,13,8,6,27.0208
2025,2,Friday,13,4,5,44.5068
2025,2,Friday,13,0,8,6.8617
2025,2,Friday,13,4,3,167.0685
2025,2,Friday,13,5,4,52.9455
2025,2,Friday,13,8,2,16.4437
2025,2,Friday,13,6,3,155.9995
2025,2,Friday,13,2,1,66.528
2025,2,Friday,13,5,6,29.3977
2025,2,Friday,13,4,2,54.8428
2025,2,Friday,13,1,2,58.3353
2025,2,Friday,13,0,2,22.8075
2025,2,Friday,13,3,0,30.3545
2025,2,Friday,13,5,3,83.3115
2025,2,Friday,13,2,5,15.2577
2025,2,Friday,13,3,8,46.8483
2025,2,Friday,13,3,7,38.4875
2025,2,Friday,13,0,6,10.5945
2025,2,Friday,13,3,1,122.381
2025,2,Friday,13,2,4,53.178
2025,2,Friday,13,2,7,11.277
2025,2,Friday,13,8,7,0.588
2025,2,Friday,13,5,1,22.0418
2025,2,Friday,13,2,8,11.3942
2025,2,Friday,13,0,5,9.2395
2025,2,Friday,13,6,8,24.1098
2025,2,Friday,13,4,8,16.5185
2025,2,Friday,13,7,3,64.313
2025,2,Friday,13,7,0,2.6642
2025,2,Friday,13,5,8,12.0502
2025,2,Friday,13,4,6,65.5318
2025,2,Friday,13,4,7,28.9115
2025,2,Friday,13,2,3,96.7945
2025,2,Friday,13,8,4,22.7018
2025,2,Friday,13,2,0,20.032
2025,2,Friday,13,5,7,7.8213
2025,2,Friday,13,6,0,12.4078
2025,2,Friday,13,0,3,31.9967
2025,2,Friday,13,7,6,4.1275
2025,2,Friday,13,6,1,51.458
2025,2,Friday,13,3,2,75.448
2025,2,Friday,13,1,7,12.7318
2025,2,Friday,13,6,4,67.2012
2025,2,Friday,13,8,5,21.458
2025,2,Friday,13,7,8,0.5245
2025,2,Friday,2,8,6,1.375
2025,2,Friday,2,6,1,0.25
2025,2,Friday,2,2,1,0.9063
2025,2,Friday,2,5,4,1.6633
2025,2,Friday,2,6,4,0.611
2025,2,Friday,2,1,4,0.5668
2025,2,Friday,2,2,3,1.0802
2025,2,Friday,2,2,4,1.5938
2025,2,Friday,2,0,3,0.4027
2025,2,Friday,2,4,7,0.585
2025,2,Friday,2,7,5,0.3125
2025,2,Friday,2,3,4,1.59
2025,2,Friday,2,1,8,0.25
2025,2,Friday,2,5,3,1.0245
2025,2,Friday,2,6,8,0.7265
2025,2,Friday,2,4,6,2.9662
2025,2,Friday,2,0,2,0.4108
2025,2,Friday,2,3,0,0.6583
2025,2,Friday,2,1,6,0.275
2025,2,Friday,2,4,0,2.6145
2025,2,Friday,2,4,1,0.6277
2025,2,Friday,2,4,3,1.5477
2025,2,Friday,2,6,2,0.7858
2025,2,Friday,2,5,0,0.2813
2025,2,Friday,2,1,3,0.25
2025,2,Friday,2,5,8,0.3
2025,2,Friday,2,2,6,0.7918
2025,2,Friday,2,2,0,0.2918
2025,2,Friday,2,8,1,0.2727
2025,2,Friday,2,7,3,0.5832
2025,2,Friday,2,2,8,0.6355
2025,2,Friday,2,6,3,1.7367
2025,2,Friday,2,2,5,0.5835
2025,2,Friday,2,8,3,0.2727
2025,2,Friday,2,3,6,1.2795
2025,2,Friday,2,3,1,0.25
2025,2,Friday,14,5,3,127.326
2025,2,Friday,14,4,1,92.405
2025,2,Friday,14,6,5,29.0187
2025,2,Friday,14,7,6,6.906
2025,2,Friday,14,8,0,3.6315
2025,2,Friday,14,4,0,32.7028
2025,2,Friday,14,5,1,36.3122
2025,2,Friday,14,0,3,45.8465
2025,2,Friday,14,3,8,51.1623
2025,2,Friday,14,0,1,47.8957
2025,2,Friday,14,1,6,46.239
2025,2,Friday,14,5,4,53.6588
2025,2,Friday,14,6,8,16.2815
2025,2,Friday,14,7,5,11.5647
2025,2,Friday,14,3,4,203.7685
2025,2,Friday,14,6,7,9.7242
2025,2,Friday,14,2,4,55.434
2025,2,Friday,14,8,5,25.8725
2025,2,Friday,14,5,2,19.5873
2025,2,Friday,14,3,7,46.3095
2025,2,Friday,14,1,0,59.3688
2025,2,Friday,14,2,6,48.0545
2025,2,Friday,14,7,0,6.0847
2025,2,Friday,14,2,7,12.7003
2025,2,Friday,14,2,5,16.849
2025,2,Friday,14,1,3,148.0742
2025,2,Friday,14,0,2,24.6265
2025,2,Friday,14,5,0,12.4875
2025,2,Friday,14,5,8,13.9595
2025,2,Friday,14,1,5,16.5125
2025,2,Friday,14,6,3,233.3015
2025,2,Friday,14,5,6,23.579
2025,2,Friday,14,7,2,14.148
2025,2,Friday,14,8,7,0.3268
2025,2,Friday,14,5,7,6.1925
2025,2,Friday,14,4,3,229.007
2025,2,Friday,14,1,2,63
2025,2,Friday,14,8,6,37.2265
2025,2,Friday,14,3,0,36.8038
2025,2,Friday,14,8,2,18.563
2025,2,Friday,14,6,1,52.6032
2025,2,Friday,14,6,4,83.2483
2025,2,Friday,14,8,3,98.836
2025,2,Friday,14,7,4,43.0958
2025,2,Friday,14,0,7,7.797
2025,2,Friday,14,6,2,60.8548
2025,2,Friday,14,1,7,10.1488
2025,2,Friday,14,7,1,23.5495
2025,2,Friday,14,1,4,76.0493
2025,2,Friday,14,8,4,29.2
2025,2,Friday,14,0,8,7.3602
2025,2,Friday,14,3,2,91.7192
2025,2,Friday,14,3,5,74.7823
2025,2,Friday,14,0,5,10.9465
2025,2,Friday,14,0,6,14.7857
2025,2,Friday,14,1,8,15.4638
2025,2,Friday,14,7,3,73
2025,2,Friday,14,8,1,21.1812
2025,2,Friday,14,4,5,40.7687
2025,2,Friday,14,4,2,56.6977
2025,2,Friday,14,4,6,79.3832
2025,2,Friday,14,2,0,26.248
2025,2,Friday,14,2,1,74.289
2025,2,Friday,14,4,8,19.5925
2025,2,Friday,14,0,4,36.238
2025,2,Friday,14,2,3,113.666
2025,2,Friday,14,3,6,149.8615
2025,2,Friday,14,4,7,28.3795
2025,2,Friday,14,3,1,146.2977
2025,2,Friday,14,6,0,16.2948
2025,2,Friday,14,2,8,17.0105
2025,2,Friday,14,7,8,0.8142
2025,2,Friday,3,6,3,3.6748
2025,2,Friday,3,5,0,0.6875
2025,2,Friday,3,2,3,0.3
2025,2,Friday,3,3,1,0.2858
2025,2,Friday,3,8,6,0.875
2025,2,Friday,3,5,3,0.9375
2025,2,Friday,3,8,1,0.25
2025,2,Friday,3,4,3,3.746
2025,2,Friday,3,4,5,0.25
2025,2,Friday,3,5,4,0.5385
2025,2,Friday,3,4,1,0.861
2025,2,Friday,3,2,4,0.3332
2025,2,Friday,3,1,2,0.3438
2025,2,Friday,3,7,3,0.25
2025,2,Friday,3,0,8,0.384
2025,2,Friday,3,3,2,0.5
2025,2,Friday,3,3,6,0.6085
2025,2,Friday,3,6,8,0.5
2025,2,Friday,3,0,1,0.7478
2025,2,Friday,3,4,0,2.1142
2025,2,Friday,3,3,4,0.942
2025,2,Friday,3,5,6,0.2693
2025,2,Friday,3,2,5,0.25
2025,2,Friday,3,0,7,0.384
2025,2,Friday,3,7,2,0.2918
2025,2,Friday,3,6,4,0.4168
2025,2,Friday,3,0,4,0.384
2025,2,Friday,3,4,7,0.3125
2025,2,Friday,3,4,2,0.6705
2025,2,Friday,3,5,1,0.5625
2025,2,Friday,3,7,4,1.1335
2025,2,Friday,3,4,6,0.9363
2025,2,Friday,3,0,3,0.8077
2025,2,Friday,3,1,4,0.7
2025,2,Friday,3,0,6,0.4038
2025,2,Friday,3,4,8,0.6023
2025,2,Friday,3,3,0,0.8873
2025,2,Friday,3,7,5,0.25
2025,2,Friday,3,2,0,0.2858
2025,2,Friday,3,2,1,1.192
2025,2,Friday,3,6,7,0.5
2025,2,Friday,15,8,1,24.8795
2025,2,Friday,15,6,8,20.8992
2025,2,Friday,15,2,6,68.5205
2025,2,Friday,15,5,4,65.3585
2025,2,Friday,15,0,2,23.0993
2025,2,Friday,15,2,0,42.2782
2025,2,Friday,15,7,4,37.7717
2025,2,Friday,15,0,8,10.3387
2025,2,Friday,15,4,3,287.7277
2025,2,Friday,15,8,5,22.2147
2025,2,Friday,15,8,6,32.7588
2025,2,Friday,15,7,2,13.3975
2025,2,Friday,15,1,0,104.5125
2025,2,Friday,15,6,1,49.1565
2025,2,Friday,15,7,3,105.8715
2025,2,Friday,15,0,5,8.6562
2025,2,Friday,15,3,7,49.1977
2025,2,Friday,15,0,4,38.3617
2025,2,Friday,15,1,8,32.4727
2025,2,Friday,15,3,2,83.8683
2025,2,Friday,15,7,0,4.7768
2025,2,Friday,15,6,2,54.237
2025,2,Friday,15,4,0,39.773
2025,2,Friday,15,1,5,30.0063
2025,2,Friday,15,4,1,104.8405
2025,2,Friday,15,4,6,85.1717
2025,2,Friday,15,7,6,7.1863
2025,2,Friday,15,2,7,19.0975
2025,2,Friday,15,4,8,31.8592
2025,2,Friday,15,4,7,26.8475
2025,2,Friday,15,7,8,0.28
2025,2,Friday,15,5,6,20.15
2025,2,Friday,15,8,4,41.0355
2025,2,Friday,15,4,2,57.7442
2025,2,Friday,15,6,4,91.1712
2025,2,Friday,15,5,7,9.1668
2025,2,Friday,15,3,8,63.8182
2025,2,Friday,15,0,6,23.766
2025,2,Friday,15,3,6,186.8183
2025,2,Friday,15,3,4,216.7925
2025,2,Friday,15,2,8,23.7968
2025,2,Friday,15,5,1,36.9802
2025,2,Friday,15,8,2,19.6315
2025,2,Friday,15,0,3,51.7335
2025,2,Friday,15,6,7,6.6135
2025,2,Friday,15,1,3,213.6937
2025,2,Friday,15,6,3,278.2595
2025,2,Friday,15,7,5,5.6707
2025,2,Friday,15,2,5,24.3945
2025,2,Friday,15,4,5,49.406
2025,2,Friday,15,6,0,24.2657
2025,2,Friday,15,3,5,68.2372
2025,2,Friday,15,5,3,215.7627
2025,2,Friday,15,3,0,38.3915
2025,2,Friday,15,0,7,2.4213
2025,2,Friday,15,0,1,66.116
2025,2,Friday,15,1,2,71.8375
2025,2,Friday,15,1,7,18.3243
2025,2,Friday,15,1,6,74.7727
2025,2,Friday,15,5,8,18.4813
2025,2,Friday,15,5,0,16.28
2025,2,Friday,15,6,5,24.3397
2025,2,Friday,15,5,2,17.459
2025,2,Friday,15,2,3,173.788
2025,2,Friday,15,1,4,94.1485
2025,2,Friday,15,2,4,71.9705
2025,2,Friday,15,8,0,8.9307
2025,2,Friday,15,2,1,72.6292
2025,2,Friday,15,7,1,23.5097
2025,2,Friday,15,3,1,161.2102
2025,2,Friday,15,8,3,163.9847
2025,2,Friday,4,1,8,0.3215
2025,2,Friday,4,8,6,1.2488
2025,2,Friday,4,0,7,0.3417
2025,2,Friday,4,8,0,0.698
2025,2,Friday,4,3,8,0.3375
2025,2,Friday,4,0,4,1.3108
2025,2,Friday,4,8,1,0.2918
2025,2,Friday,4,2,4,2
2025,2,Friday,4,4,6,0.5832
2025,2,Friday,4,2,6,1.1073
2025,2,Friday,4,4,0,0.6832
2025,2,Friday,4,0,8,2.5793
2025,2,Friday,4,6,5,1.6915
2025,2,Friday,4,3,0,1.1388
2025,2,Friday,4,1,6,1.8595
2025,2,Friday,4,2,3,1.7083
2025,2,Friday,4,3,6,1.6645
2025,2,Friday,4,3,4,1.385
2025,2,Friday,4,0,6,1.0115
2025,2,Friday,4,4,5,0.6255
2025,2,Friday,4,5,0,0.2813
2025,2,Friday,4,0,5,3.6265
2025,2,Friday,4,7,3,0.3332
2025,2,Friday,4,5,4,0.375
2025,2,Friday,4,5,3,1.2152
2025,2,Friday,4,4,1,1.077
2025,2,Friday,4,2,1,2.813
2025,2,Friday,4,0,3,4.21
2025,2,Friday,4,0,1,1.9162
2025,2,Friday,4,8,2,1.2488
2025,2,Friday,4,3,7,1.0562
2025,2,Friday,4,2,7,0.5
2025,2,Friday,4,3,1,1.7968
2025,2,Friday,4,2,0,1.655
2025,2,Friday,4,6,3,4.9995
2025,2,Friday,4,6,2,1.3952
2025,2,Friday,4,1,2,0.6923
2025,2,Friday,4,5,6,0.7123
2025,2,Friday,4,8,3,4.1038
2025,2,Friday,4,1,0,0.7928
2025,2,Friday,4,3,5,0.2895
2025,2,Friday,4,4,3,1.4607
2025,2,Friday,4,3,2,0.5953
2025,2,Friday,4,1,3,0.6215
2025,2,Friday,4,0,2,1.0118
2025,2,Friday,4,7,6,0.5832
2025,2,Friday,4,1,5,1.4918
2025,2,Friday,4,6,7,0.3543
2025,2,Friday,16,0,6,25.9442
2025,2,Friday,16,7,1,27.3398
2025,2,Friday,16,1,4,88.9288
2025,2,Friday,16,0,4,42.5567
2025,2,Friday,16,4,7,28.2745
2025,2,Friday,16,3,5,78.6585
2025,2,Friday,16,5,0,16.631
2025,2,Friday,16,6,5,35.4495
2025,2,Friday,16,4,6,97.3097
2025,2,Friday,16,8,1,23.8627
2025,2,Friday,16,6,2,52.766
2025,2,Friday,16,3,2,106.639
2025,2,Friday,16,2,5,18.8425
2025,2,Friday,16,8,4,43.104
2025,2,Friday,16,8,2,25.7055
2025,2,Friday,16,2,6,102.4138
2025,2,Friday,16,2,7,22.7078
2025,2,Friday,16,7,8,0.602
2025,2,Friday,16,7,2,21.5327
2025,2,Friday,16,2,3,211.442
2025,2,Friday,16,0,3,42.567
2025,2,Friday,16,0,5,6.577
2025,2,Friday,16,6,1,76.4935
2025,2,Friday,16,7,0,8.0802
2025,2,Friday,16,3,1,207.0055
2025,2,Friday,16,4,1,108.4892
2025,2,Friday,16,0,2,23.5292
2025,2,Friday,16,8,0,12.8407
2025,2,Friday,16,0,8,8.996
2025,2,Friday,16,5,6,24.225
2025,2,Friday,16,1,6,80.0163
2025,2,Friday,16,5,4,65.16
2025,2,Friday,16,2,0,46.263
2025,2,Friday,16,3,4,283.97
2025,2,Friday,16,2,4,89.9733
2025,2,Friday,16,8,7,0.5915
2025,2,Friday,16,0,7,4.8585
2025,2,Friday,16,4,3,303.1483
2025,2,Friday,16,4,5,41.531
2025,2,Friday,16,6,7,7.6315
2025,2,Friday,16,3,6,286.1685
2025,2,Friday,16,1,7,13.67
2025,2,Friday,16,3,0,50.1555
2025,2,Friday,16,2,1,90.3938
2025,2,Friday,16,2,8,33.1725
2025,2,Friday,16,1,5,22.2097
2025,2,Friday,16,7,4,45.2435
2025,2,Friday,16,6,4,121.376
2025,2,Friday,16,4,0,40.6882
2025,2,Friday,16,5,7,7.0262
2025,2,Friday,16,8,6,44.3283
2025,2,Friday,16,0,1,61.5802
2025,2,Friday,16,7,3,173.2203
2025,2,Friday,16,3,7,53.4712
2025,2,Friday,16,5,3,314.4517
2025,2,Friday,16,5,2,27.4215
2025,2,Friday,16,5,1,43.216
2025,2,Friday,16,6,0,26.3225
2025,2,Friday,16,4,2,62.3107
2025,2,Friday,16,3,8,84.1827
2025,2,Friday,16,7,6,10.8037
2025,2,Friday,16,7,5,4.7192
2025,2,Friday,16,8,5,23.101
2025,2,Friday,16,6,8,15.6118
2025,2,Friday,16,4,8,25.0457
2025,2,Friday,16,6,3,419.42
2025,2,Friday,16,1,8,34.5363
2025,2,Friday,16,1,3,216.0698
2025,2,Friday,16,8,3,203.0388
2025,2,Friday,16,1,0,100.3445
2025,2,Friday,16,1,2,62.8543
2025,2,Friday,16,5,8,16.5367
2025,2,Friday,5,4,5,3.697
2025,2,Friday,5,6,8,1.2758
2025,2,Friday,5,1,2,1.9732
2025,2,Friday,5,1,6,7.1823
2025,2,Friday,5,4,7,0.643
2025,2,Friday,5,0,3,19.3358
2025,2,Friday,5,0,7,1.8955
2025,2,Friday,5,6,2,7.3388
2025,2,Friday,5,3,8,24.3935
2025,2,Friday,5,1,0,4.4063
2025,2,Friday,5,6,0,5.301
2025,2,Friday,5,5,6,0.2763
2025,2,Friday,5,0,6,9.8735
2025,2,Friday,5,4,8,0.6128
2025,2,Friday,5,2,8,5.3465
2025,2,Friday,5,1,7,1.1277
2025,2,Friday,5,7,2,3.0428
2025,2,Friday,5,2,6,1.3853
2025,2,Friday,5,0,5,5.2998
2025,2,Friday,5,7,3,5.212
2025,2,Friday,5,2,4,0.548
2025,2,Friday,5,6,5,1.3075
2025,2,Friday,5,0,4,6.1518
2025,2,Friday,5,4,1,2.9097
2025,2,Friday,5,1,4,4.535
2025,2,Friday,5,5,3,9.9733
2025,2,Friday,5,4,6,4.4388
2025,2,Friday,5,6,1,5.712
2025,2,Friday,5,0,2,13.9645
2025,2,Friday,5,3,6,51.6582
2025,2,Friday,5,3,5,41.4795
2025,2,Friday,5,2,1,1.3933
2025,2,Friday,5,7,1,1.16
2025,2,Friday,5,3,0,2.9568
2025,2,Friday,5,8,5,2.811
2025,2,Friday,5,4,3,18.3545
2025,2,Friday,5,7,4,1.9323
2025,2,Friday,5,4,2,2.4375
2025,2,Friday,5,5,1,1.9593
2025,2,Friday,5,6,4,2.8835
2025,2,Friday,5,0,8,2.77
2025,2,Friday,5,5,7,0.2763
2025,2,Friday,5,4,0,1.902
2025,2,Friday,5,8,6,1.7877
2025,2,Friday,5,8,4,4.4462
2025,2,Friday,5,3,1,12.6765
2025,2,Friday,5,5,4,1.0977
2025,2,Friday,5,8,0,3.057
2025,2,Friday,5,3,4,20.8988
2025,2,Friday,5,3,7,16.745
2025,2,Friday,5,2,7,1.906
2025,2,Friday,5,1,8,2.59
2025,2,Friday,5,0,1,10.863
2025,2,Friday,5,3,2,13.5703
2025,2,Friday,5,8,2,6.04
2025,2,Friday,5,5,0,0.2707
2025,2,Friday,5,1,5,2.9025
2025,2,Friday,5,7,6,1.3593
2025,2,Friday,5,2,0,5.7695
2025,2,Friday,5,6,3,32.2592
2025,2,Friday,5,2,3,2.3165
2025,2,Friday,5,2,5,4.4733
2025,2,Friday,5,8,1,7.55
2025,2,Friday,5,8,3,16.0162
2025,2,Friday,5,5,2,1.8802
2025,2,Friday,5,1,3,9.3927
2025,2,Friday,17,0,3,50.2748
2025,2,Friday,17,3,1,295.6742
2025,2,Friday,17,4,5,37.6532
2025,2,Friday,17,0,1,59.427
2025,2,Friday,17,6,4,169.187
2025,2,Friday,17,6,5,33.4353
2025,2,Friday,17,0,4,37.7315
2025,2,Friday,17,3,6,421.2505
2025,2,Friday,17,2,7,23.6875
2025,2,Friday,17,5,8,12.0685
2025,2,Friday,17,1,6,72.9338
2025,2,Friday,17,6,7,11.296
2025,2,Friday,17,1,8,23.7967
2025,2,Friday,17,0,6,21.5928
2025,2,Friday,17,6,2,74.203
2025,2,Friday,17,5,2,30.3627
2025,2,Friday,17,7,1,35.376
2025,2,Friday,17,2,3,226.5298
2025,2,Friday,17,0,5,4.7067
2025,2,Friday,17,7,3,149.395
2025,2,Friday,17,6,3,490.7475
2025,2,Friday,17,5,7,5.1005
2025,2,Friday,17,7,0,8.217
2025,2,Friday,17,5,0,15.478
2025,2,Friday,17,5,4,81.6123
2025,2,Friday,17,8,2,24.661
2025,2,Friday,17,8,1,25.2365
2025,2,Friday,17,1,3,209.0525
2025,2,Friday,17,1,5,22.905
2025,2,Friday,17,6,0,30.6352
2025,2,Friday,17,3,0,65.3138
2025,2,Friday,17,4,2,51.7855
2025,2,Friday,17,2,0,54.4765
2025,2,Friday,17,2,5,30.9165
2025,2,Friday,17,7,8,0.8335
2025,2,Friday,17,8,0,13.4983
2025,2,Friday,17,3,7,83.786
2025,2,Friday,17,1,0,97.4155
2025,2,Friday,17,8,5,13.0197
2025,2,Friday,17,2,1,113.943
2025,2,Friday,17,7,4,63.5235
2025,2,Friday,17,8,6,32.83
2025,2,Friday,17,3,2,116.6547
2025,2,Friday,17,7,5,6.2175
2025,2,Friday,17,2,8,29.0033
2025,2,Friday,17,6,8,14.446
2025,2,Friday,17,3,8,83.361
2025,2,Friday,17,3,5,106.0862
2025,2,Friday,17,4,3,301.3045
2025,2,Friday,17,0,7,1.684
2025,2,Friday,17,4,1,98.2417
2025,2,Friday,17,4,7,29.8757
2025,2,Friday,17,1,2,62.9322
2025,2,Friday,17,3,4,395.5455
2025,2,Friday,17,2,4,92.0732
2025,2,Friday,17,8,7,2.124
2025,2,Friday,17,0,2,22.2318
2025,2,Friday,17,5,6,32.6915
2025,2,Friday,17,6,1,100.6475
2025,2,Friday,17,1,4,110.1765
2025,2,Friday,17,4,0,36.1505
2025,2,Friday,17,2,6,153.8537
2025,2,Friday,17,4,6,109.6915
2025,2,Friday,17,8,3,186.681
2025,2,Friday,17,0,8,4.7137
2025,2,Friday,17,5,3,290.0173
2025,2,Friday,17,1,7,18.0967
2025,2,Friday,17,8,4,45.0263
2025,2,Friday,17,5,1,49.2512
2025,2,Friday,17,7,6,8.5205
2025,2,Friday,17,7,2,19.2
2025,2,Friday,17,4,8,21.3977
2025,2,Friday,6,0,5,7.9655
2025,2,Friday,6,0,3,26.2305
2025,2,Friday,6,7,8,0.25
2025,2,Friday,6,4,3,43.3255
2025,2,Friday,6,0,6,11.2525
2025,2,Friday,6,5,8,0.8023
2025,2,Friday,6,8,0,7.4143
2025,2,Friday,6,3,8,82.661
2025,2,Friday,6,2,6,11.7285
2025,2,Friday,6,4,6,18.217
2025,2,Friday,6,2,8,3.7357
2025,2,Friday,6,1,8,5.7263
2025,2,Friday,6,7,0,1.1388
2025,2,Friday,6,7,4,8.4865
2025,2,Friday,6,4,2,11.5228
2025,2,Friday,6,7,5,3.027
2025,2,Friday,6,1,3,41.5647
2025,2,Friday,6,4,1,5.5842
2025,2,Friday,6,7,1,5.8842
2025,2,Friday,6,8,6,2.275
2025,2,Friday,6,5,0,0.8358
2025,2,Friday,6,6,3,105.2342
2025,2,Friday,6,0,8,8.6513
2025,2,Friday,6,0,7,5.407
2025,2,Friday,6,5,3,26.8995
2025,2,Friday,6,4,8,5.077
2025,2,Friday,6,3,1,41.5182
2025,2,Friday,6,5,1,3.6725
2025,2,Friday,6,4,0,4.498
2025,2,Friday,6,3,6,168.969
2025,2,Friday,6,2,5,8.0785
2025,2,Friday,6,1,5,12.0657
2025,2,Friday,6,2,4,4.6995
2025,2,Friday,6,3,7,48.719
2025,2,Friday,6,3,2,71.6442
2025,2,Friday,6,2,3,18.19
2025,2,Friday,6,6,8,4.4728
2025,2,Friday,6,1,6,22.4415
2025,2,Friday,6,2,1,6.4147
2025,2,Friday,6,2,0,9.8502
2025,2,Friday,6,1,2,14.0835
2025,2,Friday,6,7,3,28.933
2025,2,Friday,6,5,4,3.2615
2025,2,Friday,6,0,2,29.164
2025,2,Friday,6,3,0,17.8493
2025,2,Friday,6,1,0,22.4613
2025,2,Friday,6,6,1,40.6153
2025,2,Friday,6,6,5,3.189
2025,2,Friday,6,4,5,6.1343
2025,2,Friday,6,3,4,89.4038
2025,2,Friday,6,4,7,2.9225
2025,2,Friday,6,3,5,125.3138
2025,2,Friday,6,6,0,14.721
2025,2,Friday,6,8,1,19.1653
2025,2,Friday,6,0,1,51.1772
2025,2,Friday,6,2,7,5.5665
2025,2,Friday,6,5,6,2.2417
2025,2,Friday,6,8,2,20.5038
2025,2,Friday,6,6,7,0.6235
2025,2,Friday,6,8,3,44.2053
2025,2,Friday,6,6,4,11.8305
2025,2,Friday,6,7,6,1.7465
2025,2,Friday,6,1,4,15.809
2025,2,Friday,6,8,5,3.3968
2025,2,Friday,6,5,2,4.564
2025,2,Friday,6,8,4,12.809
2025,2,Friday,6,6,2,32.1537
2025,2,Friday,6,0,4,15.284
2025,2,Friday,6,1,7,5.7665
2025,2,Friday,6,7,2,6.3008
2025,2,Friday,18,2,0,37.468
2025,2,Friday,18,1,6,63.2108
2025,2,Friday,18,6,7,6.2178
2025,2,Friday,18,4,2,50.8395
2025,2,Friday,18,2,8,18.3345
2025,2,Friday,18,7,3,80.6343
2025,2,Friday,18,0,8,4.2692
2025,2,Friday,18,0,5,5.6315
2025,2,Friday,18,1,0,67.3855
2025,2,Friday,18,5,3,150.709
2025,2,Friday,18,5,2,19.0185
2025,2,Friday,18,5,4,54.095
2025,2,Friday,18,7,6,9.7027
2025,2,Friday,18,4,1,95.584
2025,2,Friday,18,5,1,39.1985
2025,2,Friday,18,5,8,5.181
2025,2,Friday,18,1,2,46.4593
2025,2,Friday,18,2,7,17.512
2025,2,Friday,18,8,1,22.2027
2025,2,Friday,18,1,7,10.4185
2025,2,Friday,18,6,5,26.7547
2025,2,Friday,18,0,3,32.9385
2025,2,Friday,18,0,7,1.046
2025,2,Friday,18,3,8,51.9145
2025,2,Friday,18,8,5,4.3655
2025,2,Friday,18,0,4,27.3595
2025,2,Friday,18,3,5,84.384
2025,2,Friday,18,3,0,43.3768
2025,2,Friday,18,8,3,62.9167
2025,2,Friday,18,2,4,75.1423
2025,2,Friday,18,6,3,280.713
2025,2,Friday,18,6,4,144.0012
2025,2,Friday,18,1,5,21.0625
2025,2,Friday,18,0,1,60.9195
2025,2,Friday,18,7,0,5.7437
2025,2,Friday,18,2,1,94.6762
2025,2,Friday,18,2,3,128.6603
2025,2,Friday,18,4,3,212.3317
2025,2,Friday,18,4,6,90.2793
2025,2,Friday,18,6,0,20.9302
2025,2,Friday,18,0,6,16.9792
2025,2,Friday,18,7,1,27.5822
2025,2,Friday,18,3,1,216.8675
2025,2,Friday,18,3,2,88.687
2025,2,Friday,18,4,0,34.1765
2025,2,Friday,18,0,2,15.6472
2025,2,Friday,18,4,5,35.132
2025,2,Friday,18,6,2,44.021
2025,2,Friday,18,8,4,34.816
2025,2,Friday,18,5,6,24.2198
2025,2,Friday,18,3,4,326.0202
2025,2,Friday,18,3,6,283.4735
2025,2,Friday,18,7,5,3.8945
2025,2,Friday,18,7,4,66.489
2025,2,Friday,18,4,7,28.2608
2025,2,Friday,18,6,1,75.4795
2025,2,Friday,18,1,8,17.9427
2025,2,Friday,18,5,7,3.517
2025,2,Friday,18,4,8,17.1725
2025,2,Friday,18,7,2,16.966
2025,2,Friday,18,8,2,11.8973
2025,2,Friday,18,7,8,0.2805
2025,2,Friday,18,8,7,0.8855
2025,2,Friday,18,1,3,140.6483
2025,2,Friday,18,1,4,98.4955
2025,2,Friday,18,5,0,9.548
2025,2,Friday,18,2,6,86.2955
2025,2,Friday,18,6,8,9.7525
2025,2,Friday,18,2,5,25.5688
2025,2,Friday,18,3,7,66.675
2025,2,Friday,18,8,6,12.7157
2025,2,Friday,18,8,0,6.2372
2025,2,Friday,7,8,1,49.8977
2025,2,Friday,7,1,2,46.209
2025,2,Friday,7,1,6,85.3785
2025,2,Friday,7,2,4,20.5328
2025,2,Friday,7,4,3,135.8552
2025,2,Friday,7,7,2,23.5098
2025,2,Friday,7,6,3,287.8943
2025,2,Friday,7,4,7,15.1282
2025,2,Friday,7,7,3,81.6595
2025,2,Friday,7,0,5,23.0058
2025,2,Friday,7,2,5,21.8668
2025,2,Friday,7,1,8,31.004
2025,2,Friday,7,4,5,29.9622
2025,2,Friday,7,5,0,1.4693
2025,2,Friday,7,0,1,156.88
2025,2,Friday,7,4,6,41.6987
2025,2,Friday,7,6,8,33.7897
2025,2,Friday,7,5,6,5.4505
2025,2,Friday,7,2,3,48.0875
2025,2,Friday,7,1,7,28.931
2025,2,Friday,7,2,1,27.483
2025,2,Friday,7,7,6,1.4597
2025,2,Friday,7,3,6,372.7212
2025,2,Friday,7,0,2,58.6925
2025,2,Friday,7,5,1,39.892
2025,2,Friday,7,6,0,26.5208
2025,2,Friday,7,3,4,227.7898
2025,2,Friday,7,5,7,1.3747
2025,2,Friday,7,4,8,16.4885
2025,2,Friday,7,2,7,13.0455
2025,2,Friday,7,7,1,16.8527
2025,2,Friday,7,6,5,12.3685
2025,2,Friday,7,6,7,2.9987
2025,2,Friday,7,2,0,16.5707
2025,2,Friday,7,7,8,0.375
2025,2,Friday,7,4,1,65.9435
2025,2,Friday,7,0,3,56.0505
2025,2,Friday,7,8,4,29.3678
2025,2,Friday,7,3,7,131.297
2025,2,Friday,7,1,3,178.4932
2025,2,Friday,7,3,8,189.3825
2025,2,Friday,7,2,6,34.4218
2025,2,Friday,7,5,2,25.6122
2025,2,Friday,7,2,8,11.4165
2025,2,Friday,7,1,0,59.735
2025,2,Friday,7,6,2,96.9157
2025,2,Friday,7,8,0,9.4373
2025,2,Friday,7,6,4,37.7055
2025,2,Friday,7,0,6,35.3165
2025,2,Friday,7,5,4,27.0062
2025,2,Friday,7,7,4,23.3327
2025,2,Friday,7,3,1,181.6038
2025,2,Friday,7,0,8,14.5692
2025,2,Friday,7,1,4,42.3985
2025,2,Friday,7,5,8,3.0965
2025,2,Friday,7,7,5,3.1882
2025,2,Friday,7,0,4,51.9262
2025,2,Friday,7,8,6,5.0173
2025,2,Friday,7,6,1,89.5687
2025,2,Friday,7,5,3,86.6232
2025,2,Friday,7,8,2,39.0975
2025,2,Friday,7,4,0,10.1542
2025,2,Friday,7,8,5,9.1238
2025,2,Friday,7,3,2,165.285
2025,2,Friday,7,4,2,33.132
2025,2,Friday,7,0,7,9.402
2025,2,Friday,7,3,5,305.572
2025,2,Friday,7,1,5,38.5757
2025,2,Friday,7,7,0,5.2783
2025,2,Friday,7,8,3,81.8443
2025,2,Friday,7,3,0,53.6353
2025,2,Friday,19,4,6,71.0532
2025,2,Friday,19,1,4,79.5705
2025,2,Friday,19,5,2,14.9685
2025,2,Friday,19,3,1,112.316
2025,2,Friday,19,1,2,33.6387
2025,2,Friday,19,4,5,27.8805
2025,2,Friday,19,8,3,30.2145
2025,2,Friday,19,2,7,8.665
2025,2,Friday,19,0,3,20.9715
2025,2,Friday,19,8,0,7.063
2025,2,Friday,19,3,5,37.9663
2025,2,Friday,19,4,2,30.3965
2025,2,Friday,19,0,4,16.7835
2025,2,Friday,19,5,8,3.488
2025,2,Friday,19,5,4,39.3598
2025,2,Friday,19,3,2,55.8135
2025,2,Friday,19,7,8,0.5285
2025,2,Friday,19,2,8,9.8908
2025,2,Friday,19,1,7,8.8662
2025,2,Friday,19,5,0,5.0637
2025,2,Friday,19,2,0,24.1523
2025,2,Friday,19,4,7,16.6058
2025,2,Friday,19,8,4,15.2035
2025,2,Friday,19,2,1,44.5722
2025,2,Friday,19,3,7,35.5915
2025,2,Friday,19,6,2,22.527
2025,2,Friday,19,1,0,42.637
2025,2,Friday,19,6,7,7.0288
2025,2,Friday,19,2,6,48.2385
2025,2,Friday,19,2,3,77.2875
2025,2,Friday,19,5,1,15.0647
2025,2,Friday,19,3,4,214.378
2025,2,Friday,19,6,8,7.0902
2025,2,Friday,19,6,1,31.8643
2025,2,Friday,19,8,5,3.0683
2025,2,Friday,19,7,2,9.4995
2025,2,Friday,19,1,6,45.0078
2025,2,Friday,19,7,5,1.609
2025,2,Friday,19,1,5,13.7707
2025,2,Friday,19,7,6,7.2867
2025,2,Friday,19,2,4,48.547
2025,2,Friday,19,7,4,43.9745
2025,2,Friday,19,8,2,5.48
2025,2,Friday,19,0,8,3.2212
2025,2,Friday,19,0,7,0.7177
2025,2,Friday,19,2,5,9.0443
2025,2,Friday,19,5,6,19.5137
2025,2,Friday,19,8,6,6.7078
2025,2,Friday,19,7,0,2.8622
2025,2,Friday,19,6,0,13.3235
2025,2,Friday,19,5,3,66.4535
2025,2,Friday,19,4,8,14.6515
2025,2,Friday,19,5,7,0.9403
2025,2,Friday,19,4,1,71.8772
2025,2,Friday,19,3,8,30.017
2025,2,Friday,19,1,3,95.0045
2025,2,Friday,19,6,3,144.2748
2025,2,Friday,19,0,5,3.8595
2025,2,Friday,19,6,5,20.4422
2025,2,Friday,19,0,1,31.7243
2025,2,Friday,19,6,4,79.5173
2025,2,Friday,19,0,2,10.2392
2025,2,Friday,19,4,0,33.7628
2025,2,Friday,19,7,3,47.8607
2025,2,Friday,19,4,3,174.717
2025,2,Friday,19,3,6,160.5555
2025,2,Friday,19,3,0,37.3772
2025,2,Friday,19,1,8,10.0527
2025,2,Friday,19,7,1,11.5807
2025,2,Friday,19,0,6,9.6032
2025,2,Friday,19,8,1,7.252
2025,2,Friday,8,8,1,43.831
2025,2,Friday,8,4,3,247.62
2025,2,Friday,8,0,1,136.4892
2025,2,Friday,8,6,1,115.2105
2025,2,Friday,8,2,1,43.632
2025,2,Friday,8,6,5,24.6215
2025,2,Friday,8,7,6,7.7655
2025,2,Friday,8,6,3,492.257
2025,2,Friday,8,4,2,57.4938
2025,2,Friday,8,8,6,10.4543
2025,2,Friday,8,3,4,319.3805
2025,2,Friday,8,7,5,7.2095
2025,2,Friday,8,0,5,27.4592
2025,2,Friday,8,0,6,37.3483
2025,2,Friday,8,0,8,15.848
2025,2,Friday,8,6,4,76.824
2025,2,Friday,8,5,2,32.5997
2025,2,Friday,8,3,5,370.7122
2025,2,Friday,8,0,3,77.8325
2025,2,Friday,8,6,8,28.577
2025,2,Friday,8,7,3,149.0737
2025,2,Friday,8,2,8,27.8482
2025,2,Friday,8,1,6,142.1027
2025,2,Friday,8,0,2,81.922
2025,2,Friday,8,2,6,69.9928
2025,2,Friday,8,0,4,57.2547
2025,2,Friday,8,1,4,85.9773
2025,2,Friday,8,6,0,21.6275
2025,2,Friday,8,5,3,129.5928
2025,2,Friday,8,5,6,11.7012
2025,2,Friday,8,8,4,34.297
2025,2,Friday,8,3,6,537.9347
2025,2,Friday,8,7,1,19.347
2025,2,Friday,8,4,0,17.4012
2025,2,Friday,8,8,0,10.7235
2025,2,Friday,8,4,8,28.4945
2025,2,Friday,8,7,0,3.164
2025,2,Friday,8,0,7,16.4832
2025,2,Friday,8,2,0,20.409300000000002
2025,2,Friday,8,3,2,190.612
2025,2,Friday,8,7,4,46.6867
2025,2,Friday,8,4,1,60.221
2025,2,Friday,8,4,7,54.234
2025,2,Friday,8,2,5,28.895
2025,2,Friday,8,3,1,156.0333
2025,2,Friday,8,8,5,20.4812
2025,2,Friday,8,2,7,18.4062
2025,2,Friday,8,3,0,46.5978
2025,2,Friday,8,5,4,52.2322
2025,2,Friday,8,1,0,41.3442
2025,2,Friday,8,6,2,168.8915
2025,2,Friday,8,1,2,108.9908
2025,2,Friday,8,4,6,99.4057
2025,2,Friday,8,2,3,84.4402
2025,2,Friday,8,1,5,62.3567
2025,2,Friday,8,5,1,25.0742
2025,2,Friday,8,1,3,353.9342
2025,2,Friday,8,1,7,37.884
2025,2,Friday,8,8,7,1.1567
2025,2,Friday,8,2,4,34.3253
2025,2,Friday,8,4,5,42.9197
2025,2,Friday,8,6,7,2.6193
2025,2,Friday,8,5,0,3.4955
2025,2,Friday,8,5,8,7.706
2025,2,Friday,8,7,2,50.3968
2025,2,Friday,8,3,7,163.6212
2025,2,Friday,8,5,7,7.6275
2025,2,Friday,8,3,8,221.5758
2025,2,Friday,8,1,8,34.1135
2025,2,Friday,8,8,2,45.3228
2025,2,Friday,8,8,3,135.2132
2025,2,Friday,20,3,8,19.0882
2025,2,Friday,20,5,0,5.679
2025,2,Friday,20,0,1,17.2017
2025,2,Friday,20,6,8,4.6838
2025,2,Friday,20,2,4,28.5438
2025,2,Friday,20,4,6,66.2612
2025,2,Friday,20,8,6,4.9773
2025,2,Friday,20,5,3,32.7143
2025,2,Friday,20,4,2,25.8992
2025,2,Friday,20,1,4,51.4093
2025,2,Friday,20,6,2,16.5918
2025,2,Friday,20,2,0,15.7797
2025,2,Friday,20,3,7,14.2597
2025,2,Friday,20,1,5,13.241
2025,2,Friday,20,8,1,5.6477
2025,2,Friday,20,8,5,2.556
2025,2,Friday,20,4,7,13.593
2025,2,Friday,20,4,0,23.594
2025,2,Friday,20,3,0,28.642
2025,2,Friday,20,3,6,95.266
2025,2,Friday,20,5,7,1.747
2025,2,Friday,20,8,0,2.505
2025,2,Friday,20,6,1,20.3462
2025,2,Friday,20,2,1,28.9025
2025,2,Friday,20,7,5,1.1997
2025,2,Friday,20,2,8,7.081
2025,2,Friday,20,0,5,0.3663
2025,2,Friday,20,0,2,1.1405
2025,2,Friday,20,4,8,11.2857
2025,2,Friday,20,7,6,4.6072
2025,2,Friday,20,5,2,7.7453
2025,2,Friday,20,4,5,19.0662
2025,2,Friday,20,0,3,12.6265
2025,2,Friday,20,5,6,14.404
2025,2,Friday,20,2,6,32.4748
2025,2,Friday,20,1,3,72.6875
2025,2,Friday,20,0,8,1.8632
2025,2,Friday,20,3,1,68.645
2025,2,Friday,20,6,5,13.0525
2025,2,Friday,20,3,4,114.944
2025,2,Friday,20,6,3,90.1412
2025,2,Friday,20,4,3,133.055
2025,2,Friday,20,6,0,10.4988
2025,2,Friday,20,1,8,8.0227
2025,2,Friday,20,1,7,5.249
2025,2,Friday,20,8,3,18.9515
2025,2,Friday,20,5,1,10.4213
2025,2,Friday,20,2,3,50.69
2025,2,Friday,20,0,6,9.3178
2025,2,Friday,20,7,2,6.7905
2025,2,Friday,20,6,7,7.0478
2025,2,Friday,20,8,4,8.692
2025,2,Friday,20,7,0,2.203
2025,2,Friday,20,6,4,41.7972
2025,2,Friday,20,0,4,19.0053
2025,2,Friday,20,8,2,4.0485
2025,2,Friday,20,7,3,21.65
2025,2,Friday,20,5,8,0.66
2025,2,Friday,20,1,6,26.8313
2025,2,Friday,20,5,4,15.8053
2025,2,Friday,20,2,7,7.901
2025,2,Friday,20,3,2,32.9615
2025,2,Friday,20,7,1,8.4463
2025,2,Friday,20,2,5,7.41
2025,2,Friday,20,4,1,47.9208
2025,2,Friday,20,1,0,34.8
2025,2,Friday,20,3,5,21.0455
2025,2,Friday,20,1,2,14.485
2025,2,Friday,20,7,4,29.0227
2025,2,Friday,20,0,7,1.103
2025,2,Friday,9,4,5,37.536
2025,2,Friday,9,2,6,37.3843
2025,2,Friday,9,0,3,62.2467
2025,2,Friday,9,0,6,14.8432
2025,2,Friday,9,6,0,13.3493
2025,2,Friday,9,7,4,32.7493
2025,2,Friday,9,0,4,33.1575
2025,2,Friday,9,8,0,4.7088
2025,2,Friday,9,4,7,28.1145
2025,2,Friday,9,0,1,75.0052
2025,2,Friday,9,4,1,44.5883
2025,2,Friday,9,6,3,285.119
2025,2,Friday,9,6,8,17.7065
2025,2,Friday,9,7,6,3.9487
2025,2,Friday,9,0,2,51.6765
2025,2,Friday,9,5,8,6.5642
2025,2,Friday,9,6,4,67.9865
2025,2,Friday,9,3,5,236.6653
2025,2,Friday,9,2,7,10.2523
2025,2,Friday,9,6,2,132.505
2025,2,Friday,9,4,6,67.998
2025,2,Friday,9,3,7,98.586
2025,2,Friday,9,7,0,1.585
2025,2,Friday,9,4,8,23.8125
2025,2,Friday,9,4,3,171.0605
2025,2,Friday,9,3,2,168.4052
2025,2,Friday,9,5,6,9.6815
2025,2,Friday,9,4,0,11.218
2025,2,Friday,9,1,5,39.1437
2025,2,Friday,9,8,7,0.6015
2025,2,Friday,9,5,2,31.1157
2025,2,Friday,9,8,6,9.1083
2025,2,Friday,9,3,1,109.271
2025,2,Friday,9,2,0,10.522
2025,2,Friday,9,5,0,6.5622
2025,2,Friday,9,1,7,22.6883
2025,2,Friday,9,7,1,11.0315
2025,2,Friday,9,2,5,27.946
2025,2,Friday,9,2,4,30.1045
2025,2,Friday,9,2,3,76.134
2025,2,Friday,9,7,8,0.7777
2025,2,Friday,9,1,6,48.702
2025,2,Friday,9,8,3,58.4257
2025,2,Friday,9,5,4,38.9865
2025,2,Friday,9,1,4,53.2182
2025,2,Friday,9,3,0,18.874
2025,2,Friday,9,1,3,223.7215
2025,2,Friday,9,0,8,10.084
2025,2,Friday,9,3,8,111.395
2025,2,Friday,9,2,1,38.168
2025,2,Friday,9,5,3,90.0235
2025,2,Friday,9,3,6,300.0747
2025,2,Friday,9,7,2,25.9992
2025,2,Friday,9,1,8,17.9595
2025,2,Friday,9,8,2,30.476
2025,2,Friday,9,5,1,20.2978
2025,2,Friday,9,1,0,32.9622
2025,2,Friday,9,6,1,58.8568
2025,2,Friday,9,3,4,216.8613
2025,2,Friday,9,8,5,15.0023
2025,2,Friday,9,7,3,77.3913
2025,2,Friday,9,5,7,3.856
2025,2,Friday,9,6,5,24.8972
2025,2,Friday,9,1,2,85.6842
2025,2,Friday,9,0,7,5.3795
2025,2,Friday,9,8,4,25.7802
2025,2,Friday,9,6,7,4.717
2025,2,Friday,9,2,8,16.0935
2025,2,Friday,9,4,2,55.9653
2025,2,Friday,9,7,5,7.0413
2025,2,Friday,9,0,5,18.8148
2025,2,Friday,9,8,1,21.7565
2025,2,Friday,21,0,6,6.3242
2025,2,Friday,21,4,7,16.2628
2025,2,Friday,21,7,6,3.4665
2025,2,Friday,21,0,8,0.729
2025,2,Friday,21,1,0,22.646
2025,2,Friday,21,3,2,17.1557
2025,2,Friday,21,0,2,3.6768
2025,2,Friday,21,0,1,8.8495
2025,2,Friday,21,8,2,2.4415
2025,2,Friday,21,0,4,8.1775
2025,2,Friday,21,1,7,5.1365
2025,2,Friday,21,6,7,2.479
2025,2,Friday,21,6,1,11.602
2025,2,Friday,21,4,2,26.0408
2025,2,Friday,21,5,8,1.7947
2025,2,Friday,21,1,3,47.1142
2025,2,Friday,21,5,2,3.3798
2025,2,Friday,21,6,0,7.3747
2025,2,Friday,21,1,5,7.4805
2025,2,Friday,21,6,5,11.6857
2025,2,Friday,21,8,7,0.263
2025,2,Friday,21,5,0,3.722
2025,2,Friday,21,7,8,0.25
2025,2,Friday,21,3,0,24.8572
2025,2,Friday,21,0,5,0.3663
2025,2,Friday,21,5,6,6.5455
2025,2,Friday,21,8,6,3.3963
2025,2,Friday,21,6,2,11.3347
2025,2,Friday,21,6,3,56.6013
2025,2,Friday,21,1,6,28.876
2025,2,Friday,21,3,6,58.3613
2025,2,Friday,21,6,4,29.6953
2025,2,Friday,21,5,4,9.8355
2025,2,Friday,21,3,1,52.8985
2025,2,Friday,21,7,4,20.436
2025,2,Friday,21,2,7,5.9105
2025,2,Friday,21,3,5,16.3143
2025,2,Friday,21,2,0,13.318
2025,2,Friday,21,7,3,15.233
2025,2,Friday,21,2,6,19.715
2025,2,Friday,21,8,5,1.7173
2025,2,Friday,21,2,3,33.6397
2025,2,Friday,21,2,4,15.8627
2025,2,Friday,21,5,3,24.1905
2025,2,Friday,21,4,5,10.0325
2025,2,Friday,21,7,1,4.7417
2025,2,Friday,21,2,8,5.7302
2025,2,Friday,21,0,3,10.4075
2025,2,Friday,21,8,3,10.3993
2025,2,Friday,21,8,1,2.3925
2025,2,Friday,21,7,0,2.521
2025,2,Friday,21,4,8,6.2698
2025,2,Friday,21,4,3,117.1308
2025,2,Friday,21,2,1,15.8453
2025,2,Friday,21,5,7,1.8017
2025,2,Friday,21,3,7,11.8047
2025,2,Friday,21,4,1,48.163
2025,2,Friday,21,8,4,6.1708
2025,2,Friday,21,2,5,5.2457
2025,2,Friday,21,3,4,67.4518
2025,2,Friday,21,1,2,12.5982
2025,2,Friday,21,5,1,7.7713
2025,2,Friday,21,7,2,3.8008
2025,2,Friday,21,6,8,3.067
2025,2,Friday,21,1,4,33.231
2025,2,Friday,21,8,0,0.5548
2025,2,Friday,21,3,8,19.668
2025,2,Friday,21,4,0,22.8328
2025,2,Friday,21,4,6,54.375
2025,2,Friday,21,1,8,9.9252
2025,2,Friday,21,7,5,1.8908
2025,2,Friday,10,3,1,111.649
2025,2,Friday,10,3,2,107.5562
2025,2,Friday,10,4,7,18.1178
2025,2,Friday,10,3,6,177.2755
2025,2,Friday,10,6,8,10.5825
2025,2,Friday,10,8,0,2.6327
2025,2,Friday,10,6,0,9.3717
2025,2,Friday,10,7,4,27.752
2025,2,Friday,10,3,8,79.8727
2025,2,Friday,10,1,3,117.416
2025,2,Friday,10,6,1,50.5718
2025,2,Friday,10,1,7,11.7163
2025,2,Friday,10,2,8,13.1802
2025,2,Friday,10,0,1,61.5603
2025,2,Friday,10,6,2,48.9973
2025,2,Friday,10,4,3,122.9905
2025,2,Friday,10,0,3,43.7568
2025,2,Friday,10,5,3,76.2235
2025,2,Friday,10,1,0,25.2997
2025,2,Friday,10,2,6,37.3185
2025,2,Friday,10,4,6,55.8125
2025,2,Friday,10,4,2,38.2785
2025,2,Friday,10,0,8,5.8377
2025,2,Friday,10,5,2,23.8253
2025,2,Friday,10,4,5,22.5633
2025,2,Friday,10,2,1,51.5663
2025,2,Friday,10,5,4,36.461
2025,2,Friday,10,4,0,11.1143
2025,2,Friday,10,8,3,47.3968
2025,2,Friday,10,5,1,19.564
2025,2,Friday,10,8,7,0.2813
2025,2,Friday,10,6,5,14.217
2025,2,Friday,10,3,0,20.7298
2025,2,Friday,10,7,2,27.3958
2025,2,Friday,10,8,2,20.7
2025,2,Friday,10,7,0,1.1657
2025,2,Friday,10,7,6,4.3695
2025,2,Friday,10,5,0,9.8322
2025,2,Friday,10,6,3,143.9122
2025,2,Friday,10,0,4,32.187
2025,2,Friday,10,1,2,61.774
2025,2,Friday,10,8,1,18.888
2025,2,Friday,10,4,1,51.3375
2025,2,Friday,10,7,5,7.033
2025,2,Friday,10,3,5,110.9543
2025,2,Friday,10,0,6,10.6643
2025,2,Friday,10,7,3,49.3195
2025,2,Friday,10,8,6,7.0295
2025,2,Friday,10,8,4,18.6255
2025,2,Friday,10,4,8,12.4897
2025,2,Friday,10,2,0,10.4552
2025,2,Friday,10,8,5,11.5113
2025,2,Friday,10,6,7,2.434
2025,2,Friday,10,3,7,51.722
2025,2,Friday,10,1,8,10.2307
2025,2,Friday,10,1,6,32.8467
2025,2,Friday,10,5,7,2.9973
2025,2,Friday,10,5,6,16.5498
2025,2,Friday,10,2,7,9.8658
2025,2,Friday,10,7,8,0.375
2025,2,Friday,10,2,5,11.6972
2025,2,Friday,10,5,8,8.5218
2025,2,Friday,10,0,7,3.0818
2025,2,Friday,10,6,4,52.5313
2025,2,Friday,10,0,2,23.9818
2025,2,Friday,10,3,4,171.4093
2025,2,Friday,10,7,1,12.3472
2025,2,Friday,10,0,5,12.7113
2025,2,Friday,10,2,3,52.4208
2025,2,Friday,10,1,5,24.4313
2025,2,Friday,10,2,4,37.8413
2025,2,Friday,10,1,4,55.6273
2025,2,Friday,22,3,2,15.1277
2025,2,Friday,22,6,7,2.3918
2025,2,Friday,22,0,7,1.3948
2025,2,Friday,22,0,1,4.0965
2025,2,Friday,22,6,5,7.1162
2025,2,Friday,22,0,4,4.8192
2025,2,Friday,22,0,8,0.3613
2025,2,Friday,22,1,8,5.0525
2025,2,Friday,22,4,5,14.1217
2025,2,Friday,22,3,7,8.05
2025,2,Friday,22,4,8,5.3613
2025,2,Friday,22,4,7,8.761
2025,2,Friday,22,3,4,52.8537
2025,2,Friday,22,7,3,16.1003
2025,2,Friday,22,2,7,3.4985
2025,2,Friday,22,8,0,2.06
2025,2,Friday,22,7,6,1.7605
2025,2,Friday,22,1,5,5.95
2025,2,Friday,22,8,4,3.555
2025,2,Friday,22,7,1,6.091
2025,2,Friday,22,2,5,4.9803
2025,2,Friday,22,5,3,14.0005
2025,2,Friday,22,7,2,3.5008
2025,2,Friday,22,6,4,21.9798
2025,2,Friday,22,1,2,7.1148
2025,2,Friday,22,5,0,2.0792
2025,2,Friday,22,7,0,3.5143
2025,2,Friday,22,8,2,2.6992
2025,2,Friday,22,5,8,0.5807
2025,2,Friday,22,1,6,18.101
2025,2,Friday,22,6,0,8.212
2025,2,Friday,22,2,4,13.3295
2025,2,Friday,22,0,3,7.1823
2025,2,Friday,22,8,1,1.7995
2025,2,Friday,22,1,3,30.929
2025,2,Friday,22,1,0,16.365
2025,2,Friday,22,3,5,7.9752
2025,2,Friday,22,6,8,2.8825
2025,2,Friday,22,4,3,108.7755
2025,2,Friday,22,3,1,32.9723
2025,2,Friday,22,6,2,9.061
2025,2,Friday,22,6,1,8.8828
2025,2,Friday,22,7,5,0.599
2025,2,Friday,22,2,6,21.6395
2025,2,Friday,22,5,4,12.1035
2025,2,Friday,22,0,2,1.6978
2025,2,Friday,22,8,3,15.762
2025,2,Friday,22,4,2,17.0058
2025,2,Friday,22,4,0,16.7135
2025,2,Friday,22,4,1,40.1042
2025,2,Friday,22,5,2,1.4705
2025,2,Friday,22,5,1,6.3935
2025,2,Friday,22,7,4,8.7755
2025,2,Friday,22,2,1,13.0722
2025,2,Friday,22,4,6,39.153
2025,2,Friday,22,3,8,17.3935
2025,2,Friday,22,6,3,30.7563
2025,2,Friday,22,8,5,0.2982
2025,2,Friday,22,3,0,18.8355
2025,2,Friday,22,1,4,17.7393
2025,2,Friday,22,2,8,2.35
2025,2,Friday,22,0,6,3.3813
2025,2,Friday,22,5,6,7.8057
2025,2,Friday,22,2,0,12.7742
2025,2,Friday,22,8,6,2.1555
2025,2,Friday,22,5,7,0.2907
2025,2,Friday,22,3,6,43.849
2025,2,Friday,22,2,3,25.2833
2025,2,Friday,22,1,7,3.2788
2025,2,Friday,11,3,0,24.084
2025,2,Friday,11,8,3,48.7015
2025,2,Friday,11,7,3,52.0415
2025,2,Friday,11,2,4,50.0345
2025,2,Friday,11,6,5,19.0785
2025,2,Friday,11,8,6,19.8227
2025,2,Friday,11,2,8,11.0843
2025,2,Friday,11,3,6,136.2442
2025,2,Friday,11,8,7,0.6242
2025,2,Friday,11,5,0,8.7545
2025,2,Friday,11,0,4,28.575
2025,2,Friday,11,4,2,33.7445
2025,2,Friday,11,2,6,33.1312
2025,2,Friday,11,6,0,7.3888
2025,2,Friday,11,3,7,33.0695
2025,2,Friday,11,4,0,12.7165
2025,2,Friday,11,0,7,1.3992
2025,2,Friday,11,7,1,16.6967
2025,2,Friday,11,0,2,27.8845
2025,2,Friday,11,7,8,0.25
2025,2,Friday,11,5,4,44.3693
2025,2,Friday,11,3,5,72.0668
2025,2,Friday,11,2,0,10.4408
2025,2,Friday,11,4,6,44.9187
2025,2,Friday,11,5,8,11.5125
2025,2,Friday,11,3,2,81.8027
2025,2,Friday,11,4,5,25.8302
2025,2,Friday,11,1,4,55.5902
2025,2,Friday,11,8,1,17.9365
2025,2,Friday,11,1,6,32.659
2025,2,Friday,11,4,7,17.4615
2025,2,Friday,11,4,3,118.1417
2025,2,Friday,11,0,1,43.2068
2025,2,Friday,11,6,7,3.403
2025,2,Friday,11,7,5,5.771
2025,2,Friday,11,6,3,153.6473
2025,2,Friday,11,3,8,44.7735
2025,2,Friday,11,6,4,70.103
2025,2,Friday,11,8,2,14.6545
2025,2,Friday,11,5,7,5.8515
2025,2,Friday,11,1,7,8.7667
2025,2,Friday,11,5,1,21.8448
2025,2,Friday,11,7,6,2.1025
2025,2,Friday,11,4,1,51.9228
2025,2,Friday,11,2,7,12.0605
2025,2,Friday,11,7,2,22.3102
2025,2,Friday,11,3,1,106.408
2025,2,Friday,11,7,0,1.538
2025,2,Friday,11,6,1,38.3192
2025,2,Friday,11,8,4,25.229
2025,2,Friday,11,0,8,5.5622
2025,2,Friday,11,1,8,9.0353
2025,2,Friday,11,0,6,16.3525
2025,2,Friday,11,5,3,98.168
2025,2,Friday,11,1,5,17.815
2025,2,Friday,11,4,8,17.4435
2025,2,Friday,11,0,3,34.0885
2025,2,Friday,11,5,6,20.3337
2025,2,Friday,11,5,2,20.74
2025,2,Friday,11,8,0,2.1253
2025,2,Friday,11,2,5,19.0345
2025,2,Friday,11,7,4,30.1682
2025,2,Friday,11,6,2,46.4805
2025,2,Friday,11,3,4,173.865
2025,2,Friday,11,0,5,5.9022
2025,2,Friday,11,1,2,57.3587
2025,2,Friday,11,1,0,24.8812
2025,2,Friday,11,6,8,10.626
2025,2,Friday,11,2,1,53.7445
2025,2,Friday,11,1,3,110.9195
2025,2,Friday,11,2,3,68.2343
2025,2,Friday,11,8,5,11.7767
2025,2,Friday,23,0,8,1.4117
2025,2,Friday,23,6,3,32.9387
2025,2,Friday,23,0,1,4.1043
2025,2,Friday,23,6,8,1.517
2025,2,Friday,23,6,5,6.2598
2025,2,Friday,23,4,1,26.4313
2025,2,Friday,23,8,3,5.1258
2025,2,Friday,23,7,4,5.1883
2025,2,Friday,23,3,8,9.1575
2025,2,Friday,23,2,7,1.134
2025,2,Friday,23,6,0,4.31
2025,2,Friday,23,0,3,5.3102
2025,2,Friday,23,3,4,27.2733
2025,2,Friday,23,6,7,0.9208
2025,2,Friday,23,0,6,1.7342
2025,2,Friday,23,7,0,2.0973
2025,2,Friday,23,2,1,5.507
2025,2,Friday,23,8,6,1.7093
2025,2,Friday,23,5,3,12.465
2025,2,Friday,23,1,3,19.057
2025,2,Friday,23,4,8,2.6077
2025,2,Friday,23,0,4,3.0412
2025,2,Friday,23,8,1,1.951
2025,2,Friday,23,0,7,0.6592
2025,2,Friday,23,7,3,12.9528
2025,2,Friday,23,8,0,1.697
2025,2,Friday,23,7,2,0.631
2025,2,Friday,23,2,3,18.3788
2025,2,Friday,23,4,3,66.8763
2025,2,Friday,23,3,0,17.585
2025,2,Friday,23,4,6,28.5975
2025,2,Friday,23,2,0,8.6695
2025,2,Friday,23,8,2,2.92
2025,2,Friday,23,4,0,17.2055
2025,2,Friday,23,2,6,9.845
2025,2,Friday,23,5,1,7.454
2025,2,Friday,23,5,8,0.3332
2025,2,Friday,23,1,6,7.4905
2025,2,Friday,23,7,6,1.2053
2025,2,Friday,23,5,2,3.287
2025,2,Friday,23,1,2,2.738
2025,2,Friday,23,1,8,5.4488
2025,2,Friday,23,5,4,6.5842
2025,2,Friday,23,8,4,2.2655
2025,2,Friday,23,1,7,1.828
2025,2,Friday,23,6,4,11.9433
2025,2,Friday,23,3,5,7.7857
2025,2,Friday,23,5,6,3.324
2025,2,Friday,23,7,1,2.7138
2025,2,Friday,23,2,8,3.4097
2025,2,Friday,23,3,6,26.1533
2025,2,Friday,23,5,0,3.8142
2025,2,Friday,23,4,7,5.497
2025,2,Friday,23,7,5,0.6102
2025,2,Friday,23,3,7,3.628
2025,2,Friday,23,3,1,15.1572
2025,2,Friday,23,3,2,11.2708
2025,2,Friday,23,1,4,9.3155
2025,2,Friday,23,1,0,11.7082
2025,2,Friday,23,4,2,17.2945
2025,2,Friday,23,4,5,11.1545
2025,2,Friday,23,2,5,2.5728
2025,2,Friday,23,6,2,4.2222
2025,2,Friday,23,0,2,3.0707
2025,2,Friday,23,6,1,5.99
2025,2,Friday,23,2,4,6.2813
2025,2,Friday,23,1,5,2.1295
2025,2,Friday,0,1,0,3.3568
2025,2,Friday,0,7,0,0.5987
2025,2,Friday,0,4,5,3.5088
2025,2,Friday,0,6,7,0.293
2025,2,Friday,0,1,2,0.877
2025,2,Friday,0,4,8,2.0297
2025,2,Friday,0,5,3,5.4823
2025,2,Friday,0,2,8,4.596
2025,2,Friday,0,4,3,14.3807
2025,2,Friday,0,6,3,10.873
2025,2,Friday,0,8,0,0.5673
2025,2,Friday,0,5,4,1.743
2025,2,Friday,0,1,4,0.605
2025,2,Friday,0,0,3,3.269
2025,2,Friday,0,3,1,2.6812
2025,2,Friday,0,1,3,2.8993
2025,2,Friday,0,7,2,0.5868
2025,2,Friday,0,8,2,0.288
2025,2,Friday,0,3,0,6.5532
2025,2,Friday,0,6,4,0.5942
2025,2,Friday,0,8,5,0.28
2025,2,Friday,0,2,0,5.2228
2025,2,Friday,0,1,8,0.6
2025,2,Friday,0,0,7,0.361
2025,2,Friday,0,2,3,3.3548
2025,2,Friday,0,4,0,10.5513
2025,2,Friday,0,2,7,0.305
2025,2,Friday,0,1,5,0.275
2025,2,Friday,0,6,0,1.5553
2025,2,Friday,0,8,3,4.9142
2025,2,Friday,0,7,1,2.908
2025,2,Friday,0,5,1,2.2322
2025,2,Friday,0,3,7,4.5302
2025,2,Friday,0,5,6,1.5865
2025,2,Friday,0,3,5,2.136
2025,2,Friday,0,5,8,0.2777
2025,2,Friday,0,0,1,1.739
2025,2,Friday,0,2,6,1.9888
2025,2,Friday,0,6,1,0.6343
2025,2,Friday,0,8,1,0.586
2025,2,Friday,0,4,2,4.4285
2025,2,Friday,0,5,0,0.3203
2025,2,Friday,0,5,2,0.3483
2025,2,Friday,0,4,6,6.76
2025,2,Friday,0,0,4,1.086
2025,2,Friday,0,2,5,0.2975
2025,2,Friday,0,2,1,2.934
2025,2,Friday,0,0,2,0.653
2025,2,Friday,0,6,2,1.2502
2025,2,Friday,0,2,4,1.9765
2025,2,Friday,0,6,5,1.7715
2025,2,Friday,0,7,5,0.2813
2025,2,Friday,0,0,6,0.653
2025,2,Friday,0,1,6,0.884
2025,2,Friday,0,4,1,7.3007
2025,2,Friday,0,8,4,1.5022
2025,2,Friday,0,4,7,1.46
2025,2,Friday,0,7,4,2.0712
2025,2,Friday,0,3,4,8.0222
2025,2,Friday,0,3,6,14.812
2025,2,Friday,0,3,2,2.605
2025,2,Friday,0,7,3,3.5065
2025,2,Friday,0,3,8,10.5752
2025,2,Friday,12,0,5,10.1528
2025,2,Friday,12,7,0,2.3943
2025,2,Friday,12,4,7,16.5728
2025,2,Friday,12,5,8,19.7847
2025,2,Friday,12,3,4,167.3943
2025,2,Friday,12,8,6,37.5472
2025,2,Friday,12,0,8,4.1333
2025,2,Friday,12,4,1,60.6218
2025,2,Friday,12,0,3,35.1293
2025,2,Friday,12,3,7,39.3857
2025,2,Friday,12,3,0,19.2558
2025,2,Friday,12,7,3,49.1043
2025,2,Friday,12,7,5,7.789
2025,2,Friday,12,2,8,10.1
2025,2,Friday,12,5,1,24.0015
2025,2,Friday,12,7,8,0.8205
2025,2,Friday,12,6,2,36.4798
2025,2,Friday,12,6,4,75.3997
2025,2,Friday,12,3,5,77.977
2025,2,Friday,12,8,1,20.9595
2025,2,Friday,12,5,2,25.707
2025,2,Friday,12,7,4,32.6588
2025,2,Friday,12,4,3,141.744
2025,2,Friday,12,5,0,11.408
2025,2,Friday,12,6,5,24.0458
2025,2,Friday,12,8,2,18.5242
2025,2,Friday,12,4,2,43.9695
2025,2,Friday,12,1,0,33.8553
2025,2,Friday,12,6,8,21.4665
2025,2,Friday,12,8,5,19.8565
2025,2,Friday,12,0,2,18.426
2025,2,Friday,12,2,4,49.168
2025,2,Friday,12,5,3,81.74
2025,2,Friday,12,6,3,128.4945
2025,2,Friday,12,2,3,87.6545
2025,2,Friday,12,4,5,32.5523
2025,2,Friday,12,5,6,20.3495
2025,2,Friday,12,4,0,15.1735
2025,2,Friday,12,7,2,13.22
2025,2,Friday,12,1,2,64.9508
2025,2,Friday,12,2,1,53.119
2025,2,Friday,12,3,6,136.4468
2025,2,Friday,12,3,1,119.0782
2025,2,Friday,12,1,4,78.7908
2025,2,Friday,12,5,7,8.637
2025,2,Friday,12,1,7,11.1522
2025,2,Friday,12,1,8,11.279
2025,2,Friday,12,2,5,13.4115
2025,2,Friday,12,2,6,34.78
2025,2,Friday,12,5,4,50.317
2025,2,Friday,12,4,6,57.2553
2025,2,Friday,12,0,1,47.3168
2025,2,Friday,12,0,4,29.0318
2025,2,Friday,12,8,7,0.9415
2025,2,Friday,12,6,7,8.0472
2025,2,Friday,12,8,3,60.6402
2025,2,Friday,12,2,0,15.5078
2025,2,Friday,12,7,6,5.4565
2025,2,Friday,12,3,8,49.1035
2025,2,Friday,12,2,7,9.033
2025,2,Friday,12,1,6,32.2495
2025,2,Friday,12,7,1,11.0263
2025,2,Friday,12,8,4,32.203
2025,2,Friday,12,6,0,11.2677
2025,2,Friday,12,0,7,4.4498
2025,2,Friday,12,6,1,35.9605
2025,2,Friday,12,3,2,88.322
2025,2,Friday,12,4,8,20.1655
2025,2,Friday,12,0,6,17.3935
2025,2,Friday,12,1,5,28.1585
2025,2,Friday,12,8,0,3.8468
2025,2,Friday,12,1,3,113.33
2025,2,Saturday,1,2,0,2.3013
2025,2,Saturday,1,2,5,1.4942
2025,2,Saturday,1,3,0,3.4308
2025,2,Saturday,1,8,6,0.25
2025,2,Saturday,1,7,4,1.1677
2025,2,Saturday,1,6,8,0.604
2025,2,Saturday,1,2,6,2.3762
2025,2,Saturday,1,6,4,2.7735
2025,2,Saturday,1,8,2,0.294
2025,2,Saturday,1,3,2,4.4395
2025,2,Saturday,1,7,6,0.5235
2025,2,Saturday,1,7,3,0.547
2025,2,Saturday,1,4,3,15.006
2025,2,Saturday,1,4,2,3.9155
2025,2,Saturday,1,4,1,11.6812
2025,2,Saturday,1,2,8,0.2738
2025,2,Saturday,1,2,1,2.2517
2025,2,Saturday,1,3,1,4.0617
2025,2,Saturday,1,3,4,6.3358
2025,2,Saturday,1,6,1,2.365
2025,2,Saturday,1,8,0,0.5418
2025,2,Saturday,1,6,2,0.69
2025,2,Saturday,1,6,3,3.8393
2025,2,Saturday,1,5,6,0.3055
2025,2,Saturday,1,3,8,1.2315
2025,2,Saturday,1,6,5,0.5678
2025,2,Saturday,1,1,0,1.5168
2025,2,Saturday,1,0,6,0.741
2025,2,Saturday,1,8,4,0.916
2025,2,Saturday,1,5,2,0.615
2025,2,Saturday,1,1,7,0.6485
2025,2,Saturday,1,0,1,1.9285
2025,2,Saturday,1,3,7,1.497
2025,2,Saturday,1,0,4,1.1367
2025,2,Saturday,1,4,6,8.758
2025,2,Saturday,1,8,1,0.2918
2025,2,Saturday,1,5,0,0.6775
2025,2,Saturday,1,2,7,0.5825
2025,2,Saturday,1,1,8,0.6135
2025,2,Saturday,1,0,5,0.3705
2025,2,Saturday,1,4,8,0.5983
2025,2,Saturday,1,1,4,3.7292
2025,2,Saturday,1,6,0,2.0945
2025,2,Saturday,1,7,0,0.548
2025,2,Saturday,1,4,5,2.6935
2025,2,Saturday,1,2,4,2.0375
2025,2,Saturday,1,5,4,2.4893
2025,2,Saturday,1,4,7,0.3033
2025,2,Saturday,1,4,0,7.2627
2025,2,Saturday,1,3,6,6.885
2025,2,Saturday,1,5,3,3.5463
2025,2,Saturday,1,3,5,3.1635
2025,2,Saturday,1,1,6,1.196
2025,2,Saturday,1,2,3,4.1795
2025,2,Saturday,1,1,3,2.4515
2025,2,Saturday,1,5,8,0.649
2025,2,Saturday,1,5,1,1.2225
2025,2,Saturday,13,1,6,28.0618
2025,2,Saturday,13,7,0,0.9188
2025,2,Saturday,13,7,4,33.4638
2025,2,Saturday,13,0,5,8.9492
2025,2,Saturday,13,2,0,21.1462
2025,2,Saturday,13,3,8,19.6643
2025,2,Saturday,13,8,6,14.53
2025,2,Saturday,13,2,3,64.4422
2025,2,Saturday,13,8,1,16.7858
2025,2,Saturday,13,8,4,18.4735
2025,2,Saturday,13,7,6,2.7355
2025,2,Saturday,13,3,4,204.836
2025,2,Saturday,13,5,2,20.9068
2025,2,Saturday,13,8,5,12.7192
2025,2,Saturday,13,0,6,10.2762
2025,2,Saturday,13,2,1,65.5693
2025,2,Saturday,13,8,3,27.0712
2025,2,Saturday,13,1,5,16.1575
2025,2,Saturday,13,1,7,8.2743
2025,2,Saturday,13,1,3,121.0507
2025,2,Saturday,13,6,5,28.7973
2025,2,Saturday,13,1,8,8.557
2025,2,Saturday,13,3,6,104.934
2025,2,Saturday,13,5,6,17.7202
2025,2,Saturday,13,7,2,14.1185
2025,2,Saturday,13,0,4,27.283
2025,2,Saturday,13,3,1,132.7998
2025,2,Saturday,13,4,8,10.841
2025,2,Saturday,13,2,6,28.967
2025,2,Saturday,13,6,8,8.198
2025,2,Saturday,13,7,3,28.2373
2025,2,Saturday,13,3,2,59.7915
2025,2,Saturday,13,2,4,68.601
2025,2,Saturday,13,8,0,4.3735
2025,2,Saturday,13,6,4,80.1488
2025,2,Saturday,13,4,3,159.7353
2025,2,Saturday,13,5,7,3.925
2025,2,Saturday,13,5,8,4.648
2025,2,Saturday,13,7,1,13.9965
2025,2,Saturday,13,5,4,56.368
2025,2,Saturday,13,2,7,7.539
2025,2,Saturday,13,5,3,52.5228
2025,2,Saturday,13,8,2,7.1885
2025,2,Saturday,13,4,2,64.8938
2025,2,Saturday,13,0,2,20.8455
2025,2,Saturday,13,2,8,4.528
2025,2,Saturday,13,3,0,17.6738
2025,2,Saturday,13,0,7,2.6932
2025,2,Saturday,13,0,8,3.3815
2025,2,Saturday,13,6,3,94.3263
2025,2,Saturday,13,4,0,20.5578
2025,2,Saturday,13,0,1,43.62
2025,2,Saturday,13,4,6,67.0443
2025,2,Saturday,13,3,5,47.388
2025,2,Saturday,13,5,1,30.8112
2025,2,Saturday,13,0,3,24.82
2025,2,Saturday,13,6,2,28.7955
2025,2,Saturday,13,7,5,5.1935
2025,2,Saturday,13,4,5,33.431
2025,2,Saturday,13,1,4,93.7015
2025,2,Saturday,13,6,1,42.882
2025,2,Saturday,13,3,7,19.1043
2025,2,Saturday,13,1,2,61.6728
2025,2,Saturday,13,6,0,7.7573
2025,2,Saturday,13,4,1,86.9823
2025,2,Saturday,13,6,7,7.789
2025,2,Saturday,13,2,5,13.0062
2025,2,Saturday,13,4,7,24.0575
2025,2,Saturday,13,1,0,37.7965
2025,2,Saturday,13,5,0,2.3973
2025,2,Saturday,2,8,4,0.2885
2025,2,Saturday,2,4,7,1.126
2025,2,Saturday,2,8,2,0.601
2025,2,Saturday,2,3,8,0.6535
2025,2,Saturday,2,3,6,3.7675
2025,2,Saturday,2,7,0,0.8572
2025,2,Saturday,2,2,0,0.6357
2025,2,Saturday,2,1,0,0.3383
2025,2,Saturday,2,4,1,3.9198
2025,2,Saturday,2,4,6,4.5925
2025,2,Saturday,2,1,7,0.3383
2025,2,Saturday,2,0,6,0.75
2025,2,Saturday,2,1,3,1.869
2025,2,Saturday,2,2,7,0.2657
2025,2,Saturday,2,3,0,0.9678
2025,2,Saturday,2,4,2,1.777
2025,2,Saturday,2,3,7,0.3153
2025,2,Saturday,2,5,2,0.7188
2025,2,Saturday,2,6,3,1.0713
2025,2,Saturday,2,5,4,1.794
2025,2,Saturday,2,4,0,2.6233
2025,2,Saturday,2,7,3,1.1605
2025,2,Saturday,2,4,3,7.0363
2025,2,Saturday,2,3,4,1.6403
2025,2,Saturday,2,3,1,1.225
2025,2,Saturday,2,6,0,0.6563
2025,2,Saturday,2,2,5,2.1165
2025,2,Saturday,2,6,4,0.9072
2025,2,Saturday,2,0,1,0.4723
2025,2,Saturday,2,2,1,1.4277
2025,2,Saturday,2,6,7,0.625
2025,2,Saturday,2,5,3,1.1068
2025,2,Saturday,2,1,2,0.3167
2025,2,Saturday,2,1,6,0.3438
2025,2,Saturday,2,1,8,0.646
2025,2,Saturday,2,1,4,0.6605
2025,2,Saturday,2,2,4,1.327
2025,2,Saturday,2,0,2,0.7702
2025,2,Saturday,2,6,1,0.625
2025,2,Saturday,2,2,3,0.9695
2025,2,Saturday,2,5,6,0.3595
2025,2,Saturday,2,0,4,1.1752
2025,2,Saturday,2,3,2,0.65
2025,2,Saturday,2,8,3,0.2813
2025,2,Saturday,14,1,3,128.9425
2025,2,Saturday,14,6,4,73.0897
2025,2,Saturday,14,1,5,16.8107
2025,2,Saturday,14,3,8,32.3892
2025,2,Saturday,14,5,0,4.218
2025,2,Saturday,14,1,8,13.554
2025,2,Saturday,14,5,7,2.4255
2025,2,Saturday,14,3,2,58.7387
2025,2,Saturday,14,3,5,43.7877
2025,2,Saturday,14,4,2,60.961
2025,2,Saturday,14,0,2,20.6073
2025,2,Saturday,14,6,2,33.9335
2025,2,Saturday,14,8,4,17.9045
2025,2,Saturday,14,1,2,54.242
2025,2,Saturday,14,2,6,33.0473
2025,2,Saturday,14,5,4,57.2402
2025,2,Saturday,14,4,6,92.9743
2025,2,Saturday,14,3,1,123.3695
2025,2,Saturday,14,1,7,9.3688
2025,2,Saturday,14,3,7,21.933
2025,2,Saturday,14,7,1,17.0995
2025,2,Saturday,14,8,3,33.011
2025,2,Saturday,14,2,5,7.3415
2025,2,Saturday,14,7,8,0.25
2025,2,Saturday,14,2,0,14.02
2025,2,Saturday,14,6,1,47.934
2025,2,Saturday,14,6,7,5.6625
2025,2,Saturday,14,7,4,29.7205
2025,2,Saturday,14,0,3,28.2673
2025,2,Saturday,14,3,6,105.9485
2025,2,Saturday,14,4,8,14.5948
2025,2,Saturday,14,2,8,7.1085
2025,2,Saturday,14,7,2,11.1765
2025,2,Saturday,14,6,0,6.4875
2025,2,Saturday,14,8,5,18.6485
2025,2,Saturday,14,5,8,6.4295
2025,2,Saturday,14,5,6,14.5452
2025,2,Saturday,14,7,6,1.3462
2025,2,Saturday,14,6,3,100.3222
2025,2,Saturday,14,0,8,0.9992
2025,2,Saturday,14,0,1,43.1845
2025,2,Saturday,14,2,7,3.5382
2025,2,Saturday,14,1,4,114.7013
2025,2,Saturday,14,5,1,23.3785
2025,2,Saturday,14,2,4,50.615
2025,2,Saturday,14,2,3,60.7555
2025,2,Saturday,14,1,0,37.395
2025,2,Saturday,14,7,0,1.5882
2025,2,Saturday,14,4,7,23.739
2025,2,Saturday,14,8,1,11.1675
2025,2,Saturday,14,0,5,8.643
2025,2,Saturday,14,2,1,57.997
2025,2,Saturday,14,4,0,27.5507
2025,2,Saturday,14,3,4,184.0935
2025,2,Saturday,14,4,1,114.4173
2025,2,Saturday,14,6,8,5.3258
2025,2,Saturday,14,8,2,8.4348
2025,2,Saturday,14,6,5,20.764
2025,2,Saturday,14,5,2,19.0082
2025,2,Saturday,14,0,4,28.21
2025,2,Saturday,14,0,6,9.4675
2025,2,Saturday,14,8,0,2.8597
2025,2,Saturday,14,7,3,24.0337
2025,2,Saturday,14,4,5,31.8938
2025,2,Saturday,14,3,0,17.28
2025,2,Saturday,14,1,6,46.255
2025,2,Saturday,14,4,3,175.6178
2025,2,Saturday,14,8,6,15.7622
2025,2,Saturday,14,0,7,0.6678
2025,2,Saturday,14,7,5,3.283
2025,2,Saturday,14,5,3,62.155
2025,2,Saturday,3,4,5,0.58
2025,2,Saturday,3,1,3,0.5227
2025,2,Saturday,3,5,3,0.725
2025,2,Saturday,3,3,5,0.932
2025,2,Saturday,3,2,6,0.25
2025,2,Saturday,3,5,6,0.25
2025,2,Saturday,3,4,7,0.5788
2025,2,Saturday,3,2,5,0.611
2025,2,Saturday,3,6,5,1.6827
2025,2,Saturday,3,0,4,1.347
2025,2,Saturday,3,5,0,0.9793
2025,2,Saturday,3,1,2,0.341
2025,2,Saturday,3,0,1,0.716
2025,2,Saturday,3,6,3,1.5663
2025,2,Saturday,3,6,0,0.5693
2025,2,Saturday,3,2,8,0.25
2025,2,Saturday,3,4,1,2.1445
2025,2,Saturday,3,4,3,2.5888
2025,2,Saturday,3,2,0,0.25
2025,2,Saturday,3,3,6,0.56
2025,2,Saturday,3,1,0,0.3067
2025,2,Saturday,3,2,4,0.9168
2025,2,Saturday,3,4,0,1.533
2025,2,Saturday,3,2,1,2.0995
2025,2,Saturday,3,3,0,0.294
2025,2,Saturday,3,4,2,0.2948
2025,2,Saturday,3,0,2,0.6653
2025,2,Saturday,3,7,1,0.25
2025,2,Saturday,3,7,6,0.25
2025,2,Saturday,3,3,4,2.9563
2025,2,Saturday,3,4,6,1.5703
2025,2,Saturday,3,8,3,0.2813
2025,2,Saturday,15,8,6,13.0145
2025,2,Saturday,15,0,2,19.2937
2025,2,Saturday,15,5,6,22.8613
2025,2,Saturday,15,3,0,27.6255
2025,2,Saturday,15,6,3,129.5218
2025,2,Saturday,15,8,1,18.1548
2025,2,Saturday,15,5,0,8.236
2025,2,Saturday,15,6,2,26.4715
2025,2,Saturday,15,6,4,82.6432
2025,2,Saturday,15,6,0,8.2265
2025,2,Saturday,15,4,2,51.2605
2025,2,Saturday,15,6,1,49.6602
2025,2,Saturday,15,5,7,3.2612
2025,2,Saturday,15,7,3,34.1073
2025,2,Saturday,15,6,5,29.3532
2025,2,Saturday,15,4,6,85.5112
2025,2,Saturday,15,5,1,24.815
2025,2,Saturday,15,5,8,9.7373
2025,2,Saturday,15,7,8,0.25
2025,2,Saturday,15,6,8,7.9173
2025,2,Saturday,15,4,1,122.5388
2025,2,Saturday,15,2,0,15.3863
2025,2,Saturday,15,8,3,45.919
2025,2,Saturday,15,7,0,2.1852
2025,2,Saturday,15,1,5,20.3988
2025,2,Saturday,15,3,7,19.241
2025,2,Saturday,15,4,0,26.7842
2025,2,Saturday,15,1,7,7.96
2025,2,Saturday,15,7,2,9.9713
2025,2,Saturday,15,4,8,16.771
2025,2,Saturday,15,1,0,45.7302
2025,2,Saturday,15,2,4,63.2982
2025,2,Saturday,15,8,5,16.065
2025,2,Saturday,15,1,3,159.0513
2025,2,Saturday,15,0,6,11.8193
2025,2,Saturday,15,6,7,6.694
2025,2,Saturday,15,1,8,13.7545
2025,2,Saturday,15,4,5,44.8803
2025,2,Saturday,15,4,3,193.626
2025,2,Saturday,15,2,7,9.6025
2025,2,Saturday,15,7,6,5.6305
2025,2,Saturday,15,0,8,2.0355
2025,2,Saturday,15,1,4,93.3063
2025,2,Saturday,15,2,5,14.3132
2025,2,Saturday,15,3,4,202.1443
2025,2,Saturday,15,2,8,8.6355
2025,2,Saturday,15,1,6,48.2328
2025,2,Saturday,15,3,5,45.4187
2025,2,Saturday,15,7,1,12.0775
2025,2,Saturday,15,5,2,19.9373
2025,2,Saturday,15,0,7,1.3735
2025,2,Saturday,15,1,2,55.4185
2025,2,Saturday,15,0,5,2.085
2025,2,Saturday,15,0,1,43.1815
2025,2,Saturday,15,3,1,104.4587
2025,2,Saturday,15,0,3,27.4228
2025,2,Saturday,15,2,6,29.0152
2025,2,Saturday,15,7,4,26.5493
2025,2,Saturday,15,7,5,7.1555
2025,2,Saturday,15,4,7,20.0445
2025,2,Saturday,15,3,2,60.4702
2025,2,Saturday,15,0,4,21.284300000000002
2025,2,Saturday,15,8,4,16.1233
2025,2,Saturday,15,3,8,27.425
2025,2,Saturday,15,3,6,110.4585
2025,2,Saturday,15,8,0,1.8102
2025,2,Saturday,15,8,2,7.2085
2025,2,Saturday,15,2,3,82.0437
2025,2,Saturday,15,5,3,71.2185
2025,2,Saturday,15,5,4,53.2443
2025,2,Saturday,15,2,1,75.5177
2025,2,Saturday,4,3,2,1.1883
2025,2,Saturday,4,5,1,0.8213
2025,2,Saturday,4,5,2,0.2795
2025,2,Saturday,4,8,3,0.7082
2025,2,Saturday,4,8,4,0.3438
2025,2,Saturday,4,8,1,1.8377
2025,2,Saturday,4,6,1,0.3638
2025,2,Saturday,4,6,8,0.389
2025,2,Saturday,4,6,4,1.2845
2025,2,Saturday,4,6,3,1.7187
2025,2,Saturday,4,0,6,0.6373
2025,2,Saturday,4,3,4,1.3117
2025,2,Saturday,4,7,3,0.25
2025,2,Saturday,4,1,4,0.25
2025,2,Saturday,4,4,1,1.72
2025,2,Saturday,4,0,5,1.3663
2025,2,Saturday,4,8,2,0.6295
2025,2,Saturday,4,2,1,0.7
2025,2,Saturday,4,5,8,0.3
2025,2,Saturday,4,1,3,1.1747
2025,2,Saturday,4,3,6,0.38
2025,2,Saturday,4,3,8,0.2693
2025,2,Saturday,4,0,3,2.3675
2025,2,Saturday,4,2,4,0.75
2025,2,Saturday,4,0,2,1.337
2025,2,Saturday,4,4,0,2.2723
2025,2,Saturday,4,3,0,1.23
2025,2,Saturday,4,2,0,1.969
2025,2,Saturday,4,0,4,0.3663
2025,2,Saturday,4,6,2,0.697
2025,2,Saturday,4,6,5,1.1875
2025,2,Saturday,4,1,6,0.9572
2025,2,Saturday,4,4,2,1.305
2025,2,Saturday,4,0,1,0.9978
2025,2,Saturday,4,8,6,0.5
2025,2,Saturday,4,4,3,6.1168
2025,2,Saturday,4,4,6,0.902
2025,2,Saturday,4,5,4,0.5835
2025,2,Saturday,4,5,3,2.175
2025,2,Saturday,4,2,6,1.25
2025,2,Saturday,4,1,8,0.975
2025,2,Saturday,4,5,0,0.8332
2025,2,Saturday,16,2,5,17.4005
2025,2,Saturday,16,7,0,1.5945
2025,2,Saturday,16,5,8,5.0368
2025,2,Saturday,16,1,7,11.7925
2025,2,Saturday,16,1,3,153.347
2025,2,Saturday,16,1,8,13.3485
2025,2,Saturday,16,0,7,1.0337
2025,2,Saturday,16,3,5,47.209
2025,2,Saturday,16,1,2,53.4737
2025,2,Saturday,16,8,7,0.3033
2025,2,Saturday,16,6,5,17.9695
2025,2,Saturday,16,6,8,9.3528
2025,2,Saturday,16,1,4,99.0223
2025,2,Saturday,16,0,3,21.8393
2025,2,Saturday,16,5,3,66.2585
2025,2,Saturday,16,8,6,10.2195
2025,2,Saturday,16,4,2,51.8512
2025,2,Saturday,16,1,0,43.6558
2025,2,Saturday,16,3,0,21.5097
2025,2,Saturday,16,2,6,33.8265
2025,2,Saturday,16,7,5,2.7838
2025,2,Saturday,16,3,8,18.4655
2025,2,Saturday,16,7,6,3.3713
2025,2,Saturday,16,2,4,59.3527
2025,2,Saturday,16,0,6,10.4447
2025,2,Saturday,16,8,4,16.6093
2025,2,Saturday,16,4,3,202.3607
2025,2,Saturday,16,7,2,7.8675
2025,2,Saturday,16,6,2,23.5823
2025,2,Saturday,16,7,3,21.575
2025,2,Saturday,16,5,1,18.289
2025,2,Saturday,16,5,6,24.8455
2025,2,Saturday,16,8,1,8.8703
2025,2,Saturday,16,7,4,33.1143
2025,2,Saturday,16,4,5,32.4132
2025,2,Saturday,16,2,1,63.223
2025,2,Saturday,16,3,6,95.5865
2025,2,Saturday,16,2,8,11.9625
2025,2,Saturday,16,7,8,0.25
2025,2,Saturday,16,1,6,49.9063
2025,2,Saturday,16,4,6,86.4507
2025,2,Saturday,16,0,2,14.9282
2025,2,Saturday,16,5,7,3.9818
2025,2,Saturday,16,8,5,10.4305
2025,2,Saturday,16,2,7,9.2947
2025,2,Saturday,16,6,7,6.0377
2025,2,Saturday,16,3,4,181.8817
2025,2,Saturday,16,5,2,12.2215
2025,2,Saturday,16,3,1,114.99
2025,2,Saturday,16,6,4,64.9133
2025,2,Saturday,16,2,0,21.3667
2025,2,Saturday,16,1,5,17.8857
2025,2,Saturday,16,4,8,19.4683
2025,2,Saturday,16,6,1,25.9077
2025,2,Saturday,16,0,5,1.7167
2025,2,Saturday,16,6,0,6.0307
2025,2,Saturday,16,4,1,98.498
2025,2,Saturday,16,0,1,48.809
2025,2,Saturday,16,8,2,6.6395
2025,2,Saturday,16,0,8,3.1072
2025,2,Saturday,16,5,0,7.8895
2025,2,Saturday,16,5,4,37.5663
2025,2,Saturday,16,7,1,10.489
2025,2,Saturday,16,8,0,3.7495
2025,2,Saturday,16,3,7,19.046
2025,2,Saturday,16,2,3,79.1728
2025,2,Saturday,16,3,2,71.6738
2025,2,Saturday,16,4,0,30.7427
2025,2,Saturday,16,8,3,41.5248
2025,2,Saturday,16,6,3,101.8172
2025,2,Saturday,16,0,4,23.6615
2025,2,Saturday,16,4,7,20.7577
2025,2,Saturday,5,8,0,0.577
2025,2,Saturday,5,0,6,4.5282
2025,2,Saturday,5,2,3,2.822
2025,2,Saturday,5,8,1,2.1023
2025,2,Saturday,5,5,6,0.6
2025,2,Saturday,5,0,2,5.19
2025,2,Saturday,5,5,3,2.484
2025,2,Saturday,5,0,1,2.6847
2025,2,Saturday,5,8,4,1.432
2025,2,Saturday,5,1,4,1.137
2025,2,Saturday,5,0,3,5.518
2025,2,Saturday,5,6,4,0.2612
2025,2,Saturday,5,3,8,1.2562
2025,2,Saturday,5,2,0,1.4953
2025,2,Saturday,5,4,3,8.49
2025,2,Saturday,5,5,4,0.5625
2025,2,Saturday,5,3,6,7.2933
2025,2,Saturday,5,8,6,0.5748
2025,2,Saturday,5,3,0,2.3567
2025,2,Saturday,5,1,3,2.8557
2025,2,Saturday,5,0,8,0.956
2025,2,Saturday,5,3,4,1.7983
2025,2,Saturday,5,2,1,0.8565
2025,2,Saturday,5,1,0,2.94
2025,2,Saturday,5,7,1,0.5885
2025,2,Saturday,5,6,1,0.6067
2025,2,Saturday,5,5,2,0.5625
2025,2,Saturday,5,2,8,0.553
2025,2,Saturday,5,0,4,3.2412
2025,2,Saturday,5,4,1,0.6127
2025,2,Saturday,5,6,2,1.2162
2025,2,Saturday,5,4,5,0.3358
2025,2,Saturday,5,3,1,1.906
2025,2,Saturday,5,3,7,1.555
2025,2,Saturday,5,6,5,1.474
2025,2,Saturday,5,8,3,6.2998
2025,2,Saturday,5,8,5,1.203
2025,2,Saturday,5,7,3,1.1385
2025,2,Saturday,5,0,5,2.6242
2025,2,Saturday,5,8,2,0.857
2025,2,Saturday,5,4,2,2.843
2025,2,Saturday,5,2,4,1.5635
2025,2,Saturday,5,5,1,1.2172
2025,2,Saturday,5,1,8,0.8777
2025,2,Saturday,5,4,6,1.2285
2025,2,Saturday,5,6,3,9.4735
2025,2,Saturday,5,4,0,8.6003
2025,2,Saturday,5,1,6,1.719
2025,2,Saturday,5,1,7,0.8777
2025,2,Saturday,5,3,5,3.3413
2025,2,Saturday,5,3,2,1.9448
2025,2,Saturday,5,2,5,0.6145
2025,2,Saturday,17,0,6,3.4773
2025,2,Saturday,17,0,4,24.9543
2025,2,Saturday,17,6,2,18.1895
2025,2,Saturday,17,2,6,29.6962
2025,2,Saturday,17,6,7,8.9157
2025,2,Saturday,17,7,0,1.5855
2025,2,Saturday,17,5,6,14.4318
2025,2,Saturday,17,6,8,8.0922
2025,2,Saturday,17,3,7,27.6275
2025,2,Saturday,17,3,8,20.6843
2025,2,Saturday,17,6,0,9.7915
2025,2,Saturday,17,6,3,102.868
2025,2,Saturday,17,0,7,1.3762
2025,2,Saturday,17,0,1,32.9372
2025,2,Saturday,17,8,0,0.935
2025,2,Saturday,17,2,8,8.031
2025,2,Saturday,17,1,7,7.733
2025,2,Saturday,17,7,2,8.2147
2025,2,Saturday,17,1,2,49.3535
2025,2,Saturday,17,3,2,62.8465
2025,2,Saturday,17,7,5,3.8033
2025,2,Saturday,17,8,4,16.1302
2025,2,Saturday,17,7,3,24.0955
2025,2,Saturday,17,1,3,120.0355
2025,2,Saturday,17,8,6,5.9485
2025,2,Saturday,17,1,4,113.52
2025,2,Saturday,17,2,0,18.0935
2025,2,Saturday,17,6,4,65.4232
2025,2,Saturday,17,4,3,169.8108
2025,2,Saturday,17,2,4,53.6153
2025,2,Saturday,17,4,0,25.6625
2025,2,Saturday,17,5,1,15.8888
2025,2,Saturday,17,1,0,41.127
2025,2,Saturday,17,3,6,114.7073
2025,2,Saturday,17,1,8,10.856
2025,2,Saturday,17,2,5,12.7807
2025,2,Saturday,17,1,6,56.4285
2025,2,Saturday,17,5,8,9.4078
2025,2,Saturday,17,2,1,46.7563
2025,2,Saturday,17,5,7,3.5752
2025,2,Saturday,17,5,0,5.513
2025,2,Saturday,17,4,6,81.8635
2025,2,Saturday,17,5,4,41.4198
2025,2,Saturday,17,0,5,2.4598
2025,2,Saturday,17,2,7,9.2865
2025,2,Saturday,17,3,5,33.9857
2025,2,Saturday,17,4,1,71.5105
2025,2,Saturday,17,7,1,7.9257
2025,2,Saturday,17,8,5,8.279
2025,2,Saturday,17,8,2,7.156
2025,2,Saturday,17,2,3,78.4715
2025,2,Saturday,17,0,3,17.4435
2025,2,Saturday,17,3,0,24.405
2025,2,Saturday,17,0,2,11.5848
2025,2,Saturday,17,6,1,29.3705
2025,2,Saturday,17,0,8,1.7722
2025,2,Saturday,17,5,2,14.099
2025,2,Saturday,17,3,1,119.2302
2025,2,Saturday,17,4,7,19.248
2025,2,Saturday,17,7,4,29.4295
2025,2,Saturday,17,6,5,16.7013
2025,2,Saturday,17,7,6,5.3812
2025,2,Saturday,17,1,5,19.9055
2025,2,Saturday,17,4,2,46.0923
2025,2,Saturday,17,4,8,11.602
2025,2,Saturday,17,8,3,25.2285
2025,2,Saturday,17,4,5,27.0745
2025,2,Saturday,17,5,3,56.2735
2025,2,Saturday,17,3,4,188.701
2025,2,Saturday,17,8,1,15.5175
2025,2,Saturday,6,5,2,2.3527
2025,2,Saturday,6,8,3,12.859
2025,2,Saturday,6,7,3,2.7243
2025,2,Saturday,6,1,6,4.8097
2025,2,Saturday,6,3,1,9.4702
2025,2,Saturday,6,6,5,2.086
2025,2,Saturday,6,7,1,1.7635
2025,2,Saturday,6,3,7,4.9365
2025,2,Saturday,6,5,0,0.5725
2025,2,Saturday,6,4,7,0.3215
2025,2,Saturday,6,6,4,5.7407
2025,2,Saturday,6,8,2,3.9955
2025,2,Saturday,6,3,8,5.1847
2025,2,Saturday,6,8,0,0.6497
2025,2,Saturday,6,1,7,0.2853
2025,2,Saturday,6,0,7,0.6815
2025,2,Saturday,6,8,5,1.155
2025,2,Saturday,6,4,8,0.5913
2025,2,Saturday,6,2,6,1.448
2025,2,Saturday,6,3,4,17.0222
2025,2,Saturday,6,6,7,0.3212
2025,2,Saturday,6,1,8,1.4925
2025,2,Saturday,6,8,4,1.4608
2025,2,Saturday,6,1,2,3.585
2025,2,Saturday,6,0,6,2.6515
2025,2,Saturday,6,6,2,7.0377
2025,2,Saturday,6,5,4,2.1187
2025,2,Saturday,6,0,5,6.283
2025,2,Saturday,6,4,6,4.3047
2025,2,Saturday,6,0,8,1.0158
2025,2,Saturday,6,3,6,22.021
2025,2,Saturday,6,6,0,2.5395
2025,2,Saturday,6,7,6,0.2677
2025,2,Saturday,6,6,8,0.2867
2025,2,Saturday,6,2,1,3.9227
2025,2,Saturday,6,7,2,1.7373
2025,2,Saturday,6,2,8,2.5707
2025,2,Saturday,6,8,1,2.9755
2025,2,Saturday,6,1,5,2.9912
2025,2,Saturday,6,5,6,1.1137
2025,2,Saturday,6,2,4,3.477
2025,2,Saturday,6,2,7,1.703
2025,2,Saturday,6,1,3,6.9623
2025,2,Saturday,6,7,4,0.961
2025,2,Saturday,6,3,5,18.5533
2025,2,Saturday,6,3,2,19.9077
2025,2,Saturday,6,0,2,8.275
2025,2,Saturday,6,7,5,0.3203
2025,2,Saturday,6,4,2,0.9095
2025,2,Saturday,6,2,0,4.508
2025,2,Saturday,6,6,3,21.082
2025,2,Saturday,6,0,4,7.557
2025,2,Saturday,6,1,0,4.6563
2025,2,Saturday,6,4,0,3.7025
2025,2,Saturday,6,3,0,4.3293
2025,2,Saturday,6,4,3,11.5955
2025,2,Saturday,6,5,3,11.614
2025,2,Saturday,6,0,3,14.2808
2025,2,Saturday,6,0,1,11.313
2025,2,Saturday,6,4,1,4.3192
2025,2,Saturday,6,4,5,2.8618
2025,2,Saturday,6,2,5,1.9415
2025,2,Saturday,6,5,1,2.0858
2025,2,Saturday,6,1,4,7.1787
2025,2,Saturday,6,2,3,13.5405
2025,2,Saturday,6,6,1,6.565
2025,2,Saturday,18,4,1,68.129
2025,2,Saturday,18,7,2,9.0018
2025,2,Saturday,18,3,1,77.3103
2025,2,Saturday,18,7,3,21.0677
2025,2,Saturday,18,4,0,23.8342
2025,2,Saturday,18,2,6,33.9497
2025,2,Saturday,18,1,0,45.6775
2025,2,Saturday,18,2,3,65.511
2025,2,Saturday,18,7,5,2.3467
2025,2,Saturday,18,8,0,2.518
2025,2,Saturday,18,1,2,40.7378
2025,2,Saturday,18,6,8,3.9798
2025,2,Saturday,18,4,6,61.69
2025,2,Saturday,18,6,0,9.3092
2025,2,Saturday,18,5,3,53.5567
2025,2,Saturday,18,7,4,27.8385
2025,2,Saturday,18,4,7,20.0495
2025,2,Saturday,18,0,1,25.3558
2025,2,Saturday,18,3,0,17.2363
2025,2,Saturday,18,4,2,32.239
2025,2,Saturday,18,1,5,18.4403
2025,2,Saturday,18,3,2,57.9147
2025,2,Saturday,18,5,6,13.802
2025,2,Saturday,18,5,4,33.3635
2025,2,Saturday,18,1,4,97.6315
2025,2,Saturday,18,2,5,12.281
2025,2,Saturday,18,6,4,61.806
2025,2,Saturday,18,2,0,25.7208
2025,2,Saturday,18,2,7,7.1998
2025,2,Saturday,18,4,8,10.3205
2025,2,Saturday,18,8,5,2.4715
2025,2,Saturday,18,1,3,112.8585
2025,2,Saturday,18,1,6,48.337
2025,2,Saturday,18,8,2,5.299
2025,2,Saturday,18,3,7,19.4925
2025,2,Saturday,18,0,8,1.386
2025,2,Saturday,18,1,7,8.2487
2025,2,Saturday,18,5,7,2.4063
2025,2,Saturday,18,5,0,8.385
2025,2,Saturday,18,2,8,7.8317
2025,2,Saturday,18,8,6,4.634
2025,2,Saturday,18,8,4,11.5805
2025,2,Saturday,18,0,5,3.1767
2025,2,Saturday,18,5,8,5.6178
2025,2,Saturday,18,5,1,14.9545
2025,2,Saturday,18,4,5,24.7572
2025,2,Saturday,18,0,7,1.0315
2025,2,Saturday,18,0,3,14.9935
2025,2,Saturday,18,3,6,86.7418
2025,2,Saturday,18,3,8,17.2673
2025,2,Saturday,18,7,6,4.365
2025,2,Saturday,18,6,2,13.1638
2025,2,Saturday,18,0,2,11.0843
2025,2,Saturday,18,3,4,174.1398
2025,2,Saturday,18,8,1,7.0035
2025,2,Saturday,18,0,6,7.6815
2025,2,Saturday,18,6,1,24.1665
2025,2,Saturday,18,5,2,9.587
2025,2,Saturday,18,3,5,31.5305
2025,2,Saturday,18,7,1,7.4725
2025,2,Saturday,18,7,0,2.0603
2025,2,Saturday,18,4,3,158.4295
2025,2,Saturday,18,1,8,11.7632
2025,2,Saturday,18,8,3,21.1522
2025,2,Saturday,18,6,5,15.2868
2025,2,Saturday,18,2,1,43.6085
2025,2,Saturday,18,2,4,51.462
2025,2,Saturday,18,6,7,7.789
2025,2,Saturday,18,0,4,18.43
2025,2,Saturday,18,6,3,77.3987
2025,2,Saturday,7,0,6,9.5773
2025,2,Saturday,7,1,8,5.233
2025,2,Saturday,7,1,7,1.4455
2025,2,Saturday,7,4,5,4.4602
2025,2,Saturday,7,3,6,26.645
2025,2,Saturday,7,3,0,9.3282
2025,2,Saturday,7,2,7,0.9893
2025,2,Saturday,7,0,7,2.0338
2025,2,Saturday,7,7,4,2.9162
2025,2,Saturday,7,7,2,1.9872
2025,2,Saturday,7,3,7,10.3587
2025,2,Saturday,7,6,3,24.7545
2025,2,Saturday,7,1,0,9.8635
2025,2,Saturday,7,3,5,23.685
2025,2,Saturday,7,4,1,7.9952
2025,2,Saturday,7,6,8,1.4827
2025,2,Saturday,7,1,6,6.7255
2025,2,Saturday,7,5,4,5.4533
2025,2,Saturday,7,5,3,11.6915
2025,2,Saturday,7,7,1,4.2032
2025,2,Saturday,7,7,5,0.8592
2025,2,Saturday,7,6,1,11.8173
2025,2,Saturday,7,0,5,7.925
2025,2,Saturday,7,7,0,1.1685
2025,2,Saturday,7,3,8,12.1245
2025,2,Saturday,7,7,3,5.5868
2025,2,Saturday,7,5,0,1.104
2025,2,Saturday,7,3,2,21.7155
2025,2,Saturday,7,4,6,2.491
2025,2,Saturday,7,0,1,26.1385
2025,2,Saturday,7,5,1,5.5822
2025,2,Saturday,7,1,2,5.8503
2025,2,Saturday,7,0,2,17.3685
2025,2,Saturday,7,2,8,3.7125
2025,2,Saturday,7,5,6,2.4787
2025,2,Saturday,7,1,5,3.5337
2025,2,Saturday,7,1,3,26.322
2025,2,Saturday,7,4,2,5.351
2025,2,Saturday,7,6,0,4.871
2025,2,Saturday,7,4,0,5.8802
2025,2,Saturday,7,0,4,11.962
2025,2,Saturday,7,0,8,2.0485
2025,2,Saturday,7,3,4,41.7027
2025,2,Saturday,7,8,0,1.8145
2025,2,Saturday,7,8,5,1.72
2025,2,Saturday,7,2,6,3.3125
2025,2,Saturday,7,2,0,8.4068
2025,2,Saturday,7,6,4,4.594
2025,2,Saturday,7,1,4,8.4515
2025,2,Saturday,7,2,1,5.1897
2025,2,Saturday,7,5,7,0.2668
2025,2,Saturday,7,8,1,7.6845
2025,2,Saturday,7,4,3,27.095
2025,2,Saturday,7,4,7,1.4342
2025,2,Saturday,7,2,3,15.9122
2025,2,Saturday,7,0,3,17.7638
2025,2,Saturday,7,8,4,6.823
2025,2,Saturday,7,2,4,4.4965
2025,2,Saturday,7,8,2,9.9085
2025,2,Saturday,7,6,5,4.8155
2025,2,Saturday,7,6,2,11.1707
2025,2,Saturday,7,8,6,0.9282
2025,2,Saturday,7,2,5,2.7207
2025,2,Saturday,7,4,8,1.1857
2025,2,Saturday,7,6,7,0.6292
2025,2,Saturday,7,5,2,4.2682
2025,2,Saturday,7,3,1,30.9752
2025,2,Saturday,7,5,8,0.864
2025,2,Saturday,7,8,3,11.4442
2025,2,Saturday,19,2,4,34.0737
2025,2,Saturday,19,4,7,16.408
2025,2,Saturday,19,8,0,1.9423
2025,2,Saturday,19,3,5,23.4587
2025,2,Saturday,19,2,8,10.0667
2025,2,Saturday,19,7,4,26.1548
2025,2,Saturday,19,3,6,71.5952
2025,2,Saturday,19,5,6,17.9462
2025,2,Saturday,19,6,5,16.6418
2025,2,Saturday,19,5,7,3.0237
2025,2,Saturday,19,7,6,5.4915
2025,2,Saturday,19,8,3,12.0412
2025,2,Saturday,19,3,8,13.4528
2025,2,Saturday,19,2,5,8.972
2025,2,Saturday,19,1,8,8.3282
2025,2,Saturday,19,0,7,1.3907
2025,2,Saturday,19,2,3,54.0687
2025,2,Saturday,19,1,2,27.2303
2025,2,Saturday,19,5,3,29.3978
2025,2,Saturday,19,1,6,39.0703
2025,2,Saturday,19,5,1,9.8633
2025,2,Saturday,19,5,0,2.8038
2025,2,Saturday,19,8,5,0.6347
2025,2,Saturday,19,0,3,8.1337
2025,2,Saturday,19,8,1,4.1272
2025,2,Saturday,19,2,1,25.302
2025,2,Saturday,19,4,6,57.6122
2025,2,Saturday,19,1,3,78.3127
2025,2,Saturday,19,5,4,27.0715
2025,2,Saturday,19,0,4,8.7937
2025,2,Saturday,19,7,3,22.1165
2025,2,Saturday,19,2,6,23.552
2025,2,Saturday,19,0,6,3.9517
2025,2,Saturday,19,6,8,3.7067
2025,2,Saturday,19,4,1,51.3168
2025,2,Saturday,19,7,5,1.3955
2025,2,Saturday,19,4,3,132.9455
2025,2,Saturday,19,3,4,129.2858
2025,2,Saturday,19,7,2,3.658
2025,2,Saturday,19,6,7,4.1757
2025,2,Saturday,19,5,8,1.1928
2025,2,Saturday,19,8,2,2.832
2025,2,Saturday,19,3,2,39.0512
2025,2,Saturday,19,1,4,62.6515
2025,2,Saturday,19,7,0,0.3383
2025,2,Saturday,19,3,7,16.0558
2025,2,Saturday,19,0,2,6.658
2025,2,Saturday,19,6,4,50.8685
2025,2,Saturday,19,5,2,5.6083
2025,2,Saturday,19,6,2,9.993
2025,2,Saturday,19,2,0,15.584
2025,2,Saturday,19,4,8,10.026
2025,2,Saturday,19,4,0,14.7545
2025,2,Saturday,19,1,7,9.8943
2025,2,Saturday,19,6,0,9.19
2025,2,Saturday,19,4,5,17.9403
2025,2,Saturday,19,8,4,9.5457
2025,2,Saturday,19,1,5,12.8372
2025,2,Saturday,19,3,1,57.386
2025,2,Saturday,19,2,7,10.1577
2025,2,Saturday,19,1,0,32.5535
2025,2,Saturday,19,8,6,2.906
2025,2,Saturday,19,0,5,2.4762
2025,2,Saturday,19,7,1,3.4838
2025,2,Saturday,19,4,2,26.991
2025,2,Saturday,19,0,1,23.6645
2025,2,Saturday,19,6,3,61.5305
2025,2,Saturday,19,6,1,18.146
2025,2,Saturday,19,3,0,20.6088
2025,2,Saturday,19,0,8,1.771
2025,2,Saturday,8,4,2,14.9957
2025,2,Saturday,8,8,4,5.7288
2025,2,Saturday,8,4,5,5.7802
2025,2,Saturday,8,7,3,17.0787
2025,2,Saturday,8,6,2,19.5925
2025,2,Saturday,8,2,8,4.423
2025,2,Saturday,8,6,8,2.3295
2025,2,Saturday,8,0,5,6.1395
2025,2,Saturday,8,6,1,27.938
2025,2,Saturday,8,1,4,30.2273
2025,2,Saturday,8,3,1,50.1602
2025,2,Saturday,8,2,3,24.7202
2025,2,Saturday,8,3,7,11.824
2025,2,Saturday,8,6,7,0.9228
2025,2,Saturday,8,4,1,23.832
2025,2,Saturday,8,8,5,2.425
2025,2,Saturday,8,1,2,16.4148
2025,2,Saturday,8,6,5,8.0627
2025,2,Saturday,8,1,7,3.78
2025,2,Saturday,8,3,0,6.6203
2025,2,Saturday,8,1,6,11.1205
2025,2,Saturday,8,1,3,43.1163
2025,2,Saturday,8,5,1,12.5243
2025,2,Saturday,8,2,4,8.3812
2025,2,Saturday,8,7,4,12.357
2025,2,Saturday,8,8,6,1.9243
2025,2,Saturday,8,7,8,0.4168
2025,2,Saturday,8,4,0,2.8455
2025,2,Saturday,8,5,7,1.1835
2025,2,Saturday,8,2,1,16.9825
2025,2,Saturday,8,6,0,5.4355
2025,2,Saturday,8,8,0,2.34
2025,2,Saturday,8,3,2,40.7063
2025,2,Saturday,8,1,0,15.8065
2025,2,Saturday,8,4,3,42.5387
2025,2,Saturday,8,5,4,17.417
2025,2,Saturday,8,0,7,1.3605
2025,2,Saturday,8,5,2,5.2115
2025,2,Saturday,8,0,4,30.6502
2025,2,Saturday,8,8,1,14.0257
2025,2,Saturday,8,6,3,49.1178
2025,2,Saturday,8,3,6,43.548
2025,2,Saturday,8,4,7,3.3895
2025,2,Saturday,8,0,3,19.7497
2025,2,Saturday,8,2,6,9.565
2025,2,Saturday,8,7,0,0.862
2025,2,Saturday,8,0,2,19.761
2025,2,Saturday,8,2,5,4.311
2025,2,Saturday,8,7,6,1.1395
2025,2,Saturday,8,6,4,16.0347
2025,2,Saturday,8,4,6,6.3692
2025,2,Saturday,8,8,3,14.341
2025,2,Saturday,8,5,6,4.3683
2025,2,Saturday,8,0,1,46.6805
2025,2,Saturday,8,2,7,2.4587
2025,2,Saturday,8,1,8,3.193
2025,2,Saturday,8,3,5,25.5738
2025,2,Saturday,8,1,5,8.8075
2025,2,Saturday,8,2,0,7.7048
2025,2,Saturday,8,0,8,2.0435
2025,2,Saturday,8,5,3,21.0748
2025,2,Saturday,8,3,8,23.9003
2025,2,Saturday,8,7,1,4.1278
2025,2,Saturday,8,4,8,4.5057
2025,2,Saturday,8,8,2,14.3848
2025,2,Saturday,8,7,2,7.685
2025,2,Saturday,8,0,6,10.2205
2025,2,Saturday,8,5,0,2.979
2025,2,Saturday,8,3,4,85.6295
2025,2,Saturday,8,5,8,1.1678
2025,2,Saturday,20,1,4,39.1232
2025,2,Saturday,20,5,7,1.0053
2025,2,Saturday,20,4,3,109.234
2025,2,Saturday,20,4,2,22.4295
2025,2,Saturday,20,3,5,19.8767
2025,2,Saturday,20,0,4,7.3347
2025,2,Saturday,20,1,2,18.844
2025,2,Saturday,20,8,2,3.5038
2025,2,Saturday,20,8,1,2.5598
2025,2,Saturday,20,8,4,7.397
2025,2,Saturday,20,6,5,12.5708
2025,2,Saturday,20,7,2,2.646
2025,2,Saturday,20,8,3,6.6693
2025,2,Saturday,20,5,8,2.281
2025,2,Saturday,20,5,1,5.3525
2025,2,Saturday,20,0,3,8.1148
2025,2,Saturday,20,8,0,0.9983
2025,2,Saturday,20,3,0,15.1138
2025,2,Saturday,20,5,0,3.5947
2025,2,Saturday,20,6,7,4.2158
2025,2,Saturday,20,0,6,3.9883
2025,2,Saturday,20,3,2,25.6672
2025,2,Saturday,20,7,4,17.1403
2025,2,Saturday,20,2,1,23.1788
2025,2,Saturday,20,3,7,17.5625
2025,2,Saturday,20,1,7,4.013
2025,2,Saturday,20,6,4,32.857
2025,2,Saturday,20,1,3,59.2895
2025,2,Saturday,20,7,0,1.6408
2025,2,Saturday,20,2,5,5.6055
2025,2,Saturday,20,5,3,21.025
2025,2,Saturday,20,0,2,2.4883
2025,2,Saturday,20,8,6,1.2972
2025,2,Saturday,20,1,5,6.5428
2025,2,Saturday,20,2,4,23.3825
2025,2,Saturday,20,5,4,18.6157
2025,2,Saturday,20,0,5,1.1315
2025,2,Saturday,20,5,6,16.9643
2025,2,Saturday,20,2,8,6.3195
2025,2,Saturday,20,3,8,10.748
2025,2,Saturday,20,4,0,14.6267
2025,2,Saturday,20,6,2,7.4052
2025,2,Saturday,20,1,6,22.4315
2025,2,Saturday,20,4,5,16.2835
2025,2,Saturday,20,6,8,2.7518
2025,2,Saturday,20,7,3,12.4835
2025,2,Saturday,20,2,7,6.1303
2025,2,Saturday,20,6,3,46.0075
2025,2,Saturday,20,7,8,1.0683
2025,2,Saturday,20,0,1,18.1783
2025,2,Saturday,20,3,6,54.0855
2025,2,Saturday,20,7,5,3.2783
2025,2,Saturday,20,7,6,1.3135
2025,2,Saturday,20,4,8,7.448
2025,2,Saturday,20,1,0,15.9308
2025,2,Saturday,20,2,0,14.0895
2025,2,Saturday,20,2,3,38.374
2025,2,Saturday,20,2,6,23.3367
2025,2,Saturday,20,6,1,10.4713
2025,2,Saturday,20,1,8,8.6788
2025,2,Saturday,20,0,8,1.1268
2025,2,Saturday,20,3,4,74.3527
2025,2,Saturday,20,5,2,4.0485
2025,2,Saturday,20,7,1,6.958
2025,2,Saturday,20,4,1,39.3247
2025,2,Saturday,20,3,1,43.4815
2025,2,Saturday,20,4,6,51.781
2025,2,Saturday,20,6,0,3.828
2025,2,Saturday,20,4,7,9.3927
2025,2,Saturday,9,4,5,13.3618
2025,2,Saturday,9,5,7,1.8848
2025,2,Saturday,9,8,5,12.3478
2025,2,Saturday,9,5,1,16.083
2025,2,Saturday,9,8,0,0.3147
2025,2,Saturday,9,8,4,8.4655
2025,2,Saturday,9,5,3,23.903
2025,2,Saturday,9,0,6,4.9068
2025,2,Saturday,9,2,1,25.3378
2025,2,Saturday,9,5,8,2.3803
2025,2,Saturday,9,2,6,11.0145
2025,2,Saturday,9,2,0,8.5745
2025,2,Saturday,9,6,3,63.379
2025,2,Saturday,9,7,3,14.2327
2025,2,Saturday,9,2,8,7.0988
2025,2,Saturday,9,0,1,42.5343
2025,2,Saturday,9,2,5,7.587
2025,2,Saturday,9,8,2,10.777
2025,2,Saturday,9,3,0,7.1563
2025,2,Saturday,9,4,6,17.67
2025,2,Saturday,9,4,3,67.6963
2025,2,Saturday,9,6,2,23.5288
2025,2,Saturday,9,8,3,14.8493
2025,2,Saturday,9,7,5,1.4522
2025,2,Saturday,9,3,2,56.9295
2025,2,Saturday,9,5,6,8.7375
2025,2,Saturday,9,0,5,5.2925
2025,2,Saturday,9,0,4,22.2743
2025,2,Saturday,9,4,1,41.3863
2025,2,Saturday,9,8,7,0.3063
2025,2,Saturday,9,1,2,35.5722
2025,2,Saturday,9,6,4,26.3578
2025,2,Saturday,9,3,8,42.2145
2025,2,Saturday,9,3,7,12.1962
2025,2,Saturday,9,6,7,1.182
2025,2,Saturday,9,2,4,15.5932
2025,2,Saturday,9,6,8,5.215
2025,2,Saturday,9,8,1,10.915
2025,2,Saturday,9,7,8,0.6
2025,2,Saturday,9,1,4,52.2303
2025,2,Saturday,9,7,4,15.3905
2025,2,Saturday,9,0,7,0.344
2025,2,Saturday,9,2,7,3.891
2025,2,Saturday,9,0,2,23.86
2025,2,Saturday,9,5,2,11.4768
2025,2,Saturday,9,7,1,8.5803
2025,2,Saturday,9,4,2,21.381
2025,2,Saturday,9,5,4,22.365
2025,2,Saturday,9,1,7,5.3577
2025,2,Saturday,9,0,8,3.8663
2025,2,Saturday,9,3,6,79.16
2025,2,Saturday,9,3,4,131.9685
2025,2,Saturday,9,1,6,14.5428
2025,2,Saturday,9,7,6,2.6602
2025,2,Saturday,9,1,8,4.223
2025,2,Saturday,9,4,0,6.77
2025,2,Saturday,9,4,8,6.2573
2025,2,Saturday,9,3,1,76.2815
2025,2,Saturday,9,8,6,2.7277
2025,2,Saturday,9,6,5,9.7787
2025,2,Saturday,9,2,3,32.4885
2025,2,Saturday,9,7,2,13.9818
2025,2,Saturday,9,6,0,6.419
2025,2,Saturday,9,3,5,49.7035
2025,2,Saturday,9,1,0,21.0743
2025,2,Saturday,9,1,5,10.0445
2025,2,Saturday,9,4,7,6.7328
2025,2,Saturday,9,6,1,36.5547
2025,2,Saturday,9,5,0,1.37
2025,2,Saturday,9,1,3,64.155
2025,2,Saturday,9,0,3,24.8185
2025,2,Saturday,21,8,5,0.5863
2025,2,Saturday,21,1,5,5.1815
2025,2,Saturday,21,4,1,36.1143
2025,2,Saturday,21,5,0,2.9885
2025,2,Saturday,21,8,6,2.6757
2025,2,Saturday,21,5,2,4.4542
2025,2,Saturday,21,2,4,13.9703
2025,2,Saturday,21,7,0,0.899
2025,2,Saturday,21,8,2,1.5235
2025,2,Saturday,21,3,6,44.8248
2025,2,Saturday,21,2,6,8.0518
2025,2,Saturday,21,0,6,1.8002
2025,2,Saturday,21,5,8,0.3232
2025,2,Saturday,21,1,8,7.3048
2025,2,Saturday,21,7,4,9.6852
2025,2,Saturday,21,3,8,9.4593
2025,2,Saturday,21,2,3,27.2533
2025,2,Saturday,21,1,7,1.813
2025,2,Saturday,21,2,0,6.4437
2025,2,Saturday,21,4,0,13.855
2025,2,Saturday,21,2,8,2.1182
2025,2,Saturday,21,8,4,8.5455
2025,2,Saturday,21,8,3,4.1418
2025,2,Saturday,21,1,2,12.846
2025,2,Saturday,21,2,1,11.8615
2025,2,Saturday,21,3,0,11.929
2025,2,Saturday,21,8,0,0.3035
2025,2,Saturday,21,0,5,1.3923
2025,2,Saturday,21,3,1,39.436
2025,2,Saturday,21,4,3,99.0048
2025,2,Saturday,21,5,6,6.3555
2025,2,Saturday,21,4,5,14.1883
2025,2,Saturday,21,5,7,1.2053
2025,2,Saturday,21,2,7,2.9493
2025,2,Saturday,21,0,3,4.887
2025,2,Saturday,21,3,2,18.405
2025,2,Saturday,21,0,1,6.5962
2025,2,Saturday,21,3,7,8.3205
2025,2,Saturday,21,3,4,55.9135
2025,2,Saturday,21,0,8,1.0443
2025,2,Saturday,21,1,0,15.0692
2025,2,Saturday,21,0,4,6.3487
2025,2,Saturday,21,4,7,11.448
2025,2,Saturday,21,2,5,7.6488
2025,2,Saturday,21,7,6,1.279
2025,2,Saturday,21,6,8,1.2547
2025,2,Saturday,21,1,4,23.189
2025,2,Saturday,21,6,3,27.981
2025,2,Saturday,21,7,5,0.6708
2025,2,Saturday,21,3,5,10.536
2025,2,Saturday,21,6,1,8.8945
2025,2,Saturday,21,4,6,40.7493
2025,2,Saturday,21,6,7,2.5695
2025,2,Saturday,21,0,2,2.2395
2025,2,Saturday,21,5,1,4.8645
2025,2,Saturday,21,7,1,3.6438
2025,2,Saturday,21,5,4,6.1227
2025,2,Saturday,21,1,6,19.7425
2025,2,Saturday,21,5,3,21.3072
2025,2,Saturday,21,7,3,8.7603
2025,2,Saturday,21,6,4,26.5555
2025,2,Saturday,21,8,1,0.8152
2025,2,Saturday,21,1,3,49.0527
2025,2,Saturday,21,6,2,5.3517
2025,2,Saturday,21,0,7,0.743
2025,2,Saturday,21,4,8,5.6357
2025,2,Saturday,21,6,0,6.2507
2025,2,Saturday,21,7,2,2.5448
2025,2,Saturday,21,4,2,22.5415
2025,2,Saturday,21,6,5,7.695
2025,2,Saturday,10,2,4,34.0415
2025,2,Saturday,10,3,6,86.977
2025,2,Saturday,10,7,4,21.0312
2025,2,Saturday,10,7,0,0.875
2025,2,Saturday,10,4,2,22.395
2025,2,Saturday,10,2,3,49.497
2025,2,Saturday,10,6,8,11.2378
2025,2,Saturday,10,6,5,14.388
2025,2,Saturday,10,3,1,124.4018
2025,2,Saturday,10,1,5,11.4815
2025,2,Saturday,10,5,3,34.5065
2025,2,Saturday,10,2,6,15.0578
2025,2,Saturday,10,7,8,0.25
2025,2,Saturday,10,1,3,102.178
2025,2,Saturday,10,3,2,53.9932
2025,2,Saturday,10,1,0,21.7205
2025,2,Saturday,10,1,2,39.4577
2025,2,Saturday,10,8,1,13.723
2025,2,Saturday,10,8,2,9.029
2025,2,Saturday,10,4,0,6.033
2025,2,Saturday,10,0,8,5.0465
2025,2,Saturday,10,5,6,11.5737
2025,2,Saturday,10,0,2,19.2315
2025,2,Saturday,10,3,8,41.9817
2025,2,Saturday,10,7,1,10.589
2025,2,Saturday,10,8,3,16.0258
2025,2,Saturday,10,2,7,6.2632
2025,2,Saturday,10,2,1,34.957
2025,2,Saturday,10,8,5,5.2523
2025,2,Saturday,10,1,8,5.1745
2025,2,Saturday,10,3,4,167.8083
2025,2,Saturday,10,7,5,1.799
2025,2,Saturday,10,6,4,47.9627
2025,2,Saturday,10,6,3,70.5335
2025,2,Saturday,10,5,2,9.6545
2025,2,Saturday,10,4,8,9.9108
2025,2,Saturday,10,5,7,2.2465
2025,2,Saturday,10,0,1,51.4227
2025,2,Saturday,10,1,7,7.6358
2025,2,Saturday,10,0,7,1.0087
2025,2,Saturday,10,2,0,8.4357
2025,2,Saturday,10,2,8,4.3792
2025,2,Saturday,10,5,4,30.0925
2025,2,Saturday,10,6,7,2.4795
2025,2,Saturday,10,0,6,7.2265
2025,2,Saturday,10,0,5,5.765
2025,2,Saturday,10,4,5,16.0197
2025,2,Saturday,10,4,3,99.4443
2025,2,Saturday,10,7,6,4.2717
2025,2,Saturday,10,2,5,5.3507
2025,2,Saturday,10,0,3,22.9243
2025,2,Saturday,10,1,6,17.7782
2025,2,Saturday,10,3,5,53.0733
2025,2,Saturday,10,0,4,24.618
2025,2,Saturday,10,3,0,14.2975
2025,2,Saturday,10,5,8,1.4935
2025,2,Saturday,10,6,1,34.3275
2025,2,Saturday,10,8,6,3.9242
2025,2,Saturday,10,7,3,26.7858
2025,2,Saturday,10,6,2,25.9027
2025,2,Saturday,10,4,6,29.5295
2025,2,Saturday,10,8,4,10.31
2025,2,Saturday,10,6,0,4.7648
2025,2,Saturday,10,5,0,3.0077
2025,2,Saturday,10,3,7,24.6635
2025,2,Saturday,10,8,0,1.2515
2025,2,Saturday,10,7,2,8.105
2025,2,Saturday,10,1,4,72.9905
2025,2,Saturday,10,5,1,19.3237
2025,2,Saturday,10,4,1,43.5745
2025,2,Saturday,10,4,7,11.7498
2025,2,Saturday,22,5,6,3.913
2025,2,Saturday,22,4,2,16.4247
2025,2,Saturday,22,4,5,9.8375
2025,2,Saturday,22,5,0,2.393
2025,2,Saturday,22,7,3,12.502
2025,2,Saturday,22,5,4,6.2615
2025,2,Saturday,22,7,5,0.6278
2025,2,Saturday,22,8,6,0.2853
2025,2,Saturday,22,6,7,2.1775
2025,2,Saturday,22,8,3,9.1623
2025,2,Saturday,22,5,1,7.5793
2025,2,Saturday,22,1,5,3.3475
2025,2,Saturday,22,2,7,2.3295
2025,2,Saturday,22,5,8,0.3392
2025,2,Saturday,22,6,2,4.9055
2025,2,Saturday,22,0,4,2.8273
2025,2,Saturday,22,3,2,17.1042
2025,2,Saturday,22,0,5,1.0527
2025,2,Saturday,22,3,1,29.755
2025,2,Saturday,22,2,0,8.4733
2025,2,Saturday,22,8,1,2.8335
2025,2,Saturday,22,1,2,5.4387
2025,2,Saturday,22,6,5,7.2618
2025,2,Saturday,22,4,3,88.171
2025,2,Saturday,22,4,8,5.1157
2025,2,Saturday,22,6,4,10.154
2025,2,Saturday,22,3,4,48.8437
2025,2,Saturday,22,1,6,10.6557
2025,2,Saturday,22,1,3,18.1717
2025,2,Saturday,22,4,1,30.2197
2025,2,Saturday,22,4,0,12.8797
2025,2,Saturday,22,4,6,40.9482
2025,2,Saturday,22,6,1,7.1305
2025,2,Saturday,22,2,8,3.7005
2025,2,Saturday,22,3,6,31.4955
2025,2,Saturday,22,7,2,4.28
2025,2,Saturday,22,7,4,5.7185
2025,2,Saturday,22,8,0,1.913
2025,2,Saturday,22,8,4,1.2203
2025,2,Saturday,22,2,1,6.0655
2025,2,Saturday,22,0,1,4.6143
2025,2,Saturday,22,7,6,1.4647
2025,2,Saturday,22,2,6,11.7438
2025,2,Saturday,22,6,8,3.7473
2025,2,Saturday,22,6,3,25.887
2025,2,Saturday,22,3,0,10.9918
2025,2,Saturday,22,0,6,3.5688
2025,2,Saturday,22,2,3,20.94
2025,2,Saturday,22,1,4,17.3805
2025,2,Saturday,22,1,7,2.0985
2025,2,Saturday,22,7,0,0.6278
2025,2,Saturday,22,3,8,8.3635
2025,2,Saturday,22,5,3,13.9475
2025,2,Saturday,22,1,0,11.5425
2025,2,Saturday,22,0,3,6.8268
2025,2,Saturday,22,7,1,2.722
2025,2,Saturday,22,1,8,5.197
2025,2,Saturday,22,3,7,5.0065
2025,2,Saturday,22,8,5,0.2765
2025,2,Saturday,22,5,2,2.342
2025,2,Saturday,22,3,5,13.5775
2025,2,Saturday,22,2,4,8.917
2025,2,Saturday,22,2,5,5.2287
2025,2,Saturday,22,6,0,2.7308
2025,2,Saturday,22,0,2,3.222
2025,2,Saturday,22,4,7,11.0342
2025,2,Saturday,22,8,2,1.132
2025,2,Saturday,11,0,5,7.7828
2025,2,Saturday,11,3,0,18.6872
2025,2,Saturday,11,5,8,7.446
2025,2,Saturday,11,3,2,70.3747
2025,2,Saturday,11,6,7,7.0782
2025,2,Saturday,11,8,2,4.9295
2025,2,Saturday,11,1,3,97.3708
2025,2,Saturday,11,7,0,1.4842
2025,2,Saturday,11,3,5,67.523
2025,2,Saturday,11,8,1,10.8058
2025,2,Saturday,11,2,3,53.7353
2025,2,Saturday,11,1,8,6.7655
2025,2,Saturday,11,0,2,20.7167
2025,2,Saturday,11,7,1,8.4967
2025,2,Saturday,11,2,8,5.4993
2025,2,Saturday,11,3,4,214.398
2025,2,Saturday,11,6,1,39.9345
2025,2,Saturday,11,1,2,51.1205
2025,2,Saturday,11,0,4,28.214
2025,2,Saturday,11,1,0,27.1873
2025,2,Saturday,11,5,4,39.9933
2025,2,Saturday,11,3,1,133.4773
2025,2,Saturday,11,0,1,42.4845
2025,2,Saturday,11,6,5,20.974
2025,2,Saturday,11,3,7,24.7572
2025,2,Saturday,11,4,3,107.0707
2025,2,Saturday,11,7,3,24.621
2025,2,Saturday,11,8,0,0.6357
2025,2,Saturday,11,0,8,3.4123
2025,2,Saturday,11,6,0,4.7457
2025,2,Saturday,11,1,6,25.7207
2025,2,Saturday,11,5,2,9.2313
2025,2,Saturday,11,1,5,15.9365
2025,2,Saturday,11,5,6,16.0812
2025,2,Saturday,11,4,6,44.0453
2025,2,Saturday,11,6,8,17.4328
2025,2,Saturday,11,1,7,7.32
2025,2,Saturday,11,8,6,8.3195
2025,2,Saturday,11,8,4,15.5805
2025,2,Saturday,11,2,6,19.7547
2025,2,Saturday,11,7,5,4.9108
2025,2,Saturday,11,8,3,17.4397
2025,2,Saturday,11,2,7,7.762
2025,2,Saturday,11,5,7,3.286
2025,2,Saturday,11,6,2,28.1565
2025,2,Saturday,11,4,2,37.8783
2025,2,Saturday,11,0,6,6.7958
2025,2,Saturday,11,5,1,18.8563
2025,2,Saturday,11,4,1,70.0575
2025,2,Saturday,11,0,3,24.9387
2025,2,Saturday,11,4,7,16.4095
2025,2,Saturday,11,5,0,2.4713
2025,2,Saturday,11,2,4,45.062
2025,2,Saturday,11,8,5,2.4757
2025,2,Saturday,11,4,0,12.5492
2025,2,Saturday,11,2,1,36.3042
2025,2,Saturday,11,7,4,28.24
2025,2,Saturday,11,2,5,10.8025
2025,2,Saturday,11,3,6,106.4737
2025,2,Saturday,11,1,4,87.0327
2025,2,Saturday,11,0,7,0.334
2025,2,Saturday,11,3,8,36.184
2025,2,Saturday,11,2,0,7.428
2025,2,Saturday,11,6,4,78.5192
2025,2,Saturday,11,7,8,0.5357
2025,2,Saturday,11,4,8,11.935
2025,2,Saturday,11,4,5,25.864
2025,2,Saturday,11,7,6,1.7207
2025,2,Saturday,11,6,3,88.289
2025,2,Saturday,11,7,2,12.0653
2025,2,Saturday,11,5,3,30.9908
2025,2,Saturday,23,5,8,0.8735
2025,2,Saturday,23,0,4,1.9178
2025,2,Saturday,23,3,2,10.636
2025,2,Saturday,23,8,3,2.0925
2025,2,Saturday,23,6,7,2.4397
2025,2,Saturday,23,2,7,2.3357
2025,2,Saturday,23,5,4,7.8415
2025,2,Saturday,23,7,6,1.1985
2025,2,Saturday,23,0,3,5.1765
2025,2,Saturday,23,5,2,2.0055
2025,2,Saturday,23,6,8,0.9017
2025,2,Saturday,23,2,4,7.5467
2025,2,Saturday,23,8,1,1.0395
2025,2,Saturday,23,1,2,2.0485
2025,2,Saturday,23,8,0,0.5852
2025,2,Saturday,23,1,4,7.7307
2025,2,Saturday,23,7,0,2.3672
2025,2,Saturday,23,0,1,2.3358
2025,2,Saturday,23,5,6,6.203
2025,2,Saturday,23,1,3,14.6805
2025,2,Saturday,23,1,6,9.4587
2025,2,Saturday,23,4,3,72.296
2025,2,Saturday,23,7,5,0.588
2025,2,Saturday,23,1,8,4.4572
2025,2,Saturday,23,1,0,10.9475
2025,2,Saturday,23,5,3,12.76
2025,2,Saturday,23,7,4,3.2167
2025,2,Saturday,23,4,7,8.3225
2025,2,Saturday,23,3,5,6.894
2025,2,Saturday,23,5,0,4.401
2025,2,Saturday,23,6,3,18.9983
2025,2,Saturday,23,2,3,14.041
2025,2,Saturday,23,8,2,1.987
2025,2,Saturday,23,6,5,4.4737
2025,2,Saturday,23,5,1,5.8592
2025,2,Saturday,23,4,8,7.3912
2025,2,Saturday,23,4,5,6.8762
2025,2,Saturday,23,4,1,31.9843
2025,2,Saturday,23,7,3,5.3247
2025,2,Saturday,23,4,0,17.9552
2025,2,Saturday,23,8,4,2.5115
2025,2,Saturday,23,0,2,2.2782
2025,2,Saturday,23,3,1,17.6592
2025,2,Saturday,23,2,0,8.0465
2025,2,Saturday,23,0,7,1.3025
2025,2,Saturday,23,3,0,15.1322
2025,2,Saturday,23,1,5,4.1245
2025,2,Saturday,23,0,6,1.9702
2025,2,Saturday,23,6,2,3.971
2025,2,Saturday,23,6,0,4.5355
2025,2,Saturday,23,3,7,3.0405
2025,2,Saturday,23,2,8,0.5962
2025,2,Saturday,23,4,2,15.6197
2025,2,Saturday,23,3,6,20.4932
2025,2,Saturday,23,3,8,9.193
2025,2,Saturday,23,6,1,8.1758
2025,2,Saturday,23,7,2,2.352
2025,2,Saturday,23,7,1,2.6172
2025,2,Saturday,23,2,1,9.1828
2025,2,Saturday,23,1,7,0.5947
2025,2,Saturday,23,0,8,0.7065
2025,2,Saturday,23,3,4,26.7857
2025,2,Saturday,23,6,4,11.298
2025,2,Saturday,23,8,6,0.6085
2025,2,Saturday,23,4,6,25.7915
2025,2,Saturday,23,0,5,0.308
2025,2,Saturday,23,2,6,7.6895
2025,2,Saturday,23,2,5,2.581
2025,2,Saturday,23,8,5,0.299
2025,2,Saturday,0,2,8,4.7545
2025,2,Saturday,0,8,1,0.8707
2025,2,Saturday,0,2,0,5.9723
2025,2,Saturday,0,7,4,3.8652
2025,2,Saturday,0,5,0,3.639
2025,2,Saturday,0,4,2,10.6207
2025,2,Saturday,0,6,0,2.1298
2025,2,Saturday,0,8,4,0.585
2025,2,Saturday,0,3,4,16.5282
2025,2,Saturday,0,3,8,10.6045
2025,2,Saturday,0,5,2,1.1565
2025,2,Saturday,0,2,5,0.6332
2025,2,Saturday,0,3,6,13.8178
2025,2,Saturday,0,5,1,2.3398
2025,2,Saturday,0,6,4,7.8055
2025,2,Saturday,0,2,1,2.9795
2025,2,Saturday,0,0,2,1.1202
2025,2,Saturday,0,8,3,3.792
2025,2,Saturday,0,2,4,3.857
2025,2,Saturday,0,1,3,4.3443
2025,2,Saturday,0,6,5,4.1835
2025,2,Saturday,0,3,2,6.1855
2025,2,Saturday,0,7,1,3.5525
2025,2,Saturday,0,5,4,3.9542
2025,2,Saturday,0,3,0,8.6613
2025,2,Saturday,0,4,1,22.3748
2025,2,Saturday,0,4,0,12.2705
2025,2,Saturday,0,1,2,1.2405
2025,2,Saturday,0,6,2,3.2425
2025,2,Saturday,0,7,2,0.577
2025,2,Saturday,0,3,7,3.0798
2025,2,Saturday,0,4,5,2.9577
2025,2,Saturday,0,1,4,4.9125
2025,2,Saturday,0,2,7,0.8742
2025,2,Saturday,0,4,8,4.143
2025,2,Saturday,0,4,3,30.4345
2025,2,Saturday,0,8,0,0.6785
2025,2,Saturday,0,1,7,1.2548
2025,2,Saturday,0,0,5,0.3898
2025,2,Saturday,0,5,3,6.636
2025,2,Saturday,0,7,3,2.676
2025,2,Saturday,0,0,3,1.859
2025,2,Saturday,0,5,7,0.317
2025,2,Saturday,0,0,1,1.8158
2025,2,Saturday,0,8,6,0.6737
2025,2,Saturday,0,4,7,5.6178
2025,2,Saturday,0,0,6,0.7498
2025,2,Saturday,0,0,8,0.3898
2025,2,Saturday,0,1,5,1.5472
2025,2,Saturday,0,3,1,6.7518
2025,2,Saturday,0,5,6,1.1953
2025,2,Saturday,0,0,7,0.387
2025,2,Saturday,0,6,8,0.6127
2025,2,Saturday,0,6,1,4.9712
2025,2,Saturday,0,1,6,5.2923
2025,2,Saturday,0,5,8,0.341
2025,2,Saturday,0,1,8,2.8083
2025,2,Saturday,0,3,5,4.0035
2025,2,Saturday,0,6,3,9.3932
2025,2,Saturday,0,8,2,0.2898
2025,2,Saturday,0,2,6,6.1245
2025,2,Saturday,0,0,4,1.0795
2025,2,Saturday,0,4,6,17.4587
2025,2,Saturday,0,1,0,5.4625
2025,2,Saturday,0,2,3,8.4658
2025,2,Saturday,0,7,6,0.25
2025,2,Saturday,12,2,0,13.9108
2025,2,Saturday,12,5,6,19.9975
2025,2,Saturday,12,3,2,64.1602
2025,2,Saturday,12,7,3,23.465
2025,2,Saturday,12,7,2,14.0327
2025,2,Saturday,12,6,3,81.6625
2025,2,Saturday,12,8,6,13.4433
2025,2,Saturday,12,4,0,14.6758
2025,2,Saturday,12,1,4,95.998
2025,2,Saturday,12,8,4,24.1935
2025,2,Saturday,12,7,6,3.5452
2025,2,Saturday,12,5,3,50.2975
2025,2,Saturday,12,3,7,19.4262
2025,2,Saturday,12,6,7,7
2025,2,Saturday,12,0,6,9.185
2025,2,Saturday,12,8,7,0.3173
2025,2,Saturday,12,1,2,52.54
2025,2,Saturday,12,0,5,6.554
2025,2,Saturday,12,6,2,33.0282
2025,2,Saturday,12,7,1,15.3337
2025,2,Saturday,12,2,3,55.7173
2025,2,Saturday,12,6,1,47.4178
2025,2,Saturday,12,1,3,127.7215
2025,2,Saturday,12,3,0,15.74
2025,2,Saturday,12,3,1,129.9255
2025,2,Saturday,12,6,4,82.3928
2025,2,Saturday,12,1,5,20.3565
2025,2,Saturday,12,8,2,5.6105
2025,2,Saturday,12,5,2,19.6648
2025,2,Saturday,12,5,8,4.4645
2025,2,Saturday,12,5,0,2.0463
2025,2,Saturday,12,5,1,23.5938
2025,2,Saturday,12,2,7,6.351
2025,2,Saturday,12,3,4,226.7815
2025,2,Saturday,12,1,8,8.538
2025,2,Saturday,12,1,7,10.5957
2025,2,Saturday,12,0,8,0.6702
2025,2,Saturday,12,4,2,55.022
2025,2,Saturday,12,0,1,47.4318
2025,2,Saturday,12,0,4,32.5995
2025,2,Saturday,12,3,5,63.6892
2025,2,Saturday,12,1,0,40.4205
2025,2,Saturday,12,2,8,7.5395
2025,2,Saturday,12,3,6,95.1248
2025,2,Saturday,12,4,7,18.1063
2025,2,Saturday,12,2,6,27.2903
2025,2,Saturday,12,0,2,16.21
2025,2,Saturday,12,7,0,1.5138
2025,2,Saturday,12,2,5,15.146
2025,2,Saturday,12,4,3,134.0498
2025,2,Saturday,12,0,3,26.1235
2025,2,Saturday,12,4,8,12.4393
2025,2,Saturday,12,2,1,43.8735
2025,2,Saturday,12,6,5,32.002
2025,2,Saturday,12,8,0,1.2898
2025,2,Saturday,12,2,4,55.2873
2025,2,Saturday,12,6,8,7.4585
2025,2,Saturday,12,8,1,14.8198
2025,2,Saturday,12,7,5,1.8323
2025,2,Saturday,12,8,5,12.6635
2025,2,Saturday,12,0,7,2.0762
2025,2,Saturday,12,8,3,23.585
2025,2,Saturday,12,4,5,35.2093
2025,2,Saturday,12,7,4,38.2183
2025,2,Saturday,12,5,4,50.919
2025,2,Saturday,12,4,1,80.621
2025,2,Saturday,12,4,6,63.7692
2025,2,Saturday,12,1,6,34.544
2025,2,Saturday,12,5,7,3.615
2025,2,Saturday,12,3,8,34.104
2025,2,Saturday,12,6,0,6.381
2025,2,Sunday,1,5,2,1.127
2025,2,Sunday,1,0,4,0.682
2025,2,Sunday,1,5,3,2.5442
2025,2,Sunday,1,5,4,2.5707
2025,2,Sunday,1,6,8,0.6382
2025,2,Sunday,1,5,1,0.866
2025,2,Sunday,1,7,3,0.3282
2025,2,Sunday,1,2,4,3.031
2025,2,Sunday,1,2,1,1.409
2025,2,Sunday,1,0,1,1.0933
2025,2,Sunday,1,5,0,0.5717
2025,2,Sunday,1,8,3,0.591
2025,2,Sunday,1,0,3,1.4783
2025,2,Sunday,1,8,2,0.643
2025,2,Sunday,1,3,1,6.87
2025,2,Sunday,1,5,6,0.5947
2025,2,Sunday,1,2,0,1.4715
2025,2,Sunday,1,6,4,1.8615
2025,2,Sunday,1,2,8,1.8133
2025,2,Sunday,1,1,6,1.2637
2025,2,Sunday,1,6,3,2.563
2025,2,Sunday,1,4,5,1.7828
2025,2,Sunday,1,3,5,0.9475
2025,2,Sunday,1,8,1,0.2955
2025,2,Sunday,1,7,2,0.55
2025,2,Sunday,1,1,4,1.791
2025,2,Sunday,1,7,1,1.1555
2025,2,Sunday,1,1,2,0.597
2025,2,Sunday,1,8,4,0.3215
2025,2,Sunday,1,4,8,1.177
2025,2,Sunday,1,3,4,7.511
2025,2,Sunday,1,1,7,0.3147
2025,2,Sunday,1,1,5,0.3147
2025,2,Sunday,1,8,5,0.3125
2025,2,Sunday,1,4,7,2.1358
2025,2,Sunday,1,4,2,6.0067
2025,2,Sunday,1,6,1,1.4565
2025,2,Sunday,1,2,3,3.4948
2025,2,Sunday,1,3,2,2.1303
2025,2,Sunday,1,6,5,1.2508
2025,2,Sunday,1,6,2,1.0117
2025,2,Sunday,1,4,1,9.2065
2025,2,Sunday,1,3,0,3.7842
2025,2,Sunday,1,7,6,0.3282
2025,2,Sunday,1,1,0,0.6143
2025,2,Sunday,1,2,7,1.1088
2025,2,Sunday,1,6,0,1.263
2025,2,Sunday,1,7,4,0.275
2025,2,Sunday,1,3,6,5.7117000000000004
2025,2,Sunday,1,3,8,1.533
2025,2,Sunday,1,0,8,0.3425
2025,2,Sunday,1,4,3,11.3768
2025,2,Sunday,1,1,3,2.1803
2025,2,Sunday,1,4,6,7.366
2025,2,Sunday,1,4,0,4.1138
2025,2,Sunday,1,3,7,2.1658
2025,2,Sunday,1,2,6,0.6183
2025,2,Sunday,13,6,2,24.5995
2025,2,Sunday,13,1,3,107.374
2025,2,Sunday,13,3,8,17.8422
2025,2,Sunday,13,7,1,8.697
2025,2,Sunday,13,2,8,3.2207
2025,2,Sunday,13,8,2,7.639
2025,2,Sunday,13,0,6,12.018
2025,2,Sunday,13,2,0,10.4902
2025,2,Sunday,13,3,1,93.969
2025,2,Sunday,13,0,1,36.3835
2025,2,Sunday,13,8,3,21.4485
2025,2,Sunday,13,4,7,19.7333
2025,2,Sunday,13,0,4,22.4567
2025,2,Sunday,13,1,4,77.7523
2025,2,Sunday,13,0,7,2.0375
2025,2,Sunday,13,4,1,84.0195
2025,2,Sunday,13,8,6,11.4215
2025,2,Sunday,13,6,7,6.788
2025,2,Sunday,13,0,5,4.7825
2025,2,Sunday,13,5,7,5.17
2025,2,Sunday,13,1,6,30.8473
2025,2,Sunday,13,2,4,45.6572
2025,2,Sunday,13,2,1,36.2518
2025,2,Sunday,13,1,8,14.3685
2025,2,Sunday,13,7,4,24.8932
2025,2,Sunday,13,4,8,7.749
2025,2,Sunday,13,6,1,36.8105
2025,2,Sunday,13,5,8,4.523
2025,2,Sunday,13,7,8,0.3845
2025,2,Sunday,13,5,0,2.4345
2025,2,Sunday,13,6,8,6.052
2025,2,Sunday,13,3,7,19.0795
2025,2,Sunday,13,5,3,40.5457
2025,2,Sunday,13,5,6,14.3003
2025,2,Sunday,13,3,4,142.0445
2025,2,Sunday,13,4,6,57.5348
2025,2,Sunday,13,6,0,4.4925
2025,2,Sunday,13,2,3,49.2242
2025,2,Sunday,13,2,7,5.671
2025,2,Sunday,13,8,4,11.7027
2025,2,Sunday,13,1,5,12.935
2025,2,Sunday,13,4,5,26.5298
2025,2,Sunday,13,4,0,10.8167
2025,2,Sunday,13,5,4,36.2307
2025,2,Sunday,13,7,3,27.0445
2025,2,Sunday,13,2,6,15.4977
2025,2,Sunday,13,7,2,12.9963
2025,2,Sunday,13,6,4,52.7103
2025,2,Sunday,13,7,5,1.2618
2025,2,Sunday,13,6,5,17.968
2025,2,Sunday,13,4,3,116.9882
2025,2,Sunday,13,3,2,55.328
2025,2,Sunday,13,3,5,35.398
2025,2,Sunday,13,7,6,4.2542
2025,2,Sunday,13,8,5,5.4703
2025,2,Sunday,13,0,3,28.9652
2025,2,Sunday,13,0,8,1.737
2025,2,Sunday,13,1,0,23.6137
2025,2,Sunday,13,8,0,2.2467
2025,2,Sunday,13,5,2,18.448
2025,2,Sunday,13,4,2,48.4593
2025,2,Sunday,13,0,2,14.0915
2025,2,Sunday,13,3,0,14.0458
2025,2,Sunday,13,7,0,0.3153
2025,2,Sunday,13,5,1,14.1388
2025,2,Sunday,13,6,3,65.1957
2025,2,Sunday,13,8,1,10.5733
2025,2,Sunday,13,2,5,6.2655
2025,2,Sunday,13,1,2,38.208
2025,2,Sunday,13,3,6,86.0385
2025,2,Sunday,13,1,7,11.5802
2025,2,Sunday,2,1,4,0.5505
2025,2,Sunday,2,0,3,0.361
2025,2,Sunday,2,4,0,4.5835
2025,2,Sunday,2,1,8,0.2727
2025,2,Sunday,2,5,1,1.647
2025,2,Sunday,2,1,2,0.3167
2025,2,Sunday,2,8,3,1.881
2025,2,Sunday,2,2,5,0.264
2025,2,Sunday,2,1,3,0.2693
2025,2,Sunday,2,2,8,0.25
2025,2,Sunday,2,0,5,0.361
2025,2,Sunday,2,3,6,4.0527
2025,2,Sunday,2,4,5,0.5525
2025,2,Sunday,2,4,8,0.307
2025,2,Sunday,2,2,3,0.2777
2025,2,Sunday,2,3,4,1.5395
2025,2,Sunday,2,4,6,3.5645
2025,2,Sunday,2,4,7,0.935
2025,2,Sunday,2,3,0,0.8927
2025,2,Sunday,2,5,2,0.2833
2025,2,Sunday,2,4,2,4.0165
2025,2,Sunday,2,3,5,0.2918
2025,2,Sunday,2,6,0,0.6668
2025,2,Sunday,2,7,0,0.25
2025,2,Sunday,2,4,1,5.088
2025,2,Sunday,2,4,3,3.412
2025,2,Sunday,2,0,1,1.0493
2025,2,Sunday,2,6,1,0.7335
2025,2,Sunday,2,3,1,3.4785
2025,2,Sunday,2,6,3,2.7305
2025,2,Sunday,2,5,6,0.2955
2025,2,Sunday,2,3,8,0.6132
2025,2,Sunday,2,6,4,1.4
2025,2,Sunday,2,6,5,0.8945
2025,2,Sunday,2,0,2,0.2955
2025,2,Sunday,2,2,4,0.31
2025,2,Sunday,2,6,8,0.35
2025,2,Sunday,2,5,4,1.2493
2025,2,Sunday,2,2,0,1.12
2025,2,Sunday,2,5,3,0.6138
2025,2,Sunday,2,1,0,0.5217
2025,2,Sunday,2,3,2,0.297
2025,2,Sunday,2,1,6,0.2693
2025,2,Sunday,2,2,1,0.8812
2025,2,Sunday,2,7,4,0.25
2025,2,Sunday,14,4,6,53.0163
2025,2,Sunday,14,7,2,7.7325
2025,2,Sunday,14,8,1,14.3565
2025,2,Sunday,14,2,4,49.3968
2025,2,Sunday,14,7,4,21.601
2025,2,Sunday,14,0,5,6.1195
2025,2,Sunday,14,3,8,17.095
2025,2,Sunday,14,1,0,16.8722
2025,2,Sunday,14,4,2,53.1863
2025,2,Sunday,14,6,1,33.6342
2025,2,Sunday,14,2,7,6.1015
2025,2,Sunday,14,2,1,43.1298
2025,2,Sunday,14,5,6,11.752
2025,2,Sunday,14,0,6,9.7368
2025,2,Sunday,14,5,1,17.6167
2025,2,Sunday,14,8,3,24.1375
2025,2,Sunday,14,6,8,4.2522
2025,2,Sunday,14,4,1,87.076
2025,2,Sunday,14,0,3,16.9078
2025,2,Sunday,14,0,4,25.698
2025,2,Sunday,14,8,5,5.0445
2025,2,Sunday,14,3,7,24.8488
2025,2,Sunday,14,6,3,78.9205
2025,2,Sunday,14,6,4,63.4905
2025,2,Sunday,14,8,0,3.0378
2025,2,Sunday,14,0,7,1.6763
2025,2,Sunday,14,5,2,10.525
2025,2,Sunday,14,5,7,4.2557
2025,2,Sunday,14,3,0,15.286
2025,2,Sunday,14,3,1,79.4563
2025,2,Sunday,14,4,5,20.0048
2025,2,Sunday,14,2,0,9.844
2025,2,Sunday,14,5,0,3.669
2025,2,Sunday,14,4,3,128.0353
2025,2,Sunday,14,0,1,30.8837
2025,2,Sunday,14,8,4,14.509
2025,2,Sunday,14,2,8,7.3803
2025,2,Sunday,14,7,0,1.5235
2025,2,Sunday,14,5,4,28.8773
2025,2,Sunday,14,1,5,15.8115
2025,2,Sunday,14,7,5,2.5945
2025,2,Sunday,14,7,3,23.139
2025,2,Sunday,14,2,5,11.5467
2025,2,Sunday,14,1,3,95.0327
2025,2,Sunday,14,1,8,8.9567
2025,2,Sunday,14,6,2,19.9822
2025,2,Sunday,14,4,0,11.8388
2025,2,Sunday,14,5,8,3.0113
2025,2,Sunday,14,6,7,7.5252
2025,2,Sunday,14,5,3,44.1873
2025,2,Sunday,14,6,5,17.8542
2025,2,Sunday,14,1,7,11.4185
2025,2,Sunday,14,4,7,16.655
2025,2,Sunday,14,1,4,67.8048
2025,2,Sunday,14,1,6,39.556
2025,2,Sunday,14,2,3,46.6133
2025,2,Sunday,14,4,8,14.893
2025,2,Sunday,14,7,1,9.5887
2025,2,Sunday,14,3,2,51.7735
2025,2,Sunday,14,3,6,76.17
2025,2,Sunday,14,6,0,8.4553
2025,2,Sunday,14,0,2,12.1533
2025,2,Sunday,14,3,4,137.0838
2025,2,Sunday,14,2,6,20.909
2025,2,Sunday,14,8,6,9.1185
2025,2,Sunday,14,1,2,50.2935
2025,2,Sunday,14,8,7,0.289
2025,2,Sunday,14,0,8,1.0093
2025,2,Sunday,14,3,5,29.0755
2025,2,Sunday,14,7,6,3.685
2025,2,Sunday,14,8,2,6.5445
2025,2,Sunday,3,0,6,0.684
2025,2,Sunday,3,0,1,0.342
2025,2,Sunday,3,7,3,0.8723
2025,2,Sunday,3,7,2,0.2955
2025,2,Sunday,3,8,5,0.2777
2025,2,Sunday,3,4,0,1.2898
2025,2,Sunday,3,4,5,0.2657
2025,2,Sunday,3,0,4,0.3625
2025,2,Sunday,3,2,8,0.611
2025,2,Sunday,3,4,3,4.609
2025,2,Sunday,3,5,3,0.5938
2025,2,Sunday,3,5,4,0.5
2025,2,Sunday,3,3,5,0.6095
2025,2,Sunday,3,6,4,0.25
2025,2,Sunday,3,4,6,3.0565
2025,2,Sunday,3,0,2,0.7045
2025,2,Sunday,3,4,2,1.773
2025,2,Sunday,3,5,0,0.4582
2025,2,Sunday,3,2,3,0.8125
2025,2,Sunday,3,5,1,1
2025,2,Sunday,3,3,2,0.45
2025,2,Sunday,3,2,6,0.4063
2025,2,Sunday,3,3,4,1.3907
2025,2,Sunday,3,7,4,0.2955
2025,2,Sunday,3,1,0,0.3332
2025,2,Sunday,3,6,5,0.35
2025,2,Sunday,3,6,3,1.9765
2025,2,Sunday,3,4,1,2.6167
2025,2,Sunday,3,4,8,1.01
2025,2,Sunday,3,1,8,0.2813
2025,2,Sunday,3,1,6,0.9165
2025,2,Sunday,3,1,3,0.2813
2025,2,Sunday,3,3,8,0.8863
2025,2,Sunday,3,6,2,0.25
2025,2,Sunday,3,0,3,1.3228
2025,2,Sunday,3,4,7,0.6105
2025,2,Sunday,15,3,5,33.8572
2025,2,Sunday,15,4,2,46.0312
2025,2,Sunday,15,6,5,16.5635
2025,2,Sunday,15,5,4,30.5497
2025,2,Sunday,15,5,3,48.7595
2025,2,Sunday,15,0,6,11.07
2025,2,Sunday,15,8,4,10.0822
2025,2,Sunday,15,0,4,23.0518
2025,2,Sunday,15,5,1,12.8327
2025,2,Sunday,15,0,5,2.7935
2025,2,Sunday,15,2,4,38.938
2025,2,Sunday,15,8,1,10.2717
2025,2,Sunday,15,2,8,4.669
2025,2,Sunday,15,1,7,6.6455
2025,2,Sunday,15,1,4,79.9875
2025,2,Sunday,15,3,1,77.901
2025,2,Sunday,15,6,4,47.8245
2025,2,Sunday,15,7,6,3.7815
2025,2,Sunday,15,7,2,8.7082
2025,2,Sunday,15,4,7,21.2865
2025,2,Sunday,15,8,0,1.8318
2025,2,Sunday,15,2,6,28.1623
2025,2,Sunday,15,2,3,53.8787
2025,2,Sunday,15,2,1,51.1185
2025,2,Sunday,15,2,7,7.622
2025,2,Sunday,15,1,2,35.7
2025,2,Sunday,15,4,0,16.6663
2025,2,Sunday,15,7,1,7.2132
2025,2,Sunday,15,7,3,18.8738
2025,2,Sunday,15,7,4,19.8728
2025,2,Sunday,15,7,5,3.5893
2025,2,Sunday,15,1,0,22.7628
2025,2,Sunday,15,5,2,14.7932
2025,2,Sunday,15,0,7,1.0263
2025,2,Sunday,15,0,8,1.7032
2025,2,Sunday,15,6,8,6.856
2025,2,Sunday,15,8,6,3.695
2025,2,Sunday,15,8,5,10.243
2025,2,Sunday,15,0,1,31.721800000000002
2025,2,Sunday,15,1,5,16.0035
2025,2,Sunday,15,4,1,69.1833
2025,2,Sunday,15,1,8,7.5533
2025,2,Sunday,15,4,8,9.7135
2025,2,Sunday,15,7,0,4.8185
2025,2,Sunday,15,0,3,19.9035
2025,2,Sunday,15,5,0,5.0525
2025,2,Sunday,15,6,7,5.9208
2025,2,Sunday,15,8,2,7.2593
2025,2,Sunday,15,1,3,102.2005
2025,2,Sunday,15,3,0,13.7015
2025,2,Sunday,15,3,2,49.0927
2025,2,Sunday,15,0,2,14.986
2025,2,Sunday,15,2,0,11.2458
2025,2,Sunday,15,3,4,132.5782
2025,2,Sunday,15,3,6,74.9178
2025,2,Sunday,15,4,6,65.8957
2025,2,Sunday,15,1,6,33.9403
2025,2,Sunday,15,6,3,79.9668
2025,2,Sunday,15,7,8,0.5
2025,2,Sunday,15,6,0,10.827
2025,2,Sunday,15,4,3,140.2872
2025,2,Sunday,15,4,5,24.9057
2025,2,Sunday,15,2,5,6.4413
2025,2,Sunday,15,5,8,2.4252
2025,2,Sunday,15,5,7,2.0602
2025,2,Sunday,15,6,1,24.1222
2025,2,Sunday,15,3,8,19.4985
2025,2,Sunday,15,8,3,24.7555
2025,2,Sunday,15,6,2,17.95
2025,2,Sunday,15,5,6,10.0602
2025,2,Sunday,15,3,7,24.034300000000002
2025,2,Sunday,4,2,1,0.409
2025,2,Sunday,4,1,0,0.5795
2025,2,Sunday,4,4,3,1.2052
2025,2,Sunday,4,5,3,1.498
2025,2,Sunday,4,5,6,0.3332
2025,2,Sunday,4,4,1,2.1508
2025,2,Sunday,4,0,2,0.342
2025,2,Sunday,4,6,1,2.316
2025,2,Sunday,4,0,8,0.327
2025,2,Sunday,4,7,4,0.3125
2025,2,Sunday,4,8,4,0.2813
2025,2,Sunday,4,1,3,0.375
2025,2,Sunday,4,4,6,0.6107
2025,2,Sunday,4,2,6,0.8332
2025,2,Sunday,4,1,6,0.9875
2025,2,Sunday,4,3,0,0.8018
2025,2,Sunday,4,2,7,0.875
2025,2,Sunday,4,0,3,2.2802
2025,2,Sunday,4,3,4,0.4333
2025,2,Sunday,4,4,0,1.5053
2025,2,Sunday,4,6,4,0.35
2025,2,Sunday,4,5,0,0.9063
2025,2,Sunday,4,0,6,0.342
2025,2,Sunday,4,3,5,0.297
2025,2,Sunday,4,0,1,1.945
2025,2,Sunday,4,2,3,0.3
2025,2,Sunday,4,8,1,1.525
2025,2,Sunday,4,2,5,0.2813
2025,2,Sunday,4,8,3,1.45
2025,2,Sunday,4,8,6,0.6668
2025,2,Sunday,4,2,4,1.4582
2025,2,Sunday,4,6,3,3.2643
2025,2,Sunday,4,6,5,0.6665
2025,2,Sunday,4,6,2,0.8375
2025,2,Sunday,4,1,2,0.3125
2025,2,Sunday,4,0,5,0.3162
2025,2,Sunday,4,1,8,0.275
2025,2,Sunday,4,2,0,1.1183
2025,2,Sunday,4,4,2,1.202
2025,2,Sunday,4,4,5,0.3167
2025,2,Sunday,16,6,1,24.2743
2025,2,Sunday,16,7,3,24.296
2025,2,Sunday,16,8,0,2.1708
2025,2,Sunday,16,2,8,9.5537
2025,2,Sunday,16,4,3,134.4483
2025,2,Sunday,16,0,6,7.9313
2025,2,Sunday,16,1,8,7.521
2025,2,Sunday,16,2,3,53.9422
2025,2,Sunday,16,6,3,84.0557
2025,2,Sunday,16,7,2,8.7008
2025,2,Sunday,16,1,6,40.516
2025,2,Sunday,16,1,3,104.7085
2025,2,Sunday,16,6,5,12.9108
2025,2,Sunday,16,8,1,3.4212
2025,2,Sunday,16,5,6,14.3017
2025,2,Sunday,16,5,4,33.0247
2025,2,Sunday,16,4,2,37.5903
2025,2,Sunday,16,6,2,20.0308
2025,2,Sunday,16,1,7,6.6925
2025,2,Sunday,16,2,5,10.4737
2025,2,Sunday,16,0,2,12.647
2025,2,Sunday,16,3,6,85.8683
2025,2,Sunday,16,1,2,33.9355
2025,2,Sunday,16,4,5,24.4808
2025,2,Sunday,16,3,8,16.5313
2025,2,Sunday,16,5,2,11.952
2025,2,Sunday,16,6,4,60.0683
2025,2,Sunday,16,7,1,8.7337
2025,2,Sunday,16,1,4,86.292
2025,2,Sunday,16,3,7,20.496
2025,2,Sunday,16,2,4,44.508
2025,2,Sunday,16,3,4,143.9128
2025,2,Sunday,16,5,3,36.733
2025,2,Sunday,16,0,3,15.1575
2025,2,Sunday,16,5,8,3.2627
2025,2,Sunday,16,4,8,10.2555
2025,2,Sunday,16,0,7,0.6808
2025,2,Sunday,16,8,3,23.5695
2025,2,Sunday,16,5,7,2.338
2025,2,Sunday,16,5,1,9.7895
2025,2,Sunday,16,3,1,79.3942
2025,2,Sunday,16,4,7,20.312
2025,2,Sunday,16,0,4,17.2242
2025,2,Sunday,16,0,1,30.5253
2025,2,Sunday,16,4,0,21.6543
2025,2,Sunday,16,2,1,35.8123
2025,2,Sunday,16,8,6,4.6115
2025,2,Sunday,16,3,5,32.2398
2025,2,Sunday,16,7,5,2.203
2025,2,Sunday,16,8,7,0.293
2025,2,Sunday,16,5,0,7.2963
2025,2,Sunday,16,7,4,22.9473
2025,2,Sunday,16,7,6,2.1808
2025,2,Sunday,16,4,6,64.532
2025,2,Sunday,16,2,7,9.2557
2025,2,Sunday,16,3,0,17.0088
2025,2,Sunday,16,6,7,7.456
2025,2,Sunday,16,2,0,12.3233
2025,2,Sunday,16,3,2,47.514
2025,2,Sunday,16,8,4,11.9765
2025,2,Sunday,16,1,5,13.051
2025,2,Sunday,16,0,5,3.0472
2025,2,Sunday,16,0,8,2.063
2025,2,Sunday,16,1,0,26.2702
2025,2,Sunday,16,6,8,2.1537
2025,2,Sunday,16,6,0,9.125
2025,2,Sunday,16,7,0,1.2598
2025,2,Sunday,16,8,5,6.745
2025,2,Sunday,16,4,1,67.4362
2025,2,Sunday,16,8,2,3.3625
2025,2,Sunday,16,2,6,24.12
2025,2,Sunday,5,6,0,0.9667
2025,2,Sunday,5,1,6,0.2875
2025,2,Sunday,5,8,3,1.5832
2025,2,Sunday,5,3,5,1.8315
2025,2,Sunday,5,6,3,5.639
2025,2,Sunday,5,4,6,0.687
2025,2,Sunday,5,1,8,0.8302
2025,2,Sunday,5,0,2,3.2685
2025,2,Sunday,5,3,1,1.793
2025,2,Sunday,5,0,8,0.6817
2025,2,Sunday,5,2,6,0.5667
2025,2,Sunday,5,4,3,9.615
2025,2,Sunday,5,3,7,0.9825
2025,2,Sunday,5,2,4,1.246
2025,2,Sunday,5,6,2,0.25
2025,2,Sunday,5,2,8,0.3332
2025,2,Sunday,5,2,0,2.3597
2025,2,Sunday,5,6,4,0.25
2025,2,Sunday,5,1,0,1.4187
2025,2,Sunday,5,8,2,0.375
2025,2,Sunday,5,5,6,0.35
2025,2,Sunday,5,1,4,0.8075
2025,2,Sunday,5,8,5,0.846
2025,2,Sunday,5,3,2,3.5355
2025,2,Sunday,5,5,3,1.9905
2025,2,Sunday,5,3,8,1.048
2025,2,Sunday,5,6,1,0.31
2025,2,Sunday,5,5,1,0.911
2025,2,Sunday,5,7,3,0.619
2025,2,Sunday,5,8,0,0.5695
2025,2,Sunday,5,5,4,0.55
2025,2,Sunday,5,8,4,0.672
2025,2,Sunday,5,0,5,1.0017
2025,2,Sunday,5,5,2,0.2648
2025,2,Sunday,5,1,3,2.5132
2025,2,Sunday,5,5,8,0.661
2025,2,Sunday,5,1,7,0.5362
2025,2,Sunday,5,2,3,1.6867
2025,2,Sunday,5,0,6,2.3557
2025,2,Sunday,5,4,0,7.4038
2025,2,Sunday,5,3,0,1.0222
2025,2,Sunday,5,6,5,0.9935
2025,2,Sunday,5,0,4,3.2447
2025,2,Sunday,5,3,4,3.1135
2025,2,Sunday,5,4,2,2.2815
2025,2,Sunday,5,0,1,1.3055
2025,2,Sunday,5,4,7,0.6332
2025,2,Sunday,5,3,6,3.8672
2025,2,Sunday,5,4,5,1.3598
2025,2,Sunday,5,0,3,2.621
2025,2,Sunday,5,1,2,1.14
2025,2,Sunday,5,7,4,0.5983
2025,2,Sunday,5,8,1,0.6945
2025,2,Sunday,5,2,1,1.7452
2025,2,Sunday,5,4,1,1.7087
2025,2,Sunday,5,5,0,0.6832
2025,2,Sunday,5,7,1,0.5983
2025,2,Sunday,17,6,8,4.1685
2025,2,Sunday,17,4,1,67.2313
2025,2,Sunday,17,1,4,87.1227
2025,2,Sunday,17,1,8,12.2372
2025,2,Sunday,17,0,4,11.9637
2025,2,Sunday,17,4,7,22.8082
2025,2,Sunday,17,8,3,23.1575
2025,2,Sunday,17,2,1,31.357
2025,2,Sunday,17,0,3,16.7718
2025,2,Sunday,17,0,8,1.746
2025,2,Sunday,17,2,5,9.0505
2025,2,Sunday,17,7,0,1.3065
2025,2,Sunday,17,3,1,69.7445
2025,2,Sunday,17,0,5,3.9058
2025,2,Sunday,17,1,3,100.9562
2025,2,Sunday,17,6,1,21.6035
2025,2,Sunday,17,0,1,20.886
2025,2,Sunday,17,6,4,56.0028
2025,2,Sunday,17,1,6,53.6795
2025,2,Sunday,17,3,5,31.3272
2025,2,Sunday,17,2,7,9.5608
2025,2,Sunday,17,8,5,7.1108
2025,2,Sunday,17,6,5,12.5095
2025,2,Sunday,17,1,2,34.9163
2025,2,Sunday,17,4,3,132.6988
2025,2,Sunday,17,2,6,33.7177
2025,2,Sunday,17,2,8,8.1353
2025,2,Sunday,17,5,7,1.8665
2025,2,Sunday,17,5,1,14.3365
2025,2,Sunday,17,7,6,5.4923
2025,2,Sunday,17,4,5,15.1308
2025,2,Sunday,17,8,4,8.5988
2025,2,Sunday,17,4,6,63.1038
2025,2,Sunday,17,7,1,9.862
2025,2,Sunday,17,8,2,6.46
2025,2,Sunday,17,4,0,17.9272
2025,2,Sunday,17,2,0,11.7345
2025,2,Sunday,17,8,6,4.0508
2025,2,Sunday,17,3,0,16.026
2025,2,Sunday,17,4,2,39.794
2025,2,Sunday,17,5,3,46.9165
2025,2,Sunday,17,7,5,6.001
2025,2,Sunday,17,6,3,68.411
2025,2,Sunday,17,7,2,12.6453
2025,2,Sunday,17,6,7,6.7013
2025,2,Sunday,17,1,7,13.8715
2025,2,Sunday,17,4,8,7.0635
2025,2,Sunday,17,7,4,32.238
2025,2,Sunday,17,0,7,2.4708
2025,2,Sunday,17,6,2,20.4607
2025,2,Sunday,17,5,0,6.2938
2025,2,Sunday,17,1,0,28.8652
2025,2,Sunday,17,3,7,19.2842
2025,2,Sunday,17,7,3,22.1777
2025,2,Sunday,17,3,6,94.9197
2025,2,Sunday,17,3,4,143.359
2025,2,Sunday,17,5,2,10.717
2025,2,Sunday,17,0,6,7.9523
2025,2,Sunday,17,5,8,4.3147
2025,2,Sunday,17,1,5,22.842
2025,2,Sunday,17,5,6,19.3882
2025,2,Sunday,17,3,8,18.5148
2025,2,Sunday,17,5,4,27.202
2025,2,Sunday,17,2,3,54.5017
2025,2,Sunday,17,0,2,10.058
2025,2,Sunday,17,3,2,46.2247
2025,2,Sunday,17,6,0,6.6433
2025,2,Sunday,17,8,1,4.3843
2025,2,Sunday,17,2,4,45.4622
2025,2,Sunday,17,8,0,2.1185
2025,2,Sunday,6,6,4,1.0075
2025,2,Sunday,6,2,4,2.7328
2025,2,Sunday,6,4,1,5.1392
2025,2,Sunday,6,3,4,12.9935
2025,2,Sunday,6,0,6,1.926
2025,2,Sunday,6,3,1,7.336
2025,2,Sunday,6,8,4,1.789
2025,2,Sunday,6,0,5,2.2607
2025,2,Sunday,6,3,0,4.6753
2025,2,Sunday,6,2,7,1.3997
2025,2,Sunday,6,7,3,0.5832
2025,2,Sunday,6,4,3,10.7567
2025,2,Sunday,6,5,3,7.9877
2025,2,Sunday,6,4,2,1.7778
2025,2,Sunday,6,5,6,0.8573
2025,2,Sunday,6,8,1,3.2047
2025,2,Sunday,6,6,1,3.6557
2025,2,Sunday,6,6,3,8.8695
2025,2,Sunday,6,0,1,7.7312
2025,2,Sunday,6,5,2,0.5277
2025,2,Sunday,6,0,8,1.2708
2025,2,Sunday,6,3,2,10.4623
2025,2,Sunday,6,3,5,7.3678
2025,2,Sunday,6,3,8,8.3058
2025,2,Sunday,6,6,2,2.6405
2025,2,Sunday,6,8,6,0.2763
2025,2,Sunday,6,2,6,0.575
2025,2,Sunday,6,0,4,7.7933
2025,2,Sunday,6,2,1,4.0105
2025,2,Sunday,6,6,0,2.6992
2025,2,Sunday,6,1,5,3.812
2025,2,Sunday,6,0,3,12.3087
2025,2,Sunday,6,7,2,1.6295
2025,2,Sunday,6,6,7,1.0723
2025,2,Sunday,6,8,2,1.5443
2025,2,Sunday,6,2,3,7.727
2025,2,Sunday,6,5,7,0.25
2025,2,Sunday,6,5,4,2.4983
2025,2,Sunday,6,7,1,1.3375
2025,2,Sunday,6,4,5,1.8025
2025,2,Sunday,6,3,6,7.1308
2025,2,Sunday,6,2,5,1.6882
2025,2,Sunday,6,1,2,1.8185
2025,2,Sunday,6,3,7,0.6285
2025,2,Sunday,6,1,6,1.812
2025,2,Sunday,6,5,1,0.8492
2025,2,Sunday,6,1,0,5.3993
2025,2,Sunday,6,1,3,5.6362
2025,2,Sunday,6,8,3,3.2318
2025,2,Sunday,6,0,2,9.6575
2025,2,Sunday,6,7,4,0.8002
2025,2,Sunday,6,4,7,0.3067
2025,2,Sunday,6,2,0,3.09
2025,2,Sunday,6,6,5,3.2823
2025,2,Sunday,6,1,4,1.2627
2025,2,Sunday,6,4,8,1.2345
2025,2,Sunday,6,4,0,4.381
2025,2,Sunday,6,4,6,1.3092
2025,2,Sunday,6,1,7,0.3293
2025,2,Sunday,6,5,0,0.5715
2025,2,Sunday,6,2,8,1.4385
2025,2,Sunday,18,0,5,3.4655
2025,2,Sunday,18,6,0,7.454
2025,2,Sunday,18,4,8,7.9883
2025,2,Sunday,18,7,4,28.815
2025,2,Sunday,18,5,8,0.9005
2025,2,Sunday,18,3,0,20.5692
2025,2,Sunday,18,8,6,4.7642
2025,2,Sunday,18,8,1,6.6782
2025,2,Sunday,18,6,2,15.798
2025,2,Sunday,18,2,5,6.7648
2025,2,Sunday,18,8,4,9.5943
2025,2,Sunday,18,2,3,42.3158
2025,2,Sunday,18,5,0,3.9782
2025,2,Sunday,18,7,0,0.9488
2025,2,Sunday,18,0,4,12.2583
2025,2,Sunday,18,8,5,2.12
2025,2,Sunday,18,0,3,9.9632
2025,2,Sunday,18,8,2,3.995
2025,2,Sunday,18,1,8,6.1255
2025,2,Sunday,18,6,1,21.0485
2025,2,Sunday,18,4,2,25.3133
2025,2,Sunday,18,7,1,4.0785
2025,2,Sunday,18,6,5,10.57
2025,2,Sunday,18,4,6,63.7683
2025,2,Sunday,18,2,7,8.5435
2025,2,Sunday,18,3,2,30.3575
2025,2,Sunday,18,6,3,65.4502
2025,2,Sunday,18,1,4,38.4152
2025,2,Sunday,18,1,7,10.1155
2025,2,Sunday,18,5,4,21.2915
2025,2,Sunday,18,8,0,2.3525
2025,2,Sunday,18,4,1,47.8447
2025,2,Sunday,18,7,5,0.3128
2025,2,Sunday,18,0,8,3.0468
2025,2,Sunday,18,7,2,4.126
2025,2,Sunday,18,1,5,11.7323
2025,2,Sunday,18,5,7,2.6897
2025,2,Sunday,18,4,3,111.1078
2025,2,Sunday,18,5,3,38.7677
2025,2,Sunday,18,4,5,17.2613
2025,2,Sunday,18,0,2,7.2045
2025,2,Sunday,18,3,6,69.9483
2025,2,Sunday,18,1,0,22.8345
2025,2,Sunday,18,6,4,44.8965
2025,2,Sunday,18,3,1,62.7378
2025,2,Sunday,18,6,8,4.2625
2025,2,Sunday,18,2,1,26.5613
2025,2,Sunday,18,0,6,2.7915
2025,2,Sunday,18,4,0,23.263
2025,2,Sunday,18,2,8,4.1223
2025,2,Sunday,18,3,5,27.0198
2025,2,Sunday,18,0,7,0.3487
2025,2,Sunday,18,0,1,26.7415
2025,2,Sunday,18,5,2,7.4465
2025,2,Sunday,18,3,8,11.3285
2025,2,Sunday,18,5,6,12.099
2025,2,Sunday,18,2,6,24.5375
2025,2,Sunday,18,1,2,24.657
2025,2,Sunday,18,3,7,28.6885
2025,2,Sunday,18,6,7,4.3317
2025,2,Sunday,18,5,1,9.081
2025,2,Sunday,18,1,6,27.5995
2025,2,Sunday,18,3,4,120.8375
2025,2,Sunday,18,7,3,16.1255
2025,2,Sunday,18,2,4,32.4317
2025,2,Sunday,18,2,0,17.1493
2025,2,Sunday,18,1,3,57.51
2025,2,Sunday,18,7,6,2.2355
2025,2,Sunday,18,4,7,14.7068
2025,2,Sunday,18,8,3,15.5195
2025,2,Sunday,7,3,0,7.2092
2025,2,Sunday,7,1,0,5.2212
2025,2,Sunday,7,1,5,2.037
2025,2,Sunday,7,7,0,0.2948
2025,2,Sunday,7,0,7,1.406
2025,2,Sunday,7,5,3,9.4135
2025,2,Sunday,7,7,3,3.8998
2025,2,Sunday,7,2,0,2.0832
2025,2,Sunday,7,6,0,4.2293
2025,2,Sunday,7,5,8,1.2553
2025,2,Sunday,7,3,8,5.5463
2025,2,Sunday,7,8,6,0.587
2025,2,Sunday,7,1,7,0.8927
2025,2,Sunday,7,0,4,12.0068
2025,2,Sunday,7,0,8,1.0575
2025,2,Sunday,7,4,1,4.2675
2025,2,Sunday,7,8,5,0.3018
2025,2,Sunday,7,6,1,10.257
2025,2,Sunday,7,7,2,2.7953
2025,2,Sunday,7,4,8,0.9437
2025,2,Sunday,7,5,1,3.1062
2025,2,Sunday,7,1,4,3.2033
2025,2,Sunday,7,0,6,5.677
2025,2,Sunday,7,3,7,4.293
2025,2,Sunday,7,6,3,17.727
2025,2,Sunday,7,1,3,10.9182
2025,2,Sunday,7,5,2,2.6792
2025,2,Sunday,7,3,5,14.3065
2025,2,Sunday,7,4,3,13.9245
2025,2,Sunday,7,6,2,10.1218
2025,2,Sunday,7,6,8,0.2833
2025,2,Sunday,7,2,8,3.7278
2025,2,Sunday,7,8,3,4.7023
2025,2,Sunday,7,3,6,20.456
2025,2,Sunday,7,1,8,3.1443
2025,2,Sunday,7,0,2,9.54
2025,2,Sunday,7,0,5,3.1805
2025,2,Sunday,7,2,7,0.946
2025,2,Sunday,7,4,5,1.6375
2025,2,Sunday,7,7,1,2.5003
2025,2,Sunday,7,0,3,9.173
2025,2,Sunday,7,2,4,3.6682
2025,2,Sunday,7,5,4,3.4715
2025,2,Sunday,7,8,4,1.6838
2025,2,Sunday,7,6,4,5.0305
2025,2,Sunday,7,0,1,14.169
2025,2,Sunday,7,4,2,2.1855
2025,2,Sunday,7,2,6,3.9233
2025,2,Sunday,7,8,1,1.2155
2025,2,Sunday,7,3,1,18.7018
2025,2,Sunday,7,4,6,3.204
2025,2,Sunday,7,5,7,0.6242
2025,2,Sunday,7,4,0,3.7863
2025,2,Sunday,7,2,3,11.095
2025,2,Sunday,7,5,0,0.6082
2025,2,Sunday,7,1,2,4.0675
2025,2,Sunday,7,7,4,1.0387
2025,2,Sunday,7,6,5,1.9168
2025,2,Sunday,7,5,6,2.2743
2025,2,Sunday,7,2,1,3.9473
2025,2,Sunday,7,1,6,3.4667
2025,2,Sunday,7,8,2,4.432
2025,2,Sunday,7,3,2,15.8015
2025,2,Sunday,7,3,4,18.2665
2025,2,Sunday,7,8,0,1.4935
2025,2,Sunday,7,4,7,0.2813
2025,2,Sunday,19,7,1,2.4595
2025,2,Sunday,19,7,3,8.3325
2025,2,Sunday,19,3,1,39.1132
2025,2,Sunday,19,5,3,20.419
2025,2,Sunday,19,5,8,0.6315
2025,2,Sunday,19,3,6,53.2192
2025,2,Sunday,19,7,5,2.786
2025,2,Sunday,19,3,2,24.9482
2025,2,Sunday,19,1,4,21.6595
2025,2,Sunday,19,7,6,1.8707
2025,2,Sunday,19,3,0,11.9297
2025,2,Sunday,19,2,1,25.411
2025,2,Sunday,19,1,2,8.1998
2025,2,Sunday,19,0,3,8.4597
2025,2,Sunday,19,1,6,10.9255
2025,2,Sunday,19,0,2,5.1568
2025,2,Sunday,19,2,5,5.1567
2025,2,Sunday,19,6,7,3.0922
2025,2,Sunday,19,7,0,0.3025
2025,2,Sunday,19,4,2,14.8768
2025,2,Sunday,19,5,4,15.3717
2025,2,Sunday,19,2,6,12.1912
2025,2,Sunday,19,0,7,0.709
2025,2,Sunday,19,2,8,6.0085
2025,2,Sunday,19,4,0,14.3182
2025,2,Sunday,19,3,5,19.3748
2025,2,Sunday,19,3,4,76.0267
2025,2,Sunday,19,4,8,7.6185
2025,2,Sunday,19,6,1,7.9843
2025,2,Sunday,19,8,2,1.734
2025,2,Sunday,19,2,0,18.0072
2025,2,Sunday,19,2,4,22.6437
2025,2,Sunday,19,1,0,10.6873
2025,2,Sunday,19,1,3,32.988
2025,2,Sunday,19,6,4,29.4298
2025,2,Sunday,19,8,4,2.3222
2025,2,Sunday,19,8,3,8.8542
2025,2,Sunday,19,5,6,7.893
2025,2,Sunday,19,5,0,1.7903
2025,2,Sunday,19,6,3,37.2948
2025,2,Sunday,19,3,8,7.657
2025,2,Sunday,19,0,6,2.7917
2025,2,Sunday,19,0,1,16.826
2025,2,Sunday,19,1,5,4.3075
2025,2,Sunday,19,0,4,6.2057
2025,2,Sunday,19,4,3,94.5258
2025,2,Sunday,19,4,5,11.5145
2025,2,Sunday,19,8,0,2.0393
2025,2,Sunday,19,4,6,45.8605
2025,2,Sunday,19,2,7,4.602
2025,2,Sunday,19,5,2,4.2242
2025,2,Sunday,19,2,3,35.646
2025,2,Sunday,19,5,7,2.078
2025,2,Sunday,19,6,2,13.1858
2025,2,Sunday,19,7,4,8.9547
2025,2,Sunday,19,0,8,0.3545
2025,2,Sunday,19,4,7,11.2237
2025,2,Sunday,19,8,1,1.7945
2025,2,Sunday,19,1,8,4.8635
2025,2,Sunday,19,7,2,3.0888
2025,2,Sunday,19,1,7,2.405
2025,2,Sunday,19,6,5,9.6845
2025,2,Sunday,19,6,8,2.6355
2025,2,Sunday,19,5,1,7.2472
2025,2,Sunday,19,6,0,8.183
2025,2,Sunday,19,4,1,41.1685
2025,2,Sunday,19,3,7,12.3625
2025,2,Sunday,19,8,5,0.6003
2025,2,Sunday,19,8,6,3.491
2025,2,Sunday,8,1,5,2.755
2025,2,Sunday,8,0,7,1.0707
2025,2,Sunday,8,3,1,30.013
2025,2,Sunday,8,7,0,0.6163
2025,2,Sunday,8,5,4,7.0798
2025,2,Sunday,8,7,1,3.3595
2025,2,Sunday,8,2,5,3.2492
2025,2,Sunday,8,7,5,0.322
2025,2,Sunday,8,8,6,0.902
2025,2,Sunday,8,5,6,4.1003
2025,2,Sunday,8,3,4,38.1708
2025,2,Sunday,8,6,2,7.7303
2025,2,Sunday,8,2,1,9.5755
2025,2,Sunday,8,0,8,4.644
2025,2,Sunday,8,1,4,16.0463
2025,2,Sunday,8,6,1,13.0707
2025,2,Sunday,8,6,5,4.7753
2025,2,Sunday,8,4,2,6.3133
2025,2,Sunday,8,5,8,1.3137
2025,2,Sunday,8,0,1,21.0063
2025,2,Sunday,8,8,2,4.7567
2025,2,Sunday,8,5,1,7.2348
2025,2,Sunday,8,0,2,7.831
2025,2,Sunday,8,7,6,0.9218
2025,2,Sunday,8,5,7,0.6315
2025,2,Sunday,8,0,3,16.034300000000002
2025,2,Sunday,8,6,7,2.3618
2025,2,Sunday,8,8,5,0.6127
2025,2,Sunday,8,1,0,6.4285
2025,2,Sunday,8,6,3,18.586
2025,2,Sunday,8,6,4,7.4485
2025,2,Sunday,8,1,2,9.3827
2025,2,Sunday,8,5,2,2.446
2025,2,Sunday,8,3,8,17.2485
2025,2,Sunday,8,7,2,4.3368
2025,2,Sunday,8,6,8,1.3568
2025,2,Sunday,8,4,5,3.6183
2025,2,Sunday,8,3,2,19.0353
2025,2,Sunday,8,4,3,27.8907
2025,2,Sunday,8,2,0,4.7013
2025,2,Sunday,8,3,7,8.5895
2025,2,Sunday,8,4,7,3.054
2025,2,Sunday,8,2,4,6.4752
2025,2,Sunday,8,1,3,20.056
2025,2,Sunday,8,1,8,3.947
2025,2,Sunday,8,2,7,3.5498
2025,2,Sunday,8,6,0,4.9957
2025,2,Sunday,8,0,5,4.9835
2025,2,Sunday,8,7,3,5.4915
2025,2,Sunday,8,4,0,2.2163
2025,2,Sunday,8,4,1,12.075
2025,2,Sunday,8,0,4,11.411
2025,2,Sunday,8,3,6,31.6102
2025,2,Sunday,8,2,6,5.5408
2025,2,Sunday,8,4,8,2.4838
2025,2,Sunday,8,8,0,2.4073
2025,2,Sunday,8,3,0,7.474
2025,2,Sunday,8,4,6,5.7012
2025,2,Sunday,8,8,1,6.5758
2025,2,Sunday,8,1,7,0.8995
2025,2,Sunday,8,0,6,7.131
2025,2,Sunday,8,2,3,14.8272
2025,2,Sunday,8,3,5,19.5865
2025,2,Sunday,8,5,3,14.157
2025,2,Sunday,8,8,4,3.5817
2025,2,Sunday,8,5,0,2.5345
2025,2,Sunday,8,7,4,3.4425
2025,2,Sunday,8,8,3,6.836
2025,2,Sunday,8,1,6,8.1295
2025,2,Sunday,8,2,8,2.9785
2025,2,Sunday,20,5,6,7.1772
2025,2,Sunday,20,1,5,2.881
2025,2,Sunday,20,8,4,2.437
2025,2,Sunday,20,8,1,2.0668
2025,2,Sunday,20,1,2,4.6
2025,2,Sunday,20,3,7,9.272
2025,2,Sunday,20,5,3,12.941
2025,2,Sunday,20,7,1,1.806
2025,2,Sunday,20,5,8,0.579
2025,2,Sunday,20,8,0,0.9212
2025,2,Sunday,20,7,2,0.615
2025,2,Sunday,20,2,0,8.9753
2025,2,Sunday,20,4,0,15.4898
2025,2,Sunday,20,5,2,2.736
2025,2,Sunday,20,4,2,13.4167
2025,2,Sunday,20,0,8,1.3633
2025,2,Sunday,20,3,6,39.4825
2025,2,Sunday,20,3,5,12.975
2025,2,Sunday,20,4,5,12.239
2025,2,Sunday,20,6,5,3.4685
2025,2,Sunday,20,1,4,14.4005
2025,2,Sunday,20,1,6,12.401
2025,2,Sunday,20,4,8,4.097
2025,2,Sunday,20,5,1,6.4752
2025,2,Sunday,20,8,5,0.2813
2025,2,Sunday,20,2,6,13.8048
2025,2,Sunday,20,6,0,4.2568
2025,2,Sunday,20,8,6,1.7585
2025,2,Sunday,20,2,3,14.5263
2025,2,Sunday,20,6,8,3.5812
2025,2,Sunday,20,2,4,9.8133
2025,2,Sunday,20,4,6,28.3302
2025,2,Sunday,20,1,3,25.6713
2025,2,Sunday,20,6,4,12.1725
2025,2,Sunday,20,0,6,2.4813
2025,2,Sunday,20,7,0,1.4963
2025,2,Sunday,20,2,7,3.7113
2025,2,Sunday,20,5,0,4.2377
2025,2,Sunday,20,6,1,7.292
2025,2,Sunday,20,5,4,10.5857
2025,2,Sunday,20,3,1,33.3705
2025,2,Sunday,20,6,7,1.183
2025,2,Sunday,20,7,3,4.7937
2025,2,Sunday,20,8,2,0.592
2025,2,Sunday,20,3,2,20.717
2025,2,Sunday,20,6,3,18.3407
2025,2,Sunday,20,2,8,5.1143
2025,2,Sunday,20,1,7,1.9988
2025,2,Sunday,20,6,2,6.1628
2025,2,Sunday,20,1,8,4.0375
2025,2,Sunday,20,0,5,0.3708
2025,2,Sunday,20,8,3,3.6547
2025,2,Sunday,20,4,3,61.9378
2025,2,Sunday,20,0,1,11.1563
2025,2,Sunday,20,2,5,3.7375
2025,2,Sunday,20,3,8,10.7895
2025,2,Sunday,20,3,0,10.6252
2025,2,Sunday,20,0,2,1.675
2025,2,Sunday,20,3,4,49.0748
2025,2,Sunday,20,5,7,0.5762
2025,2,Sunday,20,0,4,4.849
2025,2,Sunday,20,4,1,21.8277
2025,2,Sunday,20,4,7,6.3927
2025,2,Sunday,20,1,0,10.758
2025,2,Sunday,20,7,6,0.8535
2025,2,Sunday,20,2,1,12.1648
2025,2,Sunday,20,7,4,4.7913
2025,2,Sunday,20,0,3,5.2223
2025,2,Sunday,9,1,0,15.9513
2025,2,Sunday,9,5,1,9.85
2025,2,Sunday,9,1,3,37.312
2025,2,Sunday,9,0,5,6.8555
2025,2,Sunday,9,3,2,27.5615
2025,2,Sunday,9,1,8,5.5158
2025,2,Sunday,9,8,6,2.1353
2025,2,Sunday,9,3,5,27.3695
2025,2,Sunday,9,1,6,9.8722
2025,2,Sunday,9,5,6,5.5825
2025,2,Sunday,9,0,8,3.8562
2025,2,Sunday,9,5,2,5.7245
2025,2,Sunday,9,0,4,18.865
2025,2,Sunday,9,1,7,3.3933
2025,2,Sunday,9,1,4,28.8958
2025,2,Sunday,9,3,6,45.144
2025,2,Sunday,9,4,3,33.94
2025,2,Sunday,9,6,8,3.2722
2025,2,Sunday,9,0,1,27.6303
2025,2,Sunday,9,0,6,6.5817
2025,2,Sunday,9,2,3,21.5605
2025,2,Sunday,9,4,6,14.6745
2025,2,Sunday,9,4,1,17.2965
2025,2,Sunday,9,4,2,9.4262
2025,2,Sunday,9,6,5,7.303
2025,2,Sunday,9,6,4,18.7685
2025,2,Sunday,9,7,4,10.796
2025,2,Sunday,9,4,8,3.9767
2025,2,Sunday,9,1,5,9.0338
2025,2,Sunday,9,4,0,3.6247
2025,2,Sunday,9,2,1,17.8823
2025,2,Sunday,9,6,0,3.979
2025,2,Sunday,9,7,5,0.6135
2025,2,Sunday,9,5,3,15.351
2025,2,Sunday,9,5,8,3.125
2025,2,Sunday,9,5,7,1.4365
2025,2,Sunday,9,3,7,13.0757
2025,2,Sunday,9,0,3,17.44
2025,2,Sunday,9,8,3,8.384
2025,2,Sunday,9,8,4,6.3268
2025,2,Sunday,9,2,4,9.252
2025,2,Sunday,9,0,7,1.7287
2025,2,Sunday,9,3,4,77.5135
2025,2,Sunday,9,6,1,23.9533
2025,2,Sunday,9,4,5,5.1417
2025,2,Sunday,9,6,7,1.838
2025,2,Sunday,9,3,0,12.378
2025,2,Sunday,9,7,3,16.7745
2025,2,Sunday,9,6,3,37.469
2025,2,Sunday,9,8,2,6.4342
2025,2,Sunday,9,2,8,5.0288
2025,2,Sunday,9,2,0,6.244
2025,2,Sunday,9,7,1,8.6027
2025,2,Sunday,9,3,1,50.1103
2025,2,Sunday,9,5,0,0.9822
2025,2,Sunday,9,6,2,17.8783
2025,2,Sunday,9,2,7,4.207
2025,2,Sunday,9,1,2,16.8318
2025,2,Sunday,9,0,2,13.4323
2025,2,Sunday,9,2,5,5.2925
2025,2,Sunday,9,3,8,23.0705
2025,2,Sunday,9,7,2,6.821
2025,2,Sunday,9,8,0,2.5438
2025,2,Sunday,9,7,6,1.5518
2025,2,Sunday,9,2,6,5.8688
2025,2,Sunday,9,5,4,13.59
2025,2,Sunday,9,4,7,5.867
2025,2,Sunday,9,8,5,1.5288
2025,2,Sunday,9,8,1,12.2073
2025,2,Sunday,21,2,7,1.6697
2025,2,Sunday,21,7,4,6.9538
2025,2,Sunday,21,4,2,21.3385
2025,2,Sunday,21,1,3,17.0563
2025,2,Sunday,21,0,7,0.6637
2025,2,Sunday,21,5,1,7.153
2025,2,Sunday,21,4,6,29.381
2025,2,Sunday,21,1,8,2.8433
2025,2,Sunday,21,5,2,0.3085
2025,2,Sunday,21,6,0,4.5875
2025,2,Sunday,21,4,7,6.3465
2025,2,Sunday,21,2,5,2.255
2025,2,Sunday,21,0,2,2.6522
2025,2,Sunday,21,8,2,2.9158
2025,2,Sunday,21,1,6,9.1122
2025,2,Sunday,21,2,4,8.856
2025,2,Sunday,21,2,3,10.2677
2025,2,Sunday,21,8,1,1.4935
2025,2,Sunday,21,2,1,7.653
2025,2,Sunday,21,1,4,11.083
2025,2,Sunday,21,6,5,2.4173
2025,2,Sunday,21,8,0,1.3095
2025,2,Sunday,21,2,0,4.5515
2025,2,Sunday,21,5,3,12.3213
2025,2,Sunday,21,0,3,3.681
2025,2,Sunday,21,3,8,7.2307
2025,2,Sunday,21,1,5,3.7145
2025,2,Sunday,21,2,8,2.5622
2025,2,Sunday,21,7,2,1.4413
2025,2,Sunday,21,0,6,0.9942
2025,2,Sunday,21,3,6,31.3357
2025,2,Sunday,21,5,8,0.5587
2025,2,Sunday,21,7,3,8.921
2025,2,Sunday,21,7,5,1.2018
2025,2,Sunday,21,5,0,3.3277
2025,2,Sunday,21,1,7,2.548
2025,2,Sunday,21,4,1,24.7727
2025,2,Sunday,21,8,4,5.5868
2025,2,Sunday,21,4,8,4.6385
2025,2,Sunday,21,0,8,0.6718
2025,2,Sunday,21,4,5,8.6113
2025,2,Sunday,21,2,6,8.491
2025,2,Sunday,21,6,8,1.1742
2025,2,Sunday,21,7,6,0.319
2025,2,Sunday,21,0,4,4.3283
2025,2,Sunday,21,3,1,23.248
2025,2,Sunday,21,6,1,7.4128
2025,2,Sunday,21,3,4,37.2582
2025,2,Sunday,21,6,7,1.167
2025,2,Sunday,21,6,3,19.8125
2025,2,Sunday,21,3,7,7.2295
2025,2,Sunday,21,0,1,10.7035
2025,2,Sunday,21,6,4,17.9963
2025,2,Sunday,21,5,6,1.7975
2025,2,Sunday,21,7,0,1.1653
2025,2,Sunday,21,4,3,56.178
2025,2,Sunday,21,0,5,0.3332
2025,2,Sunday,21,8,6,0.6208
2025,2,Sunday,21,5,4,9.4865
2025,2,Sunday,21,1,0,10.1512
2025,2,Sunday,21,8,3,4.0603
2025,2,Sunday,21,1,2,1.7463
2025,2,Sunday,21,4,0,8.9353
2025,2,Sunday,21,6,2,4.9697
2025,2,Sunday,21,3,0,7.555
2025,2,Sunday,21,3,5,10.578
2025,2,Sunday,21,3,2,12.3357
2025,2,Sunday,21,7,1,3.8382
2025,2,Sunday,10,3,4,123.2505
2025,2,Sunday,10,5,4,26.5478
2025,2,Sunday,10,4,6,19.9905
2025,2,Sunday,10,1,6,19.3993
2025,2,Sunday,10,2,5,6.0665
2025,2,Sunday,10,5,0,0.599
2025,2,Sunday,10,0,2,22.675
2025,2,Sunday,10,4,5,10.328
2025,2,Sunday,10,8,4,8.8358
2025,2,Sunday,10,8,3,10.504
2025,2,Sunday,10,4,2,24.251
2025,2,Sunday,10,3,7,21.4137
2025,2,Sunday,10,7,3,17.6042
2025,2,Sunday,10,2,3,25.3275
2025,2,Sunday,10,0,3,14.9842
2025,2,Sunday,10,1,5,8.594
2025,2,Sunday,10,3,8,24.89
2025,2,Sunday,10,6,5,13.3177
2025,2,Sunday,10,2,7,4.2968
2025,2,Sunday,10,4,1,36.172
2025,2,Sunday,10,6,4,36.0955
2025,2,Sunday,10,0,1,31.0533
2025,2,Sunday,10,8,1,10.2722
2025,2,Sunday,10,3,6,63.6753
2025,2,Sunday,10,5,7,0.943
2025,2,Sunday,10,8,5,2.5157
2025,2,Sunday,10,1,7,10.0585
2025,2,Sunday,10,0,6,7.6577
2025,2,Sunday,10,1,2,35.4985
2025,2,Sunday,10,3,5,49.5735
2025,2,Sunday,10,8,0,0.9185
2025,2,Sunday,10,7,4,17.9965
2025,2,Sunday,10,2,0,5.947
2025,2,Sunday,10,5,1,15.6125
2025,2,Sunday,10,4,8,3.9193
2025,2,Sunday,10,5,6,7.3513
2025,2,Sunday,10,0,8,2.4175
2025,2,Sunday,10,7,2,6.8337
2025,2,Sunday,10,6,3,53.8727
2025,2,Sunday,10,0,4,17.988
2025,2,Sunday,10,1,0,17.4498
2025,2,Sunday,10,1,4,53.869
2025,2,Sunday,10,7,0,0.304
2025,2,Sunday,10,7,1,11.434
2025,2,Sunday,10,1,3,66.4887
2025,2,Sunday,10,6,0,3.1815
2025,2,Sunday,10,7,8,0.75
2025,2,Sunday,10,5,2,7.1543
2025,2,Sunday,10,3,0,9.5673
2025,2,Sunday,10,6,7,6.123
2025,2,Sunday,10,4,3,53.5023
2025,2,Sunday,10,4,0,2.738
2025,2,Sunday,10,2,6,8.5643
2025,2,Sunday,10,5,8,2.1978
2025,2,Sunday,10,2,8,2.252
2025,2,Sunday,10,2,4,27.4942
2025,2,Sunday,10,3,1,76.204
2025,2,Sunday,10,5,3,24.5885
2025,2,Sunday,10,1,8,5.4508
2025,2,Sunday,10,3,2,46.9095
2025,2,Sunday,10,6,2,18.9402
2025,2,Sunday,10,7,5,0.8842
2025,2,Sunday,10,0,5,5.3467
2025,2,Sunday,10,8,2,7.5913
2025,2,Sunday,10,6,8,1.8103
2025,2,Sunday,10,7,6,3.4307
2025,2,Sunday,10,6,1,30.9077
2025,2,Sunday,10,4,7,10.6735
2025,2,Sunday,10,0,7,2.5552
2025,2,Sunday,10,8,6,1.863
2025,2,Sunday,10,2,1,25.8752
2025,2,Sunday,22,6,7,0.9305
2025,2,Sunday,22,0,8,0.6532
2025,2,Sunday,22,3,4,26.7963
2025,2,Sunday,22,5,2,4.2495
2025,2,Sunday,22,4,2,11.111
2025,2,Sunday,22,5,8,0.5618
2025,2,Sunday,22,6,2,5.622
2025,2,Sunday,22,5,0,2.8578
2025,2,Sunday,22,3,6,29.1135
2025,2,Sunday,22,1,2,6.4235
2025,2,Sunday,22,5,4,10.744
2025,2,Sunday,22,4,0,10.6733
2025,2,Sunday,22,7,3,13.1855
2025,2,Sunday,22,6,8,2.6202
2025,2,Sunday,22,2,4,8.146
2025,2,Sunday,22,4,3,41.7108
2025,2,Sunday,22,8,1,4.8575
2025,2,Sunday,22,2,6,13.6922
2025,2,Sunday,22,7,6,1.1105
2025,2,Sunday,22,8,4,2.1158
2025,2,Sunday,22,8,2,0.8725
2025,2,Sunday,22,8,3,8.9872
2025,2,Sunday,22,3,0,12.578
2025,2,Sunday,22,1,0,8.808
2025,2,Sunday,22,1,6,10.7127
2025,2,Sunday,22,6,4,11.2458
2025,2,Sunday,22,8,6,0.6
2025,2,Sunday,22,3,8,7.0888
2025,2,Sunday,22,3,1,23.1598
2025,2,Sunday,22,4,8,4.7775
2025,2,Sunday,22,0,6,2.688
2025,2,Sunday,22,1,5,2.8847
2025,2,Sunday,22,3,7,7.686
2025,2,Sunday,22,2,7,4.6458
2025,2,Sunday,22,0,7,0.3237
2025,2,Sunday,22,3,2,12.067
2025,2,Sunday,22,6,1,11.1418
2025,2,Sunday,22,0,3,6.894
2025,2,Sunday,22,2,1,11.605
2025,2,Sunday,22,2,3,13.6022
2025,2,Sunday,22,6,3,24.1592
2025,2,Sunday,22,3,5,13.0015
2025,2,Sunday,22,1,3,24.158
2025,2,Sunday,22,1,7,4.3417
2025,2,Sunday,22,0,2,4.3332
2025,2,Sunday,22,4,7,8.5175
2025,2,Sunday,22,2,8,3.1777
2025,2,Sunday,22,4,6,26.6973
2025,2,Sunday,22,0,4,3.2857
2025,2,Sunday,22,4,1,22.9248
2025,2,Sunday,22,8,0,0.602
2025,2,Sunday,22,5,6,4.305
2025,2,Sunday,22,7,4,6.7632
2025,2,Sunday,22,4,5,8.1535
2025,2,Sunday,22,7,1,3.5475
2025,2,Sunday,22,1,4,10.4583
2025,2,Sunday,22,6,0,4.5138
2025,2,Sunday,22,0,1,3.95
2025,2,Sunday,22,7,0,0.835
2025,2,Sunday,22,2,5,5.5705
2025,2,Sunday,22,6,5,3.7985
2025,2,Sunday,22,1,8,4.0658
2025,2,Sunday,22,7,2,1.475
2025,2,Sunday,22,8,5,0.2858
2025,2,Sunday,22,2,0,11.524
2025,2,Sunday,22,0,5,0.3388
2025,2,Sunday,22,5,3,13.3538
2025,2,Sunday,22,5,1,7.8255
2025,2,Sunday,11,0,7,5.9197
2025,2,Sunday,11,7,4,28.1148
2025,2,Sunday,11,5,3,29.5698
2025,2,Sunday,11,8,5,5.697
2025,2,Sunday,11,7,5,2.2825
2025,2,Sunday,11,0,1,37.6537
2025,2,Sunday,11,3,1,81.737
2025,2,Sunday,11,6,4,57.767
2025,2,Sunday,11,5,2,7.3492
2025,2,Sunday,11,2,4,30.6075
2025,2,Sunday,11,5,4,27.556
2025,2,Sunday,11,0,3,17.655
2025,2,Sunday,11,1,3,75.8475
2025,2,Sunday,11,6,0,2.346
2025,2,Sunday,11,3,2,49.635
2025,2,Sunday,11,3,8,20.53
2025,2,Sunday,11,1,0,19.4998
2025,2,Sunday,11,1,2,37.362
2025,2,Sunday,11,3,6,75.8688
2025,2,Sunday,11,5,7,1.4817
2025,2,Sunday,11,8,1,8.5537
2025,2,Sunday,11,0,2,15.8052
2025,2,Sunday,11,4,0,5.166
2025,2,Sunday,11,0,4,24.4715
2025,2,Sunday,11,7,6,2.272
2025,2,Sunday,11,5,0,1.2235
2025,2,Sunday,11,4,7,10.8333
2025,2,Sunday,11,8,4,8.2675
2025,2,Sunday,11,0,8,2.7877
2025,2,Sunday,11,8,2,6.1968
2025,2,Sunday,11,2,5,6.585
2025,2,Sunday,11,6,7,6.4438
2025,2,Sunday,11,4,1,45.2628
2025,2,Sunday,11,0,6,5.891
2025,2,Sunday,11,8,6,3.8422
2025,2,Sunday,11,7,1,13.7193
2025,2,Sunday,11,6,2,34.0605
2025,2,Sunday,11,4,3,79.013
2025,2,Sunday,11,3,0,7.9982
2025,2,Sunday,11,4,8,4.3065
2025,2,Sunday,11,3,4,141.3655
2025,2,Sunday,11,5,1,14.9868
2025,2,Sunday,11,3,7,15.8363
2025,2,Sunday,11,4,6,29.8705
2025,2,Sunday,11,5,6,10.8343
2025,2,Sunday,11,2,7,6.527
2025,2,Sunday,11,1,6,19.7065
2025,2,Sunday,11,2,1,32.664
2025,2,Sunday,11,2,0,7.426
2025,2,Sunday,11,8,3,14.3607
2025,2,Sunday,11,6,1,33.411
2025,2,Sunday,11,3,5,35.137
2025,2,Sunday,11,4,2,24.979
2025,2,Sunday,11,1,5,10.4613
2025,2,Sunday,11,1,7,6.439
2025,2,Sunday,11,6,8,6.5785
2025,2,Sunday,11,2,8,2.9795
2025,2,Sunday,11,4,5,16.1715
2025,2,Sunday,11,8,0,0.902
2025,2,Sunday,11,5,8,0.982
2025,2,Sunday,11,1,4,66.5913
2025,2,Sunday,11,7,2,8.9235
2025,2,Sunday,11,7,3,24.9162
2025,2,Sunday,11,0,5,8.3307
2025,2,Sunday,11,7,0,0.3055
2025,2,Sunday,11,6,5,14.0308
2025,2,Sunday,11,2,3,36.2948
2025,2,Sunday,11,1,8,6.461
2025,2,Sunday,11,2,6,13.4008
2025,2,Sunday,11,6,3,67.8035
2025,2,Sunday,23,8,4,0.9
2025,2,Sunday,23,3,8,5.4353
2025,2,Sunday,23,4,7,2.8435
2025,2,Sunday,23,1,0,3.4877
2025,2,Sunday,23,3,5,6.3805
2025,2,Sunday,23,5,0,2.3857
2025,2,Sunday,23,7,0,0.6045
2025,2,Sunday,23,5,1,2.2442
2025,2,Sunday,23,0,8,0.912
2025,2,Sunday,23,3,1,12.7145
2025,2,Sunday,23,4,1,9.1367
2025,2,Sunday,23,6,3,11.3887
2025,2,Sunday,23,0,2,2.279
2025,2,Sunday,23,4,3,24.4925
2025,2,Sunday,23,4,8,1.7147
2025,2,Sunday,23,6,5,2.0033
2025,2,Sunday,23,1,6,7.7375
2025,2,Sunday,23,3,6,15.6648
2025,2,Sunday,23,0,6,0.6743
2025,2,Sunday,23,2,5,0.8745
2025,2,Sunday,23,0,5,0.3262
2025,2,Sunday,23,8,1,0.9215
2025,2,Sunday,23,1,3,5.9055
2025,2,Sunday,23,8,3,2.3268
2025,2,Sunday,23,3,7,4.5722
2025,2,Sunday,23,2,6,4.488
2025,2,Sunday,23,0,3,2.547
2025,2,Sunday,23,5,3,8.2348
2025,2,Sunday,23,6,7,1.4142
2025,2,Sunday,23,7,2,1.434
2025,2,Sunday,23,0,4,2.6312
2025,2,Sunday,23,0,7,1.3137
2025,2,Sunday,23,7,6,1.2082
2025,2,Sunday,23,2,8,2.2562
2025,2,Sunday,23,2,7,1.182
2025,2,Sunday,23,8,0,1.5668
2025,2,Sunday,23,6,1,5.0905
2025,2,Sunday,23,7,5,0.2707
2025,2,Sunday,23,2,1,3.2263
2025,2,Sunday,23,2,0,3.6878
2025,2,Sunday,23,4,5,4.3035
2025,2,Sunday,23,5,4,2.6585
2025,2,Sunday,23,6,4,3.9135
2025,2,Sunday,23,4,0,6.615
2025,2,Sunday,23,1,7,0.8655
2025,2,Sunday,23,6,2,2.1065
2025,2,Sunday,23,5,6,1.5278
2025,2,Sunday,23,3,4,16.6607
2025,2,Sunday,23,4,2,4.307
2025,2,Sunday,23,7,4,2.3665
2025,2,Sunday,23,7,3,6.6903
2025,2,Sunday,23,1,4,4.7243
2025,2,Sunday,23,3,0,9.707
2025,2,Sunday,23,2,3,4.4595
2025,2,Sunday,23,7,1,3.1935
2025,2,Sunday,23,0,1,4.8902
2025,2,Sunday,23,6,0,4.1563
2025,2,Sunday,23,1,2,2.379
2025,2,Sunday,23,1,5,1.1858
2025,2,Sunday,23,1,8,5.2693
2025,2,Sunday,23,4,6,8.5093
2025,2,Sunday,23,8,6,0.4
2025,2,Sunday,23,3,2,6.805
2025,2,Sunday,23,2,4,3.3558
2025,2,Sunday,23,5,8,0.867
2025,2,Sunday,0,1,3,5.8502
2025,2,Sunday,0,3,5,1.5135
2025,2,Sunday,0,0,8,1.7898
2025,2,Sunday,0,5,6,1.834
2025,2,Sunday,0,0,1,2.513
2025,2,Sunday,0,2,7,0.6345
2025,2,Sunday,0,2,3,5.5715
2025,2,Sunday,0,7,0,0.3033
2025,2,Sunday,0,5,7,0.5295
2025,2,Sunday,0,8,3,1.6937
2025,2,Sunday,0,0,7,0.3835
2025,2,Sunday,0,2,0,4.6273
2025,2,Sunday,0,3,0,6.5915
2025,2,Sunday,0,3,8,2.7838
2025,2,Sunday,0,6,0,3.542
2025,2,Sunday,0,6,7,0.6363
2025,2,Sunday,0,2,8,1.6577
2025,2,Sunday,0,5,1,2.634
2025,2,Sunday,0,0,3,2.1095
2025,2,Sunday,0,0,6,1.063
2025,2,Sunday,0,1,4,3.9605
2025,2,Sunday,0,0,5,0.3433
2025,2,Sunday,0,8,0,0.3365
2025,2,Sunday,0,0,2,0.6865
2025,2,Sunday,0,4,0,12.0515
2025,2,Sunday,0,2,6,5.2447
2025,2,Sunday,0,4,1,17.8435
2025,2,Sunday,0,6,5,1.0548
2025,2,Sunday,0,7,1,2.7142
2025,2,Sunday,0,6,4,6.8358
2025,2,Sunday,0,2,4,3.8338
2025,2,Sunday,0,8,1,0.3392
2025,2,Sunday,0,4,3,25.993
2025,2,Sunday,0,1,6,3.393
2025,2,Sunday,0,4,7,2.691
2025,2,Sunday,0,2,5,0.3302
2025,2,Sunday,0,3,7,1.8575
2025,2,Sunday,0,4,2,10.3252
2025,2,Sunday,0,6,3,6.6585
2025,2,Sunday,0,4,8,3.3345
2025,2,Sunday,0,3,6,9.511
2025,2,Sunday,0,1,2,1.8585
2025,2,Sunday,0,3,4,10.872
2025,2,Sunday,0,8,6,0.3235
2025,2,Sunday,0,0,4,1.7163
2025,2,Sunday,0,2,1,4.769
2025,2,Sunday,0,6,8,0.3377
2025,2,Sunday,0,3,2,5.2178
2025,2,Sunday,0,5,4,5.376
2025,2,Sunday,0,4,5,2.7247
2025,2,Sunday,0,6,1,6.0837
2025,2,Sunday,0,3,1,8.0492
2025,2,Sunday,0,6,2,3.8835
2025,2,Sunday,0,5,3,8.5055
2025,2,Sunday,0,7,3,3.0655
2025,2,Sunday,0,5,2,2.9572
2025,2,Sunday,0,7,4,0.7275
2025,2,Sunday,0,8,4,0.827
2025,2,Sunday,0,1,8,2.7485
2025,2,Sunday,0,5,0,2.39
2025,2,Sunday,0,4,6,16.7115
2025,2,Sunday,0,8,2,0.5415
2025,2,Sunday,0,1,5,0.3005
2025,2,Sunday,0,1,0,3.0877
2025,2,Sunday,12,6,0,3.8883
2025,2,Sunday,12,6,8,6.4737
2025,2,Sunday,12,4,1,68.232
2025,2,Sunday,12,6,3,67.317
2025,2,Sunday,12,2,5,12.4865
2025,2,Sunday,12,4,5,20.2578
2025,2,Sunday,12,0,3,16.1155
2025,2,Sunday,12,5,4,39.854
2025,2,Sunday,12,1,7,7.6363
2025,2,Sunday,12,1,8,7.095
2025,2,Sunday,12,2,6,18.9815
2025,2,Sunday,12,3,5,45.8912
2025,2,Sunday,12,0,5,5.4365
2025,2,Sunday,12,2,1,39.7213
2025,2,Sunday,12,1,5,12.013
2025,2,Sunday,12,8,5,7.0098
2025,2,Sunday,12,0,4,16.706
2025,2,Sunday,12,4,0,9.1115
2025,2,Sunday,12,1,0,14.9195
2025,2,Sunday,12,2,4,45.7508
2025,2,Sunday,12,8,0,0.9495
2025,2,Sunday,12,4,8,6.9208
2025,2,Sunday,12,3,0,12.5115
2025,2,Sunday,12,4,6,35.3103
2025,2,Sunday,12,8,1,11.8105
2025,2,Sunday,12,5,1,22.8658
2025,2,Sunday,12,0,1,35.9925
2025,2,Sunday,12,7,2,7.535
2025,2,Sunday,12,3,2,52.873
2025,2,Sunday,12,7,6,6.2673
2025,2,Sunday,12,0,6,8.4393
2025,2,Sunday,12,2,0,9.6168
2025,2,Sunday,12,2,8,3.0552
2025,2,Sunday,12,4,7,15.5205
2025,2,Sunday,12,6,4,49.1918
2025,2,Sunday,12,3,7,17.5958
2025,2,Sunday,12,8,2,9.0975
2025,2,Sunday,12,6,2,25.7203
2025,2,Sunday,12,7,1,11.3355
2025,2,Sunday,12,5,7,2.1125
2025,2,Sunday,12,2,7,5.1147
2025,2,Sunday,12,4,2,36.519
2025,2,Sunday,12,3,1,95.125
2025,2,Sunday,12,0,7,2.0485
2025,2,Sunday,12,7,3,25.6632
2025,2,Sunday,12,2,3,45.0587
2025,2,Sunday,12,6,7,5.2775
2025,2,Sunday,12,3,6,75.5993
2025,2,Sunday,12,8,6,6.9438
2025,2,Sunday,12,7,4,33.0727
2025,2,Sunday,12,4,3,100.0775
2025,2,Sunday,12,5,2,11.092
2025,2,Sunday,12,7,5,3.6715
2025,2,Sunday,12,1,6,27.9952
2025,2,Sunday,12,1,2,54.4725
2025,2,Sunday,12,0,8,1.341
2025,2,Sunday,12,7,0,0.6223
2025,2,Sunday,12,8,4,9.8473
2025,2,Sunday,12,5,8,1.869
2025,2,Sunday,12,1,3,92.2737
2025,2,Sunday,12,3,8,22.896
2025,2,Sunday,12,3,4,167.7807
2025,2,Sunday,12,7,8,0.4168
2025,2,Sunday,12,8,3,17.2928
2025,2,Sunday,12,5,6,14.764
2025,2,Sunday,12,5,3,34.9323
2025,2,Sunday,12,6,5,17.1183
2025,2,Sunday,12,5,0,0.9187
2025,2,Sunday,12,1,4,72.0998
2025,2,Sunday,12,0,2,16.3315
2025,2,Sunday,12,6,1,33.8515
2025,3,Monday,1,0,7,0.2896
2025,3,Monday,1,6,5,0.497
2025,3,Monday,1,4,8,0.2
2025,3,Monday,1,2,6,0.2
2025,3,Monday,1,2,0,1.1582
2025,3,Monday,1,6,1,0.7836
2025,3,Monday,1,3,4,1.491
2025,3,Monday,1,8,0,0.4928
2025,3,Monday,1,3,6,1.0726
2025,3,Monday,1,5,4,1.771
2025,3,Monday,1,8,3,1.18
2025,3,Monday,1,7,0,0.6
2025,3,Monday,1,6,8,0.6
2025,3,Monday,1,3,0,1.9898
2025,3,Monday,1,1,3,1.1338
2025,3,Monday,1,4,5,0.2394
2025,3,Monday,1,3,7,0.2594
2025,3,Monday,1,3,5,0.7428
2025,3,Monday,1,2,4,0.2142
2025,3,Monday,1,7,6,0.275
2025,3,Monday,1,0,4,0.7766
2025,3,Monday,1,5,2,0.2
2025,3,Monday,1,8,6,0.24
2025,3,Monday,1,0,2,1.3176
2025,3,Monday,1,4,3,2.2092
2025,3,Monday,1,4,2,0.5194
2025,3,Monday,1,0,1,1.4354
2025,3,Monday,1,4,6,1.2222
2025,3,Monday,1,1,6,0.45
2025,3,Monday,1,6,4,0.26
2025,3,Monday,1,5,3,0.6666
2025,3,Monday,1,1,2,0.6334
2025,3,Monday,1,8,4,0.2728
2025,3,Monday,1,7,4,0.5
2025,3,Monday,1,4,1,0.9062
2025,3,Monday,1,3,2,1.8726
2025,3,Monday,1,4,0,1.5434
2025,3,Monday,1,0,3,0.7928
2025,3,Monday,1,1,0,1.2494
2025,3,Monday,1,3,1,0.7454
2025,3,Monday,1,3,8,0.757
2025,3,Monday,1,6,3,1.6112
2025,3,Monday,1,6,2,0.5642
2025,3,Monday,1,7,3,0.275
2025,3,Monday,1,8,2,0.2728
2025,3,Monday,1,2,3,0.5
2025,3,Monday,1,1,5,0.493
2025,3,Monday,1,5,0,0.3
2025,3,Monday,13,8,6,24.8254
2025,3,Monday,13,3,4,159.6874
2025,3,Monday,13,5,8,16.6386
2025,3,Monday,13,2,1,57.9602
2025,3,Monday,13,8,5,22.0238
2025,3,Monday,13,7,3,52.1322
2025,3,Monday,13,2,6,32.831
2025,3,Monday,13,6,4,63.6204
2025,3,Monday,13,7,5,12.0064
2025,3,Monday,13,8,7,0.4908
2025,3,Monday,13,0,2,19.0344
2025,3,Monday,13,3,2,87.1708
2025,3,Monday,13,3,0,29.7264
2025,3,Monday,13,6,3,154.6546
2025,3,Monday,13,0,4,25.9166
2025,3,Monday,13,6,0,13.2158
2025,3,Monday,13,4,7,18.526
2025,3,Monday,13,4,2,49.861
2025,3,Monday,13,2,7,14.4372
2025,3,Monday,13,1,7,11.5596
2025,3,Monday,13,1,2,56.4386
2025,3,Monday,13,1,6,36.6068
2025,3,Monday,13,3,5,81.233
2025,3,Monday,13,2,0,20.8088
2025,3,Monday,13,1,5,16.498
2025,3,Monday,13,2,8,14.9238
2025,3,Monday,13,6,8,25.4572
2025,3,Monday,13,2,3,96.2092
2025,3,Monday,13,4,6,53.3364
2025,3,Monday,13,7,0,2.913
2025,3,Monday,13,3,7,37.393
2025,3,Monday,13,4,8,17.2574
2025,3,Monday,13,0,8,6.8642
2025,3,Monday,13,8,4,25.5248
2025,3,Monday,13,1,0,34.037
2025,3,Monday,13,7,2,14.0698
2025,3,Monday,13,5,2,21.1696
2025,3,Monday,13,2,5,21.3284
2025,3,Monday,13,6,2,32.0356
2025,3,Monday,13,5,6,20.4706
2025,3,Monday,13,7,8,0.4142
2025,3,Monday,13,3,8,51.8292
2025,3,Monday,13,6,5,26.782
2025,3,Monday,13,8,0,5.5114
2025,3,Monday,13,4,0,19.3202
2025,3,Monday,13,5,3,82.6588
2025,3,Monday,13,8,2,19.5516
2025,3,Monday,13,2,4,44.8414
2025,3,Monday,13,4,3,138.8612
2025,3,Monday,13,8,3,62.7062
2025,3,Monday,13,7,6,3.8426
2025,3,Monday,13,4,5,34.4694
2025,3,Monday,13,1,4,57.0964
2025,3,Monday,13,0,6,12.9536
2025,3,Monday,13,5,4,51.385
2025,3,Monday,13,5,0,8.4238
2025,3,Monday,13,1,3,103.8158
2025,3,Monday,13,5,1,23.4146
2025,3,Monday,13,7,4,33.2748
2025,3,Monday,13,8,1,17.332
2025,3,Monday,13,5,7,7.595
2025,3,Monday,13,7,1,18.2854
2025,3,Monday,13,0,7,3.2932
2025,3,Monday,13,6,1,39.5764
2025,3,Monday,13,6,7,6.0262
2025,3,Monday,13,0,5,5.7198
2025,3,Monday,13,4,1,53.3492
2025,3,Monday,13,1,8,15.1554
2025,3,Monday,13,0,1,43.2188
2025,3,Monday,13,0,3,26.3462
2025,3,Monday,13,3,1,122.3986
2025,3,Monday,13,3,6,133.9218
2025,3,Monday,2,1,0,0.5254
2025,3,Monday,2,4,5,0.4782
2025,3,Monday,2,6,3,0.65
2025,3,Monday,2,0,1,1.1052
2025,3,Monday,2,6,5,0.9334
2025,3,Monday,2,4,6,0.9184
2025,3,Monday,2,5,3,0.8654
2025,3,Monday,2,2,3,0.8134
2025,3,Monday,2,3,2,0.5184
2025,3,Monday,2,0,6,0.3466
2025,3,Monday,2,6,8,0.9
2025,3,Monday,2,1,6,0.24
2025,3,Monday,2,4,1,0.6574
2025,3,Monday,2,6,2,0.2334
2025,3,Monday,2,4,2,1.1206
2025,3,Monday,2,4,0,0.9426
2025,3,Monday,2,4,3,0.4888
2025,3,Monday,2,5,2,0.4444
2025,3,Monday,2,3,6,1.4616
2025,3,Monday,2,1,8,0.24
2025,3,Monday,2,0,2,0.3
2025,3,Monday,2,0,5,0.3466
2025,3,Monday,2,8,0,0.2
2025,3,Monday,2,2,1,0.4
2025,3,Monday,2,0,4,0.3334
2025,3,Monday,2,5,4,0.8
2025,3,Monday,2,2,6,0.2462
2025,3,Monday,2,5,0,0.4
2025,3,Monday,2,3,4,1.3246
2025,3,Monday,2,2,5,0.4666
2025,3,Monday,2,6,4,0.6
2025,3,Monday,2,0,3,0.56
2025,3,Monday,2,8,3,1.3
2025,3,Monday,2,7,2,0.4
2025,3,Monday,2,2,0,0.8924
2025,3,Monday,2,2,4,0.7334
2025,3,Monday,2,5,6,0.4308
2025,3,Monday,14,5,3,122.1292
2025,3,Monday,14,8,6,23.2738
2025,3,Monday,14,4,0,29.1378
2025,3,Monday,14,2,0,25.0018
2025,3,Monday,14,6,3,203.57
2025,3,Monday,14,1,0,47.0236
2025,3,Monday,14,2,3,112.2416
2025,3,Monday,14,6,4,70.945
2025,3,Monday,14,7,8,0.4468
2025,3,Monday,14,2,1,62.8664
2025,3,Monday,14,1,3,132.877
2025,3,Monday,14,6,7,7.7426
2025,3,Monday,14,2,5,19.3782
2025,3,Monday,14,5,6,16.3888
2025,3,Monday,14,7,4,28.3714
2025,3,Monday,14,2,6,49.1014
2025,3,Monday,14,8,2,16.7078
2025,3,Monday,14,7,5,7.3852
2025,3,Monday,14,6,1,46.4898
2025,3,Monday,14,8,4,22.6946
2025,3,Monday,14,4,7,29.0686
2025,3,Monday,14,7,3,73.7344
2025,3,Monday,14,2,4,47.2206
2025,3,Monday,14,5,8,10.1996
2025,3,Monday,14,5,1,31.3378
2025,3,Monday,14,1,6,50.841
2025,3,Monday,14,0,7,3.8458
2025,3,Monday,14,7,6,4.962
2025,3,Monday,14,7,2,13.673
2025,3,Monday,14,3,5,64.064
2025,3,Monday,14,6,5,20.82
2025,3,Monday,14,8,5,18.1536
2025,3,Monday,14,1,4,58.0894
2025,3,Monday,14,4,5,39.2694
2025,3,Monday,14,4,8,18.99
2025,3,Monday,14,5,4,41.8748
2025,3,Monday,14,1,2,57.2188
2025,3,Monday,14,4,1,66.9248
2025,3,Monday,14,0,5,8.8008
2025,3,Monday,14,3,8,46.9866
2025,3,Monday,14,2,7,16.6132
2025,3,Monday,14,1,8,18.4506
2025,3,Monday,14,8,3,92.21
2025,3,Monday,14,3,1,133.9272
2025,3,Monday,14,3,7,52.0386
2025,3,Monday,14,3,4,162.5014
2025,3,Monday,14,2,8,19.5008
2025,3,Monday,14,6,8,16.4434
2025,3,Monday,14,1,5,15.4178
2025,3,Monday,14,0,2,18.74
2025,3,Monday,14,0,6,12.0604
2025,3,Monday,14,8,7,0.7084
2025,3,Monday,14,5,0,15.5588
2025,3,Monday,14,8,0,6.0474
2025,3,Monday,14,6,0,11.9528
2025,3,Monday,14,7,0,2.1218
2025,3,Monday,14,5,7,7.5988
2025,3,Monday,14,0,3,37.3974
2025,3,Monday,14,6,2,45.7042
2025,3,Monday,14,5,2,23.2446
2025,3,Monday,14,4,3,179.7842
2025,3,Monday,14,3,6,147.6574
2025,3,Monday,14,4,2,52.8872
2025,3,Monday,14,0,1,52.9944
2025,3,Monday,14,3,0,36.0106
2025,3,Monday,14,0,4,32.156
2025,3,Monday,14,1,7,16.6432
2025,3,Monday,14,7,1,15.9438
2025,3,Monday,14,4,6,72.2506
2025,3,Monday,14,0,8,5.477
2025,3,Monday,14,8,1,29.4342
2025,3,Monday,14,3,2,76.49
2025,3,Monday,3,2,3,0.4
2025,3,Monday,3,5,4,0.5928
2025,3,Monday,3,8,2,0.2
2025,3,Monday,3,3,6,0.4
2025,3,Monday,3,6,5,0.3334
2025,3,Monday,3,4,6,0.2
2025,3,Monday,3,4,8,0.25
2025,3,Monday,3,6,4,0.5228
2025,3,Monday,3,0,4,0.7918
2025,3,Monday,3,4,7,0.28
2025,3,Monday,3,0,2,0.5104
2025,3,Monday,3,6,3,1.3958
2025,3,Monday,3,0,5,0.2438
2025,3,Monday,3,3,2,0.323
2025,3,Monday,3,3,0,0.823
2025,3,Monday,3,3,5,0.4
2025,3,Monday,3,8,3,0.5066
2025,3,Monday,3,4,3,1.0786
2025,3,Monday,3,8,4,0.2
2025,3,Monday,3,6,7,0.2546
2025,3,Monday,3,4,0,1.409
2025,3,Monday,3,5,6,0.2888
2025,3,Monday,3,0,3,0.8384
2025,3,Monday,3,5,0,1.1746
2025,3,Monday,3,8,0,0.4
2025,3,Monday,3,0,7,0.2858
2025,3,Monday,3,5,8,0.8888
2025,3,Monday,3,2,1,1.048
2025,3,Monday,3,5,2,0.4
2025,3,Monday,3,5,1,0.5
2025,3,Monday,3,1,4,0.3428
2025,3,Monday,3,0,1,0.548
2025,3,Monday,3,5,3,0.75
2025,3,Monday,3,3,4,0.3
2025,3,Monday,15,7,3,101.6462
2025,3,Monday,15,0,1,61.0502
2025,3,Monday,15,7,1,28.4928
2025,3,Monday,15,8,4,34.3386
2025,3,Monday,15,7,8,1.5602
2025,3,Monday,15,8,0,7.3026
2025,3,Monday,15,4,1,82.1264
2025,3,Monday,15,3,2,76.5238
2025,3,Monday,15,8,1,23.1534
2025,3,Monday,15,5,6,26.6994
2025,3,Monday,15,6,3,331.6774
2025,3,Monday,15,6,8,12.7702
2025,3,Monday,15,5,3,238.3082
2025,3,Monday,15,1,0,87.4654
2025,3,Monday,15,5,0,25.9514
2025,3,Monday,15,1,5,33.6002
2025,3,Monday,15,0,6,21.0334
2025,3,Monday,15,4,7,36.344
2025,3,Monday,15,1,4,77.5058
2025,3,Monday,15,2,8,27.749
2025,3,Monday,15,5,1,38.1626
2025,3,Monday,15,0,5,9.2638
2025,3,Monday,15,6,4,74.9914
2025,3,Monday,15,2,7,19.5118
2025,3,Monday,15,4,0,45.6892
2025,3,Monday,15,4,8,32.025
2025,3,Monday,15,8,5,11.6048
2025,3,Monday,15,4,3,254.7026
2025,3,Monday,15,0,8,8.6982
2025,3,Monday,15,1,6,82.5516
2025,3,Monday,15,1,2,64.5486
2025,3,Monday,15,4,5,45.7496
2025,3,Monday,15,3,0,44.6198
2025,3,Monday,15,7,4,35.3468
2025,3,Monday,15,3,4,175.2592
2025,3,Monday,15,1,7,14.368
2025,3,Monday,15,4,2,49.122
2025,3,Monday,15,2,0,39.809
2025,3,Monday,15,0,4,36.5404
2025,3,Monday,15,8,6,34.4632
2025,3,Monday,15,6,1,46.0188
2025,3,Monday,15,7,5,7.3366
2025,3,Monday,15,7,2,14.7842
2025,3,Monday,15,5,7,7.5864
2025,3,Monday,15,5,2,28.3768
2025,3,Monday,15,1,3,179.598
2025,3,Monday,15,3,8,64.197
2025,3,Monday,15,3,1,137.7692
2025,3,Monday,15,8,2,22.8914
2025,3,Monday,15,5,8,20.4156
2025,3,Monday,15,0,7,5.2134
2025,3,Monday,15,6,0,23.9976
2025,3,Monday,15,5,4,64.5054
2025,3,Monday,15,2,4,60.4734
2025,3,Monday,15,6,2,39.2196
2025,3,Monday,15,7,0,5.4848
2025,3,Monday,15,8,3,165.7454
2025,3,Monday,15,3,5,56.5878
2025,3,Monday,15,6,7,6.602
2025,3,Monday,15,2,6,57.0902
2025,3,Monday,15,0,2,22.5398
2025,3,Monday,15,3,7,58.4812
2025,3,Monday,15,2,3,169.511
2025,3,Monday,15,4,6,81.2264
2025,3,Monday,15,2,1,68.0386
2025,3,Monday,15,7,6,6.8278
2025,3,Monday,15,0,3,45.2722
2025,3,Monday,15,6,5,24.261
2025,3,Monday,15,3,6,170.0876
2025,3,Monday,15,2,5,19.6412
2025,3,Monday,15,1,8,35.1048
2025,3,Monday,4,6,5,0.525
2025,3,Monday,4,3,7,0.795
2025,3,Monday,4,1,0,0.7858
2025,3,Monday,4,8,6,0.2
2025,3,Monday,4,1,6,0.9476
2025,3,Monday,4,6,0,0.5154
2025,3,Monday,4,0,7,0.7658
2025,3,Monday,4,8,1,0.6134
2025,3,Monday,4,4,0,1
2025,3,Monday,4,0,6,1.733
2025,3,Monday,4,5,8,0.2
2025,3,Monday,4,5,6,0.9904
2025,3,Monday,4,6,4,0.5366
2025,3,Monday,4,0,5,3.1832
2025,3,Monday,4,3,0,2.068
2025,3,Monday,4,0,1,0.958
2025,3,Monday,4,7,5,0.2126
2025,3,Monday,4,0,4,0.9984
2025,3,Monday,4,2,5,0.6334
2025,3,Monday,4,2,4,1.5334
2025,3,Monday,4,6,3,12.1218
2025,3,Monday,4,4,2,0.25
2025,3,Monday,4,3,4,1.973
2025,3,Monday,4,6,1,1.04
2025,3,Monday,4,0,3,6.7356
2025,3,Monday,4,8,4,0.6334
2025,3,Monday,4,2,6,0.3334
2025,3,Monday,4,5,4,0.6
2025,3,Monday,4,6,8,0.64
2025,3,Monday,4,0,8,0.755
2025,3,Monday,4,2,3,1.8402
2025,3,Monday,4,8,3,1.9468
2025,3,Monday,4,2,0,1.4418
2025,3,Monday,4,2,1,0.419
2025,3,Monday,4,1,3,0.5
2025,3,Monday,4,6,2,2.776
2025,3,Monday,4,4,5,0.7118
2025,3,Monday,4,4,1,1.273
2025,3,Monday,4,3,1,0.2
2025,3,Monday,4,3,5,0.2824
2025,3,Monday,4,2,8,1.5334
2025,3,Monday,4,4,3,1.3566
2025,3,Monday,4,4,7,0.4888
2025,3,Monday,4,5,3,1.0572
2025,3,Monday,4,8,5,0.7
2025,3,Monday,4,8,2,0.5022
2025,3,Monday,4,7,3,0.225
2025,3,Monday,16,6,5,26.4164
2025,3,Monday,16,8,4,38.2284
2025,3,Monday,16,3,0,40.6474
2025,3,Monday,16,7,4,56.6174
2025,3,Monday,16,0,6,35.1158
2025,3,Monday,16,2,4,75.0806
2025,3,Monday,16,6,0,28.2064
2025,3,Monday,16,1,4,88.3938
2025,3,Monday,16,4,1,73.7238
2025,3,Monday,16,6,8,15.3052
2025,3,Monday,16,2,0,54.7242
2025,3,Monday,16,8,1,30.0734
2025,3,Monday,16,0,4,38.6096
2025,3,Monday,16,3,2,97.782
2025,3,Monday,16,1,0,98.5142
2025,3,Monday,16,3,8,110.1164
2025,3,Monday,16,8,5,12.5202
2025,3,Monday,16,0,7,3.9728
2025,3,Monday,16,1,8,42.5926
2025,3,Monday,16,4,2,48.4904
2025,3,Monday,16,8,3,290.2412
2025,3,Monday,16,0,5,8.1762
2025,3,Monday,16,2,3,233.3962
2025,3,Monday,16,2,6,111.618
2025,3,Monday,16,5,6,30.7412
2025,3,Monday,16,6,2,55.208
2025,3,Monday,16,5,1,48.4826
2025,3,Monday,16,3,6,335.1892
2025,3,Monday,16,0,1,55.9518
2025,3,Monday,16,8,6,42.7296
2025,3,Monday,16,7,6,7.4608
2025,3,Monday,16,1,3,210.2204
2025,3,Monday,16,2,5,26.5124
2025,3,Monday,16,5,3,422.3992
2025,3,Monday,16,4,0,34.0818
2025,3,Monday,16,8,7,0.6786
2025,3,Monday,16,3,1,205.4094
2025,3,Monday,16,8,0,15.0374
2025,3,Monday,16,7,0,8.1288
2025,3,Monday,16,0,2,20.5606
2025,3,Monday,16,0,3,40.9804
2025,3,Monday,16,4,5,35.2116
2025,3,Monday,16,0,8,10.5452
2025,3,Monday,16,3,7,79.5476
2025,3,Monday,16,3,5,88.5054
2025,3,Monday,16,7,2,20.5476
2025,3,Monday,16,2,8,45.5032
2025,3,Monday,16,3,4,236.7688
2025,3,Monday,16,8,2,27.5834
2025,3,Monday,16,4,6,74.9688
2025,3,Monday,16,6,7,9.2834
2025,3,Monday,16,7,3,215.293
2025,3,Monday,16,7,5,4.706
2025,3,Monday,16,2,1,74.2186
2025,3,Monday,16,5,7,9.1164
2025,3,Monday,16,5,4,65.9914
2025,3,Monday,16,7,8,0.4358
2025,3,Monday,16,6,1,88.821
2025,3,Monday,16,4,8,39.0524
2025,3,Monday,16,2,7,26.9034
2025,3,Monday,16,4,7,35.256
2025,3,Monday,16,5,8,23.49
2025,3,Monday,16,1,5,24.0628
2025,3,Monday,16,1,6,94.0022
2025,3,Monday,16,4,3,369.8864
2025,3,Monday,16,5,0,21.9362
2025,3,Monday,16,6,4,106.6154
2025,3,Monday,16,6,3,652.7276
2025,3,Monday,16,7,1,32.5088
2025,3,Monday,16,1,7,14.9356
2025,3,Monday,16,1,2,59.152
2025,3,Monday,16,5,2,28.6674
2025,3,Monday,5,4,6,7.9294
2025,3,Monday,5,4,3,19.9444
2025,3,Monday,5,8,5,2.739
2025,3,Monday,5,1,8,6.7222
2025,3,Monday,5,5,4,0.9514
2025,3,Monday,5,3,6,62.339
2025,3,Monday,5,4,5,4.4524
2025,3,Monday,5,6,3,35.8114
2025,3,Monday,5,0,8,4.069
2025,3,Monday,5,8,1,8.1984
2025,3,Monday,5,6,8,1.4732
2025,3,Monday,5,0,4,6.9154
2025,3,Monday,5,8,0,2.6662
2025,3,Monday,5,0,3,17.1278
2025,3,Monday,5,8,2,10.3062
2025,3,Monday,5,2,3,4.2928
2025,3,Monday,5,1,6,10.4454
2025,3,Monday,5,1,5,1.6076
2025,3,Monday,5,1,2,2.7944
2025,3,Monday,5,3,7,13.3782
2025,3,Monday,5,6,0,4.27
2025,3,Monday,5,5,6,0.4222
2025,3,Monday,5,6,4,3.94
2025,3,Monday,5,4,1,7.0482
2025,3,Monday,5,1,3,9.7272
2025,3,Monday,5,6,7,0.4
2025,3,Monday,5,2,5,3.969
2025,3,Monday,5,5,3,10.687
2025,3,Monday,5,0,2,16.6744
2025,3,Monday,5,0,6,9.4882
2025,3,Monday,5,3,4,26.2642
2025,3,Monday,5,4,8,0.2406
2025,3,Monday,5,1,0,7.2422
2025,3,Monday,5,0,1,11.3334
2025,3,Monday,5,8,6,0.2282
2025,3,Monday,5,3,5,53.0148
2025,3,Monday,5,3,8,29.4712
2025,3,Monday,5,7,2,0.8756
2025,3,Monday,5,8,4,5.9
2025,3,Monday,5,4,2,2.2202
2025,3,Monday,5,0,5,5.1332
2025,3,Monday,5,4,7,0.5312
2025,3,Monday,5,6,1,10.402
2025,3,Monday,5,8,7,0.241
2025,3,Monday,5,5,2,0.2222
2025,3,Monday,5,1,4,2.5384
2025,3,Monday,5,3,0,4.2886
2025,3,Monday,5,2,4,0.918
2025,3,Monday,5,4,0,4.2956
2025,3,Monday,5,2,8,3.865
2025,3,Monday,5,7,5,0.225
2025,3,Monday,5,3,1,10.479
2025,3,Monday,5,2,1,1.2942
2025,3,Monday,5,3,2,12.8476
2025,3,Monday,5,7,3,7.364
2025,3,Monday,5,6,2,4.3368
2025,3,Monday,5,2,0,7.8954
2025,3,Monday,5,7,1,0.457
2025,3,Monday,5,7,6,1.115
2025,3,Monday,5,7,4,2.896
2025,3,Monday,5,1,7,3.0192
2025,3,Monday,5,5,0,0.2714
2025,3,Monday,5,2,7,1.7538
2025,3,Monday,5,8,3,13.1792
2025,3,Monday,5,0,7,1.7796
2025,3,Monday,5,5,1,1.8078
2025,3,Monday,5,2,6,3.8456
2025,3,Monday,17,4,7,42.2574
2025,3,Monday,17,5,1,77.3768
2025,3,Monday,17,8,1,48.8088
2025,3,Monday,17,7,1,58.6664
2025,3,Monday,17,0,6,23.1608
2025,3,Monday,17,2,5,54.2876
2025,3,Monday,17,1,8,35.2538
2025,3,Monday,17,5,3,476.3186
2025,3,Monday,17,4,1,99.4708
2025,3,Monday,17,4,6,96.6894
2025,3,Monday,17,7,3,285.462
2025,3,Monday,17,6,1,202.3194
2025,3,Monday,17,8,6,30.425
2025,3,Monday,17,2,4,111.77
2025,3,Monday,17,4,8,36.0004
2025,3,Monday,17,0,2,22.3982
2025,3,Monday,17,6,7,9.943
2025,3,Monday,17,1,6,109.515
2025,3,Monday,17,6,8,15.0568
2025,3,Monday,17,7,0,11.918
2025,3,Monday,17,5,6,32.9672
2025,3,Monday,17,1,2,63.0124
2025,3,Monday,17,7,8,0.8718
2025,3,Monday,17,1,4,101.4364
2025,3,Monday,17,3,6,689.9204
2025,3,Monday,17,5,7,10.7022
2025,3,Monday,17,8,5,10.9952
2025,3,Monday,17,4,2,59.936
2025,3,Monday,17,8,2,39.964
2025,3,Monday,17,1,7,19.4926
2025,3,Monday,17,7,4,81.6152
2025,3,Monday,17,4,0,37.6574
2025,3,Monday,17,2,3,313.0628
2025,3,Monday,17,6,0,39.0404
2025,3,Monday,17,1,0,101.0094
2025,3,Monday,17,5,2,35.2394
2025,3,Monday,17,2,8,45.3648
2025,3,Monday,17,7,5,7.0078
2025,3,Monday,17,3,4,435.3252
2025,3,Monday,17,0,4,35.6834
2025,3,Monday,17,8,0,15.5352
2025,3,Monday,17,7,2,28.6244
2025,3,Monday,17,0,5,5.8462
2025,3,Monday,17,2,6,223.3714
2025,3,Monday,17,2,7,57.1762
2025,3,Monday,17,1,5,24.602
2025,3,Monday,17,8,7,1.5524
2025,3,Monday,17,0,7,3.1988
2025,3,Monday,17,1,3,209.4582
2025,3,Monday,17,8,4,57.5172
2025,3,Monday,17,4,3,440.1142
2025,3,Monday,17,6,3,994.1242
2025,3,Monday,17,3,1,466.7322
2025,3,Monday,17,0,1,75.1706
2025,3,Monday,17,3,5,180.6246
2025,3,Monday,17,3,0,76.1114
2025,3,Monday,17,3,2,139.011
2025,3,Monday,17,6,4,187.0062
2025,3,Monday,17,3,8,151.8374
2025,3,Monday,17,7,6,10.5856
2025,3,Monday,17,8,3,338.1214
2025,3,Monday,17,3,7,201.3898
2025,3,Monday,17,0,8,6.9564
2025,3,Monday,17,2,1,143.546
2025,3,Monday,17,0,3,45.5392
2025,3,Monday,17,2,0,68.2704
2025,3,Monday,17,5,4,89.5922
2025,3,Monday,17,5,0,21.7392
2025,3,Monday,17,5,8,18.7672
2025,3,Monday,17,6,5,20.7564
2025,3,Monday,17,6,2,108.0504
2025,3,Monday,17,4,5,42.0408
2025,3,Monday,6,1,2,13.7478
2025,3,Monday,6,0,8,6.1876
2025,3,Monday,6,5,7,0.4396
2025,3,Monday,6,5,2,5.8928
2025,3,Monday,6,3,1,47.5696
2025,3,Monday,6,5,3,30.9534
2025,3,Monday,6,4,5,5.5
2025,3,Monday,6,1,6,32.4032
2025,3,Monday,6,7,5,0.4266
2025,3,Monday,6,2,1,7.8112
2025,3,Monday,6,2,7,4.8996
2025,3,Monday,6,0,4,17.2266
2025,3,Monday,6,0,7,5.9476
2025,3,Monday,6,7,3,41.2296
2025,3,Monday,6,8,4,20.2962
2025,3,Monday,6,3,2,79.135
2025,3,Monday,6,3,4,109.8794
2025,3,Monday,6,8,2,24.9542
2025,3,Monday,6,7,4,4.6402
2025,3,Monday,6,4,3,61.0402
2025,3,Monday,6,0,2,33.0106
2025,3,Monday,6,1,3,57.7
2025,3,Monday,6,0,3,25.3584
2025,3,Monday,6,3,8,100.3128
2025,3,Monday,6,6,8,8.0232
2025,3,Monday,6,2,5,6.5112
2025,3,Monday,6,5,6,1.227
2025,3,Monday,6,7,1,6.012
2025,3,Monday,6,6,1,44.5296
2025,3,Monday,6,1,5,11.1982
2025,3,Monday,6,6,2,44.3712
2025,3,Monday,6,5,4,3.1468
2025,3,Monday,6,5,0,1.611
2025,3,Monday,6,0,5,14.6926
2025,3,Monday,6,4,2,8.9586
2025,3,Monday,6,4,7,5.0166
2025,3,Monday,6,6,0,17.0624
2025,3,Monday,6,8,6,1.3886
2025,3,Monday,6,0,1,48.2444
2025,3,Monday,6,1,0,31.3878
2025,3,Monday,6,8,3,45.7464
2025,3,Monday,6,8,1,13.7638
2025,3,Monday,6,4,8,7.4902
2025,3,Monday,6,4,0,8.4986
2025,3,Monday,6,8,0,6.4372
2025,3,Monday,6,1,8,5.829
2025,3,Monday,6,2,0,9.7012
2025,3,Monday,6,0,6,13.7218
2025,3,Monday,6,4,6,22.6296
2025,3,Monday,6,8,7,0.2194
2025,3,Monday,6,6,3,142.6426
2025,3,Monday,6,6,5,6.6622
2025,3,Monday,6,3,5,203.3398
2025,3,Monday,6,2,6,11.9702
2025,3,Monday,6,3,0,12.586
2025,3,Monday,6,6,4,10.7888
2025,3,Monday,6,2,3,21.5348
2025,3,Monday,6,3,7,77.0116
2025,3,Monday,6,5,1,5.7168
2025,3,Monday,6,7,2,8.5582
2025,3,Monday,6,1,4,13.7396
2025,3,Monday,6,7,6,0.7174
2025,3,Monday,6,1,7,9.3064
2025,3,Monday,6,2,4,2.554
2025,3,Monday,6,7,0,0.9152
2025,3,Monday,6,2,8,8.646
2025,3,Monday,6,3,6,255.727
2025,3,Monday,6,8,5,4.0006
2025,3,Monday,6,6,7,0.2304
2025,3,Monday,6,4,1,7.315
2025,3,Monday,18,7,4,62.9542
2025,3,Monday,18,6,0,22.5914
2025,3,Monday,18,0,3,23.4002
2025,3,Monday,18,2,0,44.262
2025,3,Monday,18,6,5,21.6906
2025,3,Monday,18,1,4,64.6936
2025,3,Monday,18,4,8,22.0862
2025,3,Monday,18,1,6,62.6432
2025,3,Monday,18,6,2,89.342
2025,3,Monday,18,7,5,8.313
2025,3,Monday,18,4,5,39.4312
2025,3,Monday,18,2,8,27.4982
2025,3,Monday,18,4,3,271.617
2025,3,Monday,18,5,2,22.9544
2025,3,Monday,18,3,2,114.3264
2025,3,Monday,18,5,8,5.577
2025,3,Monday,18,8,5,7.082
2025,3,Monday,18,8,4,34.1762
2025,3,Monday,18,3,0,52.6778
2025,3,Monday,18,3,1,408.6448
2025,3,Monday,18,5,3,224.986
2025,3,Monday,18,5,7,2.9304
2025,3,Monday,18,3,5,204.7186
2025,3,Monday,18,5,1,50.7
2025,3,Monday,18,3,7,192.8412
2025,3,Monday,18,4,1,96.2264
2025,3,Monday,18,8,7,0.4508
2025,3,Monday,18,1,2,36.9054
2025,3,Monday,18,4,0,31.2648
2025,3,Monday,18,2,1,115.7686
2025,3,Monday,18,0,2,18.4638
2025,3,Monday,18,7,3,125.5918
2025,3,Monday,18,0,1,82.6958
2025,3,Monday,18,0,7,1.0664
2025,3,Monday,18,1,8,16.1266
2025,3,Monday,18,4,7,44.6728
2025,3,Monday,18,1,7,17.4926
2025,3,Monday,18,4,2,48.244
2025,3,Monday,18,0,5,3.9694
2025,3,Monday,18,6,8,9.9688
2025,3,Monday,18,6,7,6.9552
2025,3,Monday,18,6,4,161.6692
2025,3,Monday,18,8,0,9.784
2025,3,Monday,18,1,3,114.1054
2025,3,Monday,18,1,0,60.777
2025,3,Monday,18,6,1,138.3844
2025,3,Monday,18,2,7,42.3128
2025,3,Monday,18,0,8,4.9848
2025,3,Monday,18,2,4,82.5858
2025,3,Monday,18,3,4,438.4922
2025,3,Monday,18,6,3,491.9848
2025,3,Monday,18,3,6,528.4864
2025,3,Monday,18,0,6,15.788
2025,3,Monday,18,0,4,14.748
2025,3,Monday,18,4,6,97.6348
2025,3,Monday,18,1,5,15.882
2025,3,Monday,18,7,1,40.9016
2025,3,Monday,18,2,5,36.8976
2025,3,Monday,18,7,8,1.0522
2025,3,Monday,18,5,0,16.173
2025,3,Monday,18,8,3,105.5552
2025,3,Monday,18,5,6,17.1314
2025,3,Monday,18,7,6,9.9202
2025,3,Monday,18,8,6,15.4364
2025,3,Monday,18,7,2,30.7126
2025,3,Monday,18,2,6,135.7622
2025,3,Monday,18,3,8,95.0378
2025,3,Monday,18,8,2,18.6496
2025,3,Monday,18,7,0,7.0216
2025,3,Monday,18,8,1,33.178
2025,3,Monday,18,5,4,67.9288
2025,3,Monday,18,2,3,144.0364
2025,3,Monday,7,6,1,87.1958
2025,3,Monday,7,3,6,730.489
2025,3,Monday,7,1,4,42.9322
2025,3,Monday,7,1,8,38.2544
2025,3,Monday,7,8,3,112.101
2025,3,Monday,7,5,8,5.7462
2025,3,Monday,7,0,7,14.0678
2025,3,Monday,7,4,7,23.9006
2025,3,Monday,7,2,5,22.8576
2025,3,Monday,7,0,3,58.5948
2025,3,Monday,7,7,2,34.6786
2025,3,Monday,7,1,3,243.807
2025,3,Monday,7,8,2,37.224
2025,3,Monday,7,8,6,7.0564
2025,3,Monday,7,7,1,14.1948
2025,3,Monday,7,0,8,15.0824
2025,3,Monday,7,7,3,147.4996
2025,3,Monday,7,2,3,60.9882
2025,3,Monday,7,7,8,0.4546
2025,3,Monday,7,5,0,2.7764
2025,3,Monday,7,6,2,116.6562
2025,3,Monday,7,5,6,3.0234
2025,3,Monday,7,7,4,26.285
2025,3,Monday,7,4,5,32.7362
2025,3,Monday,7,3,7,195.3844
2025,3,Monday,7,7,6,1.1416
2025,3,Monday,7,4,1,56.9272
2025,3,Monday,7,8,1,56.1922
2025,3,Monday,7,5,2,30.7242
2025,3,Monday,7,6,4,43.4346
2025,3,Monday,7,0,2,74.1592
2025,3,Monday,7,2,0,16.6436
2025,3,Monday,7,7,5,1.1368
2025,3,Monday,7,5,4,27.3316
2025,3,Monday,7,4,2,36.1674
2025,3,Monday,7,0,1,141.952
2025,3,Monday,7,5,7,1.1552
2025,3,Monday,7,6,5,15.9566
2025,3,Monday,7,6,3,424.7384
2025,3,Monday,7,1,2,56.4608
2025,3,Monday,7,3,8,309.3466
2025,3,Monday,7,7,0,3.752
2025,3,Monday,7,3,2,213.55
2025,3,Monday,7,4,3,235.428
2025,3,Monday,7,2,8,24.2732
2025,3,Monday,7,8,4,30.722
2025,3,Monday,7,1,5,58.9734
2025,3,Monday,7,1,0,87.9084
2025,3,Monday,7,8,0,11.549
2025,3,Monday,7,1,7,36.831
2025,3,Monday,7,4,8,20.7668
2025,3,Monday,7,2,6,57.923
2025,3,Monday,7,4,0,14.3508
2025,3,Monday,7,6,7,3.051
2025,3,Monday,7,3,4,282.9864
2025,3,Monday,7,5,3,140.7746
2025,3,Monday,7,3,5,428.0998
2025,3,Monday,7,3,0,50.0346
2025,3,Monday,7,1,6,125.5432
2025,3,Monday,7,4,6,56.5184
2025,3,Monday,7,5,1,29.1226
2025,3,Monday,7,0,6,38.307
2025,3,Monday,7,2,4,22.0378
2025,3,Monday,7,2,1,23.699
2025,3,Monday,7,0,4,44.9778
2025,3,Monday,7,0,5,30.182
2025,3,Monday,7,6,8,39.0316
2025,3,Monday,7,3,1,160.0188
2025,3,Monday,7,6,0,26.561
2025,3,Monday,7,8,5,11.9354
2025,3,Monday,7,2,7,14.4034
2025,3,Monday,19,5,6,9.4012
2025,3,Monday,19,1,5,6.896
2025,3,Monday,19,7,6,5.9592
2025,3,Monday,19,5,2,12.5424
2025,3,Monday,19,0,1,43.9548
2025,3,Monday,19,3,2,61.0384
2025,3,Monday,19,7,3,52.7188
2025,3,Monday,19,3,4,252.7846
2025,3,Monday,19,3,0,33.3528
2025,3,Monday,19,7,0,5.2638
2025,3,Monday,19,6,4,73.375
2025,3,Monday,19,4,1,61.2236
2025,3,Monday,19,4,2,34.9918
2025,3,Monday,19,2,7,21.6846
2025,3,Monday,19,7,5,2.7588
2025,3,Monday,19,2,5,13.2348
2025,3,Monday,19,6,7,7.6096
2025,3,Monday,19,5,0,8.7184
2025,3,Monday,19,2,1,57.2112
2025,3,Monday,19,3,7,91.929
2025,3,Monday,19,4,8,15.795
2025,3,Monday,19,6,3,184.8112
2025,3,Monday,19,1,3,58.6224
2025,3,Monday,19,0,5,1.6028
2025,3,Monday,19,0,3,11.7668
2025,3,Monday,19,4,7,24.6048
2025,3,Monday,19,8,6,6.7522
2025,3,Monday,19,6,5,14.1596
2025,3,Monday,19,0,8,5.351
2025,3,Monday,19,3,5,89.1996
2025,3,Monday,19,2,3,72.5084
2025,3,Monday,19,2,6,51.849
2025,3,Monday,19,1,8,13.5886
2025,3,Monday,19,5,1,28.2548
2025,3,Monday,19,5,7,3.4244
2025,3,Monday,19,1,6,34.035
2025,3,Monday,19,1,4,35.9392
2025,3,Monday,19,5,3,98.1052
2025,3,Monday,19,4,6,63.5916
2025,3,Monday,19,0,7,1.3388
2025,3,Monday,19,4,3,171.0442
2025,3,Monday,19,4,5,34.3634
2025,3,Monday,19,3,8,52.2588
2025,3,Monday,19,5,8,3.2206
2025,3,Monday,19,1,2,22.9918
2025,3,Monday,19,8,0,4.4474
2025,3,Monday,19,7,1,17.9456
2025,3,Monday,19,8,4,16.4532
2025,3,Monday,19,3,6,251.8876
2025,3,Monday,19,5,4,28.4966
2025,3,Monday,19,2,8,13.4824
2025,3,Monday,19,2,4,48.1582
2025,3,Monday,19,3,1,202.4584
2025,3,Monday,19,7,8,0.2272
2025,3,Monday,19,0,4,14.1944
2025,3,Monday,19,8,5,2.3214
2025,3,Monday,19,7,4,35.7216
2025,3,Monday,19,6,8,11.266
2025,3,Monday,19,8,1,12.8482
2025,3,Monday,19,1,0,34.2846
2025,3,Monday,19,0,6,9.373
2025,3,Monday,19,2,0,30.9904
2025,3,Monday,19,7,2,14.8846
2025,3,Monday,19,6,2,35.0946
2025,3,Monday,19,1,7,8.2906
2025,3,Monday,19,8,2,5.3326
2025,3,Monday,19,4,0,30.5594
2025,3,Monday,19,8,3,42.6764
2025,3,Monday,19,0,2,9.105
2025,3,Monday,19,6,0,10.1996
2025,3,Monday,19,6,1,70.511
2025,3,Monday,8,4,8,48.1752
2025,3,Monday,8,2,8,39.3148
2025,3,Monday,8,7,6,4.1184
2025,3,Monday,8,7,3,305.337
2025,3,Monday,8,1,3,593.1178
2025,3,Monday,8,1,5,98.3168
2025,3,Monday,8,0,6,50.6774
2025,3,Monday,8,7,0,3.2114
2025,3,Monday,8,3,1,185.2796
2025,3,Monday,8,7,4,67.2042
2025,3,Monday,8,0,3,96.4374
2025,3,Monday,8,3,7,320.7182
2025,3,Monday,8,0,8,23.6834
2025,3,Monday,8,6,1,121.7016
2025,3,Monday,8,6,5,26.5502
2025,3,Monday,8,0,1,122.7628
2025,3,Monday,8,5,2,60.1224
2025,3,Monday,8,5,3,250.0954
2025,3,Monday,8,4,6,155.871
2025,3,Monday,8,4,2,97.5394
2025,3,Monday,8,4,1,51.8786
2025,3,Monday,8,0,2,82.05
2025,3,Monday,8,4,0,20.2648
2025,3,Monday,8,6,8,29.0318
2025,3,Monday,8,1,6,244.015
2025,3,Monday,8,3,6,1137.0562
2025,3,Monday,8,0,5,43.4928
2025,3,Monday,8,4,3,415.2662
2025,3,Monday,8,8,3,209.6846
2025,3,Monday,8,7,5,7.135
2025,3,Monday,8,6,7,2.909
2025,3,Monday,8,0,7,14.152
2025,3,Monday,8,6,2,220.237
2025,3,Monday,8,3,5,558.0344
2025,3,Monday,8,2,0,23.0306
2025,3,Monday,8,8,1,46.9702
2025,3,Monday,8,5,0,5.7992
2025,3,Monday,8,5,6,6.2496
2025,3,Monday,8,2,3,116.944
2025,3,Monday,8,3,8,354.4796
2025,3,Monday,8,3,0,48.0986
2025,3,Monday,8,2,6,134.2448
2025,3,Monday,8,7,1,20.2812
2025,3,Monday,8,6,3,883.3392
2025,3,Monday,8,5,7,5.6456
2025,3,Monday,8,6,0,25.0058
2025,3,Monday,8,4,5,61.8534
2025,3,Monday,8,5,8,5.9876
2025,3,Monday,8,2,5,46.2452
2025,3,Monday,8,2,7,36.714
2025,3,Monday,8,7,8,0.8
2025,3,Monday,8,1,2,140.9134
2025,3,Monday,8,4,7,60.4414
2025,3,Monday,8,7,2,76.9018
2025,3,Monday,8,5,4,55.4442
2025,3,Monday,8,8,2,54.0806
2025,3,Monday,8,0,4,63.7794
2025,3,Monday,8,1,8,58.642
2025,3,Monday,8,1,7,62.9412
2025,3,Monday,8,1,4,111.49
2025,3,Monday,8,2,1,33.7436
2025,3,Monday,8,8,5,24.0262
2025,3,Monday,8,8,6,13.018
2025,3,Monday,8,1,0,72.9592
2025,3,Monday,8,8,4,42.288
2025,3,Monday,8,3,2,303.5888
2025,3,Monday,8,6,4,81.1888
2025,3,Monday,8,2,4,53.0988
2025,3,Monday,8,8,0,6.687
2025,3,Monday,8,5,1,28.218
2025,3,Monday,8,3,4,523.7538
2025,3,Monday,20,2,7,15.4828
2025,3,Monday,20,8,1,2.8122
2025,3,Monday,20,0,1,17.7176
2025,3,Monday,20,3,1,88.4216
2025,3,Monday,20,8,3,23.5996
2025,3,Monday,20,3,2,37.4324
2025,3,Monday,20,1,7,5.492
2025,3,Monday,20,3,6,123.3222
2025,3,Monday,20,2,4,26.9116
2025,3,Monday,20,0,5,1.1374
2025,3,Monday,20,6,4,39.4646
2025,3,Monday,20,4,5,16.2968
2025,3,Monday,20,8,7,0.2352
2025,3,Monday,20,6,1,25.357
2025,3,Monday,20,3,0,26.2314
2025,3,Monday,20,4,2,23.2228
2025,3,Monday,20,3,5,38.0914
2025,3,Monday,20,0,7,1.0956
2025,3,Monday,20,1,2,12.5154
2025,3,Monday,20,7,2,5.777
2025,3,Monday,20,2,8,10.122
2025,3,Monday,20,0,8,2.205
2025,3,Monday,20,2,1,30.219
2025,3,Monday,20,1,3,36.3092
2025,3,Monday,20,5,6,6.9578
2025,3,Monday,20,7,0,3.4634
2025,3,Monday,20,0,6,6.3688
2025,3,Monday,20,5,1,15.3648
2025,3,Monday,20,7,3,26.9024
2025,3,Monday,20,5,0,6.1158
2025,3,Monday,20,7,1,7.6612
2025,3,Monday,20,4,1,47.5676
2025,3,Monday,20,7,6,2.7816
2025,3,Monday,20,6,3,78.6036
2025,3,Monday,20,6,8,4.1648
2025,3,Monday,20,1,8,10.0004
2025,3,Monday,20,6,0,7.5172
2025,3,Monday,20,6,7,3.5684
2025,3,Monday,20,2,6,29.2694
2025,3,Monday,20,8,6,3.2216
2025,3,Monday,20,0,4,14.117
2025,3,Monday,20,8,2,5.3074
2025,3,Monday,20,7,5,2.537
2025,3,Monday,20,3,7,49.1902
2025,3,Monday,20,4,7,18.2342
2025,3,Monday,20,8,0,5.1266
2025,3,Monday,20,1,6,18.0262
2025,3,Monday,20,1,0,29.2242
2025,3,Monday,20,2,5,9.2662
2025,3,Monday,20,5,3,50.626
2025,3,Monday,20,5,7,2.1092
2025,3,Monday,20,2,3,36.985
2025,3,Monday,20,6,2,17.2306
2025,3,Monday,20,7,4,15.6518
2025,3,Monday,20,4,6,45.1816
2025,3,Monday,20,1,4,25.8128
2025,3,Monday,20,0,3,10.8178
2025,3,Monday,20,8,5,3.0072
2025,3,Monday,20,3,8,28.0262
2025,3,Monday,20,5,2,4.9416
2025,3,Monday,20,5,4,18.0524
2025,3,Monday,20,1,5,7.6928
2025,3,Monday,20,4,8,11.4772
2025,3,Monday,20,4,0,25.1
2025,3,Monday,20,8,4,13.6138
2025,3,Monday,20,6,5,5.4076
2025,3,Monday,20,0,2,1.92
2025,3,Monday,20,3,4,119.5208
2025,3,Monday,20,2,0,16.4458
2025,3,Monday,20,5,8,0.706
2025,3,Monday,20,4,3,109.7922
2025,3,Monday,9,8,3,85.7884
2025,3,Monday,9,4,5,39.8734
2025,3,Monday,9,1,5,46.5956
2025,3,Monday,9,8,0,5.8846
2025,3,Monday,9,1,4,76.5138
2025,3,Monday,9,3,7,137.8528
2025,3,Monday,9,1,0,31.2206
2025,3,Monday,9,7,5,8.815
2025,3,Monday,9,2,5,29.6316
2025,3,Monday,9,2,6,56.2944
2025,3,Monday,9,0,3,68.6052
2025,3,Monday,9,2,3,102.5196
2025,3,Monday,9,6,7,4.0496
2025,3,Monday,9,2,0,10.477
2025,3,Monday,9,8,4,23.8294
2025,3,Monday,9,5,1,22.6064
2025,3,Monday,9,7,6,4.7804
2025,3,Monday,9,3,4,359.298
2025,3,Monday,9,8,1,34.9662
2025,3,Monday,9,0,6,27.1616
2025,3,Monday,9,0,5,27.4448
2025,3,Monday,9,3,1,124.3354
2025,3,Monday,9,6,0,12.37
2025,3,Monday,9,7,1,18.4656
2025,3,Monday,9,4,8,32.8644
2025,3,Monday,9,6,8,29.6504
2025,3,Monday,9,0,4,43.3914
2025,3,Monday,9,0,8,12.7658
2025,3,Monday,9,6,5,22.135
2025,3,Monday,9,1,3,338.097
2025,3,Monday,9,5,8,6.7122
2025,3,Monday,9,3,0,24.172
2025,3,Monday,9,5,2,39.2876
2025,3,Monday,9,3,8,129.3162
2025,3,Monday,9,5,6,14.112
2025,3,Monday,9,3,5,314.1872
2025,3,Monday,9,5,0,6.8524
2025,3,Monday,9,4,1,38.5818
2025,3,Monday,9,6,3,471.9518
2025,3,Monday,9,7,0,2.3894
2025,3,Monday,9,5,3,131.7316
2025,3,Monday,9,2,1,29.6498
2025,3,Monday,9,5,4,48.6252
2025,3,Monday,9,8,7,0.496
2025,3,Monday,9,0,2,65.2114
2025,3,Monday,9,5,7,6.0792
2025,3,Monday,9,2,8,15.9888
2025,3,Monday,9,6,2,170.3478
2025,3,Monday,9,6,4,78.0194
2025,3,Monday,9,2,7,24.6448
2025,3,Monday,9,2,4,50.9046
2025,3,Monday,9,8,5,24.0016
2025,3,Monday,9,7,8,0.24
2025,3,Monday,9,4,2,66.0684
2025,3,Monday,9,1,7,33.1748
2025,3,Monday,9,3,6,509.168
2025,3,Monday,9,8,2,40.1834
2025,3,Monday,9,6,1,77.4998
2025,3,Monday,9,7,2,39.699
2025,3,Monday,9,1,2,114.6518
2025,3,Monday,9,4,7,36.7208
2025,3,Monday,9,4,3,248.8966
2025,3,Monday,9,7,4,43.0174
2025,3,Monday,9,1,6,90.397
2025,3,Monday,9,4,6,86.2086
2025,3,Monday,9,1,8,24.7126
2025,3,Monday,9,8,6,7.1684
2025,3,Monday,9,0,1,88.336
2025,3,Monday,9,0,7,9.859
2025,3,Monday,9,4,0,10.118
2025,3,Monday,9,7,3,131.6952
2025,3,Monday,9,3,2,205.498
2025,3,Monday,21,5,4,6.4254
2025,3,Monday,21,3,1,51.0602
2025,3,Monday,21,1,2,7.73
2025,3,Monday,21,3,4,53.553
2025,3,Monday,21,4,8,6.132
2025,3,Monday,21,6,2,8.988
2025,3,Monday,21,2,4,13.1668
2025,3,Monday,21,0,8,1.1282
2025,3,Monday,21,7,1,5.6074
2025,3,Monday,21,1,4,14.2926
2025,3,Monday,21,6,7,2.1552
2025,3,Monday,21,5,8,1.8746
2025,3,Monday,21,0,2,2.7546
2025,3,Monday,21,1,8,5.8968
2025,3,Monday,21,5,1,9.0286
2025,3,Monday,21,1,7,3.1614
2025,3,Monday,21,4,6,38.5738
2025,3,Monday,21,8,1,2.0278
2025,3,Monday,21,6,1,15.3694
2025,3,Monday,21,7,8,0.2
2025,3,Monday,21,5,6,7.2472
2025,3,Monday,21,4,3,85.0776
2025,3,Monday,21,3,7,22.582
2025,3,Monday,21,5,3,27.712
2025,3,Monday,21,8,5,1.093
2025,3,Monday,21,0,4,9.3994
2025,3,Monday,21,3,2,20.169
2025,3,Monday,21,0,5,1.1142
2025,3,Monday,21,2,1,16.0572
2025,3,Monday,21,1,6,11.5652
2025,3,Monday,21,8,3,13.3138
2025,3,Monday,21,4,1,35.8068
2025,3,Monday,21,3,0,14.3966
2025,3,Monday,21,7,4,4.5278
2025,3,Monday,21,2,3,25.9894
2025,3,Monday,21,5,2,3.1772
2025,3,Monday,21,1,0,20.2794
2025,3,Monday,21,3,6,58.8012
2025,3,Monday,21,0,3,6.6076
2025,3,Monday,21,2,5,6.5646
2025,3,Monday,21,7,6,1.8026
2025,3,Monday,21,4,5,11.8056
2025,3,Monday,21,4,2,17.8224
2025,3,Monday,21,1,3,26.2232
2025,3,Monday,21,2,7,6.1226
2025,3,Monday,21,7,2,2.2184
2025,3,Monday,21,0,1,13.5026
2025,3,Monday,21,4,7,16.7838
2025,3,Monday,21,6,5,3.2604
2025,3,Monday,21,7,0,1.1136
2025,3,Monday,21,4,0,21.4604
2025,3,Monday,21,7,3,15.429
2025,3,Monday,21,8,0,1.5862
2025,3,Monday,21,2,8,8.542
2025,3,Monday,21,5,7,0.9904
2025,3,Monday,21,6,0,6.507
2025,3,Monday,21,3,5,16.9616
2025,3,Monday,21,0,6,3.3166
2025,3,Monday,21,8,6,2.0268
2025,3,Monday,21,6,8,3.1304
2025,3,Monday,21,7,5,0.6878
2025,3,Monday,21,8,2,4.5242000000000004
2025,3,Monday,21,2,6,17.2692
2025,3,Monday,21,8,4,4.1462
2025,3,Monday,21,2,0,11.4128
2025,3,Monday,21,5,0,4.966
2025,3,Monday,21,6,3,44.6222
2025,3,Monday,21,3,8,17.0924
2025,3,Monday,21,6,4,18.569
2025,3,Monday,21,1,5,4.9936
2025,3,Monday,10,3,8,70.5764
2025,3,Monday,10,1,7,14.0018
2025,3,Monday,10,5,1,19.988
2025,3,Monday,10,2,7,10.1692
2025,3,Monday,10,7,6,6.3206
2025,3,Monday,10,1,3,147.7846
2025,3,Monday,10,6,4,55.7414
2025,3,Monday,10,3,1,113.2612
2025,3,Monday,10,8,0,3.9946
2025,3,Monday,10,3,5,113.8492
2025,3,Monday,10,5,7,8.3426
2025,3,Monday,10,0,7,8.3126
2025,3,Monday,10,8,5,10.6496
2025,3,Monday,10,5,3,85.0962
2025,3,Monday,10,2,6,34.9462
2025,3,Monday,10,7,2,19.5026
2025,3,Monday,10,6,1,62.1214
2025,3,Monday,10,4,7,17.4092
2025,3,Monday,10,4,1,48.945
2025,3,Monday,10,3,2,116.4598
2025,3,Monday,10,8,2,21.9664
2025,3,Monday,10,1,4,48.5312
2025,3,Monday,10,5,4,34.8726
2025,3,Monday,10,1,8,11.019
2025,3,Monday,10,2,3,68.095
2025,3,Monday,10,4,3,112.8838
2025,3,Monday,10,1,5,26.048
2025,3,Monday,10,7,0,0.4692
2025,3,Monday,10,1,2,69.2086
2025,3,Monday,10,2,0,10.114
2025,3,Monday,10,5,6,12.115
2025,3,Monday,10,4,6,49.193600000000004
2025,3,Monday,10,4,8,15.7184
2025,3,Monday,10,7,3,73.0264
2025,3,Monday,10,4,5,23.216
2025,3,Monday,10,8,1,20.7896
2025,3,Monday,10,0,3,38.405
2025,3,Monday,10,6,5,10.6478
2025,3,Monday,10,0,5,20.6498
2025,3,Monday,10,2,8,9.1424
2025,3,Monday,10,7,1,18.8306
2025,3,Monday,10,8,3,61.0604
2025,3,Monday,10,8,6,8.922
2025,3,Monday,10,7,4,28.285
2025,3,Monday,10,0,6,13.1028
2025,3,Monday,10,1,6,41.7586
2025,3,Monday,10,6,3,174.6296
2025,3,Monday,10,0,1,54.4666
2025,3,Monday,10,5,8,13.203
2025,3,Monday,10,1,0,22.797
2025,3,Monday,10,4,2,51.2524
2025,3,Monday,10,3,6,198.4076
2025,3,Monday,10,6,8,12.5716
2025,3,Monday,10,0,4,30.0508
2025,3,Monday,10,3,7,60.8004
2025,3,Monday,10,2,1,40.7164
2025,3,Monday,10,5,0,9.4098
2025,3,Monday,10,3,0,15.806
2025,3,Monday,10,2,5,12.4032
2025,3,Monday,10,2,4,33.8616
2025,3,Monday,10,4,0,10.877
2025,3,Monday,10,7,5,5.5348
2025,3,Monday,10,6,0,8.531
2025,3,Monday,10,6,2,53.9208
2025,3,Monday,10,5,2,20.1728
2025,3,Monday,10,0,2,36.7248
2025,3,Monday,10,3,4,197.9806
2025,3,Monday,10,0,8,6.1982
2025,3,Monday,10,6,7,5.1634
2025,3,Monday,10,8,4,18.6498
2025,3,Monday,10,7,8,1.0038
2025,3,Monday,22,2,7,2.0112
2025,3,Monday,22,4,2,13.2486
2025,3,Monday,22,3,8,15.5038
2025,3,Monday,22,7,2,3.3034
2025,3,Monday,22,5,4,5.0872
2025,3,Monday,22,7,6,0.6518
2025,3,Monday,22,0,1,4.1534
2025,3,Monday,22,8,2,4.136
2025,3,Monday,22,6,0,5.168
2025,3,Monday,22,4,7,7.7112
2025,3,Monday,22,3,2,13.396
2025,3,Monday,22,4,5,6.7912
2025,3,Monday,22,6,3,23.7566
2025,3,Monday,22,5,1,5.8202
2025,3,Monday,22,4,3,54.7816
2025,3,Monday,22,2,3,17.039
2025,3,Monday,22,2,8,4.0332
2025,3,Monday,22,2,0,10.9372
2025,3,Monday,22,6,1,11.4706
2025,3,Monday,22,7,8,0.2
2025,3,Monday,22,5,3,13.41
2025,3,Monday,22,3,7,10.2476
2025,3,Monday,22,3,6,46.5564
2025,3,Monday,22,3,5,10.1318
2025,3,Monday,22,7,1,3.9558
2025,3,Monday,22,0,7,1.8314
2025,3,Monday,22,6,8,1.6538
2025,3,Monday,22,4,0,12.0198
2025,3,Monday,22,6,4,8.3468
2025,3,Monday,22,2,5,2.0664
2025,3,Monday,22,0,6,3.4148
2025,3,Monday,22,2,6,14.0064
2025,3,Monday,22,1,6,7.77
2025,3,Monday,22,3,4,29.264
2025,3,Monday,22,6,2,5.2542
2025,3,Monday,22,8,0,2.4722
2025,3,Monday,22,7,5,0.4494
2025,3,Monday,22,2,1,8.4506
2025,3,Monday,22,7,0,1.3098
2025,3,Monday,22,1,2,4.3504
2025,3,Monday,22,8,4,2.25
2025,3,Monday,22,0,4,2.894
2025,3,Monday,22,8,6,0.4614
2025,3,Monday,22,1,8,3.1792
2025,3,Monday,22,5,7,0.25
2025,3,Monday,22,5,6,2.4534
2025,3,Monday,22,8,1,3.3606
2025,3,Monday,22,8,5,0.2254
2025,3,Monday,22,1,3,17.0398
2025,3,Monday,22,1,0,11.4282
2025,3,Monday,22,1,4,6.841
2025,3,Monday,22,6,7,1.371
2025,3,Monday,22,1,7,2.7194
2025,3,Monday,22,0,8,2.3058
2025,3,Monday,22,0,5,1.0402
2025,3,Monday,22,1,5,3.8646
2025,3,Monday,22,7,3,12.9058
2025,3,Monday,22,0,3,6.0524
2025,3,Monday,22,8,3,7.9226
2025,3,Monday,22,4,8,4.7838
2025,3,Monday,22,6,5,1.162
2025,3,Monday,22,5,8,0.2176
2025,3,Monday,22,5,0,3.1616
2025,3,Monday,22,0,2,1.599
2025,3,Monday,22,4,1,18.1018
2025,3,Monday,22,5,2,1.1662
2025,3,Monday,22,7,4,7.7064
2025,3,Monday,22,3,0,13.5344
2025,3,Monday,22,4,6,26.1304
2025,3,Monday,22,3,1,28.5892
2025,3,Monday,22,2,4,6.5984
2025,3,Monday,11,7,0,3.3874
2025,3,Monday,11,0,8,2.4028
2025,3,Monday,11,3,6,140.7742
2025,3,Monday,11,3,0,14.3924
2025,3,Monday,11,0,5,11.9206
2025,3,Monday,11,1,0,18.1296
2025,3,Monday,11,5,2,19.9594
2025,3,Monday,11,7,4,30.1402
2025,3,Monday,11,5,8,8.8928
2025,3,Monday,11,1,5,15.361
2025,3,Monday,11,4,5,22.874
2025,3,Monday,11,2,4,44.0626
2025,3,Monday,11,4,0,16.8514
2025,3,Monday,11,7,2,18.5434
2025,3,Monday,11,6,1,41.4232
2025,3,Monday,11,5,1,20.855
2025,3,Monday,11,6,2,44.9076
2025,3,Monday,11,2,7,13.7084
2025,3,Monday,11,3,4,169.4128
2025,3,Monday,11,5,4,39.042
2025,3,Monday,11,0,6,10.8314
2025,3,Monday,11,2,0,10.4928
2025,3,Monday,11,4,7,17.0428
2025,3,Monday,11,0,3,35.499
2025,3,Monday,11,5,6,21.0942
2025,3,Monday,11,2,3,67.996
2025,3,Monday,11,6,7,3.9102
2025,3,Monday,11,2,5,14.5342
2025,3,Monday,11,6,3,153.6972
2025,3,Monday,11,3,7,50.5508
2025,3,Monday,11,4,8,14.2822
2025,3,Monday,11,1,8,10.8156
2025,3,Monday,11,1,2,48.4542
2025,3,Monday,11,8,5,12.413
2025,3,Monday,11,8,7,0.7186
2025,3,Monday,11,4,2,31.6976
2025,3,Monday,11,6,5,15.2828
2025,3,Monday,11,4,6,42.191
2025,3,Monday,11,7,5,4.059
2025,3,Monday,11,8,0,3.4642
2025,3,Monday,11,3,5,75.7708
2025,3,Monday,11,1,7,10.3604
2025,3,Monday,11,2,8,17.3686
2025,3,Monday,11,6,4,58.4652
2025,3,Monday,11,8,2,16.0572
2025,3,Monday,11,4,3,105.9126
2025,3,Monday,11,0,7,4.0582
2025,3,Monday,11,8,4,23.6254
2025,3,Monday,11,7,8,1.2012
2025,3,Monday,11,0,2,19.4552
2025,3,Monday,11,6,0,9.4476
2025,3,Monday,11,8,6,22.5208
2025,3,Monday,11,1,4,48.6554
2025,3,Monday,11,8,3,53.6116
2025,3,Monday,11,1,3,105.6254
2025,3,Monday,11,6,8,21.8222
2025,3,Monday,11,7,1,14.6068
2025,3,Monday,11,3,1,114.5432
2025,3,Monday,11,2,1,55.4414
2025,3,Monday,11,7,3,66.0104
2025,3,Monday,11,5,0,9.7096
2025,3,Monday,11,3,8,53.6972
2025,3,Monday,11,8,1,13.8754
2025,3,Monday,11,0,1,42.4166
2025,3,Monday,11,0,4,24.3612
2025,3,Monday,11,5,7,7.139
2025,3,Monday,11,2,6,29.9082
2025,3,Monday,11,1,6,32.119
2025,3,Monday,11,3,2,93.8388
2025,3,Monday,11,7,6,5.3872
2025,3,Monday,11,5,3,79.4814
2025,3,Monday,11,4,1,52.6998
2025,3,Monday,23,1,7,0.931
2025,3,Monday,23,3,7,4.7362
2025,3,Monday,23,4,6,13.0794
2025,3,Monday,23,5,8,0.6484
2025,3,Monday,23,0,1,1.5156
2025,3,Monday,23,4,5,3.9028
2025,3,Monday,23,3,5,2.594
2025,3,Monday,23,2,6,3.6442
2025,3,Monday,23,6,4,3.104
2025,3,Monday,23,6,2,3.1528
2025,3,Monday,23,6,1,4.8104
2025,3,Monday,23,5,6,0.6964
2025,3,Monday,23,0,6,3.311
2025,3,Monday,23,1,4,4.2078
2025,3,Monday,23,4,7,4.1392
2025,3,Monday,23,7,3,8.5752
2025,3,Monday,23,0,4,2.2754
2025,3,Monday,23,6,7,0.4694
2025,3,Monday,23,1,2,3.9594
2025,3,Monday,23,8,1,0.8892
2025,3,Monday,23,3,6,18.8014
2025,3,Monday,23,8,0,0.4462
2025,3,Monday,23,5,0,1.9152
2025,3,Monday,23,5,3,9.0702
2025,3,Monday,23,5,2,0.2118
2025,3,Monday,23,7,2,0.7066
2025,3,Monday,23,6,8,1.3618
2025,3,Monday,23,0,7,0.261
2025,3,Monday,23,7,6,0.8994
2025,3,Monday,23,2,7,0.2044
2025,3,Monday,23,4,1,7.9204
2025,3,Monday,23,8,3,4.1954
2025,3,Monday,23,4,8,5.6826
2025,3,Monday,23,3,0,10.936
2025,3,Monday,23,6,5,0.886
2025,3,Monday,23,3,8,8.9976
2025,3,Monday,23,2,1,1.8592
2025,3,Monday,23,4,0,8.6398
2025,3,Monday,23,2,0,9.5618
2025,3,Monday,23,7,1,2.5914
2025,3,Monday,23,3,1,9.839
2025,3,Monday,23,6,0,5.2066
2025,3,Monday,23,8,6,1.5134
2025,3,Monday,23,4,3,40.2074
2025,3,Monday,23,8,4,1.86
2025,3,Monday,23,0,8,0.5026
2025,3,Monday,23,0,2,3.8038
2025,3,Monday,23,1,3,7.9024
2025,3,Monday,23,5,7,0.9348
2025,3,Monday,23,2,5,2.908
2025,3,Monday,23,7,4,3.0862
2025,3,Monday,23,1,6,4.2368
2025,3,Monday,23,1,8,2.5744
2025,3,Monday,23,1,0,5.3066
2025,3,Monday,23,0,3,5.0856
2025,3,Monday,23,0,5,0.5064
2025,3,Monday,23,2,8,5.7138
2025,3,Monday,23,4,2,5.7048
2025,3,Monday,23,3,2,5.5288
2025,3,Monday,23,2,4,2.7586
2025,3,Monday,23,2,3,12.6058
2025,3,Monday,23,5,1,2.109
2025,3,Monday,23,6,3,11.1872
2025,3,Monday,23,5,4,2.6252
2025,3,Monday,23,3,4,10.4458
2025,3,Monday,23,7,0,3.2682
2025,3,Monday,23,1,5,0.48
2025,3,Monday,0,5,3,2.4528
2025,3,Monday,0,6,5,0.931
2025,3,Monday,0,6,3,2.489
2025,3,Monday,0,3,8,1.568
2025,3,Monday,0,0,2,0.5616
2025,3,Monday,0,7,4,0.2206
2025,3,Monday,0,4,2,0.9304
2025,3,Monday,0,8,5,0.4
2025,3,Monday,0,5,0,1.1888
2025,3,Monday,0,6,7,0.8134
2025,3,Monday,0,2,1,0.7902
2025,3,Monday,0,8,6,0.4
2025,3,Monday,0,6,2,0.4556
2025,3,Monday,0,2,6,0.4438
2025,3,Monday,0,8,0,1.2
2025,3,Monday,0,5,2,0.7206
2025,3,Monday,0,0,6,0.7998
2025,3,Monday,0,3,2,4.7854
2025,3,Monday,0,1,6,1.6822
2025,3,Monday,0,0,5,0.2808
2025,3,Monday,0,8,3,0.6666
2025,3,Monday,0,0,3,2.157
2025,3,Monday,0,0,4,1.0586
2025,3,Monday,0,2,3,0.2
2025,3,Monday,0,6,4,1.9906
2025,3,Monday,0,5,1,0.9616
2025,3,Monday,0,0,1,1.3032
2025,3,Monday,0,7,6,0.2
2025,3,Monday,0,1,0,2.175
2025,3,Monday,0,3,1,3.1456
2025,3,Monday,0,1,7,0.2382
2025,3,Monday,0,6,0,1.2658
2025,3,Monday,0,3,0,4.972
2025,3,Monday,0,4,1,3.4184
2025,3,Monday,0,1,3,0.2222
2025,3,Monday,0,0,7,0.806
2025,3,Monday,0,5,4,1.488
2025,3,Monday,0,2,7,0.2858
2025,3,Monday,0,3,5,1.7596
2025,3,Monday,0,8,2,0.4488
2025,3,Monday,0,3,7,0.7488
2025,3,Monday,0,7,3,0.9176
2025,3,Monday,0,1,4,0.9746
2025,3,Monday,0,2,4,1.4532
2025,3,Monday,0,1,2,0.7228
2025,3,Monday,0,8,1,0.2728
2025,3,Monday,0,4,8,0.9248
2025,3,Monday,0,3,6,3.4804
2025,3,Monday,0,4,6,3.5164
2025,3,Monday,0,4,3,9.6536
2025,3,Monday,0,4,5,1.3614
2025,3,Monday,0,2,0,2.5116
2025,3,Monday,0,3,4,5.63
2025,3,Monday,0,1,8,0.4904
2025,3,Monday,0,7,0,0.4528
2025,3,Monday,0,2,8,2.4056
2025,3,Monday,0,8,4,0.6
2025,3,Monday,0,4,0,6.3714
2025,3,Monday,0,5,8,0.2286
2025,3,Monday,0,2,5,0.24
2025,3,Monday,0,6,8,0.4646
2025,3,Monday,12,5,0,10.2632
2025,3,Monday,12,0,6,10.4414
2025,3,Monday,12,7,0,3.1056
2025,3,Monday,12,3,2,95.7026
2025,3,Monday,12,6,7,3.9188
2025,3,Monday,12,8,7,0.4764
2025,3,Monday,12,6,3,141.565
2025,3,Monday,12,6,4,64.5508
2025,3,Monday,12,2,1,56.0574
2025,3,Monday,12,5,1,24.211
2025,3,Monday,12,2,8,14.6746
2025,3,Monday,12,7,3,49.2178
2025,3,Monday,12,1,5,16.2068
2025,3,Monday,12,5,3,82.2534
2025,3,Monday,12,2,4,51.6292
2025,3,Monday,12,4,0,15.4678
2025,3,Monday,12,7,2,16.7226
2025,3,Monday,12,2,5,19.6458
2025,3,Monday,12,4,7,22.3234
2025,3,Monday,12,5,6,19.4914
2025,3,Monday,12,4,6,53.4802
2025,3,Monday,12,7,1,14.79
2025,3,Monday,12,5,8,14.9382
2025,3,Monday,12,2,0,12.3948
2025,3,Monday,12,7,4,31.6144
2025,3,Monday,12,1,4,49.7592
2025,3,Monday,12,8,6,33.5534
2025,3,Monday,12,6,2,31.3284
2025,3,Monday,12,3,7,52.6684
2025,3,Monday,12,3,4,157.8112
2025,3,Monday,12,0,7,2.1914
2025,3,Monday,12,2,7,14.4794
2025,3,Monday,12,3,0,22.5356
2025,3,Monday,12,1,2,62.1198
2025,3,Monday,12,5,7,9.728
2025,3,Monday,12,7,6,5.2828
2025,3,Monday,12,5,2,17.4262
2025,3,Monday,12,2,3,94.8988
2025,3,Monday,12,2,6,33.4152
2025,3,Monday,12,8,2,19.0026
2025,3,Monday,12,0,2,18.575
2025,3,Monday,12,4,3,112.729
2025,3,Monday,12,8,3,54.6954
2025,3,Monday,12,8,4,27.4196
2025,3,Monday,12,1,7,9.4104
2025,3,Monday,12,0,1,43.384
2025,3,Monday,12,6,8,20.1902
2025,3,Monday,12,8,1,16.5306
2025,3,Monday,12,8,5,13.6642
2025,3,Monday,12,3,1,115.463
2025,3,Monday,12,6,1,33.6264
2025,3,Monday,12,3,6,162.59
2025,3,Monday,12,1,8,14.7578
2025,3,Monday,12,0,3,28.5544
2025,3,Monday,12,6,5,16.8806
2025,3,Monday,12,4,2,42.7952
2025,3,Monday,12,0,8,3.8136
2025,3,Monday,12,4,5,31.5974
2025,3,Monday,12,1,3,108.3576
2025,3,Monday,12,3,8,64.1312
2025,3,Monday,12,4,8,16.9142
2025,3,Monday,12,1,0,21.9014
2025,3,Monday,12,4,1,52.1408
2025,3,Monday,12,0,5,10.8266
2025,3,Monday,12,3,5,73.6786
2025,3,Monday,12,7,8,0.8524
2025,3,Monday,12,5,4,44.3384
2025,3,Monday,12,7,5,8.668
2025,3,Monday,12,6,0,9.1894
2025,3,Monday,12,8,0,5.6322
2025,3,Monday,12,0,4,23.788
2025,3,Monday,12,1,6,31.117
2025,3,Tuesday,1,6,1,0.2738
2025,3,Tuesday,1,6,3,2.9033
2025,3,Tuesday,1,1,3,1.3092
2025,3,Tuesday,1,3,0,2.1838
2025,3,Tuesday,1,3,8,1.1945
2025,3,Tuesday,1,8,0,0.5
2025,3,Tuesday,1,5,1,0.5207
2025,3,Tuesday,1,4,8,0.375
2025,3,Tuesday,1,1,7,0.389
2025,3,Tuesday,1,2,0,2.405
2025,3,Tuesday,1,3,5,0.8625
2025,3,Tuesday,1,4,0,1.9915
2025,3,Tuesday,1,0,2,0.4063
2025,3,Tuesday,1,4,5,0.6137
2025,3,Tuesday,1,3,4,3.8143
2025,3,Tuesday,1,3,7,0.3198
2025,3,Tuesday,1,4,2,0.3035
2025,3,Tuesday,1,5,4,1.8922
2025,3,Tuesday,1,1,5,0.75
2025,3,Tuesday,1,2,6,0.327
2025,3,Tuesday,1,3,2,1.9812
2025,3,Tuesday,1,0,4,0.7427
2025,3,Tuesday,1,0,5,0.4063
2025,3,Tuesday,1,7,0,0.5735
2025,3,Tuesday,1,6,2,0.7887
2025,3,Tuesday,1,8,4,1.7345
2025,3,Tuesday,1,6,0,0.7065
2025,3,Tuesday,1,8,1,0.2833
2025,3,Tuesday,1,2,3,0.86
2025,3,Tuesday,1,1,8,0.3332
2025,3,Tuesday,1,5,8,0.5
2025,3,Tuesday,1,8,2,0.2833
2025,3,Tuesday,1,0,6,0.673
2025,3,Tuesday,1,4,3,2.554
2025,3,Tuesday,1,8,6,0.25
2025,3,Tuesday,1,8,3,0.625
2025,3,Tuesday,1,1,0,0.5922
2025,3,Tuesday,1,4,6,2.7485
2025,3,Tuesday,1,2,1,0.25
2025,3,Tuesday,1,5,3,0.361
2025,3,Tuesday,1,3,6,2.5435
2025,3,Tuesday,1,7,4,0.25
2025,3,Tuesday,1,6,5,0.6067
2025,3,Tuesday,1,3,1,0.9845
2025,3,Tuesday,1,0,3,1.053
2025,3,Tuesday,1,4,1,1.801
2025,3,Tuesday,1,6,4,0.5897
2025,3,Tuesday,13,4,8,24.5265
2025,3,Tuesday,13,5,1,20.9217
2025,3,Tuesday,13,3,8,56.429
2025,3,Tuesday,13,8,4,34.2963
2025,3,Tuesday,13,2,5,17.8615
2025,3,Tuesday,13,1,4,57.2312
2025,3,Tuesday,13,0,7,2.815
2025,3,Tuesday,13,1,6,32.848
2025,3,Tuesday,13,4,6,67.7578
2025,3,Tuesday,13,2,7,12.459
2025,3,Tuesday,13,7,8,0.9373
2025,3,Tuesday,13,0,3,30.9175
2025,3,Tuesday,13,8,5,33.5305
2025,3,Tuesday,13,4,0,20.7262
2025,3,Tuesday,13,3,7,44.0335
2025,3,Tuesday,13,7,1,14.0527
2025,3,Tuesday,13,3,2,102.3123
2025,3,Tuesday,13,2,1,54.9795
2025,3,Tuesday,13,1,0,45.6792
2025,3,Tuesday,13,2,4,51.0455
2025,3,Tuesday,13,2,8,15.5443
2025,3,Tuesday,13,3,5,76.4903
2025,3,Tuesday,13,6,1,46.4523
2025,3,Tuesday,13,3,0,29.4882
2025,3,Tuesday,13,7,3,80.9945
2025,3,Tuesday,13,3,6,167.0885
2025,3,Tuesday,13,7,4,35.7517
2025,3,Tuesday,13,5,4,58.4115
2025,3,Tuesday,13,1,8,11.1397
2025,3,Tuesday,13,4,5,40.4297
2025,3,Tuesday,13,6,2,34.5493
2025,3,Tuesday,13,7,6,3.962
2025,3,Tuesday,13,3,4,173.6958
2025,3,Tuesday,13,6,4,77.295
2025,3,Tuesday,13,6,0,14.3732
2025,3,Tuesday,13,8,0,9.0537
2025,3,Tuesday,13,0,8,4.8293
2025,3,Tuesday,13,8,6,29.8235
2025,3,Tuesday,13,2,6,48.2372
2025,3,Tuesday,13,6,8,15.3393
2025,3,Tuesday,13,0,5,12.4837
2025,3,Tuesday,13,4,7,23.5067
2025,3,Tuesday,13,5,2,21.0755
2025,3,Tuesday,13,6,5,23.711
2025,3,Tuesday,13,6,3,180.4313
2025,3,Tuesday,13,4,3,171.869
2025,3,Tuesday,13,7,2,14.5173
2025,3,Tuesday,13,4,2,44.877
2025,3,Tuesday,13,1,5,19.5768
2025,3,Tuesday,13,5,7,8.6125
2025,3,Tuesday,13,5,0,11.46
2025,3,Tuesday,13,4,1,74.0365
2025,3,Tuesday,13,7,0,4.7335
2025,3,Tuesday,13,7,5,12.538
2025,3,Tuesday,13,5,6,25.269
2025,3,Tuesday,13,1,3,115.2252
2025,3,Tuesday,13,5,8,16.163
2025,3,Tuesday,13,1,7,14.5002
2025,3,Tuesday,13,2,3,107.9017
2025,3,Tuesday,13,3,1,119.7567
2025,3,Tuesday,13,8,1,19.7292
2025,3,Tuesday,13,0,2,19.8387
2025,3,Tuesday,13,0,4,34.0632
2025,3,Tuesday,13,1,2,53.447
2025,3,Tuesday,13,2,0,19.062
2025,3,Tuesday,13,0,1,48.1388
2025,3,Tuesday,13,8,7,0.9305
2025,3,Tuesday,13,6,7,7.2088
2025,3,Tuesday,13,0,6,15.308
2025,3,Tuesday,13,8,2,21.5023
2025,3,Tuesday,13,8,3,71.8173
2025,3,Tuesday,13,5,3,101.1093
2025,3,Tuesday,2,6,4,0.6515
2025,3,Tuesday,2,3,5,0.3655
2025,3,Tuesday,2,4,6,0.3282
2025,3,Tuesday,2,8,0,0.25
2025,3,Tuesday,2,6,3,0.2707
2025,3,Tuesday,2,3,8,0.3643
2025,3,Tuesday,2,0,6,0.3977
2025,3,Tuesday,2,8,5,0.3
2025,3,Tuesday,2,0,4,0.4108
2025,3,Tuesday,2,2,5,0.3125
2025,3,Tuesday,2,4,2,0.2707
2025,3,Tuesday,2,2,0,1.2547
2025,3,Tuesday,2,5,6,0.7143
2025,3,Tuesday,2,3,4,0.7405
2025,3,Tuesday,2,4,5,0.5983
2025,3,Tuesday,2,6,8,0.641
2025,3,Tuesday,2,0,3,0.853
2025,3,Tuesday,2,5,0,0.3573
2025,3,Tuesday,2,3,1,0.7283
2025,3,Tuesday,2,3,0,0.667
2025,3,Tuesday,2,3,2,0.7298
2025,3,Tuesday,2,3,6,3.4587
2025,3,Tuesday,2,8,2,0.3
2025,3,Tuesday,2,0,1,0.3977
2025,3,Tuesday,2,2,3,1.7145
2025,3,Tuesday,2,3,7,0.7298
2025,3,Tuesday,2,7,0,0.25
2025,3,Tuesday,2,5,3,0.9645
2025,3,Tuesday,2,6,1,0.3438
2025,3,Tuesday,2,4,3,1.4618
2025,3,Tuesday,2,4,8,0.604
2025,3,Tuesday,2,4,1,1.2537
2025,3,Tuesday,2,5,4,1.9468
2025,3,Tuesday,14,8,4,39.0093
2025,3,Tuesday,14,5,3,156.8575
2025,3,Tuesday,14,4,6,83.2412
2025,3,Tuesday,14,2,3,113.6528
2025,3,Tuesday,14,6,4,77.6577
2025,3,Tuesday,14,1,6,39.6458
2025,3,Tuesday,14,7,0,1.8038
2025,3,Tuesday,14,4,0,39.759
2025,3,Tuesday,14,1,4,60.8407
2025,3,Tuesday,14,4,1,87.1583
2025,3,Tuesday,14,6,7,5.5708
2025,3,Tuesday,14,6,3,256.3492
2025,3,Tuesday,14,7,1,11.73
2025,3,Tuesday,14,5,1,35.047
2025,3,Tuesday,14,0,4,25.1825
2025,3,Tuesday,14,3,2,93.0207
2025,3,Tuesday,14,0,3,48.5325
2025,3,Tuesday,14,8,5,29.0545
2025,3,Tuesday,14,3,1,126.477
2025,3,Tuesday,14,3,7,52.8323
2025,3,Tuesday,14,3,6,182.1995
2025,3,Tuesday,14,3,0,36.514
2025,3,Tuesday,14,0,1,49.6253
2025,3,Tuesday,14,8,2,23.6325
2025,3,Tuesday,14,1,0,51.7072
2025,3,Tuesday,14,2,1,65.4417
2025,3,Tuesday,14,5,0,18.0083
2025,3,Tuesday,14,1,3,120.7133
2025,3,Tuesday,14,5,2,25.249
2025,3,Tuesday,14,7,6,7.8372
2025,3,Tuesday,14,0,8,3.7333
2025,3,Tuesday,14,7,5,7.9832
2025,3,Tuesday,14,3,4,178.7715
2025,3,Tuesday,14,6,5,22.342
2025,3,Tuesday,14,1,7,12.9492
2025,3,Tuesday,14,8,1,30.5828
2025,3,Tuesday,14,5,4,54.7095
2025,3,Tuesday,14,6,2,47.3472
2025,3,Tuesday,14,5,7,6.2165
2025,3,Tuesday,14,7,2,17.9722
2025,3,Tuesday,14,2,0,32.0707
2025,3,Tuesday,14,4,7,28.3505
2025,3,Tuesday,14,0,2,20.7373
2025,3,Tuesday,14,1,8,20.5673
2025,3,Tuesday,14,0,6,17.6735
2025,3,Tuesday,14,3,8,59.0743
2025,3,Tuesday,14,8,0,7.8513
2025,3,Tuesday,14,7,3,95.99
2025,3,Tuesday,14,4,5,38.2768
2025,3,Tuesday,14,6,1,53.4565
2025,3,Tuesday,14,1,2,58.536
2025,3,Tuesday,14,1,5,21.2215
2025,3,Tuesday,14,8,7,0.2943
2025,3,Tuesday,14,3,5,68.181
2025,3,Tuesday,14,4,3,208.3367
2025,3,Tuesday,14,5,6,33.0935
2025,3,Tuesday,14,2,5,20.5945
2025,3,Tuesday,14,8,3,115.4863
2025,3,Tuesday,14,2,6,58.335
2025,3,Tuesday,14,5,8,16.2625
2025,3,Tuesday,14,6,0,11.274
2025,3,Tuesday,14,8,6,25.3732
2025,3,Tuesday,14,0,5,6.1208
2025,3,Tuesday,14,6,8,12.5732
2025,3,Tuesday,14,7,8,1.5952
2025,3,Tuesday,14,2,7,21.9972
2025,3,Tuesday,14,2,8,15.5868
2025,3,Tuesday,14,4,2,58.435
2025,3,Tuesday,14,7,4,43.61
2025,3,Tuesday,14,2,4,64.046
2025,3,Tuesday,14,0,7,5.7933
2025,3,Tuesday,14,4,8,29.5115
2025,3,Tuesday,3,6,7,0.275
2025,3,Tuesday,3,8,3,1.5
2025,3,Tuesday,3,1,0,0.6073
2025,3,Tuesday,3,8,6,0.25
2025,3,Tuesday,3,1,8,0.2813
2025,3,Tuesday,3,3,2,0.353
2025,3,Tuesday,3,0,8,0.3282
2025,3,Tuesday,3,2,6,0.25
2025,3,Tuesday,3,2,0,1.4222
2025,3,Tuesday,3,5,6,0.5
2025,3,Tuesday,3,3,4,2.1565
2025,3,Tuesday,3,1,3,0.3573
2025,3,Tuesday,3,2,4,0.25
2025,3,Tuesday,3,7,4,0.275
2025,3,Tuesday,3,8,2,0.4168
2025,3,Tuesday,3,3,8,0.3332
2025,3,Tuesday,3,0,3,0.68
2025,3,Tuesday,3,4,3,1.1988
2025,3,Tuesday,3,5,4,1.7048
2025,3,Tuesday,3,3,6,0.5
2025,3,Tuesday,3,2,1,1.1247
2025,3,Tuesday,3,6,8,0.525
2025,3,Tuesday,3,1,2,0.3332
2025,3,Tuesday,3,0,5,1.3697
2025,3,Tuesday,3,5,3,2.4797
2025,3,Tuesday,3,6,0,0.5
2025,3,Tuesday,3,0,6,0.9947
2025,3,Tuesday,3,8,0,0.25
2025,3,Tuesday,3,5,2,0.875
2025,3,Tuesday,3,7,3,0.2677
2025,3,Tuesday,3,6,3,1.4845
2025,3,Tuesday,3,4,5,0.6055
2025,3,Tuesday,3,4,6,0.5928
2025,3,Tuesday,3,3,0,0.9688
2025,3,Tuesday,3,4,0,1.7545
2025,3,Tuesday,3,1,4,0.2813
2025,3,Tuesday,15,0,3,56.1815
2025,3,Tuesday,15,1,6,71.729
2025,3,Tuesday,15,5,1,48.2493
2025,3,Tuesday,15,2,0,40.363
2025,3,Tuesday,15,5,0,19.3443
2025,3,Tuesday,15,4,6,77.5457
2025,3,Tuesday,15,7,1,22.96
2025,3,Tuesday,15,6,2,40.9005
2025,3,Tuesday,15,4,5,39.5423
2025,3,Tuesday,15,6,3,384.7755
2025,3,Tuesday,15,2,7,21.113
2025,3,Tuesday,15,3,2,94.8018
2025,3,Tuesday,15,4,3,332.684
2025,3,Tuesday,15,1,2,71.4483
2025,3,Tuesday,15,2,5,21.4837
2025,3,Tuesday,15,7,6,7.4765
2025,3,Tuesday,15,6,5,22.6037
2025,3,Tuesday,15,2,1,72.6852
2025,3,Tuesday,15,8,6,36.2102
2025,3,Tuesday,15,0,1,65.1723
2025,3,Tuesday,15,8,3,227.378
2025,3,Tuesday,15,0,8,8.6258
2025,3,Tuesday,15,0,7,3.4675
2025,3,Tuesday,15,6,7,5.4158
2025,3,Tuesday,15,4,7,34.0187
2025,3,Tuesday,15,1,8,38.4693
2025,3,Tuesday,15,0,2,26.1368
2025,3,Tuesday,15,8,5,23.6977
2025,3,Tuesday,15,7,3,143.9722
2025,3,Tuesday,15,2,3,187.5122
2025,3,Tuesday,15,8,4,42.9503
2025,3,Tuesday,15,1,4,85.778
2025,3,Tuesday,15,7,0,6.8888
2025,3,Tuesday,15,6,8,14.494
2025,3,Tuesday,15,5,2,35.6433
2025,3,Tuesday,15,5,6,28.9163
2025,3,Tuesday,15,3,5,72.104
2025,3,Tuesday,15,7,4,44.4325
2025,3,Tuesday,15,4,1,97.62
2025,3,Tuesday,15,5,8,21.3965
2025,3,Tuesday,15,8,7,1.4782
2025,3,Tuesday,15,7,5,10.165
2025,3,Tuesday,15,4,2,56.01
2025,3,Tuesday,15,7,8,0.8225
2025,3,Tuesday,15,2,8,40.1855
2025,3,Tuesday,15,2,4,63.0322
2025,3,Tuesday,15,3,6,217.837
2025,3,Tuesday,15,3,1,134.2725
2025,3,Tuesday,15,6,4,94.6485
2025,3,Tuesday,15,1,7,14.295
2025,3,Tuesday,15,4,0,63.795
2025,3,Tuesday,15,3,8,70.4625
2025,3,Tuesday,15,4,8,31.7735
2025,3,Tuesday,15,8,2,25.383
2025,3,Tuesday,15,8,0,13.75
2025,3,Tuesday,15,1,5,25.639
2025,3,Tuesday,15,1,3,188.2138
2025,3,Tuesday,15,0,5,9.2712
2025,3,Tuesday,15,0,4,30.5727
2025,3,Tuesday,15,3,4,191.9978
2025,3,Tuesday,15,3,0,53.1025
2025,3,Tuesday,15,6,0,25.192
2025,3,Tuesday,15,5,3,271.7012
2025,3,Tuesday,15,5,7,10.2307
2025,3,Tuesday,15,0,6,22.0333
2025,3,Tuesday,15,6,1,60.7675
2025,3,Tuesday,15,5,4,68.9768
2025,3,Tuesday,15,3,7,65.0102
2025,3,Tuesday,15,1,0,130.4285
2025,3,Tuesday,15,7,2,19.6895
2025,3,Tuesday,15,8,1,27.9148
2025,3,Tuesday,15,2,6,63.4945
2025,3,Tuesday,4,5,4,0.8
2025,3,Tuesday,4,7,6,0.6
2025,3,Tuesday,4,5,3,0.5418
2025,3,Tuesday,4,1,5,1.4695
2025,3,Tuesday,4,4,0,1.364
2025,3,Tuesday,4,6,3,14.2515
2025,3,Tuesday,4,0,3,5.313
2025,3,Tuesday,4,2,7,0.25
2025,3,Tuesday,4,2,6,0.8158
2025,3,Tuesday,4,8,4,0.2885
2025,3,Tuesday,4,6,0,0.306
2025,3,Tuesday,4,6,1,1.3217
2025,3,Tuesday,4,3,4,2.1653
2025,3,Tuesday,4,3,6,3.1023
2025,3,Tuesday,4,2,5,0.717
2025,3,Tuesday,4,6,8,0.5683
2025,3,Tuesday,4,4,1,0.5
2025,3,Tuesday,4,1,4,1.1058
2025,3,Tuesday,4,7,3,0.3
2025,3,Tuesday,4,6,4,1.4273
2025,3,Tuesday,4,3,7,0.9745
2025,3,Tuesday,4,3,1,0.353
2025,3,Tuesday,4,5,0,0.5918
2025,3,Tuesday,4,2,0,2.1032
2025,3,Tuesday,4,0,2,2.0415
2025,3,Tuesday,4,5,2,0.25
2025,3,Tuesday,4,0,1,2.3567
2025,3,Tuesday,4,8,3,1.672
2025,3,Tuesday,4,2,4,2.22
2025,3,Tuesday,4,8,1,2.0473
2025,3,Tuesday,4,4,5,0.5992
2025,3,Tuesday,4,6,5,0.91
2025,3,Tuesday,4,1,8,0.7272
2025,3,Tuesday,4,6,2,2.2535
2025,3,Tuesday,4,2,1,1.9035
2025,3,Tuesday,4,0,6,1.6132
2025,3,Tuesday,4,2,8,1.3658
2025,3,Tuesday,4,3,0,2.0413
2025,3,Tuesday,4,1,6,1.0127
2025,3,Tuesday,4,0,4,1.026
2025,3,Tuesday,4,0,8,1.6777
2025,3,Tuesday,4,7,4,0.25
2025,3,Tuesday,4,2,3,0.512
2025,3,Tuesday,4,4,3,1.1295
2025,3,Tuesday,4,7,2,0.5
2025,3,Tuesday,4,0,5,2.9705
2025,3,Tuesday,4,8,2,2.1978
2025,3,Tuesday,4,8,0,0.2677
2025,3,Tuesday,4,4,6,0.303
2025,3,Tuesday,4,4,8,0.6135
2025,3,Tuesday,4,3,5,0.353
2025,3,Tuesday,4,3,8,0.3473
2025,3,Tuesday,16,8,3,377.0767
2025,3,Tuesday,16,5,4,79.849
2025,3,Tuesday,16,7,2,28.0738
2025,3,Tuesday,16,2,6,99.9778
2025,3,Tuesday,16,4,5,42.566
2025,3,Tuesday,16,3,8,127.4972
2025,3,Tuesday,16,6,1,123.9498
2025,3,Tuesday,16,3,5,118.469
2025,3,Tuesday,16,1,8,44.6293
2025,3,Tuesday,16,4,0,36.831
2025,3,Tuesday,16,3,1,227.8408
2025,3,Tuesday,16,5,3,479.3928
2025,3,Tuesday,16,3,2,107.102
2025,3,Tuesday,16,6,7,6.8275
2025,3,Tuesday,16,7,8,1.7625
2025,3,Tuesday,16,0,1,68.5253
2025,3,Tuesday,16,5,1,46.8517
2025,3,Tuesday,16,2,8,40.7795
2025,3,Tuesday,16,0,8,13.241
2025,3,Tuesday,16,8,4,55.5645
2025,3,Tuesday,16,7,1,42.0292
2025,3,Tuesday,16,4,1,82.191
2025,3,Tuesday,16,7,5,4.774
2025,3,Tuesday,16,0,4,37.0558
2025,3,Tuesday,16,2,7,32.3745
2025,3,Tuesday,16,2,0,62.5877
2025,3,Tuesday,16,0,2,21.506
2025,3,Tuesday,16,8,5,23.0703
2025,3,Tuesday,16,7,0,11.8863
2025,3,Tuesday,16,6,5,23.5965
2025,3,Tuesday,16,6,4,126.1223
2025,3,Tuesday,16,1,6,91.9972
2025,3,Tuesday,16,4,7,38.5373
2025,3,Tuesday,16,4,6,92.0845
2025,3,Tuesday,16,1,2,56.9458
2025,3,Tuesday,16,5,7,5.1813
2025,3,Tuesday,16,1,7,17.35
2025,3,Tuesday,16,6,2,73.1318
2025,3,Tuesday,16,3,7,95.8242
2025,3,Tuesday,16,6,0,34.9122
2025,3,Tuesday,16,6,8,10.5698
2025,3,Tuesday,16,1,3,204.9272
2025,3,Tuesday,16,8,1,38.8045
2025,3,Tuesday,16,6,3,908.9178
2025,3,Tuesday,16,0,3,64.501
2025,3,Tuesday,16,5,2,33.5285
2025,3,Tuesday,16,7,6,6.0488
2025,3,Tuesday,16,4,8,47.2502
2025,3,Tuesday,16,0,7,3.9685
2025,3,Tuesday,16,7,4,60.489
2025,3,Tuesday,16,3,0,55.2655
2025,3,Tuesday,16,8,2,25.4362
2025,3,Tuesday,16,0,5,7.28
2025,3,Tuesday,16,3,6,412.032
2025,3,Tuesday,16,5,8,24.69
2025,3,Tuesday,16,4,2,58.3845
2025,3,Tuesday,16,8,0,16.863
2025,3,Tuesday,16,1,5,24.581
2025,3,Tuesday,16,2,1,76.9892
2025,3,Tuesday,16,5,6,35.492
2025,3,Tuesday,16,1,4,81.7345
2025,3,Tuesday,16,2,4,81.6775
2025,3,Tuesday,16,0,6,40.6958
2025,3,Tuesday,16,8,6,52.2272
2025,3,Tuesday,16,7,3,286.555
2025,3,Tuesday,16,2,5,20.4395
2025,3,Tuesday,16,3,4,266.6197
2025,3,Tuesday,16,4,3,458.8115
2025,3,Tuesday,16,1,0,121.1067
2025,3,Tuesday,16,8,7,1.1582
2025,3,Tuesday,16,2,3,256.2772
2025,3,Tuesday,16,5,0,28.8662
2025,3,Tuesday,5,5,1,1.5667
2025,3,Tuesday,5,1,3,11.0905
2025,3,Tuesday,5,5,3,7.303
2025,3,Tuesday,5,6,0,3.1078
2025,3,Tuesday,5,3,0,2.8877
2025,3,Tuesday,5,0,8,5.7952
2025,3,Tuesday,5,3,8,36.1752
2025,3,Tuesday,5,7,6,0.9035
2025,3,Tuesday,5,2,0,6.0938
2025,3,Tuesday,5,3,6,62.4192
2025,3,Tuesday,5,2,3,4.8315
2025,3,Tuesday,5,8,5,0.5535
2025,3,Tuesday,5,1,2,3.1353
2025,3,Tuesday,5,7,4,5.077
2025,3,Tuesday,5,4,8,0.3153
2025,3,Tuesday,5,6,1,7.6395
2025,3,Tuesday,5,1,5,1.4163
2025,3,Tuesday,5,0,3,19.688
2025,3,Tuesday,5,6,8,0.6012
2025,3,Tuesday,5,5,6,0.5715
2025,3,Tuesday,5,3,7,19.9177
2025,3,Tuesday,5,0,7,1.6223
2025,3,Tuesday,5,2,8,7.267
2025,3,Tuesday,5,3,4,32.0685
2025,3,Tuesday,5,4,6,8.6778
2025,3,Tuesday,5,1,4,3.1433
2025,3,Tuesday,5,6,2,9.3303
2025,3,Tuesday,5,8,2,7.6247
2025,3,Tuesday,5,1,0,7.8413
2025,3,Tuesday,5,2,5,3.612
2025,3,Tuesday,5,6,4,4.042
2025,3,Tuesday,5,0,1,13.8635
2025,3,Tuesday,5,1,8,6.8107
2025,3,Tuesday,5,2,1,2.7035
2025,3,Tuesday,5,3,2,14.573
2025,3,Tuesday,5,2,6,3.135
2025,3,Tuesday,5,1,6,10.2255
2025,3,Tuesday,5,8,3,19.0452
2025,3,Tuesday,5,6,7,0.3265
2025,3,Tuesday,5,4,0,3.2135
2025,3,Tuesday,5,2,7,2.215
2025,3,Tuesday,5,4,2,2.0455
2025,3,Tuesday,5,0,5,5.5238
2025,3,Tuesday,5,0,4,10.6493
2025,3,Tuesday,5,7,1,1.195
2025,3,Tuesday,5,0,2,14.5308
2025,3,Tuesday,5,7,3,7.1387
2025,3,Tuesday,5,4,1,6.965
2025,3,Tuesday,5,1,7,2.838
2025,3,Tuesday,5,8,0,1.9882
2025,3,Tuesday,5,8,6,2.4295
2025,3,Tuesday,5,5,4,1.411
2025,3,Tuesday,5,3,5,56.7867
2025,3,Tuesday,5,6,5,1.7852
2025,3,Tuesday,5,3,1,14.788
2025,3,Tuesday,5,6,3,35.5395
2025,3,Tuesday,5,2,4,0.5717
2025,3,Tuesday,5,4,3,17.6023
2025,3,Tuesday,5,7,2,1.7902
2025,3,Tuesday,5,8,4,6.5277
2025,3,Tuesday,5,4,5,3.2142
2025,3,Tuesday,5,4,7,1.295
2025,3,Tuesday,5,0,6,9.0205
2025,3,Tuesday,5,5,2,0.8477
2025,3,Tuesday,5,8,1,6.0865
2025,3,Tuesday,5,5,0,0.4375
2025,3,Tuesday,17,7,4,105.9555
2025,3,Tuesday,17,1,3,216.2045
2025,3,Tuesday,17,2,7,70.4255
2025,3,Tuesday,17,2,0,79.5112
2025,3,Tuesday,17,3,1,557.5932
2025,3,Tuesday,17,2,1,150.1002
2025,3,Tuesday,17,6,1,294.615
2025,3,Tuesday,17,3,2,162.8392
2025,3,Tuesday,17,6,8,14.3125
2025,3,Tuesday,17,8,3,455.5652
2025,3,Tuesday,17,2,8,52.2825
2025,3,Tuesday,17,0,2,30.4413
2025,3,Tuesday,17,2,3,330.2797
2025,3,Tuesday,17,6,5,23.6272
2025,3,Tuesday,17,6,4,298.3967
2025,3,Tuesday,17,1,5,34.0168
2025,3,Tuesday,17,0,6,29.14
2025,3,Tuesday,17,6,7,11.5322
2025,3,Tuesday,17,7,0,17.4925
2025,3,Tuesday,17,5,3,563.9895
2025,3,Tuesday,17,1,2,59.808
2025,3,Tuesday,17,4,1,122.9143
2025,3,Tuesday,17,0,3,54.5895
2025,3,Tuesday,17,4,8,43.0933
2025,3,Tuesday,17,7,5,8.3222
2025,3,Tuesday,17,5,8,23.9552
2025,3,Tuesday,17,1,7,17.6033
2025,3,Tuesday,17,2,4,137.6603
2025,3,Tuesday,17,7,8,0.845
2025,3,Tuesday,17,7,3,426.8765
2025,3,Tuesday,17,3,0,100.2265
2025,3,Tuesday,17,5,2,38.5403
2025,3,Tuesday,17,6,0,49.202
2025,3,Tuesday,17,8,2,48.1463
2025,3,Tuesday,17,8,5,16.055
2025,3,Tuesday,17,7,6,12.303
2025,3,Tuesday,17,8,0,18.2145
2025,3,Tuesday,17,5,6,32.5083
2025,3,Tuesday,17,1,4,115.4282
2025,3,Tuesday,17,4,7,57.2155
2025,3,Tuesday,17,3,7,240.217
2025,3,Tuesday,17,6,3,1530.2832
2025,3,Tuesday,17,1,8,35.232
2025,3,Tuesday,17,1,6,104.102
2025,3,Tuesday,17,5,7,8.1455
2025,3,Tuesday,17,5,4,115.4582
2025,3,Tuesday,17,8,6,44.4045
2025,3,Tuesday,17,8,4,88.161
2025,3,Tuesday,17,0,5,6.9293
2025,3,Tuesday,17,6,2,177.8133
2025,3,Tuesday,17,5,0,31.1225
2025,3,Tuesday,17,3,5,219.8385
2025,3,Tuesday,17,0,1,91.1905
2025,3,Tuesday,17,0,8,12.4015
2025,3,Tuesday,17,4,3,589.7595
2025,3,Tuesday,17,4,6,125.6213
2025,3,Tuesday,17,0,7,4.2638
2025,3,Tuesday,17,3,6,920.654
2025,3,Tuesday,17,0,4,50.1442
2025,3,Tuesday,17,2,6,261.4945
2025,3,Tuesday,17,4,2,70.5928
2025,3,Tuesday,17,4,5,54.4302
2025,3,Tuesday,17,4,0,45.618
2025,3,Tuesday,17,2,5,58.4795
2025,3,Tuesday,17,3,8,180.561
2025,3,Tuesday,17,7,2,44.9348
2025,3,Tuesday,17,5,1,82.6735
2025,3,Tuesday,17,7,1,77.04
2025,3,Tuesday,17,8,1,62.1215
2025,3,Tuesday,17,1,0,108.5133
2025,3,Tuesday,17,3,4,614.068
2025,3,Tuesday,6,4,0,6.133
2025,3,Tuesday,6,1,8,7.4193
2025,3,Tuesday,6,7,3,52.876
2025,3,Tuesday,6,8,5,4.8293
2025,3,Tuesday,6,5,2,6.186
2025,3,Tuesday,6,8,2,23.8733
2025,3,Tuesday,6,0,2,27.7798
2025,3,Tuesday,6,2,0,14.882
2025,3,Tuesday,6,3,8,121.9277
2025,3,Tuesday,6,6,0,18.8215
2025,3,Tuesday,6,8,6,1.4015
2025,3,Tuesday,6,6,2,42.7535
2025,3,Tuesday,6,6,3,148.4802
2025,3,Tuesday,6,8,7,0.2842
2025,3,Tuesday,6,5,3,38.9497
2025,3,Tuesday,6,3,6,303.662
2025,3,Tuesday,6,3,7,81.808
2025,3,Tuesday,6,1,7,9.168
2025,3,Tuesday,6,5,8,0.574
2025,3,Tuesday,6,8,1,16.5835
2025,3,Tuesday,6,5,6,0.8377
2025,3,Tuesday,6,5,4,3.7748
2025,3,Tuesday,6,4,5,7.6955
2025,3,Tuesday,6,6,4,16.4128
2025,3,Tuesday,6,6,8,10.618
2025,3,Tuesday,6,1,5,14.5435
2025,3,Tuesday,6,0,7,6.733
2025,3,Tuesday,6,5,1,5.1567
2025,3,Tuesday,6,7,4,6.296
2025,3,Tuesday,6,6,5,4.4523
2025,3,Tuesday,6,6,7,1.2047
2025,3,Tuesday,6,8,0,5.9772
2025,3,Tuesday,6,3,1,43.8397
2025,3,Tuesday,6,2,6,13.4828
2025,3,Tuesday,6,8,3,54.113
2025,3,Tuesday,6,6,1,45.837
2025,3,Tuesday,6,7,0,1.1118
2025,3,Tuesday,6,3,2,74.6855
2025,3,Tuesday,6,3,5,201.442
2025,3,Tuesday,6,2,7,5.5552
2025,3,Tuesday,6,3,4,120.2692
2025,3,Tuesday,6,2,8,10.2168
2025,3,Tuesday,6,7,1,7.8805
2025,3,Tuesday,6,0,4,20.7368
2025,3,Tuesday,6,0,3,32.2633
2025,3,Tuesday,6,7,6,0.8745
2025,3,Tuesday,6,4,1,9.218
2025,3,Tuesday,6,1,0,29.5997
2025,3,Tuesday,6,5,7,0.919
2025,3,Tuesday,6,1,2,15.689
2025,3,Tuesday,6,4,6,24.2725
2025,3,Tuesday,6,2,1,9.1862
2025,3,Tuesday,6,1,4,12.8615
2025,3,Tuesday,6,1,6,41.0122
2025,3,Tuesday,6,0,1,44.722
2025,3,Tuesday,6,3,0,18.0925
2025,3,Tuesday,6,0,6,16.9485
2025,3,Tuesday,6,4,7,7.689
2025,3,Tuesday,6,0,8,6.7085
2025,3,Tuesday,6,1,3,62.657
2025,3,Tuesday,6,4,8,5.808
2025,3,Tuesday,6,2,3,27.4288
2025,3,Tuesday,6,2,5,8.3885
2025,3,Tuesday,6,4,3,61.1205
2025,3,Tuesday,6,8,4,25.651
2025,3,Tuesday,6,7,2,9.5688
2025,3,Tuesday,6,5,0,1.4482
2025,3,Tuesday,6,2,4,2.64
2025,3,Tuesday,6,0,5,15.6423
2025,3,Tuesday,6,4,2,13.9903
2025,3,Tuesday,6,7,5,0.5763
2025,3,Tuesday,18,3,1,467.7475
2025,3,Tuesday,18,2,3,173.7828
2025,3,Tuesday,18,6,2,115.8188
2025,3,Tuesday,18,3,4,529.9037
2025,3,Tuesday,18,4,6,123.3433
2025,3,Tuesday,18,3,0,68.5445
2025,3,Tuesday,18,2,8,31.8187
2025,3,Tuesday,18,6,3,700.3493
2025,3,Tuesday,18,6,4,229.1825
2025,3,Tuesday,18,7,3,179.3088
2025,3,Tuesday,18,5,1,49.9283
2025,3,Tuesday,18,3,2,132.9333
2025,3,Tuesday,18,4,7,58.2305
2025,3,Tuesday,18,7,5,4.4878
2025,3,Tuesday,18,0,1,82.093
2025,3,Tuesday,18,2,4,109.7028
2025,3,Tuesday,18,3,8,105.3265
2025,3,Tuesday,18,2,0,47.4405
2025,3,Tuesday,18,8,0,9.4325
2025,3,Tuesday,18,8,7,0.5637
2025,3,Tuesday,18,4,8,18.6335
2025,3,Tuesday,18,2,5,42.8555
2025,3,Tuesday,18,5,4,83.2617
2025,3,Tuesday,18,5,7,3.3762
2025,3,Tuesday,18,0,7,0.977
2025,3,Tuesday,18,2,1,127.5125
2025,3,Tuesday,18,7,6,7.8968
2025,3,Tuesday,18,3,5,209.1035
2025,3,Tuesday,18,0,6,8.4405
2025,3,Tuesday,18,6,5,26.514
2025,3,Tuesday,18,7,4,103.9815
2025,3,Tuesday,18,6,7,10.8563
2025,3,Tuesday,18,5,2,32.9628
2025,3,Tuesday,18,8,3,162.5698
2025,3,Tuesday,18,8,4,51.6795
2025,3,Tuesday,18,8,5,7.751
2025,3,Tuesday,18,6,1,195.828
2025,3,Tuesday,18,4,1,121.7915
2025,3,Tuesday,18,7,0,11.8705
2025,3,Tuesday,18,7,2,38.8075
2025,3,Tuesday,18,6,8,8.2358
2025,3,Tuesday,18,4,2,60.7477
2025,3,Tuesday,18,4,3,324.0592
2025,3,Tuesday,18,1,6,72.7067
2025,3,Tuesday,18,0,3,33.0965
2025,3,Tuesday,18,8,1,39.551
2025,3,Tuesday,18,1,3,120.1283
2025,3,Tuesday,18,0,8,8.4323
2025,3,Tuesday,18,0,2,24.2955
2025,3,Tuesday,18,6,0,30.5187
2025,3,Tuesday,18,0,5,4.5413
2025,3,Tuesday,18,1,2,48.1815
2025,3,Tuesday,18,4,0,43.3148
2025,3,Tuesday,18,8,2,27.7523
2025,3,Tuesday,18,7,1,53.5498
2025,3,Tuesday,18,5,8,8.9687
2025,3,Tuesday,18,5,6,23.7752
2025,3,Tuesday,18,1,7,17.2412
2025,3,Tuesday,18,4,5,53.25
2025,3,Tuesday,18,1,8,19.0135
2025,3,Tuesday,18,3,6,648.876
2025,3,Tuesday,18,2,7,43.4322
2025,3,Tuesday,18,1,5,20.1575
2025,3,Tuesday,18,8,6,22.0055
2025,3,Tuesday,18,2,6,187.3742
2025,3,Tuesday,18,3,7,227.434
2025,3,Tuesday,18,1,4,73.3705
2025,3,Tuesday,18,1,0,64.8165
2025,3,Tuesday,18,5,3,241.93
2025,3,Tuesday,18,5,0,12.708
2025,3,Tuesday,18,0,4,30.1785
2025,3,Tuesday,7,4,8,25.7465
2025,3,Tuesday,7,8,5,14.321
2025,3,Tuesday,7,6,4,51.1565
2025,3,Tuesday,7,1,8,52.048
2025,3,Tuesday,7,3,5,482.6852
2025,3,Tuesday,7,0,2,87.1768
2025,3,Tuesday,7,0,3,71.2523
2025,3,Tuesday,7,3,0,60.1632
2025,3,Tuesday,7,3,6,1001.0248
2025,3,Tuesday,7,2,6,70.882
2025,3,Tuesday,7,5,8,7.1827
2025,3,Tuesday,7,5,0,2.8433
2025,3,Tuesday,7,8,3,137.6322
2025,3,Tuesday,7,2,3,65.7165
2025,3,Tuesday,7,0,4,51.105
2025,3,Tuesday,7,6,3,542.6745
2025,3,Tuesday,7,4,6,71.3892
2025,3,Tuesday,7,4,2,41.3325
2025,3,Tuesday,7,1,5,69.2525
2025,3,Tuesday,7,1,2,69.9385
2025,3,Tuesday,7,5,2,29.173
2025,3,Tuesday,7,5,1,34.773
2025,3,Tuesday,7,0,5,36.4113
2025,3,Tuesday,7,2,0,19.9873
2025,3,Tuesday,7,5,6,5.7793
2025,3,Tuesday,7,2,8,21.645
2025,3,Tuesday,7,7,6,1.4373
2025,3,Tuesday,7,3,8,381.6315
2025,3,Tuesday,7,4,1,58.7987
2025,3,Tuesday,7,2,7,21.9097
2025,3,Tuesday,7,0,8,21.0815
2025,3,Tuesday,7,6,5,12.159
2025,3,Tuesday,7,7,8,0.5
2025,3,Tuesday,7,3,1,178.278
2025,3,Tuesday,7,5,3,157.8352
2025,3,Tuesday,7,8,0,8.9563
2025,3,Tuesday,7,4,7,28.409
2025,3,Tuesday,7,4,5,39.415
2025,3,Tuesday,7,1,6,172.6625
2025,3,Tuesday,7,8,4,33.5935
2025,3,Tuesday,7,1,3,280.1817
2025,3,Tuesday,7,4,3,263.3782
2025,3,Tuesday,7,3,7,266.2015
2025,3,Tuesday,7,6,0,38.1555
2025,3,Tuesday,7,1,7,46.5255
2025,3,Tuesday,7,8,1,57.7825
2025,3,Tuesday,7,2,1,26.5328
2025,3,Tuesday,7,3,4,374.4822
2025,3,Tuesday,7,5,7,0.8643
2025,3,Tuesday,7,6,1,97.998
2025,3,Tuesday,7,3,2,204.6315
2025,3,Tuesday,7,7,2,44.984
2025,3,Tuesday,7,6,8,39.7417
2025,3,Tuesday,7,6,2,127.5915
2025,3,Tuesday,7,1,0,100.5773
2025,3,Tuesday,7,5,4,36.0393
2025,3,Tuesday,7,7,5,4.3518
2025,3,Tuesday,7,7,4,35.4195
2025,3,Tuesday,7,7,3,173.191
2025,3,Tuesday,7,4,0,16.598
2025,3,Tuesday,7,8,7,0.2937
2025,3,Tuesday,7,8,6,5.8305
2025,3,Tuesday,7,0,7,17.5722
2025,3,Tuesday,7,0,1,171.786
2025,3,Tuesday,7,0,6,41.814
2025,3,Tuesday,7,7,1,14.2243
2025,3,Tuesday,7,2,4,25.551
2025,3,Tuesday,7,6,7,2.0592
2025,3,Tuesday,7,1,4,60.2665
2025,3,Tuesday,7,2,5,25.7938
2025,3,Tuesday,7,8,2,45.953
2025,3,Tuesday,7,7,0,4.0715
2025,3,Tuesday,19,2,6,65.3185
2025,3,Tuesday,19,7,4,37.3735
2025,3,Tuesday,19,7,8,0.2605
2025,3,Tuesday,19,1,3,71.5918
2025,3,Tuesday,19,1,2,28.942
2025,3,Tuesday,19,4,8,15.091
2025,3,Tuesday,19,2,3,86.1522
2025,3,Tuesday,19,0,7,0.3325
2025,3,Tuesday,19,3,2,69.6807
2025,3,Tuesday,19,6,7,4.058
2025,3,Tuesday,19,7,3,70.968
2025,3,Tuesday,19,5,1,30.0207
2025,3,Tuesday,19,8,1,16.8685
2025,3,Tuesday,19,4,6,79.3652
2025,3,Tuesday,19,1,8,12.719
2025,3,Tuesday,19,8,6,5.8525
2025,3,Tuesday,19,8,5,0.5807
2025,3,Tuesday,19,5,4,40.7085
2025,3,Tuesday,19,2,5,18.9782
2025,3,Tuesday,19,1,5,10.4033
2025,3,Tuesday,19,5,8,5.6657
2025,3,Tuesday,19,0,8,4.7047
2025,3,Tuesday,19,4,2,44.0685
2025,3,Tuesday,19,4,5,28.9797
2025,3,Tuesday,19,8,3,61.0207
2025,3,Tuesday,19,0,1,41.0078
2025,3,Tuesday,19,3,4,276.483
2025,3,Tuesday,19,5,2,14.527
2025,3,Tuesday,19,7,1,21.181
2025,3,Tuesday,19,2,8,17.8727
2025,3,Tuesday,19,1,7,6.3777
2025,3,Tuesday,19,3,5,95.026
2025,3,Tuesday,19,7,5,2.5705
2025,3,Tuesday,19,7,2,13.7813
2025,3,Tuesday,19,0,6,11.6572
2025,3,Tuesday,19,5,3,111.9352
2025,3,Tuesday,19,2,4,49.6095
2025,3,Tuesday,19,6,5,11.0555
2025,3,Tuesday,19,8,4,27.0233
2025,3,Tuesday,19,3,1,236.038
2025,3,Tuesday,19,0,3,15.9805
2025,3,Tuesday,19,6,3,287.1365
2025,3,Tuesday,19,1,0,45.2473
2025,3,Tuesday,19,0,2,10.0105
2025,3,Tuesday,19,5,6,13.7765
2025,3,Tuesday,19,7,0,5.197
2025,3,Tuesday,19,6,0,15.7298
2025,3,Tuesday,19,6,1,86.8037
2025,3,Tuesday,19,0,5,1.668
2025,3,Tuesday,19,7,6,8.0755
2025,3,Tuesday,19,2,1,65.3595
2025,3,Tuesday,19,3,8,50.1337
2025,3,Tuesday,19,2,7,21.2433
2025,3,Tuesday,19,3,0,44.551
2025,3,Tuesday,19,6,2,41.0655
2025,3,Tuesday,19,4,3,201.1117
2025,3,Tuesday,19,1,4,60.1177
2025,3,Tuesday,19,6,4,108.0345
2025,3,Tuesday,19,3,6,309.948
2025,3,Tuesday,19,5,7,1.723
2025,3,Tuesday,19,4,1,84.2972
2025,3,Tuesday,19,4,0,41.996
2025,3,Tuesday,19,6,8,9.3572
2025,3,Tuesday,19,8,0,7.1325
2025,3,Tuesday,19,2,0,32.7023
2025,3,Tuesday,19,4,7,32.7612
2025,3,Tuesday,19,5,0,7.9673
2025,3,Tuesday,19,0,4,18.8183
2025,3,Tuesday,19,3,7,109.2847
2025,3,Tuesday,19,1,6,44.5028
2025,3,Tuesday,19,8,2,12.4408
2025,3,Tuesday,8,5,1,25.0498
2025,3,Tuesday,8,3,4,708.5825
2025,3,Tuesday,8,8,5,28.5603
2025,3,Tuesday,8,6,5,27.216
2025,3,Tuesday,8,2,3,141.119
2025,3,Tuesday,8,6,0,28.119
2025,3,Tuesday,8,4,2,105.417
2025,3,Tuesday,8,0,1,154.655
2025,3,Tuesday,8,3,5,642.7788
2025,3,Tuesday,8,2,7,49.8247
2025,3,Tuesday,8,7,5,7.929
2025,3,Tuesday,8,4,5,84.9515
2025,3,Tuesday,8,1,7,100.9118
2025,3,Tuesday,8,5,2,67.7072
2025,3,Tuesday,8,0,4,79.5347
2025,3,Tuesday,8,6,7,3.257
2025,3,Tuesday,8,7,4,84.1262
2025,3,Tuesday,8,0,3,121.5365
2025,3,Tuesday,8,2,1,47.9823
2025,3,Tuesday,8,7,0,3.7883
2025,3,Tuesday,8,1,5,104.7302
2025,3,Tuesday,8,1,3,763.2078
2025,3,Tuesday,8,8,3,238.3008
2025,3,Tuesday,8,7,1,19.5015
2025,3,Tuesday,8,1,0,89.203
2025,3,Tuesday,8,6,1,117.0352
2025,3,Tuesday,8,4,7,87.2095
2025,3,Tuesday,8,4,6,271.2285
2025,3,Tuesday,8,1,8,76.1535
2025,3,Tuesday,8,3,1,198.6433
2025,3,Tuesday,8,2,6,205.1173
2025,3,Tuesday,8,5,4,59.7085
2025,3,Tuesday,8,6,3,1149.7898
2025,3,Tuesday,8,3,7,502.4
2025,3,Tuesday,8,4,3,519.8223
2025,3,Tuesday,8,2,5,54.7462
2025,3,Tuesday,8,0,5,40.0647
2025,3,Tuesday,8,4,8,62.1985
2025,3,Tuesday,8,2,4,61.8418
2025,3,Tuesday,8,8,2,60.057
2025,3,Tuesday,8,4,0,22.7185
2025,3,Tuesday,8,0,7,21.29
2025,3,Tuesday,8,3,2,320.1597
2025,3,Tuesday,8,2,0,26.667
2025,3,Tuesday,8,5,3,299.4127
2025,3,Tuesday,8,6,4,111.6815
2025,3,Tuesday,8,8,4,52.9768
2025,3,Tuesday,8,0,6,65.821
2025,3,Tuesday,8,5,8,8.3445
2025,3,Tuesday,8,3,6,1865.1877
2025,3,Tuesday,8,1,6,404.2178
2025,3,Tuesday,8,1,2,167.6008
2025,3,Tuesday,8,8,6,15.3233
2025,3,Tuesday,8,7,2,97.5417
2025,3,Tuesday,8,5,0,2.7948
2025,3,Tuesday,8,7,6,6.3948
2025,3,Tuesday,8,6,2,255.5127
2025,3,Tuesday,8,5,7,6.024
2025,3,Tuesday,8,4,1,60.6373
2025,3,Tuesday,8,7,3,388.807
2025,3,Tuesday,8,8,1,48.3152
2025,3,Tuesday,8,3,8,555.0338
2025,3,Tuesday,8,2,8,53.6245
2025,3,Tuesday,8,6,8,42.423
2025,3,Tuesday,8,1,4,132.493
2025,3,Tuesday,8,3,0,58.9485
2025,3,Tuesday,8,8,0,11.3875
2025,3,Tuesday,8,0,8,25.7487
2025,3,Tuesday,8,5,6,8.8495
2025,3,Tuesday,8,0,2,105.6517
2025,3,Tuesday,8,7,8,0.8125
2025,3,Tuesday,20,3,8,31.8053
2025,3,Tuesday,20,1,3,46.0365
2025,3,Tuesday,20,3,6,163.4065
2025,3,Tuesday,20,5,2,6.9627
2025,3,Tuesday,20,8,3,25.8432
2025,3,Tuesday,20,0,7,1.7172
2025,3,Tuesday,20,1,7,4.6188
2025,3,Tuesday,20,4,7,28.7693
2025,3,Tuesday,20,2,7,13.901
2025,3,Tuesday,20,1,8,10.1212
2025,3,Tuesday,20,0,4,13.0627
2025,3,Tuesday,20,3,0,26.4485
2025,3,Tuesday,20,4,6,66.2877
2025,3,Tuesday,20,6,7,3.6973
2025,3,Tuesday,20,3,7,56.669
2025,3,Tuesday,20,8,7,0.2915
2025,3,Tuesday,20,8,1,7.7447
2025,3,Tuesday,20,2,5,11.951
2025,3,Tuesday,20,4,8,13.9325
2025,3,Tuesday,20,7,0,2.889
2025,3,Tuesday,20,4,2,37.705
2025,3,Tuesday,20,2,1,33.5925
2025,3,Tuesday,20,7,5,0.872
2025,3,Tuesday,20,5,0,5.833
2025,3,Tuesday,20,7,3,36.639
2025,3,Tuesday,20,1,0,35.086
2025,3,Tuesday,20,0,2,5.1365
2025,3,Tuesday,20,2,3,59.28
2025,3,Tuesday,20,0,3,11.0328
2025,3,Tuesday,20,1,6,20.0953
2025,3,Tuesday,20,2,6,34.1175
2025,3,Tuesday,20,5,4,20.7812
2025,3,Tuesday,20,7,8,0.5303
2025,3,Tuesday,20,0,6,6.1472
2025,3,Tuesday,20,3,4,149.9867
2025,3,Tuesday,20,7,4,22.3135
2025,3,Tuesday,20,4,0,30.065
2025,3,Tuesday,20,0,1,17.6763
2025,3,Tuesday,20,8,2,6.6088
2025,3,Tuesday,20,7,1,11.2735
2025,3,Tuesday,20,6,5,7.32
2025,3,Tuesday,20,1,5,6.0637
2025,3,Tuesday,20,5,8,1.1707
2025,3,Tuesday,20,7,2,6.961
2025,3,Tuesday,20,0,5,0.3392
2025,3,Tuesday,20,4,3,169.6918
2025,3,Tuesday,20,1,2,15.388
2025,3,Tuesday,20,6,8,2.2973
2025,3,Tuesday,20,3,2,34.2235
2025,3,Tuesday,20,5,7,1.1657
2025,3,Tuesday,20,2,8,11.1023
2025,3,Tuesday,20,1,4,28.7478
2025,3,Tuesday,20,5,3,60.3755
2025,3,Tuesday,20,0,8,4.513
2025,3,Tuesday,20,5,6,5.0587
2025,3,Tuesday,20,6,3,131.743
2025,3,Tuesday,20,6,2,20.3915
2025,3,Tuesday,20,4,1,74.9407
2025,3,Tuesday,20,3,5,49.0032
2025,3,Tuesday,20,8,4,13.26
2025,3,Tuesday,20,6,1,36.8885
2025,3,Tuesday,20,5,1,16.2662
2025,3,Tuesday,20,2,0,25.5272
2025,3,Tuesday,20,7,6,4.96
2025,3,Tuesday,20,2,4,37.542
2025,3,Tuesday,20,4,5,28.3835
2025,3,Tuesday,20,3,1,128.5007
2025,3,Tuesday,20,6,0,13.663
2025,3,Tuesday,20,8,0,4.2855
2025,3,Tuesday,20,6,4,53.4748
2025,3,Tuesday,20,8,6,6.0673
2025,3,Tuesday,20,8,5,0.866
2025,3,Tuesday,9,0,1,94.947
2025,3,Tuesday,9,2,3,112.383
2025,3,Tuesday,9,8,4,36.6857
2025,3,Tuesday,9,4,5,51.8588
2025,3,Tuesday,9,1,7,45.8225
2025,3,Tuesday,9,1,8,41.0145
2025,3,Tuesday,9,8,2,47.5188
2025,3,Tuesday,9,2,1,31.6887
2025,3,Tuesday,9,6,8,28.0115
2025,3,Tuesday,9,7,0,1.4942
2025,3,Tuesday,9,6,7,3.4158
2025,3,Tuesday,9,6,2,217.3935
2025,3,Tuesday,9,5,1,16.757
2025,3,Tuesday,9,5,0,8.243
2025,3,Tuesday,9,5,8,8.3255
2025,3,Tuesday,9,8,3,122.9472
2025,3,Tuesday,9,2,6,87.2865
2025,3,Tuesday,9,7,2,43.1353
2025,3,Tuesday,9,3,4,501.6995
2025,3,Tuesday,9,1,5,56.9317
2025,3,Tuesday,9,4,3,334.6062
2025,3,Tuesday,9,8,6,13.082
2025,3,Tuesday,9,7,6,6.9975
2025,3,Tuesday,9,7,5,11.6943
2025,3,Tuesday,9,5,7,5.0908
2025,3,Tuesday,9,4,8,40.5835
2025,3,Tuesday,9,2,8,28.2195
2025,3,Tuesday,9,1,4,101.3098
2025,3,Tuesday,9,0,2,75.7338
2025,3,Tuesday,9,3,0,28.1485
2025,3,Tuesday,9,3,6,840.646
2025,3,Tuesday,9,6,3,638.3353
2025,3,Tuesday,9,6,1,67.7102
2025,3,Tuesday,9,8,7,1.2123
2025,3,Tuesday,9,2,7,33.252
2025,3,Tuesday,9,3,8,221.0928
2025,3,Tuesday,9,8,1,26.9097
2025,3,Tuesday,9,0,3,90.3468
2025,3,Tuesday,9,0,7,7.294
2025,3,Tuesday,9,7,3,191.824
2025,3,Tuesday,9,8,0,10.9225
2025,3,Tuesday,9,0,6,33.7535
2025,3,Tuesday,9,4,1,53.513
2025,3,Tuesday,9,3,7,227.51
2025,3,Tuesday,9,6,5,29.2615
2025,3,Tuesday,9,3,1,132.68
2025,3,Tuesday,9,5,2,51.3278
2025,3,Tuesday,9,4,7,54.856
2025,3,Tuesday,9,6,4,102.4285
2025,3,Tuesday,9,4,0,12.9338
2025,3,Tuesday,9,1,0,37.5073
2025,3,Tuesday,9,2,5,32.3752
2025,3,Tuesday,9,1,2,125.0517
2025,3,Tuesday,9,3,5,377.2835
2025,3,Tuesday,9,7,1,13.894
2025,3,Tuesday,9,5,3,166.3828
2025,3,Tuesday,9,2,4,53.9705
2025,3,Tuesday,9,1,3,422.478
2025,3,Tuesday,9,5,4,52.743
2025,3,Tuesday,9,4,6,152.9408
2025,3,Tuesday,9,0,5,24.8368
2025,3,Tuesday,9,0,4,48.2355
2025,3,Tuesday,9,7,4,61.3793
2025,3,Tuesday,9,5,6,14.0215
2025,3,Tuesday,9,4,2,91.7558
2025,3,Tuesday,9,1,6,140.3547
2025,3,Tuesday,9,6,0,13.1893
2025,3,Tuesday,9,2,0,13.9733
2025,3,Tuesday,9,0,8,12.236
2025,3,Tuesday,9,3,2,256.002
2025,3,Tuesday,9,8,5,28.7867
2025,3,Tuesday,21,1,6,15.4045
2025,3,Tuesday,21,4,3,112.5775
2025,3,Tuesday,21,0,4,7.6128
2025,3,Tuesday,21,1,4,14.5365
2025,3,Tuesday,21,5,4,12.4845
2025,3,Tuesday,21,6,7,1.164
2025,3,Tuesday,21,0,7,0.6823
2025,3,Tuesday,21,4,7,21.1727
2025,3,Tuesday,21,0,3,10.388
2025,3,Tuesday,21,2,4,18.856
2025,3,Tuesday,21,7,0,2.2253
2025,3,Tuesday,21,1,2,6.8032
2025,3,Tuesday,21,2,0,16.2753
2025,3,Tuesday,21,6,5,1.14
2025,3,Tuesday,21,8,1,5.3153
2025,3,Tuesday,21,6,2,9.8845
2025,3,Tuesday,21,6,3,69.029
2025,3,Tuesday,21,5,1,12.3678
2025,3,Tuesday,21,5,7,1.1223
2025,3,Tuesday,21,7,2,5.8535
2025,3,Tuesday,21,2,5,4.6173
2025,3,Tuesday,21,8,3,21.6492
2025,3,Tuesday,21,7,3,22.8235
2025,3,Tuesday,21,6,4,21.7862
2025,3,Tuesday,21,5,6,4.06
2025,3,Tuesday,21,0,6,3.4347
2025,3,Tuesday,21,6,0,4.9402
2025,3,Tuesday,21,7,1,5.573
2025,3,Tuesday,21,3,7,27.0845
2025,3,Tuesday,21,1,8,4.074
2025,3,Tuesday,21,3,0,19.6645
2025,3,Tuesday,21,4,1,59.042
2025,3,Tuesday,21,2,8,5.6882
2025,3,Tuesday,21,6,1,21.0335
2025,3,Tuesday,21,8,4,7.1755
2025,3,Tuesday,21,5,0,3.797
2025,3,Tuesday,21,5,2,6.7453
2025,3,Tuesday,21,3,6,90.247
2025,3,Tuesday,21,8,6,2.7053
2025,3,Tuesday,21,5,8,0.5983
2025,3,Tuesday,21,3,8,24.2
2025,3,Tuesday,21,7,4,12.821
2025,3,Tuesday,21,2,1,21.957
2025,3,Tuesday,21,3,2,23.0225
2025,3,Tuesday,21,0,1,13.1767
2025,3,Tuesday,21,8,0,3.677
2025,3,Tuesday,21,8,2,3.2923
2025,3,Tuesday,21,0,2,4.1588
2025,3,Tuesday,21,0,8,1.0315
2025,3,Tuesday,21,1,7,5.791
2025,3,Tuesday,21,1,0,19.0575
2025,3,Tuesday,21,4,0,25.568
2025,3,Tuesday,21,3,4,62.803
2025,3,Tuesday,21,6,8,2.622
2025,3,Tuesday,21,4,2,27.253
2025,3,Tuesday,21,2,6,19.8915
2025,3,Tuesday,21,5,3,32.6522
2025,3,Tuesday,21,4,8,10.48
2025,3,Tuesday,21,7,5,0.862
2025,3,Tuesday,21,0,5,0.6857
2025,3,Tuesday,21,2,7,7.2952
2025,3,Tuesday,21,3,1,65.7302
2025,3,Tuesday,21,1,3,29.7545
2025,3,Tuesday,21,1,5,6.6915
2025,3,Tuesday,21,4,6,47.4482
2025,3,Tuesday,21,2,3,27.4505
2025,3,Tuesday,21,4,5,15.884
2025,3,Tuesday,21,3,5,23.4728
2025,3,Tuesday,21,7,6,2.4965
2025,3,Tuesday,21,8,5,3.5895
2025,3,Tuesday,10,0,8,5.8205
2025,3,Tuesday,10,2,8,17.8455
2025,3,Tuesday,10,4,0,10.827
2025,3,Tuesday,10,4,8,24.7458
2025,3,Tuesday,10,6,8,13.08
2025,3,Tuesday,10,5,4,36.2255
2025,3,Tuesday,10,3,2,125.5612
2025,3,Tuesday,10,6,7,4.212
2025,3,Tuesday,10,8,4,24.4313
2025,3,Tuesday,10,2,5,13.438
2025,3,Tuesday,10,7,4,32.5458
2025,3,Tuesday,10,7,2,21.6433
2025,3,Tuesday,10,6,1,52.9517
2025,3,Tuesday,10,8,1,20.7815
2025,3,Tuesday,10,1,2,63.478
2025,3,Tuesday,10,5,6,16.1408
2025,3,Tuesday,10,4,3,153.951
2025,3,Tuesday,10,3,1,121.3243
2025,3,Tuesday,10,0,5,23.1623
2025,3,Tuesday,10,2,3,83.424
2025,3,Tuesday,10,5,3,109.6005
2025,3,Tuesday,10,0,4,36.28
2025,3,Tuesday,10,2,1,48.7133
2025,3,Tuesday,10,8,0,4.2338
2025,3,Tuesday,10,2,4,43.493
2025,3,Tuesday,10,4,2,46.0945
2025,3,Tuesday,10,8,6,12.852
2025,3,Tuesday,10,2,6,42.885
2025,3,Tuesday,10,3,6,253.0177
2025,3,Tuesday,10,6,0,11.081
2025,3,Tuesday,10,3,8,102.9848
2025,3,Tuesday,10,0,7,4.468
2025,3,Tuesday,10,6,3,236.1252
2025,3,Tuesday,10,4,1,43.9715
2025,3,Tuesday,10,5,7,4.8255
2025,3,Tuesday,10,1,0,26.1585
2025,3,Tuesday,10,1,4,67.211
2025,3,Tuesday,10,5,8,13.3525
2025,3,Tuesday,10,8,5,17.9448
2025,3,Tuesday,10,1,8,12.7577
2025,3,Tuesday,10,4,6,63.6265
2025,3,Tuesday,10,7,8,0.5732
2025,3,Tuesday,10,1,5,32.1748
2025,3,Tuesday,10,6,4,68.8573
2025,3,Tuesday,10,1,7,18.5423
2025,3,Tuesday,10,4,5,29.64
2025,3,Tuesday,10,0,1,56.9935
2025,3,Tuesday,10,4,7,23.6958
2025,3,Tuesday,10,5,2,30.192
2025,3,Tuesday,10,1,6,56.2522
2025,3,Tuesday,10,3,4,242.6242
2025,3,Tuesday,10,7,5,4.5745
2025,3,Tuesday,10,2,7,17.2803
2025,3,Tuesday,10,0,2,35.8955
2025,3,Tuesday,10,3,7,92.9825
2025,3,Tuesday,10,3,5,141.9282
2025,3,Tuesday,10,6,2,69.3655
2025,3,Tuesday,10,0,3,48.58
2025,3,Tuesday,10,1,3,165.1205
2025,3,Tuesday,10,8,2,20.7353
2025,3,Tuesday,10,5,0,7.0028
2025,3,Tuesday,10,5,1,19.7383
2025,3,Tuesday,10,3,0,21.3772
2025,3,Tuesday,10,2,0,11.3668
2025,3,Tuesday,10,7,1,11.8865
2025,3,Tuesday,10,7,0,3.0322
2025,3,Tuesday,10,6,5,16.1218
2025,3,Tuesday,10,7,6,3.0528
2025,3,Tuesday,10,7,3,80.1663
2025,3,Tuesday,10,8,3,64.3313
2025,3,Tuesday,10,0,6,21.508
2025,3,Tuesday,22,2,0,13.022
2025,3,Tuesday,22,0,6,4.8188
2025,3,Tuesday,22,7,6,0.269
2025,3,Tuesday,22,5,0,2.881
2025,3,Tuesday,22,7,3,14.1258
2025,3,Tuesday,22,5,6,3.1818
2025,3,Tuesday,22,2,5,3.401
2025,3,Tuesday,22,2,8,8.272
2025,3,Tuesday,22,0,7,0.64
2025,3,Tuesday,22,4,0,19.892
2025,3,Tuesday,22,3,0,20.905
2025,3,Tuesday,22,5,1,5.326
2025,3,Tuesday,22,1,2,3.1283
2025,3,Tuesday,22,7,0,1.414
2025,3,Tuesday,22,7,2,2.2588
2025,3,Tuesday,22,4,1,32.9157
2025,3,Tuesday,22,4,7,11.052
2025,3,Tuesday,22,8,0,1.759
2025,3,Tuesday,22,4,2,14.5063
2025,3,Tuesday,22,5,8,0.5642
2025,3,Tuesday,22,5,4,8.9812
2025,3,Tuesday,22,2,6,12.9148
2025,3,Tuesday,22,7,4,9.3238
2025,3,Tuesday,22,6,3,26.9702
2025,3,Tuesday,22,5,2,1.6995
2025,3,Tuesday,22,5,3,14.8815
2025,3,Tuesday,22,4,5,8.7455
2025,3,Tuesday,22,3,5,8.7932
2025,3,Tuesday,22,3,8,18.9168
2025,3,Tuesday,22,7,5,0.2817
2025,3,Tuesday,22,6,7,1.0945
2025,3,Tuesday,22,1,3,16.191
2025,3,Tuesday,22,0,4,4.7938
2025,3,Tuesday,22,1,5,2.2475
2025,3,Tuesday,22,2,4,9.3762
2025,3,Tuesday,22,6,8,2.3718
2025,3,Tuesday,22,6,4,9.2523
2025,3,Tuesday,22,3,4,37.7305
2025,3,Tuesday,22,2,1,12.9948
2025,3,Tuesday,22,0,5,0.9648
2025,3,Tuesday,22,0,1,3.8482
2025,3,Tuesday,22,4,3,78.9245
2025,3,Tuesday,22,8,6,1.446
2025,3,Tuesday,22,8,2,1.4363
2025,3,Tuesday,22,1,6,11.0638
2025,3,Tuesday,22,1,7,1.7175
2025,3,Tuesday,22,3,1,35.2675
2025,3,Tuesday,22,8,3,11.3873
2025,3,Tuesday,22,3,2,15.9775
2025,3,Tuesday,22,4,8,7.067
2025,3,Tuesday,22,2,7,6.0652
2025,3,Tuesday,22,6,1,11.855
2025,3,Tuesday,22,4,6,39.7182
2025,3,Tuesday,22,0,8,0.9583
2025,3,Tuesday,22,6,0,5.4848
2025,3,Tuesday,22,2,3,19.679
2025,3,Tuesday,22,8,4,2.948
2025,3,Tuesday,22,0,2,2.921
2025,3,Tuesday,22,3,7,13.718
2025,3,Tuesday,22,1,4,9.9125
2025,3,Tuesday,22,0,3,7.0567
2025,3,Tuesday,22,8,1,4.1
2025,3,Tuesday,22,6,5,1.701
2025,3,Tuesday,22,3,6,55.1548
2025,3,Tuesday,22,1,0,11.8048
2025,3,Tuesday,22,1,8,5.701
2025,3,Tuesday,22,7,1,4.0222
2025,3,Tuesday,22,6,2,9.5662
2025,3,Tuesday,11,0,3,43.349
2025,3,Tuesday,11,6,4,71.8553
2025,3,Tuesday,11,8,3,60.765
2025,3,Tuesday,11,7,1,13.4132
2025,3,Tuesday,11,6,5,16.0085
2025,3,Tuesday,11,2,0,10.0512
2025,3,Tuesday,11,2,1,49.854
2025,3,Tuesday,11,2,6,47.8515
2025,3,Tuesday,11,7,4,30.1663
2025,3,Tuesday,11,0,7,4.7133
2025,3,Tuesday,11,5,2,23.8683
2025,3,Tuesday,11,6,2,52.0853
2025,3,Tuesday,11,4,8,23.8452
2025,3,Tuesday,11,0,4,29.4885
2025,3,Tuesday,11,0,1,38.2055
2025,3,Tuesday,11,3,8,59.7292
2025,3,Tuesday,11,6,0,9.7013
2025,3,Tuesday,11,6,8,15.0948
2025,3,Tuesday,11,3,4,205.4892
2025,3,Tuesday,11,5,4,47.7695
2025,3,Tuesday,11,5,1,18.7257
2025,3,Tuesday,11,8,2,15.0378
2025,3,Tuesday,11,5,0,9.7533
2025,3,Tuesday,11,8,7,0.5995
2025,3,Tuesday,11,7,3,65.452
2025,3,Tuesday,11,3,6,199.7593
2025,3,Tuesday,11,4,0,11.7812
2025,3,Tuesday,11,3,5,97.6805
2025,3,Tuesday,11,2,7,13.886
2025,3,Tuesday,11,3,7,62.3607
2025,3,Tuesday,11,6,7,4.5312
2025,3,Tuesday,11,2,4,49.131
2025,3,Tuesday,11,5,7,6.4643
2025,3,Tuesday,11,2,8,12.2965
2025,3,Tuesday,11,7,8,2.2728
2025,3,Tuesday,11,2,5,20.7365
2025,3,Tuesday,11,0,2,23.6565
2025,3,Tuesday,11,7,5,3.4753
2025,3,Tuesday,11,8,5,11.9865
2025,3,Tuesday,11,0,6,15.0518
2025,3,Tuesday,11,7,0,3.1118
2025,3,Tuesday,11,6,3,185.3153
2025,3,Tuesday,11,1,8,12.3395
2025,3,Tuesday,11,8,0,5.8178
2025,3,Tuesday,11,7,2,18.3687
2025,3,Tuesday,11,4,7,23.9247
2025,3,Tuesday,11,5,6,21.9298
2025,3,Tuesday,11,1,7,14.503
2025,3,Tuesday,11,5,8,14.4805
2025,3,Tuesday,11,4,5,35.2262
2025,3,Tuesday,11,4,1,45.313
2025,3,Tuesday,11,3,2,103.9325
2025,3,Tuesday,11,8,4,28.504
2025,3,Tuesday,11,3,1,113.7017
2025,3,Tuesday,11,1,0,21.8793
2025,3,Tuesday,11,3,0,20.2825
2025,3,Tuesday,11,1,3,120.4907
2025,3,Tuesday,11,0,5,13.9235
2025,3,Tuesday,11,8,1,18.904
2025,3,Tuesday,11,4,2,47.415
2025,3,Tuesday,11,1,6,37.3197
2025,3,Tuesday,11,1,4,60.6975
2025,3,Tuesday,11,4,3,133.0452
2025,3,Tuesday,11,0,8,7.1768
2025,3,Tuesday,11,5,3,100.6148
2025,3,Tuesday,11,1,2,57.9752
2025,3,Tuesday,11,4,6,59.4803
2025,3,Tuesday,11,8,6,19.538
2025,3,Tuesday,11,7,6,5.0467
2025,3,Tuesday,11,6,1,39.7308
2025,3,Tuesday,11,1,5,22.13
2025,3,Tuesday,11,2,3,86.347
2025,3,Tuesday,23,3,4,17.1872
2025,3,Tuesday,23,6,8,2.5487
2025,3,Tuesday,23,3,2,5.0375
2025,3,Tuesday,23,8,1,0.2898
2025,3,Tuesday,23,1,4,3.4952
2025,3,Tuesday,23,6,3,10.9997
2025,3,Tuesday,23,1,8,3.449
2025,3,Tuesday,23,7,4,2.0115
2025,3,Tuesday,23,4,6,13.6408
2025,3,Tuesday,23,0,5,0.9888
2025,3,Tuesday,23,5,1,3.231
2025,3,Tuesday,23,2,7,1.1032
2025,3,Tuesday,23,3,7,4.3898
2025,3,Tuesday,23,1,5,0.8503
2025,3,Tuesday,23,2,8,4.8245
2025,3,Tuesday,23,6,2,2.5827
2025,3,Tuesday,23,1,0,8.1868
2025,3,Tuesday,23,4,0,9.903
2025,3,Tuesday,23,4,7,5.9723
2025,3,Tuesday,23,4,8,5.4275
2025,3,Tuesday,23,0,3,4.5368
2025,3,Tuesday,23,1,6,4.9315
2025,3,Tuesday,23,8,2,0.2605
2025,3,Tuesday,23,3,6,25.1427
2025,3,Tuesday,23,7,0,1.3528
2025,3,Tuesday,23,7,1,1.7325
2025,3,Tuesday,23,2,0,11.5907
2025,3,Tuesday,23,2,6,8.7255
2025,3,Tuesday,23,7,2,0.5363
2025,3,Tuesday,23,2,4,4.4553
2025,3,Tuesday,23,6,0,4.087
2025,3,Tuesday,23,3,5,5.5027
2025,3,Tuesday,23,7,6,0.5285
2025,3,Tuesday,23,3,8,10.5745
2025,3,Tuesday,23,0,6,1.625
2025,3,Tuesday,23,7,3,7.8355
2025,3,Tuesday,23,6,4,5.234
2025,3,Tuesday,23,5,4,1.41
2025,3,Tuesday,23,5,2,2.2745
2025,3,Tuesday,23,2,1,5.3318
2025,3,Tuesday,23,5,6,1.4617
2025,3,Tuesday,23,1,7,0.2777
2025,3,Tuesday,23,2,5,1.1393
2025,3,Tuesday,23,4,3,35.1565
2025,3,Tuesday,23,8,3,6.916
2025,3,Tuesday,23,0,1,3.2108
2025,3,Tuesday,23,1,2,3.1745
2025,3,Tuesday,23,2,3,11.9418
2025,3,Tuesday,23,0,4,1.6007
2025,3,Tuesday,23,5,8,0.8987
2025,3,Tuesday,23,6,5,1.1765
2025,3,Tuesday,23,0,8,0.96
2025,3,Tuesday,23,5,3,14.5678
2025,3,Tuesday,23,0,2,1.632
2025,3,Tuesday,23,6,1,5.7623
2025,3,Tuesday,23,8,4,2.5017
2025,3,Tuesday,23,3,1,15.7358
2025,3,Tuesday,23,4,1,12.7962
2025,3,Tuesday,23,8,0,2.213
2025,3,Tuesday,23,3,0,14.031
2025,3,Tuesday,23,4,2,5.9413
2025,3,Tuesday,23,5,0,3.4367
2025,3,Tuesday,23,4,5,4.7865
2025,3,Tuesday,23,1,3,8.943
2025,3,Tuesday,23,0,7,0.335
2025,3,Tuesday,0,1,0,1.752
2025,3,Tuesday,0,1,7,0.3178
2025,3,Tuesday,0,6,8,0.7875
2025,3,Tuesday,0,3,0,8.7365
2025,3,Tuesday,0,6,5,0.2758
2025,3,Tuesday,0,1,8,0.9198
2025,3,Tuesday,0,5,6,0.6375
2025,3,Tuesday,0,2,8,4.837
2025,3,Tuesday,0,5,1,0.6418
2025,3,Tuesday,0,4,7,1.1517
2025,3,Tuesday,0,4,1,2.912
2025,3,Tuesday,0,6,3,7.3712
2025,3,Tuesday,0,0,3,1.4438
2025,3,Tuesday,0,3,6,8.3555
2025,3,Tuesday,0,5,2,0.6023
2025,3,Tuesday,0,3,4,9.9195
2025,3,Tuesday,0,3,1,4.5358
2025,3,Tuesday,0,6,4,4.1235
2025,3,Tuesday,0,0,8,1.0428
2025,3,Tuesday,0,0,4,0.3433
2025,3,Tuesday,0,5,4,0.5673
2025,3,Tuesday,0,1,5,0.8635
2025,3,Tuesday,0,1,6,1.8395
2025,3,Tuesday,0,4,6,4.7005
2025,3,Tuesday,0,5,3,4.3712
2025,3,Tuesday,0,1,3,1.5082
2025,3,Tuesday,0,6,2,1.1862
2025,3,Tuesday,0,8,5,0.6388
2025,3,Tuesday,0,8,0,1.1995
2025,3,Tuesday,0,8,6,0.843
2025,3,Tuesday,0,0,7,0.7115
2025,3,Tuesday,0,2,0,4.7418
2025,3,Tuesday,0,2,1,2.4028
2025,3,Tuesday,0,7,0,0.332
2025,3,Tuesday,0,8,3,3.2397
2025,3,Tuesday,0,3,8,8.4255
2025,3,Tuesday,0,3,7,2.123
2025,3,Tuesday,0,3,5,1.872
2025,3,Tuesday,0,4,8,3.8625
2025,3,Tuesday,0,5,0,0.6015
2025,3,Tuesday,0,4,2,0.832
2025,3,Tuesday,0,1,4,2.314
2025,3,Tuesday,0,0,6,1.746
2025,3,Tuesday,0,3,2,1.8158
2025,3,Tuesday,0,7,1,2.4972
2025,3,Tuesday,0,8,1,0.2895
2025,3,Tuesday,0,4,5,2.0722
2025,3,Tuesday,0,6,1,2.1373
2025,3,Tuesday,0,7,4,1.9103
2025,3,Tuesday,0,2,4,1.2097
2025,3,Tuesday,0,4,3,9.1737
2025,3,Tuesday,0,7,3,2.7635
2025,3,Tuesday,0,0,2,0.356
2025,3,Tuesday,0,8,2,0.5527
2025,3,Tuesday,0,6,7,0.8143
2025,3,Tuesday,0,2,3,2.9837
2025,3,Tuesday,0,4,0,8.1515
2025,3,Tuesday,0,2,6,2.4417
2025,3,Tuesday,0,6,0,1.918
2025,3,Tuesday,0,0,1,1.0675
2025,3,Tuesday,0,8,4,1.0785
2025,3,Tuesday,0,2,5,0.2738
2025,3,Tuesday,12,8,0,5.8107
2025,3,Tuesday,12,0,8,6.504
2025,3,Tuesday,12,0,6,15.7312
2025,3,Tuesday,12,2,1,57.9873
2025,3,Tuesday,12,4,6,68.7878
2025,3,Tuesday,12,5,8,16.1337
2025,3,Tuesday,12,6,0,8.0842
2025,3,Tuesday,12,3,8,84.73
2025,3,Tuesday,12,4,1,59.3005
2025,3,Tuesday,12,3,2,98.3525
2025,3,Tuesday,12,5,7,11.3012
2025,3,Tuesday,12,5,3,88.0107
2025,3,Tuesday,12,4,8,16.213
2025,3,Tuesday,12,7,4,41.2443
2025,3,Tuesday,12,6,2,42.441
2025,3,Tuesday,12,7,1,16.5658
2025,3,Tuesday,12,8,2,23.0443
2025,3,Tuesday,12,4,2,51.6267
2025,3,Tuesday,12,1,0,33.1335
2025,3,Tuesday,12,8,3,62.72
2025,3,Tuesday,12,7,6,4.5622
2025,3,Tuesday,12,6,4,86.223
2025,3,Tuesday,12,7,5,3.0317
2025,3,Tuesday,12,5,4,56.2195
2025,3,Tuesday,12,1,5,14.8307
2025,3,Tuesday,12,1,3,140.3403
2025,3,Tuesday,12,6,5,13.1553
2025,3,Tuesday,12,1,4,57.0347
2025,3,Tuesday,12,3,7,58.7157
2025,3,Tuesday,12,8,1,18.686
2025,3,Tuesday,12,7,2,15.3795
2025,3,Tuesday,12,7,0,6.0128
2025,3,Tuesday,12,7,8,1.8855
2025,3,Tuesday,12,1,8,17.2125
2025,3,Tuesday,12,3,5,95.3193
2025,3,Tuesday,12,2,5,14.2407
2025,3,Tuesday,12,2,4,44.6732
2025,3,Tuesday,12,2,0,16.9397
2025,3,Tuesday,12,3,1,98.5177
2025,3,Tuesday,12,1,2,60.958
2025,3,Tuesday,12,8,4,30.2375
2025,3,Tuesday,12,1,7,8.7522
2025,3,Tuesday,12,0,5,10.2185
2025,3,Tuesday,12,0,4,26.9977
2025,3,Tuesday,12,3,6,167.128
2025,3,Tuesday,12,3,0,29.748
2025,3,Tuesday,12,1,6,40.106
2025,3,Tuesday,12,5,6,29.1055
2025,3,Tuesday,12,0,2,19.4703
2025,3,Tuesday,12,8,7,0.302
2025,3,Tuesday,12,5,0,9.869
2025,3,Tuesday,12,0,1,44.565
2025,3,Tuesday,12,0,7,5.108
2025,3,Tuesday,12,2,7,15.0425
2025,3,Tuesday,12,2,8,12.9992
2025,3,Tuesday,12,6,3,184.2963
2025,3,Tuesday,12,2,3,96.3603
2025,3,Tuesday,12,8,6,31.8225
2025,3,Tuesday,12,5,1,19.9195
2025,3,Tuesday,12,5,2,22.67
2025,3,Tuesday,12,4,3,150.0083
2025,3,Tuesday,12,2,6,36.1332
2025,3,Tuesday,12,4,0,23.3352
2025,3,Tuesday,12,4,5,36.6995
2025,3,Tuesday,12,6,1,33.034
2025,3,Tuesday,12,4,7,21.6213
2025,3,Tuesday,12,6,8,18.768
2025,3,Tuesday,12,6,7,3.0947
2025,3,Tuesday,12,0,3,36.7147
2025,3,Tuesday,12,8,5,24.0212
2025,3,Tuesday,12,7,3,61.7463
2025,3,Tuesday,12,3,4,189.259
2025,3,Wednesday,1,4,3,6.846
2025,3,Wednesday,1,0,3,1.1073
2025,3,Wednesday,1,5,4,0.3
2025,3,Wednesday,1,7,3,0.8753
2025,3,Wednesday,1,8,4,0.6325
2025,3,Wednesday,1,4,8,0.2772
2025,3,Wednesday,1,4,0,2.6652
2025,3,Wednesday,1,0,1,0.7245
2025,3,Wednesday,1,8,2,0.3462
2025,3,Wednesday,1,2,3,1.212
2025,3,Wednesday,1,3,4,3.316
2025,3,Wednesday,1,2,0,1.8542
2025,3,Wednesday,1,6,4,0.6763
2025,3,Wednesday,1,3,7,0.639
2025,3,Wednesday,1,1,6,0.5942
2025,3,Wednesday,1,3,1,4.5238
2025,3,Wednesday,1,1,3,1.2682
2025,3,Wednesday,1,4,1,1.848
2025,3,Wednesday,1,6,7,0.3047
2025,3,Wednesday,1,4,2,2.0622
2025,3,Wednesday,1,3,2,0.2895
2025,3,Wednesday,1,4,7,0.5975
2025,3,Wednesday,1,6,3,4.2755
2025,3,Wednesday,1,6,0,2.4107
2025,3,Wednesday,1,3,5,0.6005
2025,3,Wednesday,1,6,2,0.25
2025,3,Wednesday,1,6,1,0.297
2025,3,Wednesday,1,0,6,0.3553
2025,3,Wednesday,1,4,5,0.8433
2025,3,Wednesday,1,6,5,0.6797
2025,3,Wednesday,1,2,1,0.8852
2025,3,Wednesday,1,3,6,4.496
2025,3,Wednesday,1,6,8,0.297
2025,3,Wednesday,1,1,4,0.7137
2025,3,Wednesday,1,3,0,3.2885
2025,3,Wednesday,1,7,4,0.678
2025,3,Wednesday,1,8,3,0.35
2025,3,Wednesday,1,8,0,1.4995
2025,3,Wednesday,1,7,0,0.2777
2025,3,Wednesday,1,5,3,1.2998
2025,3,Wednesday,1,2,5,0.3
2025,3,Wednesday,1,5,8,0.778
2025,3,Wednesday,1,2,6,2.2532
2025,3,Wednesday,1,4,6,1.7807
2025,3,Wednesday,1,0,4,0.8825
2025,3,Wednesday,1,8,5,0.375
2025,3,Wednesday,1,1,8,0.329
2025,3,Wednesday,1,7,2,0.2777
2025,3,Wednesday,13,8,2,14.2618
2025,3,Wednesday,13,3,1,104.2097
2025,3,Wednesday,13,1,2,63.0695
2025,3,Wednesday,13,5,3,101.098
2025,3,Wednesday,13,4,7,23.5355
2025,3,Wednesday,13,7,8,0.8907
2025,3,Wednesday,13,2,5,25.2162
2025,3,Wednesday,13,1,6,39.8553
2025,3,Wednesday,13,1,5,17.0242
2025,3,Wednesday,13,0,7,2.117
2025,3,Wednesday,13,3,0,27.9285
2025,3,Wednesday,13,5,1,28.379
2025,3,Wednesday,13,6,0,13.4047
2025,3,Wednesday,13,4,2,55.5662
2025,3,Wednesday,13,2,6,44.9325
2025,3,Wednesday,13,2,3,100.5942
2025,3,Wednesday,13,1,7,8.6598
2025,3,Wednesday,13,1,3,99.8528
2025,3,Wednesday,13,3,6,174.3423
2025,3,Wednesday,13,5,2,23.4275
2025,3,Wednesday,13,2,8,17.638
2025,3,Wednesday,13,0,8,4.573
2025,3,Wednesday,13,7,1,10.031
2025,3,Wednesday,13,5,0,15.109
2025,3,Wednesday,13,1,8,11.6567
2025,3,Wednesday,13,8,1,15.1532
2025,3,Wednesday,13,4,0,28.4432
2025,3,Wednesday,13,8,0,6.191
2025,3,Wednesday,13,7,2,17.3817
2025,3,Wednesday,13,6,5,26.62
2025,3,Wednesday,13,0,5,8.4205
2025,3,Wednesday,13,4,1,59.4255
2025,3,Wednesday,13,2,4,56.2112
2025,3,Wednesday,13,4,3,173.535
2025,3,Wednesday,13,7,0,2.4495
2025,3,Wednesday,13,4,6,82.8442
2025,3,Wednesday,13,6,1,45.4498
2025,3,Wednesday,13,0,1,43.1553
2025,3,Wednesday,13,6,2,47.5898
2025,3,Wednesday,13,2,7,12.8617
2025,3,Wednesday,13,2,0,23.9812
2025,3,Wednesday,13,0,4,29.1247
2025,3,Wednesday,13,8,5,19.9587
2025,3,Wednesday,13,0,6,15.8025
2025,3,Wednesday,13,2,1,65.0035
2025,3,Wednesday,13,3,4,184.7465
2025,3,Wednesday,13,6,4,73.3518
2025,3,Wednesday,13,8,3,59.7483
2025,3,Wednesday,13,3,2,109.6465
2025,3,Wednesday,13,4,8,26.5458
2025,3,Wednesday,13,7,4,35.998
2025,3,Wednesday,13,1,4,55.4343
2025,3,Wednesday,13,6,8,23.473
2025,3,Wednesday,13,5,7,10.8858
2025,3,Wednesday,13,0,3,35.8487
2025,3,Wednesday,13,8,4,24.3483
2025,3,Wednesday,13,1,0,34.5967
2025,3,Wednesday,13,5,6,21.253
2025,3,Wednesday,13,6,3,182.2475
2025,3,Wednesday,13,6,7,11.5642
2025,3,Wednesday,13,4,5,41.1037
2025,3,Wednesday,13,7,5,10.0655
2025,3,Wednesday,13,8,6,32.806
2025,3,Wednesday,13,7,6,6.2713
2025,3,Wednesday,13,3,8,64.293
2025,3,Wednesday,13,0,2,19.6522
2025,3,Wednesday,13,7,3,72.7947
2025,3,Wednesday,13,3,7,39.862
2025,3,Wednesday,13,5,4,57.9152
2025,3,Wednesday,13,3,5,99.0625
2025,3,Wednesday,13,5,8,22.5438
2025,3,Wednesday,2,0,3,0.3855
2025,3,Wednesday,2,1,4,0.875
2025,3,Wednesday,2,0,6,0.423
2025,3,Wednesday,2,2,1,0.2813
2025,3,Wednesday,2,4,8,0.2985
2025,3,Wednesday,2,5,7,0.3332
2025,3,Wednesday,2,5,2,0.25
2025,3,Wednesday,2,2,3,0.25
2025,3,Wednesday,2,6,0,0.3332
2025,3,Wednesday,2,5,3,1.125
2025,3,Wednesday,2,4,1,2.0795
2025,3,Wednesday,2,4,3,1.639
2025,3,Wednesday,2,0,1,0.773
2025,3,Wednesday,2,6,1,0.3438
2025,3,Wednesday,2,3,6,2.1525
2025,3,Wednesday,2,3,2,1.3105
2025,3,Wednesday,2,6,4,0.375
2025,3,Wednesday,2,3,1,0.3255
2025,3,Wednesday,2,1,5,0.2707
2025,3,Wednesday,2,3,0,0.6188
2025,3,Wednesday,2,5,1,0.7858
2025,3,Wednesday,2,3,5,0.3
2025,3,Wednesday,2,1,6,0.375
2025,3,Wednesday,2,2,8,0.6563
2025,3,Wednesday,2,6,3,0.666
2025,3,Wednesday,2,7,6,0.25
2025,3,Wednesday,2,0,4,0.8085
2025,3,Wednesday,2,8,1,0.5715
2025,3,Wednesday,2,8,3,0.5715
2025,3,Wednesday,2,2,6,0.3
2025,3,Wednesday,2,0,5,0.35
2025,3,Wednesday,2,6,8,0.75
2025,3,Wednesday,2,5,6,0.2858
2025,3,Wednesday,2,3,4,1.2625
2025,3,Wednesday,2,4,0,0.3183
2025,3,Wednesday,14,1,8,19.864
2025,3,Wednesday,14,4,2,54.9112
2025,3,Wednesday,14,2,5,23.779
2025,3,Wednesday,14,5,2,26.298
2025,3,Wednesday,14,0,6,16.496
2025,3,Wednesday,14,1,6,40.5738
2025,3,Wednesday,14,4,0,35.6708
2025,3,Wednesday,14,5,8,16.434
2025,3,Wednesday,14,4,3,221.5792
2025,3,Wednesday,14,2,3,128.739
2025,3,Wednesday,14,8,0,8.604
2025,3,Wednesday,14,3,2,86.3877
2025,3,Wednesday,14,1,4,56.64
2025,3,Wednesday,14,0,5,7.5853
2025,3,Wednesday,14,0,8,3.0843
2025,3,Wednesday,14,4,8,31.2725
2025,3,Wednesday,14,6,8,17.7705
2025,3,Wednesday,14,5,6,21.6362
2025,3,Wednesday,14,6,3,271.0477
2025,3,Wednesday,14,7,1,12.9858
2025,3,Wednesday,14,8,2,22.075
2025,3,Wednesday,14,1,2,58.0038
2025,3,Wednesday,14,3,6,181.0367
2025,3,Wednesday,14,5,3,147.4122
2025,3,Wednesday,14,2,4,60.188
2025,3,Wednesday,14,0,4,28.4265
2025,3,Wednesday,14,7,3,84.9062
2025,3,Wednesday,14,2,6,54.68
2025,3,Wednesday,14,0,2,24.0755
2025,3,Wednesday,14,7,0,3.8733
2025,3,Wednesday,14,8,4,38.1307
2025,3,Wednesday,14,1,5,16.2715
2025,3,Wednesday,14,0,1,50.9685
2025,3,Wednesday,14,3,4,182.2075
2025,3,Wednesday,14,0,7,3.07
2025,3,Wednesday,14,7,6,9.1743
2025,3,Wednesday,14,2,8,24.1245
2025,3,Wednesday,14,1,0,53.2805
2025,3,Wednesday,14,3,1,127.506
2025,3,Wednesday,14,4,5,50.3122
2025,3,Wednesday,14,6,5,19.639
2025,3,Wednesday,14,6,0,16.193
2025,3,Wednesday,14,8,3,110.897
2025,3,Wednesday,14,4,6,85.6672
2025,3,Wednesday,14,3,8,59.8952
2025,3,Wednesday,14,3,7,51.1282
2025,3,Wednesday,14,8,7,0.6163
2025,3,Wednesday,14,3,5,77.4825
2025,3,Wednesday,14,6,4,87.5848
2025,3,Wednesday,14,5,1,34.9667
2025,3,Wednesday,14,7,4,40.6625
2025,3,Wednesday,14,1,7,13.033
2025,3,Wednesday,14,6,2,44.386
2025,3,Wednesday,14,1,3,136.7048
2025,3,Wednesday,14,7,2,19.1355
2025,3,Wednesday,14,4,7,41.5607
2025,3,Wednesday,14,6,7,6.2587
2025,3,Wednesday,14,8,6,26.0805
2025,3,Wednesday,14,0,3,40.2665
2025,3,Wednesday,14,5,4,58.0885
2025,3,Wednesday,14,6,1,54.9825
2025,3,Wednesday,14,8,5,16.954
2025,3,Wednesday,14,7,5,10.411
2025,3,Wednesday,14,8,1,21.436
2025,3,Wednesday,14,5,7,7.6005
2025,3,Wednesday,14,2,1,67.5647
2025,3,Wednesday,14,2,0,28.4013
2025,3,Wednesday,14,2,7,20.4867
2025,3,Wednesday,14,5,0,19.6572
2025,3,Wednesday,14,3,0,38.8317
2025,3,Wednesday,14,4,1,77.2475
2025,3,Wednesday,14,7,8,1.4618
2025,3,Wednesday,3,1,4,1.15
2025,3,Wednesday,3,3,0,1.0428
2025,3,Wednesday,3,8,6,0.2918
2025,3,Wednesday,3,5,0,0.4063
2025,3,Wednesday,3,6,8,0.8285
2025,3,Wednesday,3,6,4,0.302
2025,3,Wednesday,3,5,4,0.9063
2025,3,Wednesday,3,2,3,0.9
2025,3,Wednesday,3,3,6,1.1585
2025,3,Wednesday,3,2,4,0.5
2025,3,Wednesday,3,5,3,1.375
2025,3,Wednesday,3,4,8,0.3215
2025,3,Wednesday,3,5,2,1.125
2025,3,Wednesday,3,2,8,0.25
2025,3,Wednesday,3,0,4,0.3215
2025,3,Wednesday,3,8,4,0.4168
2025,3,Wednesday,3,2,5,0.25
2025,3,Wednesday,3,5,8,0.625
2025,3,Wednesday,3,4,1,0.6428
2025,3,Wednesday,3,3,4,0.9223
2025,3,Wednesday,3,4,6,1.598
2025,3,Wednesday,3,4,5,0.3573
2025,3,Wednesday,3,7,3,0.35
2025,3,Wednesday,3,2,1,0.3438
2025,3,Wednesday,3,2,0,1.0893
2025,3,Wednesday,3,7,1,0.375
2025,3,Wednesday,3,6,3,1.5783
2025,3,Wednesday,3,3,8,0.389
2025,3,Wednesday,3,3,1,0.337
2025,3,Wednesday,3,0,3,1.012
2025,3,Wednesday,3,3,5,0.5555
2025,3,Wednesday,3,4,3,0.5757
2025,3,Wednesday,3,0,5,1.332
2025,3,Wednesday,3,5,6,0.375
2025,3,Wednesday,3,4,0,0.5715
2025,3,Wednesday,15,8,5,25.7517
2025,3,Wednesday,15,6,2,49.4295
2025,3,Wednesday,15,5,4,70.1165
2025,3,Wednesday,15,7,3,131.583
2025,3,Wednesday,15,0,8,7.5245
2025,3,Wednesday,15,0,1,74.2385
2025,3,Wednesday,15,6,0,31.7635
2025,3,Wednesday,15,7,1,20.3963
2025,3,Wednesday,15,7,0,7.605
2025,3,Wednesday,15,5,7,9.5153
2025,3,Wednesday,15,1,6,68.1167
2025,3,Wednesday,15,2,5,23.2998
2025,3,Wednesday,15,7,4,43.2578
2025,3,Wednesday,15,8,2,28.789
2025,3,Wednesday,15,2,0,39.5198
2025,3,Wednesday,15,6,5,27.2735
2025,3,Wednesday,15,2,8,27.404
2025,3,Wednesday,15,5,0,24.2735
2025,3,Wednesday,15,8,3,210.6345
2025,3,Wednesday,15,3,6,237.636
2025,3,Wednesday,15,6,3,381.563
2025,3,Wednesday,15,2,6,61.567
2025,3,Wednesday,15,3,5,61.3115
2025,3,Wednesday,15,3,2,113.175
2025,3,Wednesday,15,1,8,31.7423
2025,3,Wednesday,15,6,4,86.5538
2025,3,Wednesday,15,3,4,221.845
2025,3,Wednesday,15,7,5,7.35
2025,3,Wednesday,15,8,7,0.2993
2025,3,Wednesday,15,4,2,50.5747
2025,3,Wednesday,15,7,8,2.384
2025,3,Wednesday,15,8,4,41.402
2025,3,Wednesday,15,0,6,24.5613
2025,3,Wednesday,15,1,3,186.3693
2025,3,Wednesday,15,1,2,62.0888
2025,3,Wednesday,15,0,3,46.745
2025,3,Wednesday,15,2,7,20.9518
2025,3,Wednesday,15,0,4,37.2137
2025,3,Wednesday,15,6,1,63.036
2025,3,Wednesday,15,8,6,35.587
2025,3,Wednesday,15,7,6,11.0703
2025,3,Wednesday,15,4,5,47.3638
2025,3,Wednesday,15,1,5,31.7673
2025,3,Wednesday,15,1,4,94.7583
2025,3,Wednesday,15,4,0,58.7768
2025,3,Wednesday,15,3,7,66.0283
2025,3,Wednesday,15,4,7,40.912
2025,3,Wednesday,15,1,7,14.2488
2025,3,Wednesday,15,5,6,31.9475
2025,3,Wednesday,15,4,8,33.3675
2025,3,Wednesday,15,4,3,329.6387
2025,3,Wednesday,15,4,6,91.7693
2025,3,Wednesday,15,5,2,32.0112
2025,3,Wednesday,15,3,8,66.9028
2025,3,Wednesday,15,0,5,7.1613
2025,3,Wednesday,15,4,1,79.91
2025,3,Wednesday,15,5,1,42.2275
2025,3,Wednesday,15,2,1,62.9965
2025,3,Wednesday,15,8,1,33.0485
2025,3,Wednesday,15,6,8,18.6153
2025,3,Wednesday,15,5,3,265.3415
2025,3,Wednesday,15,3,0,52.0448
2025,3,Wednesday,15,2,4,67.3693
2025,3,Wednesday,15,6,7,9.0277
2025,3,Wednesday,15,3,1,143.9837
2025,3,Wednesday,15,0,2,25.2223
2025,3,Wednesday,15,1,0,112.5615
2025,3,Wednesday,15,0,7,6.469
2025,3,Wednesday,15,8,0,13.407
2025,3,Wednesday,15,7,2,24.04
2025,3,Wednesday,15,2,3,190.4533
2025,3,Wednesday,15,5,8,19.5785
2025,3,Wednesday,4,8,1,0.9593
2025,3,Wednesday,4,4,5,1.5033
2025,3,Wednesday,4,0,6,2.1695
2025,3,Wednesday,4,0,8,1.8707
2025,3,Wednesday,4,6,8,0.3282
2025,3,Wednesday,4,6,2,0.3
2025,3,Wednesday,4,4,1,0.3332
2025,3,Wednesday,4,8,2,3.139
2025,3,Wednesday,4,1,0,0.5645
2025,3,Wednesday,4,0,1,2.8383
2025,3,Wednesday,4,5,1,0.5832
2025,3,Wednesday,4,2,0,1.8027
2025,3,Wednesday,4,1,2,0.389
2025,3,Wednesday,4,1,6,2.2225
2025,3,Wednesday,4,2,6,0.5775
2025,3,Wednesday,4,0,5,4.04
2025,3,Wednesday,4,8,4,1.0822
2025,3,Wednesday,4,2,5,0.5625
2025,3,Wednesday,4,7,3,0.3332
2025,3,Wednesday,4,1,4,0.9827
2025,3,Wednesday,4,3,0,0.7072
2025,3,Wednesday,4,2,3,2.4063
2025,3,Wednesday,4,4,3,1.77
2025,3,Wednesday,4,0,4,0.6413
2025,3,Wednesday,4,5,7,0.25
2025,3,Wednesday,4,3,6,3.3018
2025,3,Wednesday,4,3,8,0.666
2025,3,Wednesday,4,6,1,0.9073
2025,3,Wednesday,4,2,8,1.756
2025,3,Wednesday,4,0,3,5.0355
2025,3,Wednesday,4,2,1,1.3995
2025,3,Wednesday,4,6,5,0.5313
2025,3,Wednesday,4,4,6,1.2335
2025,3,Wednesday,4,3,4,3.6
2025,3,Wednesday,4,3,2,0.3183
2025,3,Wednesday,4,8,3,1.6363
2025,3,Wednesday,4,0,2,3.087
2025,3,Wednesday,4,7,1,0.3
2025,3,Wednesday,4,6,7,0.3167
2025,3,Wednesday,4,2,7,0.2858
2025,3,Wednesday,4,4,0,1.3615
2025,3,Wednesday,4,2,4,2.1608
2025,3,Wednesday,4,3,1,1.3065
2025,3,Wednesday,4,6,4,0.879
2025,3,Wednesday,4,4,2,0.8535
2025,3,Wednesday,4,1,3,0.8058
2025,3,Wednesday,4,6,3,8.26
2025,3,Wednesday,4,3,7,0.6808
2025,3,Wednesday,16,3,2,121.0808
2025,3,Wednesday,16,1,3,193.4225
2025,3,Wednesday,16,8,7,0.5675
2025,3,Wednesday,16,1,2,51.3932
2025,3,Wednesday,16,7,1,36.6403
2025,3,Wednesday,16,1,7,19.0205
2025,3,Wednesday,16,5,6,30.458
2025,3,Wednesday,16,7,6,8.4953
2025,3,Wednesday,16,3,1,220.776
2025,3,Wednesday,16,7,4,62.9165
2025,3,Wednesday,16,0,3,51.4225
2025,3,Wednesday,16,5,7,6.725
2025,3,Wednesday,16,2,5,28.0397
2025,3,Wednesday,16,6,3,826.771
2025,3,Wednesday,16,3,0,56.7125
2025,3,Wednesday,16,4,5,37.7237
2025,3,Wednesday,16,7,2,29.1948
2025,3,Wednesday,16,5,2,34.939
2025,3,Wednesday,16,1,4,75.8327
2025,3,Wednesday,16,0,4,33.4105
2025,3,Wednesday,16,4,1,93.7727
2025,3,Wednesday,16,1,6,89.2825
2025,3,Wednesday,16,3,4,278.3963
2025,3,Wednesday,16,4,3,431.956
2025,3,Wednesday,16,1,5,19.9245
2025,3,Wednesday,16,2,1,82.2482
2025,3,Wednesday,16,0,1,63.8967
2025,3,Wednesday,16,0,5,7.9368
2025,3,Wednesday,16,0,8,13.9135
2025,3,Wednesday,16,2,6,111.7615
2025,3,Wednesday,16,8,0,14.9543
2025,3,Wednesday,16,2,8,42.8708
2025,3,Wednesday,16,1,0,127.2778
2025,3,Wednesday,16,4,6,92.2222
2025,3,Wednesday,16,4,2,58.7417
2025,3,Wednesday,16,7,0,12.751
2025,3,Wednesday,16,8,2,30.723
2025,3,Wednesday,16,0,2,22.8728
2025,3,Wednesday,16,3,7,94.516
2025,3,Wednesday,16,5,1,51.788
2025,3,Wednesday,16,6,0,35.2065
2025,3,Wednesday,16,4,0,43.1482
2025,3,Wednesday,16,2,3,253.3955
2025,3,Wednesday,16,3,6,420.1105
2025,3,Wednesday,16,6,8,20.9545
2025,3,Wednesday,16,2,7,31.9332
2025,3,Wednesday,16,5,3,450.1555
2025,3,Wednesday,16,2,4,91.9667
2025,3,Wednesday,16,8,1,30.5255
2025,3,Wednesday,16,5,4,59.902
2025,3,Wednesday,16,8,6,60.8155
2025,3,Wednesday,16,6,7,12.4328
2025,3,Wednesday,16,0,7,1.976
2025,3,Wednesday,16,6,4,153.7225
2025,3,Wednesday,16,5,8,23.5035
2025,3,Wednesday,16,4,7,34.9185
2025,3,Wednesday,16,7,5,3.6128
2025,3,Wednesday,16,0,6,39.1113
2025,3,Wednesday,16,8,4,56.3663
2025,3,Wednesday,16,1,8,43.5992
2025,3,Wednesday,16,7,3,273.4193
2025,3,Wednesday,16,2,0,56.6953
2025,3,Wednesday,16,7,8,0.8478
2025,3,Wednesday,16,6,1,107.5027
2025,3,Wednesday,16,3,8,127.9588
2025,3,Wednesday,16,6,2,68.7958
2025,3,Wednesday,16,6,5,19.9883
2025,3,Wednesday,16,8,3,338.2195
2025,3,Wednesday,16,4,8,41.3202
2025,3,Wednesday,16,3,5,102.8338
2025,3,Wednesday,16,5,0,27.4738
2025,3,Wednesday,16,8,5,19.083
2025,3,Wednesday,5,3,1,13.5612
2025,3,Wednesday,5,4,2,1.4518
2025,3,Wednesday,5,7,6,0.55
2025,3,Wednesday,5,1,3,9.333
2025,3,Wednesday,5,1,8,4.7045
2025,3,Wednesday,5,8,1,7.825
2025,3,Wednesday,5,7,4,2.4243
2025,3,Wednesday,5,2,7,1.3615
2025,3,Wednesday,5,7,3,12.1653
2025,3,Wednesday,5,0,6,8.3935
2025,3,Wednesday,5,0,4,6.783
2025,3,Wednesday,5,6,0,3.0932
2025,3,Wednesday,5,0,8,5.173
2025,3,Wednesday,5,5,2,0.9442
2025,3,Wednesday,5,4,0,3.9322
2025,3,Wednesday,5,5,3,9.8162
2025,3,Wednesday,5,2,4,1.1523
2025,3,Wednesday,5,0,2,15.2003
2025,3,Wednesday,5,4,3,23.263
2025,3,Wednesday,5,8,2,8.7745
2025,3,Wednesday,5,1,5,2.5965
2025,3,Wednesday,5,3,0,4.155
2025,3,Wednesday,5,2,5,5.267
2025,3,Wednesday,5,2,1,2.949
2025,3,Wednesday,5,0,7,1.6365
2025,3,Wednesday,5,6,5,0.2993
2025,3,Wednesday,5,2,0,5.3895
2025,3,Wednesday,5,2,6,3.5862
2025,3,Wednesday,5,0,5,7.5043
2025,3,Wednesday,5,5,4,1.604
2025,3,Wednesday,5,4,1,4.3238
2025,3,Wednesday,5,3,2,15.271
2025,3,Wednesday,5,4,5,2.2373
2025,3,Wednesday,5,4,7,0.314
2025,3,Wednesday,5,6,8,0.6088
2025,3,Wednesday,5,6,4,1.5308
2025,3,Wednesday,5,1,7,3.5905
2025,3,Wednesday,5,7,5,0.55
2025,3,Wednesday,5,3,4,32.0525
2025,3,Wednesday,5,3,7,15.4665
2025,3,Wednesday,5,5,1,0.5892
2025,3,Wednesday,5,7,1,2.949
2025,3,Wednesday,5,1,2,3.8815
2025,3,Wednesday,5,6,2,7.8555
2025,3,Wednesday,5,6,7,0.3125
2025,3,Wednesday,5,1,0,6.1637
2025,3,Wednesday,5,8,4,4.7865
2025,3,Wednesday,5,3,5,56.427
2025,3,Wednesday,5,6,3,34.467
2025,3,Wednesday,5,8,5,0.2747
2025,3,Wednesday,5,7,0,0.2623
2025,3,Wednesday,5,4,8,0.9645
2025,3,Wednesday,5,1,6,10.8472
2025,3,Wednesday,5,8,3,17.2705
2025,3,Wednesday,5,1,4,1.7697
2025,3,Wednesday,5,3,6,64.59
2025,3,Wednesday,5,0,1,12.0255
2025,3,Wednesday,5,6,1,9.91
2025,3,Wednesday,5,8,6,0.829
2025,3,Wednesday,5,7,2,2.4308
2025,3,Wednesday,5,4,6,8.0953
2025,3,Wednesday,5,3,8,39.194
2025,3,Wednesday,5,5,8,0.3392
2025,3,Wednesday,5,2,3,8.013
2025,3,Wednesday,5,2,8,5.6287
2025,3,Wednesday,5,8,0,1.732
2025,3,Wednesday,5,0,3,16.8043
2025,3,Wednesday,17,4,7,54.0127
2025,3,Wednesday,17,0,3,51.3465
2025,3,Wednesday,17,0,5,6.2355
2025,3,Wednesday,17,1,5,26.0713
2025,3,Wednesday,17,6,1,259.4487
2025,3,Wednesday,17,2,1,149.4315
2025,3,Wednesday,17,6,8,16.4655
2025,3,Wednesday,17,2,8,47.77
2025,3,Wednesday,17,5,1,77.5532
2025,3,Wednesday,17,5,2,40.7385
2025,3,Wednesday,17,6,0,57.2908
2025,3,Wednesday,17,1,0,110.4247
2025,3,Wednesday,17,2,6,249.2142
2025,3,Wednesday,17,8,0,21.8152
2025,3,Wednesday,17,7,4,111.9692
2025,3,Wednesday,17,7,3,379.9202
2025,3,Wednesday,17,7,0,16.2945
2025,3,Wednesday,17,6,5,28.9602
2025,3,Wednesday,17,0,2,29.6405
2025,3,Wednesday,17,7,1,78.281
2025,3,Wednesday,17,2,7,64.326
2025,3,Wednesday,17,8,7,0.579
2025,3,Wednesday,17,3,5,205.337
2025,3,Wednesday,17,7,6,16.3167
2025,3,Wednesday,17,2,4,130.1135
2025,3,Wednesday,17,3,0,99.7043
2025,3,Wednesday,17,5,8,19.02
2025,3,Wednesday,17,4,0,50.099
2025,3,Wednesday,17,1,2,56.21
2025,3,Wednesday,17,0,6,31.32
2025,3,Wednesday,17,8,1,61.3347
2025,3,Wednesday,17,5,0,27.8648
2025,3,Wednesday,17,8,5,10.2572
2025,3,Wednesday,17,4,5,48.4962
2025,3,Wednesday,17,1,7,17.1087
2025,3,Wednesday,17,6,2,146.642
2025,3,Wednesday,17,3,4,615.8813
2025,3,Wednesday,17,1,3,200.9047
2025,3,Wednesday,17,6,7,15.3995
2025,3,Wednesday,17,4,6,117.9867
2025,3,Wednesday,17,1,4,103.2127
2025,3,Wednesday,17,0,1,82.455
2025,3,Wednesday,17,3,7,227.077
2025,3,Wednesday,17,2,5,52.1688
2025,3,Wednesday,17,4,1,112.204
2025,3,Wednesday,17,3,6,912.5487
2025,3,Wednesday,17,5,6,33.5508
2025,3,Wednesday,17,5,4,92.8515
2025,3,Wednesday,17,3,1,546.7935
2025,3,Wednesday,17,8,3,430.4005
2025,3,Wednesday,17,7,2,46.2995
2025,3,Wednesday,17,0,8,7.217
2025,3,Wednesday,17,4,8,40.507
2025,3,Wednesday,17,2,0,75.1397
2025,3,Wednesday,17,5,3,540.6538
2025,3,Wednesday,17,7,5,5.6332
2025,3,Wednesday,17,1,8,27.5135
2025,3,Wednesday,17,3,8,168.3857
2025,3,Wednesday,17,6,4,281.6405
2025,3,Wednesday,17,0,7,3.963
2025,3,Wednesday,17,2,3,356.7365
2025,3,Wednesday,17,5,7,10.277
2025,3,Wednesday,17,8,4,78.774
2025,3,Wednesday,17,8,6,40.9672
2025,3,Wednesday,17,3,2,187.3978
2025,3,Wednesday,17,4,2,74.762200000000007
2025,3,Wednesday,17,8,2,48.0657
2025,3,Wednesday,17,6,3,1359.469
2025,3,Wednesday,17,4,3,555.6395
2025,3,Wednesday,17,1,6,82.5125
2025,3,Wednesday,17,7,8,1.45
2025,3,Wednesday,17,0,4,40.5592
2025,3,Wednesday,6,0,7,4.742
2025,3,Wednesday,6,1,3,58.2288
2025,3,Wednesday,6,8,2,23.396
2025,3,Wednesday,6,7,1,7.4002
2025,3,Wednesday,6,5,0,1.4748000000000001
2025,3,Wednesday,6,5,4,3.1765
2025,3,Wednesday,6,0,6,19.9613
2025,3,Wednesday,6,6,5,4.751
2025,3,Wednesday,6,2,6,10.9672
2025,3,Wednesday,6,6,2,44.7015
2025,3,Wednesday,6,2,4,2.9287
2025,3,Wednesday,6,0,1,45.693
2025,3,Wednesday,6,3,0,19.741
2025,3,Wednesday,6,3,7,89.9275
2025,3,Wednesday,6,5,1,5.5868
2025,3,Wednesday,6,3,2,72.9142
2025,3,Wednesday,6,6,3,143.036
2025,3,Wednesday,6,5,6,1.2223
2025,3,Wednesday,6,7,6,0.2985
2025,3,Wednesday,6,7,4,6.52
2025,3,Wednesday,6,6,1,44.8475
2025,3,Wednesday,6,1,5,13.922
2025,3,Wednesday,6,5,3,36.389
2025,3,Wednesday,6,4,3,60.7722
2025,3,Wednesday,6,8,5,4.5917
2025,3,Wednesday,6,3,1,43.5725
2025,3,Wednesday,6,4,1,8.5075
2025,3,Wednesday,6,3,8,122.263
2025,3,Wednesday,6,1,4,11.8815
2025,3,Wednesday,6,0,2,25.3768
2025,3,Wednesday,6,1,7,6.6783
2025,3,Wednesday,6,4,2,11.212
2025,3,Wednesday,6,4,7,7.1435
2025,3,Wednesday,6,8,4,24.6535
2025,3,Wednesday,6,4,6,22.663
2025,3,Wednesday,6,0,4,18.3767
2025,3,Wednesday,6,5,2,5.3808
2025,3,Wednesday,6,1,8,7.2633
2025,3,Wednesday,6,2,3,22.4412
2025,3,Wednesday,6,4,8,5.157
2025,3,Wednesday,6,8,6,2.0232
2025,3,Wednesday,6,6,4,13.6532
2025,3,Wednesday,6,0,3,29.1775
2025,3,Wednesday,6,3,4,135.2122
2025,3,Wednesday,6,0,8,6.6535
2025,3,Wednesday,6,2,7,4.67
2025,3,Wednesday,6,0,5,12.697
2025,3,Wednesday,6,6,0,19.1722
2025,3,Wednesday,6,3,6,270.6685
2025,3,Wednesday,6,1,6,39.4798
2025,3,Wednesday,6,1,2,14.464
2025,3,Wednesday,6,8,0,6.93
2025,3,Wednesday,6,2,0,12.018
2025,3,Wednesday,6,6,8,7.3627
2025,3,Wednesday,6,7,5,1.737
2025,3,Wednesday,6,3,5,209.639
2025,3,Wednesday,6,7,2,10.9445
2025,3,Wednesday,6,8,1,18.8778
2025,3,Wednesday,6,2,1,6.323
2025,3,Wednesday,6,2,5,8.9038
2025,3,Wednesday,6,6,7,0.5822
2025,3,Wednesday,6,2,8,9.9255
2025,3,Wednesday,6,7,3,42.5732
2025,3,Wednesday,6,8,3,51.941
2025,3,Wednesday,6,1,0,37.0562
2025,3,Wednesday,6,4,0,8.507
2025,3,Wednesday,6,4,5,9.4352
2025,3,Wednesday,6,7,0,0.8762
2025,3,Wednesday,18,2,0,49.0157
2025,3,Wednesday,18,7,4,84.5125
2025,3,Wednesday,18,1,4,73.8265
2025,3,Wednesday,18,3,1,455.6183
2025,3,Wednesday,18,7,5,7.0533
2025,3,Wednesday,18,1,6,58.2267
2025,3,Wednesday,18,6,3,631.3843
2025,3,Wednesday,18,5,1,45.617
2025,3,Wednesday,18,4,0,41.4053
2025,3,Wednesday,18,4,3,336.0855
2025,3,Wednesday,18,3,7,207.2995
2025,3,Wednesday,18,4,2,68.0355
2025,3,Wednesday,18,4,6,109.6217
2025,3,Wednesday,18,0,1,78.1545
2025,3,Wednesday,18,8,4,49.997
2025,3,Wednesday,18,3,4,512.7872
2025,3,Wednesday,18,5,7,6.8143
2025,3,Wednesday,18,0,2,19.9765
2025,3,Wednesday,18,4,8,21.0292
2025,3,Wednesday,18,2,3,173.4455
2025,3,Wednesday,18,2,8,35.8602
2025,3,Wednesday,18,8,3,153.626
2025,3,Wednesday,18,3,8,96.0237
2025,3,Wednesday,18,2,7,43.3637
2025,3,Wednesday,18,0,3,36.831
2025,3,Wednesday,18,7,2,34.408
2025,3,Wednesday,18,0,8,5.3372
2025,3,Wednesday,18,6,7,10.787
2025,3,Wednesday,18,1,8,18.4273
2025,3,Wednesday,18,1,2,37.2352
2025,3,Wednesday,18,3,6,643.5832
2025,3,Wednesday,18,5,6,22.109
2025,3,Wednesday,18,4,7,44.9592
2025,3,Wednesday,18,6,4,226.2765
2025,3,Wednesday,18,7,0,11.477
2025,3,Wednesday,18,3,5,188.07
2025,3,Wednesday,18,5,3,215.2853
2025,3,Wednesday,18,1,5,19.3205
2025,3,Wednesday,18,6,1,171.038
2025,3,Wednesday,18,0,7,0.6835
2025,3,Wednesday,18,5,4,64.449
2025,3,Wednesday,18,6,2,118.5792
2025,3,Wednesday,18,5,8,8.2712
2025,3,Wednesday,18,0,5,6.2915
2025,3,Wednesday,18,7,1,54.6115
2025,3,Wednesday,18,7,3,173.919
2025,3,Wednesday,18,3,2,156.8413
2025,3,Wednesday,18,2,5,38.9913
2025,3,Wednesday,18,0,4,25.9607
2025,3,Wednesday,18,5,2,21.2848
2025,3,Wednesday,18,8,5,9.4593
2025,3,Wednesday,18,7,6,7.5263
2025,3,Wednesday,18,1,0,65.3158
2025,3,Wednesday,18,8,2,24.6982
2025,3,Wednesday,18,5,0,21.0635
2025,3,Wednesday,18,2,1,116.0517
2025,3,Wednesday,18,4,1,104.9973
2025,3,Wednesday,18,2,6,160.8185
2025,3,Wednesday,18,8,0,9.4822
2025,3,Wednesday,18,1,3,116.079
2025,3,Wednesday,18,2,4,91.4652
2025,3,Wednesday,18,8,6,24.7865
2025,3,Wednesday,18,1,7,12.8928
2025,3,Wednesday,18,7,8,0.2652
2025,3,Wednesday,18,6,0,34.1483
2025,3,Wednesday,18,6,5,19.952
2025,3,Wednesday,18,4,5,44.6038
2025,3,Wednesday,18,0,6,15.2638
2025,3,Wednesday,18,8,1,36.8342
2025,3,Wednesday,18,6,8,10.7278
2025,3,Wednesday,18,3,0,76.0165
2025,3,Wednesday,7,2,4,26.82
2025,3,Wednesday,7,5,1,25.919
2025,3,Wednesday,7,1,8,58.3608
2025,3,Wednesday,7,7,5,2.054
2025,3,Wednesday,7,2,5,25.1555
2025,3,Wednesday,7,0,4,58.918
2025,3,Wednesday,7,5,6,4.6023
2025,3,Wednesday,7,0,1,159.7315
2025,3,Wednesday,7,8,6,7.0793
2025,3,Wednesday,7,4,0,21.6365
2025,3,Wednesday,7,8,0,9.3388
2025,3,Wednesday,7,3,5,482.356
2025,3,Wednesday,7,3,7,242.7203
2025,3,Wednesday,7,8,2,40.7208
2025,3,Wednesday,7,8,4,37.3767
2025,3,Wednesday,7,2,1,26.644
2025,3,Wednesday,7,5,3,147.991
2025,3,Wednesday,7,4,8,28.7558
2025,3,Wednesday,7,5,7,1.9808
2025,3,Wednesday,7,7,6,3.502
2025,3,Wednesday,7,5,4,36.9638
2025,3,Wednesday,7,3,4,368.7765
2025,3,Wednesday,7,1,0,93.2513
2025,3,Wednesday,7,6,4,45.7203
2025,3,Wednesday,7,3,8,368.9707
2025,3,Wednesday,7,0,7,19.5202
2025,3,Wednesday,7,8,1,48.5768
2025,3,Wednesday,7,8,5,12.8338
2025,3,Wednesday,7,4,7,25.696
2025,3,Wednesday,7,4,1,60.4358
2025,3,Wednesday,7,5,0,3.1398
2025,3,Wednesday,7,6,1,89.0808
2025,3,Wednesday,7,3,1,168.0353
2025,3,Wednesday,7,7,2,41.894
2025,3,Wednesday,7,0,8,18.5805
2025,3,Wednesday,7,6,8,38.5188
2025,3,Wednesday,7,1,3,264.2215
2025,3,Wednesday,7,0,6,51.249
2025,3,Wednesday,7,0,3,70.7575
2025,3,Wednesday,7,4,5,38.0275
2025,3,Wednesday,7,2,6,64.7632
2025,3,Wednesday,7,4,6,65.3905
2025,3,Wednesday,7,0,5,30.1018
2025,3,Wednesday,7,7,1,12.8465
2025,3,Wednesday,7,7,3,163.4525
2025,3,Wednesday,7,6,3,522.3597
2025,3,Wednesday,7,2,0,18.9403
2025,3,Wednesday,7,3,6,923.8577
2025,3,Wednesday,7,1,4,49.3328
2025,3,Wednesday,7,6,2,134.952
2025,3,Wednesday,7,0,2,77.1705
2025,3,Wednesday,7,4,2,43.6753
2025,3,Wednesday,7,1,5,62.8938
2025,3,Wednesday,7,4,3,249.5418
2025,3,Wednesday,7,6,5,13.1685
2025,3,Wednesday,7,3,2,201.3503
2025,3,Wednesday,7,1,7,46.5807
2025,3,Wednesday,7,7,4,31.2025
2025,3,Wednesday,7,1,2,59.8843
2025,3,Wednesday,7,7,0,3.797
2025,3,Wednesday,7,1,6,152.7097
2025,3,Wednesday,7,6,0,32.2135
2025,3,Wednesday,7,3,0,52.0975
2025,3,Wednesday,7,8,3,132.2002
2025,3,Wednesday,7,2,7,19.9962
2025,3,Wednesday,7,2,8,21.2682
2025,3,Wednesday,7,5,2,28.2468
2025,3,Wednesday,7,2,3,73.7607
2025,3,Wednesday,7,5,8,4.6085
2025,3,Wednesday,7,7,8,0.2918
2025,3,Wednesday,7,6,7,3.2783
2025,3,Wednesday,19,0,3,18.1083
2025,3,Wednesday,19,7,4,39.8552
2025,3,Wednesday,19,4,3,206.605
2025,3,Wednesday,19,2,3,83.8885
2025,3,Wednesday,19,2,4,58.2348
2025,3,Wednesday,19,4,7,37.5123
2025,3,Wednesday,19,4,2,45.4427
2025,3,Wednesday,19,6,8,7.9497
2025,3,Wednesday,19,4,6,77.1835
2025,3,Wednesday,19,6,0,15.6252
2025,3,Wednesday,19,5,3,106.6535
2025,3,Wednesday,19,4,1,79.7605
2025,3,Wednesday,19,6,4,100.6302
2025,3,Wednesday,19,1,8,10.4335
2025,3,Wednesday,19,2,8,15.9383
2025,3,Wednesday,19,8,5,2.3142
2025,3,Wednesday,19,7,0,7.1947
2025,3,Wednesday,19,6,1,81.615
2025,3,Wednesday,19,8,2,7.8558
2025,3,Wednesday,19,1,7,7.813
2025,3,Wednesday,19,5,7,2.0277
2025,3,Wednesday,19,8,6,6.1352
2025,3,Wednesday,19,2,0,30.2403
2025,3,Wednesday,19,3,7,111.322
2025,3,Wednesday,19,0,7,1.0142
2025,3,Wednesday,19,3,8,47.6743
2025,3,Wednesday,19,8,4,20.432
2025,3,Wednesday,19,7,2,14.3937
2025,3,Wednesday,19,0,5,3.3677
2025,3,Wednesday,19,6,3,266.421
2025,3,Wednesday,19,6,7,5.9442
2025,3,Wednesday,19,5,2,14.8958
2025,3,Wednesday,19,1,3,67.9687
2025,3,Wednesday,19,1,5,10.1603
2025,3,Wednesday,19,6,2,39.9592
2025,3,Wednesday,19,5,6,14.3453
2025,3,Wednesday,19,3,1,230.2227
2025,3,Wednesday,19,5,1,26.126
2025,3,Wednesday,19,7,1,21.3005
2025,3,Wednesday,19,7,6,6.653
2025,3,Wednesday,19,3,4,265.5068
2025,3,Wednesday,19,5,4,36.8865
2025,3,Wednesday,19,5,8,3.2172
2025,3,Wednesday,19,1,0,38.537
2025,3,Wednesday,19,8,0,5.205
2025,3,Wednesday,19,6,5,9.364
2025,3,Wednesday,19,2,5,15.88
2025,3,Wednesday,19,3,5,86.728
2025,3,Wednesday,19,8,1,16.0855
2025,3,Wednesday,19,2,6,70.4888
2025,3,Wednesday,19,1,6,40.4873
2025,3,Wednesday,19,0,6,11.0792
2025,3,Wednesday,19,3,6,282.9368
2025,3,Wednesday,19,0,4,13.445
2025,3,Wednesday,19,5,0,9.0578
2025,3,Wednesday,19,0,8,5.0367
2025,3,Wednesday,19,3,2,75.1045
2025,3,Wednesday,19,2,1,62.55
2025,3,Wednesday,19,2,7,26.0367
2025,3,Wednesday,19,0,2,10.4295
2025,3,Wednesday,19,4,0,29.867
2025,3,Wednesday,19,4,8,15.1965
2025,3,Wednesday,19,7,3,73.2315
2025,3,Wednesday,19,8,3,62.964
2025,3,Wednesday,19,7,5,3.1695
2025,3,Wednesday,19,0,1,39.3563
2025,3,Wednesday,19,1,4,38.8045
2025,3,Wednesday,19,3,0,45.3592
2025,3,Wednesday,19,4,5,35.3363
2025,3,Wednesday,19,1,2,22.312
2025,3,Wednesday,8,3,6,1693.9367
2025,3,Wednesday,8,1,3,758.6305
2025,3,Wednesday,8,3,8,541.8183
2025,3,Wednesday,8,8,2,55.3298
2025,3,Wednesday,8,2,1,42.8543
2025,3,Wednesday,8,6,0,31.4305
2025,3,Wednesday,8,7,1,20.973
2025,3,Wednesday,8,3,4,673.367
2025,3,Wednesday,8,4,7,81.7903
2025,3,Wednesday,8,3,0,53.6793
2025,3,Wednesday,8,8,1,52.2475
2025,3,Wednesday,8,3,2,316.9525
2025,3,Wednesday,8,8,3,223.1147
2025,3,Wednesday,8,2,6,178.439
2025,3,Wednesday,8,2,7,45.9863
2025,3,Wednesday,8,7,6,10.335
2025,3,Wednesday,8,1,8,78.4183
2025,3,Wednesday,8,5,4,64.5345
2025,3,Wednesday,8,0,3,133.3202
2025,3,Wednesday,8,0,1,178.282
2025,3,Wednesday,8,8,7,0.961
2025,3,Wednesday,8,5,0,7.6145
2025,3,Wednesday,8,7,5,14.5585
2025,3,Wednesday,8,8,4,49.4278
2025,3,Wednesday,8,7,2,78.3107
2025,3,Wednesday,8,4,8,65.8205
2025,3,Wednesday,8,6,1,114.663
2025,3,Wednesday,8,0,2,104.3355
2025,3,Wednesday,8,5,8,6.3328
2025,3,Wednesday,8,6,4,106.3015
2025,3,Wednesday,8,1,2,146.3062
2025,3,Wednesday,8,2,0,24.428
2025,3,Wednesday,8,7,0,3.714
2025,3,Wednesday,8,1,6,355.4647
2025,3,Wednesday,8,1,5,97.0418
2025,3,Wednesday,8,5,3,293.0457
2025,3,Wednesday,8,4,5,70.7463
2025,3,Wednesday,8,4,1,61.6087
2025,3,Wednesday,8,0,4,64.07
2025,3,Wednesday,8,7,3,355.777
2025,3,Wednesday,8,3,1,200.5415
2025,3,Wednesday,8,6,3,1116.0365
2025,3,Wednesday,8,2,3,139.469
2025,3,Wednesday,8,0,7,25.7937
2025,3,Wednesday,8,1,7,89.027
2025,3,Wednesday,8,7,4,82.6875
2025,3,Wednesday,8,8,6,19.322
2025,3,Wednesday,8,0,5,50.6018
2025,3,Wednesday,8,5,1,33.3518
2025,3,Wednesday,8,3,7,469.4658
2025,3,Wednesday,8,1,0,82.7213
2025,3,Wednesday,8,3,5,592.7767
2025,3,Wednesday,8,8,0,10.044
2025,3,Wednesday,8,6,7,3.8858
2025,3,Wednesday,8,6,2,239.0542
2025,3,Wednesday,8,2,4,56.3355
2025,3,Wednesday,8,4,2,105.0745
2025,3,Wednesday,8,5,2,63.1225
2025,3,Wednesday,8,6,8,36.1955
2025,3,Wednesday,8,0,8,22.263
2025,3,Wednesday,8,2,8,56.0603
2025,3,Wednesday,8,7,8,0.6583
2025,3,Wednesday,8,4,0,22.914
2025,3,Wednesday,8,2,5,43.6175
2025,3,Wednesday,8,5,6,11.313
2025,3,Wednesday,8,6,5,41.0668
2025,3,Wednesday,8,5,7,6.6868
2025,3,Wednesday,8,1,4,144.0003
2025,3,Wednesday,8,8,5,33.1822
2025,3,Wednesday,8,0,6,58.677
2025,3,Wednesday,8,4,3,499.9405
2025,3,Wednesday,8,4,6,252.3625
2025,3,Wednesday,20,4,0,23.9483
2025,3,Wednesday,20,0,1,16.6072
2025,3,Wednesday,20,6,4,47.0433
2025,3,Wednesday,20,0,4,11.9012
2025,3,Wednesday,20,7,2,8.4383
2025,3,Wednesday,20,5,0,5.5955
2025,3,Wednesday,20,2,8,10.112
2025,3,Wednesday,20,0,6,6.0207
2025,3,Wednesday,20,4,7,25.0748
2025,3,Wednesday,20,2,3,53.0795
2025,3,Wednesday,20,5,4,25.452
2025,3,Wednesday,20,8,0,4.2595
2025,3,Wednesday,20,2,5,9.4
2025,3,Wednesday,20,6,2,19.4415
2025,3,Wednesday,20,3,0,31.1093
2025,3,Wednesday,20,2,7,10.2352
2025,3,Wednesday,20,1,4,21.1673
2025,3,Wednesday,20,0,8,1.07
2025,3,Wednesday,20,8,4,8.466
2025,3,Wednesday,20,4,3,161.7923
2025,3,Wednesday,20,2,4,26.5
2025,3,Wednesday,20,6,7,4.14
2025,3,Wednesday,20,5,3,71.1533
2025,3,Wednesday,20,2,1,38.2145
2025,3,Wednesday,20,2,6,37.0027
2025,3,Wednesday,20,6,8,4.071
2025,3,Wednesday,20,1,5,8.198
2025,3,Wednesday,20,7,6,3.2665
2025,3,Wednesday,20,5,6,6.3707
2025,3,Wednesday,20,3,7,53.1805
2025,3,Wednesday,20,4,8,11.2333
2025,3,Wednesday,20,3,8,31.0067
2025,3,Wednesday,20,4,1,64.4132
2025,3,Wednesday,20,0,7,0.7043
2025,3,Wednesday,20,1,3,53.1365
2025,3,Wednesday,20,3,1,117.403
2025,3,Wednesday,20,4,6,61.7058
2025,3,Wednesday,20,6,1,37.0585
2025,3,Wednesday,20,7,5,2.3428
2025,3,Wednesday,20,1,7,8.0995
2025,3,Wednesday,20,8,7,0.5792
2025,3,Wednesday,20,0,2,4.1212
2025,3,Wednesday,20,3,2,33.2415
2025,3,Wednesday,20,1,8,8.3668
2025,3,Wednesday,20,7,3,29.8953
2025,3,Wednesday,20,7,0,6.5943
2025,3,Wednesday,20,8,5,2.1077
2025,3,Wednesday,20,6,3,130.8013
2025,3,Wednesday,20,6,5,6.4063
2025,3,Wednesday,20,5,7,1.4728
2025,3,Wednesday,20,0,3,10.221
2025,3,Wednesday,20,7,4,21.0373
2025,3,Wednesday,20,8,3,30.8053
2025,3,Wednesday,20,5,2,9.1717
2025,3,Wednesday,20,1,0,34.0898
2025,3,Wednesday,20,0,5,1.4282
2025,3,Wednesday,20,5,1,22.2493
2025,3,Wednesday,20,3,4,131.8548
2025,3,Wednesday,20,2,0,23.169
2025,3,Wednesday,20,8,2,4.3715
2025,3,Wednesday,20,1,6,24.271
2025,3,Wednesday,20,4,5,25.3533
2025,3,Wednesday,20,3,6,156.3143
2025,3,Wednesday,20,1,2,13.8403
2025,3,Wednesday,20,7,1,8.049
2025,3,Wednesday,20,5,8,1.755
2025,3,Wednesday,20,4,2,33.988
2025,3,Wednesday,20,8,6,5.7527
2025,3,Wednesday,20,3,5,43.353
2025,3,Wednesday,20,6,0,9.7965
2025,3,Wednesday,20,8,1,7.369
2025,3,Wednesday,9,1,5,55.7518
2025,3,Wednesday,9,6,3,626.906
2025,3,Wednesday,9,1,7,47.0035
2025,3,Wednesday,9,1,6,125.6075
2025,3,Wednesday,9,5,0,5.4635
2025,3,Wednesday,9,5,4,59.4393
2025,3,Wednesday,9,8,2,39.332
2025,3,Wednesday,9,2,6,81.0205
2025,3,Wednesday,9,0,3,86.2265
2025,3,Wednesday,9,1,2,129.8343
2025,3,Wednesday,9,2,3,103.2248
2025,3,Wednesday,9,2,7,38.1405
2025,3,Wednesday,9,6,8,25.92
2025,3,Wednesday,9,2,1,33.8853
2025,3,Wednesday,9,7,2,40.9692
2025,3,Wednesday,9,7,1,11.8452
2025,3,Wednesday,9,4,6,152.025
2025,3,Wednesday,9,5,1,19.4455
2025,3,Wednesday,9,0,6,26.9402
2025,3,Wednesday,9,6,5,25.8225
2025,3,Wednesday,9,2,4,59.5673
2025,3,Wednesday,9,4,0,12.214
2025,3,Wednesday,9,1,4,82.9578
2025,3,Wednesday,9,3,8,216.3998
2025,3,Wednesday,9,8,4,30.102
2025,3,Wednesday,9,4,3,325.277
2025,3,Wednesday,9,3,6,802.875
2025,3,Wednesday,9,2,0,12.7745
2025,3,Wednesday,9,3,7,238.721
2025,3,Wednesday,9,0,4,53.1173
2025,3,Wednesday,9,5,8,12.62
2025,3,Wednesday,9,1,3,416.428
2025,3,Wednesday,9,5,3,166.282
2025,3,Wednesday,9,6,7,2.7063
2025,3,Wednesday,9,8,1,25.095
2025,3,Wednesday,9,6,1,61.9053
2025,3,Wednesday,9,0,1,86.5862
2025,3,Wednesday,9,3,2,226.4207
2025,3,Wednesday,9,2,8,24.525
2025,3,Wednesday,9,4,1,50.463
2025,3,Wednesday,9,5,2,44.1868
2025,3,Wednesday,9,5,6,18.3143
2025,3,Wednesday,9,3,4,458.3733
2025,3,Wednesday,9,8,3,114.327
2025,3,Wednesday,9,3,5,371.816
2025,3,Wednesday,9,7,5,10.2573
2025,3,Wednesday,9,7,0,1.5022
2025,3,Wednesday,9,4,8,47.6815
2025,3,Wednesday,9,7,3,172.8835
2025,3,Wednesday,9,6,2,201.0355
2025,3,Wednesday,9,3,1,126.2418
2025,3,Wednesday,9,1,0,32.0027
2025,3,Wednesday,9,0,2,69.1213
2025,3,Wednesday,9,6,4,96.496
2025,3,Wednesday,9,7,8,0.25
2025,3,Wednesday,9,0,7,7.293
2025,3,Wednesday,9,2,5,34.7198
2025,3,Wednesday,9,8,0,6.6802
2025,3,Wednesday,9,5,7,2.0513
2025,3,Wednesday,9,0,5,37.4968
2025,3,Wednesday,9,1,8,35.3883
2025,3,Wednesday,9,6,0,17.6552
2025,3,Wednesday,9,4,2,89.2365
2025,3,Wednesday,9,7,4,46.4848
2025,3,Wednesday,9,4,7,57.6815
2025,3,Wednesday,9,8,6,16.6353
2025,3,Wednesday,9,4,5,44.505
2025,3,Wednesday,9,3,0,25.3805
2025,3,Wednesday,9,0,8,14.9427
2025,3,Wednesday,9,8,5,31.449
2025,3,Wednesday,9,7,6,5.4693
2025,3,Wednesday,21,3,4,61.7657
2025,3,Wednesday,21,1,0,22.0303
2025,3,Wednesday,21,3,1,62.7178
2025,3,Wednesday,21,3,8,21.4887
2025,3,Wednesday,21,6,4,21.4382
2025,3,Wednesday,21,1,5,5.569
2025,3,Wednesday,21,4,1,48.7923
2025,3,Wednesday,21,7,4,10.749
2025,3,Wednesday,21,1,4,15.1373
2025,3,Wednesday,21,5,1,7.4613
2025,3,Wednesday,21,4,0,18.056
2025,3,Wednesday,21,0,6,5.2537
2025,3,Wednesday,21,6,8,4.0785
2025,3,Wednesday,21,5,6,2.6545
2025,3,Wednesday,21,5,0,2.9602
2025,3,Wednesday,21,5,3,25.8095
2025,3,Wednesday,21,0,5,0.6575
2025,3,Wednesday,21,1,8,5.8458
2025,3,Wednesday,21,5,2,4.7055
2025,3,Wednesday,21,6,7,2.3595
2025,3,Wednesday,21,7,1,6.7137
2025,3,Wednesday,21,3,6,91.2035
2025,3,Wednesday,21,5,4,11.0233
2025,3,Wednesday,21,8,1,4.7837
2025,3,Wednesday,21,3,0,24.71
2025,3,Wednesday,21,4,3,124.2345
2025,3,Wednesday,21,4,7,23.0223
2025,3,Wednesday,21,8,2,5.2005
2025,3,Wednesday,21,7,6,2.305
2025,3,Wednesday,21,7,2,5.2045
2025,3,Wednesday,21,6,3,59.8177
2025,3,Wednesday,21,1,3,34.2313
2025,3,Wednesday,21,5,7,0.8245
2025,3,Wednesday,21,0,2,3.4928
2025,3,Wednesday,21,1,6,16.6423
2025,3,Wednesday,21,8,6,2.2948
2025,3,Wednesday,21,8,5,1.8397
2025,3,Wednesday,21,4,6,50.9725
2025,3,Wednesday,21,7,0,2.3125
2025,3,Wednesday,21,3,2,25.8857
2025,3,Wednesday,21,2,7,6.5235
2025,3,Wednesday,21,2,6,20.1645
2025,3,Wednesday,21,2,8,3.9048
2025,3,Wednesday,21,7,8,0.275
2025,3,Wednesday,21,4,8,9.8538
2025,3,Wednesday,21,8,0,1.8355
2025,3,Wednesday,21,7,5,0.8733
2025,3,Wednesday,21,6,1,20.2627
2025,3,Wednesday,21,2,1,20.8095
2025,3,Wednesday,21,8,4,2.004
2025,3,Wednesday,21,3,5,22.633
2025,3,Wednesday,21,0,8,1.7418
2025,3,Wednesday,21,6,2,11.241
2025,3,Wednesday,21,6,0,7.3382
2025,3,Wednesday,21,2,5,7.0373
2025,3,Wednesday,21,4,2,22.8045
2025,3,Wednesday,21,2,0,16.1162
2025,3,Wednesday,21,1,2,5.279
2025,3,Wednesday,21,4,5,17.237
2025,3,Wednesday,21,6,5,4.5042
2025,3,Wednesday,21,1,7,2.0155
2025,3,Wednesday,21,5,8,1.4157
2025,3,Wednesday,21,2,4,17.486
2025,3,Wednesday,21,7,3,23.8225
2025,3,Wednesday,21,2,3,28.2798
2025,3,Wednesday,21,0,1,10.7985
2025,3,Wednesday,21,0,4,6.2207
2025,3,Wednesday,21,0,7,0.716
2025,3,Wednesday,21,0,3,8.5912
2025,3,Wednesday,21,8,3,18.9007
2025,3,Wednesday,21,3,7,27.6395
2025,3,Wednesday,10,1,3,168.923
2025,3,Wednesday,10,8,1,14.9267
2025,3,Wednesday,10,6,0,11.2918
2025,3,Wednesday,10,2,5,12.798
2025,3,Wednesday,10,3,7,77.9825
2025,3,Wednesday,10,5,0,7.398
2025,3,Wednesday,10,1,8,15.005
2025,3,Wednesday,10,2,4,36.4777
2025,3,Wednesday,10,5,6,18.7447
2025,3,Wednesday,10,3,1,100.6177
2025,3,Wednesday,10,7,4,32.2368
2025,3,Wednesday,10,0,4,31.7615
2025,3,Wednesday,10,0,6,20.1928
2025,3,Wednesday,10,7,6,2.9803
2025,3,Wednesday,10,1,0,24.8392
2025,3,Wednesday,10,5,8,16.3808
2025,3,Wednesday,10,6,7,3.911
2025,3,Wednesday,10,3,2,117.907
2025,3,Wednesday,10,4,7,22.5185
2025,3,Wednesday,10,3,5,141.5838
2025,3,Wednesday,10,0,8,7.1775
2025,3,Wednesday,10,0,1,46.0657
2025,3,Wednesday,10,0,5,20.8222
2025,3,Wednesday,10,5,1,13.3285
2025,3,Wednesday,10,8,4,22.8103
2025,3,Wednesday,10,4,2,54.328
2025,3,Wednesday,10,0,2,38.9195
2025,3,Wednesday,10,8,6,10.511
2025,3,Wednesday,10,6,8,15.4025
2025,3,Wednesday,10,7,0,1.182
2025,3,Wednesday,10,8,5,17.9055
2025,3,Wednesday,10,6,3,241.6647
2025,3,Wednesday,10,8,3,65.1278
2025,3,Wednesday,10,6,4,64.8047
2025,3,Wednesday,10,1,7,18.6375
2025,3,Wednesday,10,6,2,59.7837
2025,3,Wednesday,10,2,6,49.3872
2025,3,Wednesday,10,8,0,3.5158
2025,3,Wednesday,10,1,6,60.8148
2025,3,Wednesday,10,2,3,78.5912
2025,3,Wednesday,10,7,5,5.3798
2025,3,Wednesday,10,4,5,28.5607
2025,3,Wednesday,10,1,4,66.4562
2025,3,Wednesday,10,3,4,224.1298
2025,3,Wednesday,10,2,8,16.4273
2025,3,Wednesday,10,0,7,5.478
2025,3,Wednesday,10,0,3,45.702
2025,3,Wednesday,10,2,7,17.3245
2025,3,Wednesday,10,8,7,0.273
2025,3,Wednesday,10,3,6,268.4573
2025,3,Wednesday,10,4,6,74.8363
2025,3,Wednesday,10,7,8,0.6
2025,3,Wednesday,10,1,5,31.5107
2025,3,Wednesday,10,8,2,23.314
2025,3,Wednesday,10,4,3,138.6543
2025,3,Wednesday,10,6,5,16.1245
2025,3,Wednesday,10,5,3,103.3683
2025,3,Wednesday,10,3,8,76.203
2025,3,Wednesday,10,2,1,40.1992
2025,3,Wednesday,10,7,3,81.9832
2025,3,Wednesday,10,2,0,9.4435
2025,3,Wednesday,10,5,2,26.7285
2025,3,Wednesday,10,4,8,28.296
2025,3,Wednesday,10,7,2,25.6205
2025,3,Wednesday,10,5,4,43.6968
2025,3,Wednesday,10,4,1,49.5508
2025,3,Wednesday,10,5,7,12.4265
2025,3,Wednesday,10,6,1,32.9925
2025,3,Wednesday,10,1,2,68.8633
2025,3,Wednesday,10,7,1,13.2548
2025,3,Wednesday,10,4,0,13.9383
2025,3,Wednesday,10,3,0,21.669
2025,3,Wednesday,22,8,4,6.0728
2025,3,Wednesday,22,7,4,9.086
2025,3,Wednesday,22,3,5,13.665
2025,3,Wednesday,22,6,3,32.3745
2025,3,Wednesday,22,5,6,2.8093
2025,3,Wednesday,22,8,1,2.6197
2025,3,Wednesday,22,2,4,9.663
2025,3,Wednesday,22,4,7,12.5102
2025,3,Wednesday,22,0,1,5.9385
2025,3,Wednesday,22,1,0,10.657
2025,3,Wednesday,22,6,5,3.2852
2025,3,Wednesday,22,7,6,2.8588
2025,3,Wednesday,22,1,5,3.3795
2025,3,Wednesday,22,0,3,13.085
2025,3,Wednesday,22,7,0,1.444
2025,3,Wednesday,22,0,5,1.2555
2025,3,Wednesday,22,6,2,7.5142
2025,3,Wednesday,22,4,2,13.939
2025,3,Wednesday,22,4,3,83.0768
2025,3,Wednesday,22,6,0,4.9305
2025,3,Wednesday,22,3,0,17.437
2025,3,Wednesday,22,7,2,2.911
2025,3,Wednesday,22,4,8,7.713
2025,3,Wednesday,22,3,6,49.4878
2025,3,Wednesday,22,7,5,0.5935
2025,3,Wednesday,22,2,3,18.8913
2025,3,Wednesday,22,6,8,2.6155
2025,3,Wednesday,22,5,1,5.1778
2025,3,Wednesday,22,3,2,21.8985
2025,3,Wednesday,22,2,8,5.5667
2025,3,Wednesday,22,2,7,4.823
2025,3,Wednesday,22,7,3,12.87
2025,3,Wednesday,22,6,4,12.7445
2025,3,Wednesday,22,8,2,1.4622
2025,3,Wednesday,22,0,4,4.3312
2025,3,Wednesday,22,5,3,14.2023
2025,3,Wednesday,22,3,8,20.6943
2025,3,Wednesday,22,8,6,3.2478
2025,3,Wednesday,22,6,1,10.2375
2025,3,Wednesday,22,3,4,36.1283
2025,3,Wednesday,22,0,6,4.0525
2025,3,Wednesday,22,0,2,2.1817
2025,3,Wednesday,22,3,7,13.1583
2025,3,Wednesday,22,4,6,34.9165
2025,3,Wednesday,22,2,6,14.1965
2025,3,Wednesday,22,1,8,6.766
2025,3,Wednesday,22,4,0,16.5938
2025,3,Wednesday,22,6,7,1.452
2025,3,Wednesday,22,2,5,4.916
2025,3,Wednesday,22,0,7,2.1562
2025,3,Wednesday,22,5,7,1.65
2025,3,Wednesday,22,1,7,3.3667
2025,3,Wednesday,22,8,0,1.155
2025,3,Wednesday,22,2,1,9.932
2025,3,Wednesday,22,7,1,5.7953
2025,3,Wednesday,22,5,2,2.0053
2025,3,Wednesday,22,3,1,36.6498
2025,3,Wednesday,22,5,4,7.5183
2025,3,Wednesday,22,5,8,0.5737
2025,3,Wednesday,22,1,6,12.7265
2025,3,Wednesday,22,4,5,9.3848
2025,3,Wednesday,22,1,4,9.3305
2025,3,Wednesday,22,8,3,13.019
2025,3,Wednesday,22,5,0,1.663
2025,3,Wednesday,22,0,8,1.8443
2025,3,Wednesday,22,2,0,10.598
2025,3,Wednesday,22,1,2,2.5373
2025,3,Wednesday,22,4,1,32.766
2025,3,Wednesday,22,8,5,0.5665
2025,3,Wednesday,22,1,3,15.7988
2025,3,Wednesday,11,7,8,1.1875
2025,3,Wednesday,11,7,3,71.782
2025,3,Wednesday,11,0,2,21.781
2025,3,Wednesday,11,2,6,43.2007
2025,3,Wednesday,11,5,8,17.6302
2025,3,Wednesday,11,8,2,17.4095
2025,3,Wednesday,11,3,2,114.7795
2025,3,Wednesday,11,0,8,4.5448
2025,3,Wednesday,11,5,6,18.9515
2025,3,Wednesday,11,2,3,87.278
2025,3,Wednesday,11,6,5,19.3548
2025,3,Wednesday,11,4,8,15.6743
2025,3,Wednesday,11,0,6,20.259
2025,3,Wednesday,11,8,3,68.8122
2025,3,Wednesday,11,8,6,14.7525
2025,3,Wednesday,11,3,1,91.1655
2025,3,Wednesday,11,8,1,9.339
2025,3,Wednesday,11,3,0,20.3595
2025,3,Wednesday,11,1,4,61.6782
2025,3,Wednesday,11,3,8,66.2177
2025,3,Wednesday,11,6,1,30.4085
2025,3,Wednesday,11,2,0,9.8662
2025,3,Wednesday,11,5,7,6.6375
2025,3,Wednesday,11,8,0,3.4827
2025,3,Wednesday,11,1,3,121.0948
2025,3,Wednesday,11,3,7,62.227
2025,3,Wednesday,11,0,7,6.0073
2025,3,Wednesday,11,5,4,40.6295
2025,3,Wednesday,11,2,1,53.9277
2025,3,Wednesday,11,2,4,55.645
2025,3,Wednesday,11,5,3,105.1912
2025,3,Wednesday,11,6,4,69.158
2025,3,Wednesday,11,1,7,10.3623
2025,3,Wednesday,11,0,1,50.7605
2025,3,Wednesday,11,1,5,23.3602
2025,3,Wednesday,11,6,3,201.518
2025,3,Wednesday,11,6,7,2.6847
2025,3,Wednesday,11,2,8,17.4457
2025,3,Wednesday,11,4,0,12.087
2025,3,Wednesday,11,5,0,13.7118
2025,3,Wednesday,11,1,2,63.6605
2025,3,Wednesday,11,5,2,23.1865
2025,3,Wednesday,11,6,0,7.8665
2025,3,Wednesday,11,1,8,14.6345
2025,3,Wednesday,11,6,2,47.261
2025,3,Wednesday,11,4,3,135.338
2025,3,Wednesday,11,4,6,66.1567
2025,3,Wednesday,11,6,8,11.6653
2025,3,Wednesday,11,4,5,40.8055
2025,3,Wednesday,11,0,5,13.2487
2025,3,Wednesday,11,7,1,10.9045
2025,3,Wednesday,11,0,4,33.22
2025,3,Wednesday,11,3,6,176.8725
2025,3,Wednesday,11,4,1,48.4895
2025,3,Wednesday,11,5,1,20.528
2025,3,Wednesday,11,7,6,4.2612
2025,3,Wednesday,11,7,5,8.2982
2025,3,Wednesday,11,1,0,21.9615
2025,3,Wednesday,11,4,7,19.32
2025,3,Wednesday,11,7,0,4.2665
2025,3,Wednesday,11,2,5,19.641
2025,3,Wednesday,11,8,5,17.9257
2025,3,Wednesday,11,1,6,35.93
2025,3,Wednesday,11,8,4,27.104
2025,3,Wednesday,11,4,2,46.5465
2025,3,Wednesday,11,7,4,36.5338
2025,3,Wednesday,11,7,2,22.1135
2025,3,Wednesday,11,0,3,42.7882
2025,3,Wednesday,11,3,4,196.613
2025,3,Wednesday,11,3,5,101.3943
2025,3,Wednesday,11,2,7,18.4682
2025,3,Wednesday,23,7,1,0.5768
2025,3,Wednesday,23,8,0,1.7137
2025,3,Wednesday,23,1,7,0.844
2025,3,Wednesday,23,4,1,11.6415
2025,3,Wednesday,23,8,2,1.1177
2025,3,Wednesday,23,1,8,4.522
2025,3,Wednesday,23,2,0,7.112
2025,3,Wednesday,23,0,8,0.3275
2025,3,Wednesday,23,8,6,0.2772
2025,3,Wednesday,23,0,4,2.2525
2025,3,Wednesday,23,4,0,8.8517
2025,3,Wednesday,23,6,7,0.858
2025,3,Wednesday,23,4,6,14.4975
2025,3,Wednesday,23,2,6,7.3752
2025,3,Wednesday,23,7,3,5.4595
2025,3,Wednesday,23,3,6,22.4768
2025,3,Wednesday,23,3,7,3.7755
2025,3,Wednesday,23,4,3,34.9547
2025,3,Wednesday,23,5,3,14.6045
2025,3,Wednesday,23,4,2,5.3495
2025,3,Wednesday,23,5,4,2.3757
2025,3,Wednesday,23,1,5,0.567
2025,3,Wednesday,23,5,7,0.644
2025,3,Wednesday,23,6,2,0.5925
2025,3,Wednesday,23,6,0,3.8985
2025,3,Wednesday,23,3,2,9.0678
2025,3,Wednesday,23,6,3,16.6213
2025,3,Wednesday,23,6,5,2.348
2025,3,Wednesday,23,8,3,5.6478
2025,3,Wednesday,23,3,5,4.0693
2025,3,Wednesday,23,1,4,3.105
2025,3,Wednesday,23,3,8,12.603
2025,3,Wednesday,23,3,1,15.1817
2025,3,Wednesday,23,6,4,4.7097
2025,3,Wednesday,23,5,1,2.05
2025,3,Wednesday,23,2,5,2.5985
2025,3,Wednesday,23,1,3,10.187
2025,3,Wednesday,23,6,1,4.9725
2025,3,Wednesday,23,2,1,4.537
2025,3,Wednesday,23,7,4,2.012
2025,3,Wednesday,23,1,2,2.554
2025,3,Wednesday,23,5,0,1.7565
2025,3,Wednesday,23,3,0,10.2067
2025,3,Wednesday,23,6,8,0.565
2025,3,Wednesday,23,2,4,5.9137
2025,3,Wednesday,23,7,0,2.0422
2025,3,Wednesday,23,0,2,1.9157
2025,3,Wednesday,23,5,8,0.6375
2025,3,Wednesday,23,3,4,16.2288
2025,3,Wednesday,23,2,7,1.14
2025,3,Wednesday,23,0,3,3.5138
2025,3,Wednesday,23,1,6,6.7445
2025,3,Wednesday,23,4,8,2
2025,3,Wednesday,23,0,1,2.8777
2025,3,Wednesday,23,4,7,5.1318
2025,3,Wednesday,23,8,4,2.65
2025,3,Wednesday,23,4,5,3.9195
2025,3,Wednesday,23,1,0,7.5147
2025,3,Wednesday,23,7,6,0.5768
2025,3,Wednesday,23,5,2,1.744
2025,3,Wednesday,23,0,6,3.5517
2025,3,Wednesday,23,7,2,0.847
2025,3,Wednesday,23,2,8,6.1923
2025,3,Wednesday,23,5,6,1.4625
2025,3,Wednesday,23,2,3,11.5538
2025,3,Wednesday,23,8,1,0.863
2025,3,Wednesday,0,4,1,6.6928
2025,3,Wednesday,0,1,4,2.1982
2025,3,Wednesday,0,0,7,1.3362
2025,3,Wednesday,0,3,0,10.8295
2025,3,Wednesday,0,1,6,1.232
2025,3,Wednesday,0,5,2,0.3167
2025,3,Wednesday,0,3,6,9.2515
2025,3,Wednesday,0,1,8,0.9437
2025,3,Wednesday,0,6,1,0.2813
2025,3,Wednesday,0,3,5,1.8098
2025,3,Wednesday,0,2,1,1.7373
2025,3,Wednesday,0,6,3,9.4323
2025,3,Wednesday,0,6,2,0.5765
2025,3,Wednesday,0,4,5,1.7605
2025,3,Wednesday,0,0,4,1.3577
2025,3,Wednesday,0,5,3,6.0572
2025,3,Wednesday,0,2,5,0.2977
2025,3,Wednesday,0,8,3,4.806
2025,3,Wednesday,0,5,6,0.877
2025,3,Wednesday,0,7,0,0.3145
2025,3,Wednesday,0,3,1,2.0813
2025,3,Wednesday,0,2,0,3.7565
2025,3,Wednesday,0,4,8,3.227
2025,3,Wednesday,0,6,5,0.8595
2025,3,Wednesday,0,1,2,0.949
2025,3,Wednesday,0,4,7,2.963
2025,3,Wednesday,0,6,7,1.1185
2025,3,Wednesday,0,2,7,0.2862
2025,3,Wednesday,0,6,4,1.6835
2025,3,Wednesday,0,4,3,13.8045
2025,3,Wednesday,0,5,0,0.5673
2025,3,Wednesday,0,0,1,1.6595
2025,3,Wednesday,0,5,7,0.3167
2025,3,Wednesday,0,2,8,5.322
2025,3,Wednesday,0,7,3,3.549
2025,3,Wednesday,0,3,8,8.9838
2025,3,Wednesday,0,5,1,0.5418
2025,3,Wednesday,0,6,8,1.659
2025,3,Wednesday,0,3,2,2.3458
2025,3,Wednesday,0,8,6,0.5605
2025,3,Wednesday,0,0,3,1.652
2025,3,Wednesday,0,8,2,0.264
2025,3,Wednesday,0,4,2,1.4563
2025,3,Wednesday,0,2,4,1.1707
2025,3,Wednesday,0,7,2,0.629
2025,3,Wednesday,0,2,3,4.0495
2025,3,Wednesday,0,7,6,0.6098
2025,3,Wednesday,0,7,4,1.1775
2025,3,Wednesday,0,4,0,6.6873
2025,3,Wednesday,0,1,3,1.5885
2025,3,Wednesday,0,3,4,9.2368
2025,3,Wednesday,0,0,6,0.98
2025,3,Wednesday,0,0,8,1.3322
2025,3,Wednesday,0,3,7,1.75
2025,3,Wednesday,0,1,0,2.989
2025,3,Wednesday,0,5,4,2.425
2025,3,Wednesday,0,2,6,3.8235
2025,3,Wednesday,0,0,5,0.336
2025,3,Wednesday,0,6,0,2.107
2025,3,Wednesday,0,7,1,2.3778
2025,3,Wednesday,0,4,6,4.8958
2025,3,Wednesday,0,0,2,0.6795
2025,3,Wednesday,0,8,0,0.284
2025,3,Wednesday,12,7,3,63.815
2025,3,Wednesday,12,0,4,23.9967
2025,3,Wednesday,12,6,3,172.715
2025,3,Wednesday,12,1,0,27.2753
2025,3,Wednesday,12,0,6,19.424
2025,3,Wednesday,12,3,2,110.7118
2025,3,Wednesday,12,6,0,9.0987
2025,3,Wednesday,12,5,4,64.5392
2025,3,Wednesday,12,0,5,10.2485
2025,3,Wednesday,12,3,6,184.2623
2025,3,Wednesday,12,6,5,19.0207
2025,3,Wednesday,12,6,2,36.5185
2025,3,Wednesday,12,0,2,19.4395
2025,3,Wednesday,12,8,0,7.88
2025,3,Wednesday,12,7,1,12.3332
2025,3,Wednesday,12,4,1,52.9105
2025,3,Wednesday,12,7,4,38.8855
2025,3,Wednesday,12,7,0,3.2932
2025,3,Wednesday,12,8,3,71.4567
2025,3,Wednesday,12,5,2,19.455
2025,3,Wednesday,12,1,4,61.6955
2025,3,Wednesday,12,1,3,111.613
2025,3,Wednesday,12,2,6,38.3788
2025,3,Wednesday,12,5,8,13.6978
2025,3,Wednesday,12,6,1,36.016
2025,3,Wednesday,12,4,3,152.2058
2025,3,Wednesday,12,0,7,4.761
2025,3,Wednesday,12,5,0,9.5952
2025,3,Wednesday,12,7,5,6.918
2025,3,Wednesday,12,2,8,14.0665
2025,3,Wednesday,12,3,7,56.529
2025,3,Wednesday,12,4,6,70.5478
2025,3,Wednesday,12,2,3,97.5613
2025,3,Wednesday,12,7,8,0.5835
2025,3,Wednesday,12,1,7,10.683
2025,3,Wednesday,12,5,3,101.885
2025,3,Wednesday,12,6,4,92.8753
2025,3,Wednesday,12,5,6,19.7185
2025,3,Wednesday,12,7,2,14.4052
2025,3,Wednesday,12,5,1,22.667
2025,3,Wednesday,12,8,5,20.9193
2025,3,Wednesday,12,1,6,43.6937
2025,3,Wednesday,12,1,5,17.5623
2025,3,Wednesday,12,4,7,21.1058
2025,3,Wednesday,12,6,7,5.47
2025,3,Wednesday,12,2,1,68.4675
2025,3,Wednesday,12,2,4,48.976
2025,3,Wednesday,12,4,0,22.4145
2025,3,Wednesday,12,1,2,61.8883
2025,3,Wednesday,12,4,8,24.167
2025,3,Wednesday,12,8,7,1.2385
2025,3,Wednesday,12,2,7,11.607
2025,3,Wednesday,12,8,6,30.059
2025,3,Wednesday,12,7,6,2.1145
2025,3,Wednesday,12,1,8,16.356
2025,3,Wednesday,12,0,8,4.019
2025,3,Wednesday,12,4,5,35.698
2025,3,Wednesday,12,2,0,13.857
2025,3,Wednesday,12,8,1,15.7538
2025,3,Wednesday,12,3,8,63.3075
2025,3,Wednesday,12,8,4,36.0523
2025,3,Wednesday,12,5,7,11.0352
2025,3,Wednesday,12,6,8,22.2165
2025,3,Wednesday,12,3,1,98.3052
2025,3,Wednesday,12,3,0,20.1672
2025,3,Wednesday,12,8,2,19.104
2025,3,Wednesday,12,4,2,49.0253
2025,3,Wednesday,12,3,5,85.3582
2025,3,Wednesday,12,0,3,32.639
2025,3,Wednesday,12,3,4,201.2883
2025,3,Wednesday,12,0,1,36.4755
2025,3,Wednesday,12,2,5,16.3937
2025,3,Thursday,1,1,3,0.3125
2025,3,Thursday,1,2,5,0.3438
2025,3,Thursday,1,3,4,3.629
2025,3,Thursday,1,3,6,2.2055
2025,3,Thursday,1,8,5,0.2677
2025,3,Thursday,1,5,6,0.5715
2025,3,Thursday,1,1,0,0.6027
2025,3,Thursday,1,6,1,0.5715
2025,3,Thursday,1,7,1,0.3543
2025,3,Thursday,1,7,3,0.5983
2025,3,Thursday,1,0,6,0.335
2025,3,Thursday,1,5,3,1.401
2025,3,Thursday,1,0,2,0.9492
2025,3,Thursday,1,4,5,0.573
2025,3,Thursday,1,0,3,0.6418
2025,3,Thursday,1,4,6,0.2575
2025,3,Thursday,1,1,4,0.569
2025,3,Thursday,1,2,0,2.0108
2025,3,Thursday,1,4,1,1.426
2025,3,Thursday,1,6,0,0.876
2025,3,Thursday,1,1,5,0.3125
2025,3,Thursday,1,7,0,0.555
2025,3,Thursday,1,6,4,0.5892
2025,3,Thursday,1,5,8,0.25
2025,3,Thursday,1,3,0,2.115
2025,3,Thursday,1,4,2,0.883
2025,3,Thursday,1,3,2,0.9453
2025,3,Thursday,1,6,7,0.3125
2025,3,Thursday,1,0,4,0.9793
2025,3,Thursday,1,1,8,0.2625
2025,3,Thursday,1,4,0,1.4353
2025,3,Thursday,1,6,3,3.2475
2025,3,Thursday,1,8,6,0.9438
2025,3,Thursday,1,1,2,0.2625
2025,3,Thursday,1,3,8,0.298
2025,3,Thursday,1,3,5,0.959
2025,3,Thursday,1,5,4,1.509
2025,3,Thursday,1,2,8,0.2918
2025,3,Thursday,1,6,5,0.25
2025,3,Thursday,1,8,0,1.2408
2025,3,Thursday,1,4,3,5.549
2025,3,Thursday,1,3,1,1.5695
2025,3,Thursday,1,5,2,0.95
2025,3,Thursday,1,2,1,0.6515
2025,3,Thursday,1,7,4,0.2858
2025,3,Thursday,1,5,0,0.6805
2025,3,Thursday,13,4,2,52.2022
2025,3,Thursday,13,4,7,19.9075
2025,3,Thursday,13,5,3,108.7355
2025,3,Thursday,13,2,1,55.449
2025,3,Thursday,13,5,8,13.1205
2025,3,Thursday,13,0,4,32.0312
2025,3,Thursday,13,3,4,185.8898
2025,3,Thursday,13,7,1,12.759
2025,3,Thursday,13,5,4,48.0595
2025,3,Thursday,13,3,2,102.9065
2025,3,Thursday,13,1,6,34.8622
2025,3,Thursday,13,6,5,26.0663
2025,3,Thursday,13,7,5,12.4525
2025,3,Thursday,13,3,1,129.2008
2025,3,Thursday,13,7,2,20.697
2025,3,Thursday,13,0,2,25.5335
2025,3,Thursday,13,4,0,19.9167
2025,3,Thursday,13,1,5,20.1042
2025,3,Thursday,13,4,8,19.5723
2025,3,Thursday,13,1,0,41.429
2025,3,Thursday,13,8,2,15.1418
2025,3,Thursday,13,7,8,2.5803
2025,3,Thursday,13,8,6,32.1612
2025,3,Thursday,13,8,3,67.472
2025,3,Thursday,13,2,8,13.4838
2025,3,Thursday,13,1,4,56.678
2025,3,Thursday,13,6,3,181.7135
2025,3,Thursday,13,0,8,4.2105
2025,3,Thursday,13,7,3,67.7233
2025,3,Thursday,13,8,4,30.9485
2025,3,Thursday,13,0,1,45.9912
2025,3,Thursday,13,6,2,51.0145
2025,3,Thursday,13,2,0,19.752
2025,3,Thursday,13,6,8,20.5998
2025,3,Thursday,13,3,6,167.5285
2025,3,Thursday,13,4,5,34.4292
2025,3,Thursday,13,8,7,0.3013
2025,3,Thursday,13,7,6,7.0535
2025,3,Thursday,13,5,1,31.3808
2025,3,Thursday,13,5,6,25.8878
2025,3,Thursday,13,7,0,2.6857
2025,3,Thursday,13,2,7,19.0933
2025,3,Thursday,13,4,1,65.9893
2025,3,Thursday,13,3,5,108.059
2025,3,Thursday,13,6,4,82.2332
2025,3,Thursday,13,3,0,30.2083
2025,3,Thursday,13,1,2,64.4647
2025,3,Thursday,13,8,1,20.0487
2025,3,Thursday,13,4,6,66.554
2025,3,Thursday,13,5,0,9.8825
2025,3,Thursday,13,7,4,33.6207
2025,3,Thursday,13,5,2,27.042
2025,3,Thursday,13,3,8,63.0108
2025,3,Thursday,13,1,3,120.7995
2025,3,Thursday,13,6,1,46.3423
2025,3,Thursday,13,6,0,17.5412
2025,3,Thursday,13,0,5,11.3983
2025,3,Thursday,13,2,6,50.1052
2025,3,Thursday,13,0,7,3.9027
2025,3,Thursday,13,1,8,11.8515
2025,3,Thursday,13,2,5,22.7077
2025,3,Thursday,13,0,3,38.2143
2025,3,Thursday,13,2,3,110.9223
2025,3,Thursday,13,8,5,18.8675
2025,3,Thursday,13,8,0,5.4858
2025,3,Thursday,13,5,7,6.0628
2025,3,Thursday,13,4,3,153.6448
2025,3,Thursday,13,2,4,56.5687
2025,3,Thursday,13,1,7,14.2258
2025,3,Thursday,13,6,7,5.8235
2025,3,Thursday,13,3,7,58.0343
2025,3,Thursday,13,0,6,10.2813
2025,3,Thursday,2,6,7,0.35
2025,3,Thursday,2,7,6,1.0832
2025,3,Thursday,2,4,3,2.2075
2025,3,Thursday,2,3,1,0.5985
2025,3,Thursday,2,0,1,0.3815
2025,3,Thursday,2,3,2,0.2693
2025,3,Thursday,2,2,0,0.8847
2025,3,Thursday,2,0,3,0.8947
2025,3,Thursday,2,5,4,0.9625
2025,3,Thursday,2,6,5,0.5625
2025,3,Thursday,2,4,2,0.5915
2025,3,Thursday,2,3,0,1.9877
2025,3,Thursday,2,6,3,0.25
2025,3,Thursday,2,4,0,0.5277
2025,3,Thursday,2,5,3,0.6125
2025,3,Thursday,2,3,5,0.2918
2025,3,Thursday,2,6,0,0.3392
2025,3,Thursday,2,7,0,0.625
2025,3,Thursday,2,5,7,0.25
2025,3,Thursday,2,3,4,1.2242
2025,3,Thursday,2,5,6,0.3
2025,3,Thursday,2,8,1,0.6563
2025,3,Thursday,2,6,8,1.5535
2025,3,Thursday,2,4,8,0.9435
2025,3,Thursday,2,4,1,1.494
2025,3,Thursday,2,7,3,0.5832
2025,3,Thursday,2,4,6,0.2813
2025,3,Thursday,2,8,6,0.3438
2025,3,Thursday,2,3,7,0.4125
2025,3,Thursday,2,6,4,0.25
2025,3,Thursday,2,5,0,0.9875
2025,3,Thursday,2,3,6,3.625
2025,3,Thursday,2,7,1,0.375
2025,3,Thursday,14,6,3,247.946
2025,3,Thursday,14,2,8,21.8502
2025,3,Thursday,14,0,3,47.2042
2025,3,Thursday,14,5,2,27.7947
2025,3,Thursday,14,7,3,83.1553
2025,3,Thursday,14,4,1,85.2618
2025,3,Thursday,14,5,3,138.1435
2025,3,Thursday,14,1,4,70.446
2025,3,Thursday,14,4,5,46.2358
2025,3,Thursday,14,7,2,18.3795
2025,3,Thursday,14,5,8,11.1225
2025,3,Thursday,14,7,1,14.6385
2025,3,Thursday,14,3,0,44.078
2025,3,Thursday,14,6,0,19.1112
2025,3,Thursday,14,3,1,117.6935
2025,3,Thursday,14,6,8,19.5665
2025,3,Thursday,14,0,7,5.1665
2025,3,Thursday,14,0,5,7.2365
2025,3,Thursday,14,2,7,19.105
2025,3,Thursday,14,1,2,60.779
2025,3,Thursday,14,5,4,51.5518
2025,3,Thursday,14,7,4,31.2565
2025,3,Thursday,14,3,4,210.0963
2025,3,Thursday,14,4,0,40.7308
2025,3,Thursday,14,8,2,20.606
2025,3,Thursday,14,7,0,4.749
2025,3,Thursday,14,1,3,141.8252
2025,3,Thursday,14,0,1,56.5182
2025,3,Thursday,14,0,8,3.4465
2025,3,Thursday,14,8,3,107.9057
2025,3,Thursday,14,7,5,8.411
2025,3,Thursday,14,4,7,29.7367
2025,3,Thursday,14,8,4,33.5678
2025,3,Thursday,14,1,0,50.8608
2025,3,Thursday,14,1,8,20.7367
2025,3,Thursday,14,3,8,59.4712
2025,3,Thursday,14,6,2,44.1065
2025,3,Thursday,14,5,7,5.0905
2025,3,Thursday,14,1,7,18.1085
2025,3,Thursday,14,2,4,60.317
2025,3,Thursday,14,3,5,70.3585
2025,3,Thursday,14,0,2,25.1217
2025,3,Thursday,14,1,5,24.3095
2025,3,Thursday,14,2,6,53.1128
2025,3,Thursday,14,8,0,6.3565
2025,3,Thursday,14,6,1,49.5005
2025,3,Thursday,14,2,1,75.0125
2025,3,Thursday,14,0,6,15.1785
2025,3,Thursday,14,3,6,186.2585
2025,3,Thursday,14,7,8,0.6702
2025,3,Thursday,14,4,6,68.0465
2025,3,Thursday,14,5,0,18.8355
2025,3,Thursday,14,5,1,34.9028
2025,3,Thursday,14,2,0,27.174
2025,3,Thursday,14,3,7,46.8965
2025,3,Thursday,14,2,5,22.9125
2025,3,Thursday,14,6,4,83.4198
2025,3,Thursday,14,1,6,48.4628
2025,3,Thursday,14,2,3,119.8945
2025,3,Thursday,14,8,5,18.413
2025,3,Thursday,14,7,6,6.2275
2025,3,Thursday,14,4,3,231.2548
2025,3,Thursday,14,6,5,18.7095
2025,3,Thursday,14,6,7,8.98
2025,3,Thursday,14,4,2,65.6393
2025,3,Thursday,14,3,2,95.6185
2025,3,Thursday,14,0,4,35.4483
2025,3,Thursday,14,8,7,0.6175
2025,3,Thursday,14,8,6,23.5115
2025,3,Thursday,14,8,1,24.0745
2025,3,Thursday,14,4,8,28.4082
2025,3,Thursday,14,5,6,22.9667
2025,3,Thursday,3,6,8,1.5335
2025,3,Thursday,3,0,6,0.3167
2025,3,Thursday,3,2,1,0.5983
2025,3,Thursday,3,8,5,0.25
2025,3,Thursday,3,8,0,0.4
2025,3,Thursday,3,2,3,1.2082
2025,3,Thursday,3,4,3,0.625
2025,3,Thursday,3,5,3,2.5707
2025,3,Thursday,3,4,6,0.5313
2025,3,Thursday,3,3,0,0.375
2025,3,Thursday,3,0,5,0.3417
2025,3,Thursday,3,4,7,0.2763
2025,3,Thursday,3,1,0,0.3
2025,3,Thursday,3,0,3,0.6842
2025,3,Thursday,3,3,4,0.601
2025,3,Thursday,3,6,0,0.8783
2025,3,Thursday,3,3,6,0.6048
2025,3,Thursday,3,0,4,0.6842
2025,3,Thursday,3,5,4,0.8938
2025,3,Thursday,3,5,2,1.4895
2025,3,Thursday,3,1,2,0.7142
2025,3,Thursday,3,6,3,2.8417
2025,3,Thursday,3,7,0,0.2918
2025,3,Thursday,3,4,1,0.3125
2025,3,Thursday,3,1,8,1.3643
2025,3,Thursday,3,4,5,0.543
2025,3,Thursday,3,5,7,0.25
2025,3,Thursday,3,4,0,0.6357
2025,3,Thursday,3,5,8,0.3438
2025,3,Thursday,3,3,8,0.3047
2025,3,Thursday,3,5,0,0.5832
2025,3,Thursday,3,6,5,0.925
2025,3,Thursday,3,1,4,0.6125
2025,3,Thursday,3,6,1,0.3125
2025,3,Thursday,15,5,1,49.0685
2025,3,Thursday,15,2,8,29.9302
2025,3,Thursday,15,4,1,100.3818
2025,3,Thursday,15,4,2,63.4683
2025,3,Thursday,15,1,8,40.115
2025,3,Thursday,15,4,8,38.154
2025,3,Thursday,15,2,0,43.8267
2025,3,Thursday,15,7,4,49.6238
2025,3,Thursday,15,0,2,25.783
2025,3,Thursday,15,6,8,13.4845
2025,3,Thursday,15,1,0,128.922
2025,3,Thursday,15,1,6,72.9495
2025,3,Thursday,15,2,6,78.851
2025,3,Thursday,15,1,3,190.5525
2025,3,Thursday,15,5,4,65.7875
2025,3,Thursday,15,3,1,150.349
2025,3,Thursday,15,7,2,22.5793
2025,3,Thursday,15,8,2,25.5455
2025,3,Thursday,15,4,0,63.454
2025,3,Thursday,15,8,1,27.3538
2025,3,Thursday,15,7,8,0.2677
2025,3,Thursday,15,3,5,69.5135
2025,3,Thursday,15,2,1,85.7863
2025,3,Thursday,15,6,4,100.0068
2025,3,Thursday,15,3,4,202.0392
2025,3,Thursday,15,6,1,49.6495
2025,3,Thursday,15,0,7,6.809
2025,3,Thursday,15,7,6,8.182
2025,3,Thursday,15,5,3,275.0352
2025,3,Thursday,15,6,3,366
2025,3,Thursday,15,7,5,10.3053
2025,3,Thursday,15,4,7,33.329
2025,3,Thursday,15,1,4,92.8345
2025,3,Thursday,15,4,5,53.0255
2025,3,Thursday,15,5,7,7.8977
2025,3,Thursday,15,4,3,331.816
2025,3,Thursday,15,6,0,32.211
2025,3,Thursday,15,8,6,33.978
2025,3,Thursday,15,5,6,27.065
2025,3,Thursday,15,2,4,55.425
2025,3,Thursday,15,0,3,54.0907
2025,3,Thursday,15,3,2,95.5295
2025,3,Thursday,15,3,8,71.7297
2025,3,Thursday,15,7,1,25.7122
2025,3,Thursday,15,0,1,64.1052
2025,3,Thursday,15,6,2,59.7345
2025,3,Thursday,15,3,6,233.7792
2025,3,Thursday,15,1,5,26.2383
2025,3,Thursday,15,0,5,9.1415
2025,3,Thursday,15,6,7,9.098
2025,3,Thursday,15,8,5,20.8195
2025,3,Thursday,15,5,2,30.8727
2025,3,Thursday,15,2,7,19.8297
2025,3,Thursday,15,0,8,7.8283
2025,3,Thursday,15,8,0,8.9475
2025,3,Thursday,15,8,4,40.4117
2025,3,Thursday,15,1,2,81.053
2025,3,Thursday,15,2,5,22.061
2025,3,Thursday,15,3,7,58.6425
2025,3,Thursday,15,1,7,15.2448
2025,3,Thursday,15,6,5,23.3355
2025,3,Thursday,15,4,6,103.8128
2025,3,Thursday,15,0,6,31.9692
2025,3,Thursday,15,3,0,52.874
2025,3,Thursday,15,5,8,13.8785
2025,3,Thursday,15,2,3,177.263
2025,3,Thursday,15,7,3,110.633
2025,3,Thursday,15,5,0,21.1315
2025,3,Thursday,15,8,3,201.612
2025,3,Thursday,15,0,4,31.523
2025,3,Thursday,15,7,0,7.0418
2025,3,Thursday,4,2,7,0.575
2025,3,Thursday,4,5,3,0.5
2025,3,Thursday,4,6,1,1.0263
2025,3,Thursday,4,3,5,0.25
2025,3,Thursday,4,0,7,0.3375
2025,3,Thursday,4,8,2,1.4033
2025,3,Thursday,4,3,7,0.982
2025,3,Thursday,4,0,3,5.3618
2025,3,Thursday,4,2,4,1.5358
2025,3,Thursday,4,0,2,2.8728
2025,3,Thursday,4,6,2,1.061
2025,3,Thursday,4,0,4,0.6287
2025,3,Thursday,4,3,2,0.5757
2025,3,Thursday,4,8,0,0.375
2025,3,Thursday,4,2,0,1.3195
2025,3,Thursday,4,1,5,0.7777
2025,3,Thursday,4,6,3,8.3138
2025,3,Thursday,4,2,3,1.3957
2025,3,Thursday,4,8,4,0.389
2025,3,Thursday,4,0,8,2.2223
2025,3,Thursday,4,1,8,0.3332
2025,3,Thursday,4,1,4,0.3638
2025,3,Thursday,4,8,5,0.3543
2025,3,Thursday,4,7,2,0.3125
2025,3,Thursday,4,4,0,1
2025,3,Thursday,4,3,6,1.4748000000000001
2025,3,Thursday,4,5,4,0.5
2025,3,Thursday,4,0,1,2.245
2025,3,Thursday,4,6,8,0.35
2025,3,Thursday,4,4,3,2.9253
2025,3,Thursday,4,3,0,1.7773
2025,3,Thursday,4,2,8,1
2025,3,Thursday,4,6,5,0.75
2025,3,Thursday,4,3,1,0.8658
2025,3,Thursday,4,0,6,2.862
2025,3,Thursday,4,5,0,0.5
2025,3,Thursday,4,0,5,4.699
2025,3,Thursday,4,7,3,0.55
2025,3,Thursday,4,4,2,0.3332
2025,3,Thursday,4,1,3,1.0662
2025,3,Thursday,4,6,4,2.1168
2025,3,Thursday,4,8,1,1.1402
2025,3,Thursday,4,4,5,0.9253
2025,3,Thursday,4,3,4,2.4405
2025,3,Thursday,4,7,1,0.3
2025,3,Thursday,4,1,6,1.7632
2025,3,Thursday,4,2,6,0.25
2025,3,Thursday,4,5,2,0.2858
2025,3,Thursday,4,5,1,0.3573
2025,3,Thursday,4,8,3,4.3515
2025,3,Thursday,4,2,1,1.655
2025,3,Thursday,16,3,8,115.1242
2025,3,Thursday,16,3,2,104.7132
2025,3,Thursday,16,2,3,247.9987
2025,3,Thursday,16,1,5,21.9728
2025,3,Thursday,16,8,5,15.4722
2025,3,Thursday,16,8,2,27.4755
2025,3,Thursday,16,7,5,6.1577
2025,3,Thursday,16,8,7,0.5925
2025,3,Thursday,16,7,4,57.8573
2025,3,Thursday,16,8,3,337.1677
2025,3,Thursday,16,8,1,33.2872
2025,3,Thursday,16,1,7,12.0558
2025,3,Thursday,16,2,5,26.5193
2025,3,Thursday,16,6,7,9.836
2025,3,Thursday,16,5,0,29.2228
2025,3,Thursday,16,8,6,55.814
2025,3,Thursday,16,3,4,284.7775
2025,3,Thursday,16,3,5,102.0413
2025,3,Thursday,16,3,7,85.7912
2025,3,Thursday,16,7,0,11.9058
2025,3,Thursday,16,7,8,0.8333
2025,3,Thursday,16,1,2,63.4015
2025,3,Thursday,16,5,4,75.9328
2025,3,Thursday,16,4,0,46.971
2025,3,Thursday,16,7,3,263.8853
2025,3,Thursday,16,2,0,60.1592
2025,3,Thursday,16,4,7,34.9875
2025,3,Thursday,16,0,7,3.9682
2025,3,Thursday,16,6,1,100.934
2025,3,Thursday,16,3,1,205.0385
2025,3,Thursday,16,1,6,104.9135
2025,3,Thursday,16,1,3,212.4777
2025,3,Thursday,16,5,3,434.1367
2025,3,Thursday,16,6,5,27.609
2025,3,Thursday,16,2,4,85.7165
2025,3,Thursday,16,5,7,8.7408
2025,3,Thursday,16,1,8,48.628
2025,3,Thursday,16,5,6,27.931
2025,3,Thursday,16,6,4,129.808
2025,3,Thursday,16,8,4,52.0582
2025,3,Thursday,16,4,8,54.5255
2025,3,Thursday,16,8,0,13.2135
2025,3,Thursday,16,6,0,35.0085
2025,3,Thursday,16,0,6,33.9548
2025,3,Thursday,16,7,1,30.4682
2025,3,Thursday,16,1,4,107.6077
2025,3,Thursday,16,5,1,48.896
2025,3,Thursday,16,2,1,86.4827
2025,3,Thursday,16,2,8,40.692
2025,3,Thursday,16,0,3,52.1065
2025,3,Thursday,16,3,6,394.029
2025,3,Thursday,16,4,3,420.4095
2025,3,Thursday,16,4,1,76.406
2025,3,Thursday,16,0,8,9.3002
2025,3,Thursday,16,2,6,115.049
2025,3,Thursday,16,4,2,59.2427
2025,3,Thursday,16,0,2,19.6137
2025,3,Thursday,16,0,1,71.0512
2025,3,Thursday,16,0,5,8.6462
2025,3,Thursday,16,2,7,27.962
2025,3,Thursday,16,5,2,36.6145
2025,3,Thursday,16,6,2,56.6528
2025,3,Thursday,16,7,2,22.5633
2025,3,Thursday,16,6,3,723.138
2025,3,Thursday,16,0,4,35.8662
2025,3,Thursday,16,3,0,63.7362
2025,3,Thursday,16,4,6,87.9315
2025,3,Thursday,16,5,8,22.062
2025,3,Thursday,16,7,6,8.237
2025,3,Thursday,16,4,5,41.152
2025,3,Thursday,16,1,0,100.053
2025,3,Thursday,16,6,8,11.0918
2025,3,Thursday,5,6,8,1.4545
2025,3,Thursday,5,1,5,4.1032
2025,3,Thursday,5,1,0,6.3842
2025,3,Thursday,5,2,4,1.1637
2025,3,Thursday,5,8,5,2.2548
2025,3,Thursday,5,5,2,0.2918
2025,3,Thursday,5,8,1,6.05
2025,3,Thursday,5,1,3,10.2925
2025,3,Thursday,5,7,6,1.1353
2025,3,Thursday,5,0,4,5.0442
2025,3,Thursday,5,6,4,2.4218
2025,3,Thursday,5,5,1,2.3327
2025,3,Thursday,5,4,0,7.5223
2025,3,Thursday,5,0,8,5.6172
2025,3,Thursday,5,8,4,5.283
2025,3,Thursday,5,8,2,6.1375
2025,3,Thursday,5,2,7,1.4525
2025,3,Thursday,5,7,4,3.0952
2025,3,Thursday,5,0,2,13.5405
2025,3,Thursday,5,4,6,6.94
2025,3,Thursday,5,3,0,5.421
2025,3,Thursday,5,3,6,67.9122
2025,3,Thursday,5,4,5,3.4535
2025,3,Thursday,5,0,5,7.5082
2025,3,Thursday,5,7,3,7.0913
2025,3,Thursday,5,4,3,18.5115
2025,3,Thursday,5,3,7,18.3833
2025,3,Thursday,5,8,6,1.0838
2025,3,Thursday,5,1,7,2.9233
2025,3,Thursday,5,8,0,2.0898
2025,3,Thursday,5,4,2,1.0165
2025,3,Thursday,5,0,1,13.1795
2025,3,Thursday,5,2,1,1.3347
2025,3,Thursday,5,6,1,7.9562
2025,3,Thursday,5,3,5,61.5827
2025,3,Thursday,5,6,3,36.7497
2025,3,Thursday,5,6,5,0.644
2025,3,Thursday,5,8,3,22.882
2025,3,Thursday,5,1,6,7.939
2025,3,Thursday,5,5,4,0.945
2025,3,Thursday,5,3,2,13.2758
2025,3,Thursday,5,6,2,8.61
2025,3,Thursday,5,3,1,10.6682
2025,3,Thursday,5,7,1,1.1062
2025,3,Thursday,5,1,2,1.7753
2025,3,Thursday,5,2,5,4.6565
2025,3,Thursday,5,0,6,10.3385
2025,3,Thursday,5,1,4,4.086
2025,3,Thursday,5,5,3,7.1592
2025,3,Thursday,5,4,8,0.6893
2025,3,Thursday,5,5,8,0.2918
2025,3,Thursday,5,0,7,1.5653
2025,3,Thursday,5,4,1,3.646
2025,3,Thursday,5,6,0,2.3912
2025,3,Thursday,5,0,3,17.8305
2025,3,Thursday,5,2,3,7.17
2025,3,Thursday,5,1,8,7.05
2025,3,Thursday,5,3,4,29.5408
2025,3,Thursday,5,2,0,5.394
2025,3,Thursday,5,7,2,1.1017
2025,3,Thursday,5,3,8,36.0337
2025,3,Thursday,5,2,8,6.236
2025,3,Thursday,5,2,6,4.3533
2025,3,Thursday,5,4,7,1.343
2025,3,Thursday,17,8,2,37.438
2025,3,Thursday,17,8,1,51.1928
2025,3,Thursday,17,4,7,54.8397
2025,3,Thursday,17,5,2,38.0823
2025,3,Thursday,17,4,6,117.8212
2025,3,Thursday,17,1,8,25.878
2025,3,Thursday,17,2,7,51.8302
2025,3,Thursday,17,5,3,471.2472
2025,3,Thursday,17,1,0,112.3342
2025,3,Thursday,17,6,0,44.593
2025,3,Thursday,17,6,7,8.4758
2025,3,Thursday,17,6,1,208.998
2025,3,Thursday,17,3,4,555.8242
2025,3,Thursday,17,1,2,73.4738
2025,3,Thursday,17,7,0,24.66
2025,3,Thursday,17,0,2,27.345
2025,3,Thursday,17,6,4,265.8807
2025,3,Thursday,17,0,3,52.6608
2025,3,Thursday,17,2,0,85.3952
2025,3,Thursday,17,8,7,1.446
2025,3,Thursday,17,6,2,137.5832
2025,3,Thursday,17,1,6,97.5107
2025,3,Thursday,17,5,1,64.1488
2025,3,Thursday,17,8,0,16.662
2025,3,Thursday,17,0,1,82.25
2025,3,Thursday,17,5,8,15.2765
2025,3,Thursday,17,1,4,108.6292
2025,3,Thursday,17,3,8,142.6243
2025,3,Thursday,17,0,5,2.9538
2025,3,Thursday,17,6,8,15.427
2025,3,Thursday,17,4,1,110.3032
2025,3,Thursday,17,7,6,14.6308
2025,3,Thursday,17,8,5,16.9813
2025,3,Thursday,17,7,8,1.9485
2025,3,Thursday,17,5,4,94.3318
2025,3,Thursday,17,8,6,50.309
2025,3,Thursday,17,0,8,13.1565
2025,3,Thursday,17,3,2,179.9555
2025,3,Thursday,17,5,0,24.375
2025,3,Thursday,17,7,4,106.4973
2025,3,Thursday,17,7,3,338.441
2025,3,Thursday,17,0,4,42.4968
2025,3,Thursday,17,3,5,174.1103
2025,3,Thursday,17,3,6,782.3712
2025,3,Thursday,17,3,0,102.3348
2025,3,Thursday,17,4,5,47.1922
2025,3,Thursday,17,1,5,25.8393
2025,3,Thursday,17,1,7,21.9665
2025,3,Thursday,17,8,3,389.7833
2025,3,Thursday,17,4,0,54.13
2025,3,Thursday,17,6,3,1205.6663
2025,3,Thursday,17,2,3,317.8823
2025,3,Thursday,17,4,2,84.8865
2025,3,Thursday,17,1,3,245.2985
2025,3,Thursday,17,7,5,6.4405
2025,3,Thursday,17,2,4,124.2
2025,3,Thursday,17,6,5,29.5892
2025,3,Thursday,17,3,1,443.8162
2025,3,Thursday,17,5,6,30.8567
2025,3,Thursday,17,4,3,516.3608
2025,3,Thursday,17,2,1,135.8557
2025,3,Thursday,17,2,8,46.3705
2025,3,Thursday,17,8,4,70.664
2025,3,Thursday,17,0,7,3.622
2025,3,Thursday,17,3,7,165.6095
2025,3,Thursday,17,5,7,11.5783
2025,3,Thursday,17,7,2,38.767
2025,3,Thursday,17,2,5,41.4935
2025,3,Thursday,17,4,8,37.7155
2025,3,Thursday,17,7,1,55.9112
2025,3,Thursday,17,0,6,30.3312
2025,3,Thursday,17,2,6,223.2225
2025,3,Thursday,6,2,1,4.825
2025,3,Thursday,6,8,1,16.0652
2025,3,Thursday,6,6,1,43.297
2025,3,Thursday,6,5,3,29.479
2025,3,Thursday,6,4,5,11.1205
2025,3,Thursday,6,6,7,0.625
2025,3,Thursday,6,4,7,4.0335
2025,3,Thursday,6,7,4,5.763
2025,3,Thursday,6,1,5,13.7105
2025,3,Thursday,6,3,7,74.6485
2025,3,Thursday,6,1,8,6.1133
2025,3,Thursday,6,8,4,19.8167
2025,3,Thursday,6,8,5,2.8395
2025,3,Thursday,6,0,3,30.184
2025,3,Thursday,6,6,5,5.0275
2025,3,Thursday,6,5,1,8.5665
2025,3,Thursday,6,1,4,12.5443
2025,3,Thursday,6,7,0,1.1
2025,3,Thursday,6,6,4,10.0782
2025,3,Thursday,6,4,1,9.415
2025,3,Thursday,6,6,2,46.2177
2025,3,Thursday,6,8,2,22.1282
2025,3,Thursday,6,0,4,20.9698
2025,3,Thursday,6,1,6,29.1643
2025,3,Thursday,6,0,2,27.9222
2025,3,Thursday,6,4,6,19.775
2025,3,Thursday,6,2,8,9.7995
2025,3,Thursday,6,5,6,2.5685
2025,3,Thursday,6,7,3,38.3043
2025,3,Thursday,6,6,8,8.5398
2025,3,Thursday,6,3,2,65.0308
2025,3,Thursday,6,1,0,34.388
2025,3,Thursday,6,3,1,41.9922
2025,3,Thursday,6,7,1,8.737
2025,3,Thursday,6,1,3,55.2805
2025,3,Thursday,6,3,8,115.0048
2025,3,Thursday,6,3,0,20.4392
2025,3,Thursday,6,7,6,2.2
2025,3,Thursday,6,5,4,4.9467
2025,3,Thursday,6,2,3,17.3602
2025,3,Thursday,6,4,8,5.9195
2025,3,Thursday,6,3,4,116.6582
2025,3,Thursday,6,2,5,10.2092
2025,3,Thursday,6,4,0,8.0888
2025,3,Thursday,6,7,5,0.2817
2025,3,Thursday,6,0,7,7.9598
2025,3,Thursday,6,4,2,9.3785
2025,3,Thursday,6,2,6,14.568
2025,3,Thursday,6,5,2,6.2887
2025,3,Thursday,6,0,6,17.4602
2025,3,Thursday,6,0,5,12.743
2025,3,Thursday,6,3,5,188.8475
2025,3,Thursday,6,1,2,14.8603
2025,3,Thursday,6,8,7,0.5482
2025,3,Thursday,6,5,8,0.5373
2025,3,Thursday,6,5,7,1.0877
2025,3,Thursday,6,7,2,11.9642
2025,3,Thursday,6,6,3,137.1377
2025,3,Thursday,6,5,0,1.5393
2025,3,Thursday,6,3,6,242.3045
2025,3,Thursday,6,8,3,49.8322
2025,3,Thursday,6,2,0,9.587
2025,3,Thursday,6,1,7,3.7105
2025,3,Thursday,6,8,0,4.1798
2025,3,Thursday,6,0,8,5.716
2025,3,Thursday,6,0,1,45.3152
2025,3,Thursday,6,6,0,19.6135
2025,3,Thursday,6,8,6,1.1793
2025,3,Thursday,6,2,4,4.048
2025,3,Thursday,6,2,7,4.3438
2025,3,Thursday,6,4,3,56.805
2025,3,Thursday,18,4,7,36.446
2025,3,Thursday,18,8,1,28.2202
2025,3,Thursday,18,5,2,27.199
2025,3,Thursday,18,1,8,20.446
2025,3,Thursday,18,4,3,332.4435
2025,3,Thursday,18,1,7,15.1068
2025,3,Thursday,18,2,1,114.5093
2025,3,Thursday,18,5,1,52.9198
2025,3,Thursday,18,3,7,152.795
2025,3,Thursday,18,6,7,14.459
2025,3,Thursday,18,4,1,109.6305
2025,3,Thursday,18,5,3,217.2857
2025,3,Thursday,18,0,7,2.3085
2025,3,Thursday,18,5,0,15.6325
2025,3,Thursday,18,5,6,19.9513
2025,3,Thursday,18,6,1,137.4042
2025,3,Thursday,18,6,5,20.5257
2025,3,Thursday,18,1,5,21.628
2025,3,Thursday,18,5,7,5.4408
2025,3,Thursday,18,3,2,141.6083
2025,3,Thursday,18,4,6,96.7185
2025,3,Thursday,18,2,3,179.0153
2025,3,Thursday,18,2,5,34.1795
2025,3,Thursday,18,4,8,20.4913
2025,3,Thursday,18,1,6,58.9053
2025,3,Thursday,18,7,3,162.4105
2025,3,Thursday,18,0,1,63.7945
2025,3,Thursday,18,6,3,614.2863
2025,3,Thursday,18,6,0,32.3002
2025,3,Thursday,18,3,0,65.8583
2025,3,Thursday,18,0,5,6.2577
2025,3,Thursday,18,0,3,28.981
2025,3,Thursday,18,7,8,0.5495
2025,3,Thursday,18,2,6,157.7123
2025,3,Thursday,18,3,4,461.9132
2025,3,Thursday,18,1,3,121.8723
2025,3,Thursday,18,1,0,69.7287
2025,3,Thursday,18,7,2,33.7575
2025,3,Thursday,18,8,4,46.945
2025,3,Thursday,18,0,6,15.7853
2025,3,Thursday,18,3,5,160.5442
2025,3,Thursday,18,1,4,74.0077
2025,3,Thursday,18,4,2,67.4478
2025,3,Thursday,18,5,8,5.722
2025,3,Thursday,18,7,5,5.6165
2025,3,Thursday,18,7,6,8.165
2025,3,Thursday,18,7,4,69.64
2025,3,Thursday,18,0,4,26.622
2025,3,Thursday,18,7,1,39.408
2025,3,Thursday,18,5,4,72.2895
2025,3,Thursday,18,7,0,7.0305
2025,3,Thursday,18,8,2,20.9478
2025,3,Thursday,18,8,7,0.8635
2025,3,Thursday,18,2,7,32.7108
2025,3,Thursday,18,3,6,568.9705
2025,3,Thursday,18,8,5,10.2582
2025,3,Thursday,18,0,2,23.6822
2025,3,Thursday,18,6,4,207.1585
2025,3,Thursday,18,4,0,48.1158
2025,3,Thursday,18,8,3,148.9288
2025,3,Thursday,18,6,2,98.6557
2025,3,Thursday,18,8,0,12.9395
2025,3,Thursday,18,2,0,49.972
2025,3,Thursday,18,4,5,49.0133
2025,3,Thursday,18,2,4,101.4533
2025,3,Thursday,18,8,6,19.1058
2025,3,Thursday,18,0,8,5.9235
2025,3,Thursday,18,2,8,30.5582
2025,3,Thursday,18,1,2,43.5645
2025,3,Thursday,18,3,1,395.2545
2025,3,Thursday,18,6,8,13.5387
2025,3,Thursday,18,3,8,89.246
2025,3,Thursday,7,5,4,34.2392
2025,3,Thursday,7,7,2,49.4703
2025,3,Thursday,7,8,3,120.7097
2025,3,Thursday,7,7,3,144.8042
2025,3,Thursday,7,4,7,22.4515
2025,3,Thursday,7,4,5,39.868
2025,3,Thursday,7,6,8,40.9665
2025,3,Thursday,7,0,4,48.6948
2025,3,Thursday,7,5,3,134.0935
2025,3,Thursday,7,1,5,65.9367
2025,3,Thursday,7,1,4,51.7662
2025,3,Thursday,7,3,0,56.4793
2025,3,Thursday,7,6,3,491.1078
2025,3,Thursday,7,3,2,198.3925
2025,3,Thursday,7,4,2,39.6378
2025,3,Thursday,7,5,7,2.625
2025,3,Thursday,7,2,0,22.058
2025,3,Thursday,7,0,6,41.45
2025,3,Thursday,7,8,6,7.0672
2025,3,Thursday,7,2,8,20.534300000000002
2025,3,Thursday,7,0,2,74.22
2025,3,Thursday,7,8,0,12.062
2025,3,Thursday,7,1,8,55.889
2025,3,Thursday,7,6,4,53.6348
2025,3,Thursday,7,7,1,15.6165
2025,3,Thursday,7,1,6,158.9915
2025,3,Thursday,7,8,1,53.9955
2025,3,Thursday,7,4,0,19.619
2025,3,Thursday,7,1,0,82.5108
2025,3,Thursday,7,5,6,5.8355
2025,3,Thursday,7,7,0,4.009
2025,3,Thursday,7,0,3,76.496
2025,3,Thursday,7,1,2,63.5998
2025,3,Thursday,7,3,5,424.249
2025,3,Thursday,7,7,5,2.305
2025,3,Thursday,7,4,1,61.069
2025,3,Thursday,7,2,3,64.1533
2025,3,Thursday,7,3,1,169.46
2025,3,Thursday,7,0,5,31.76
2025,3,Thursday,7,2,6,55.3705
2025,3,Thursday,7,6,1,98.0928
2025,3,Thursday,7,5,8,5.7275
2025,3,Thursday,7,6,0,24.7713
2025,3,Thursday,7,2,1,27.714
2025,3,Thursday,7,5,2,32.772
2025,3,Thursday,7,1,3,250.5342
2025,3,Thursday,7,3,8,361.1953
2025,3,Thursday,7,4,8,27.3185
2025,3,Thursday,7,2,7,13.8395
2025,3,Thursday,7,6,2,127.6168
2025,3,Thursday,7,0,7,15.241
2025,3,Thursday,7,8,4,38.653
2025,3,Thursday,7,6,7,2.6805
2025,3,Thursday,7,6,5,16.5658
2025,3,Thursday,7,0,8,21.0372
2025,3,Thursday,7,3,7,235.4703
2025,3,Thursday,7,7,6,2.6045
2025,3,Thursday,7,3,6,808.2433
2025,3,Thursday,7,7,4,30.891
2025,3,Thursday,7,2,4,23.9712
2025,3,Thursday,7,4,3,227.659
2025,3,Thursday,7,3,4,334.6383
2025,3,Thursday,7,8,5,13.145
2025,3,Thursday,7,8,2,39.8653
2025,3,Thursday,7,0,1,168.3457
2025,3,Thursday,7,1,7,37.6835
2025,3,Thursday,7,5,0,3.1748
2025,3,Thursday,7,4,6,67.9858
2025,3,Thursday,7,2,5,26.4117
2025,3,Thursday,7,5,1,32.391
2025,3,Thursday,19,0,2,10.1187
2025,3,Thursday,19,4,0,36.1353
2025,3,Thursday,19,6,0,22.473
2025,3,Thursday,19,1,6,43.0272
2025,3,Thursday,19,6,1,73.105
2025,3,Thursday,19,4,6,88.2927
2025,3,Thursday,19,1,7,6.4887
2025,3,Thursday,19,3,7,80.1115
2025,3,Thursday,19,4,2,43.247
2025,3,Thursday,19,3,5,89.006
2025,3,Thursday,19,1,8,11.742
2025,3,Thursday,19,7,8,2.054
2025,3,Thursday,19,4,1,77.1385
2025,3,Thursday,19,8,3,55.7967
2025,3,Thursday,19,4,8,16.441
2025,3,Thursday,19,6,4,93.4653
2025,3,Thursday,19,5,8,2.9042
2025,3,Thursday,19,5,1,28.6938
2025,3,Thursday,19,2,3,89.9448
2025,3,Thursday,19,5,6,17.9702
2025,3,Thursday,19,5,0,10.9172
2025,3,Thursday,19,0,8,5.0702
2025,3,Thursday,19,1,4,42.1532
2025,3,Thursday,19,5,3,108.8633
2025,3,Thursday,19,4,3,207.3577
2025,3,Thursday,19,5,4,43.789
2025,3,Thursday,19,7,6,6.7358
2025,3,Thursday,19,8,1,12.7758
2025,3,Thursday,19,7,5,3.522
2025,3,Thursday,19,5,2,12.748
2025,3,Thursday,19,0,6,11.154
2025,3,Thursday,19,7,2,14.7445
2025,3,Thursday,19,1,3,68.474
2025,3,Thursday,19,8,0,6.9085
2025,3,Thursday,19,6,7,5.3003
2025,3,Thursday,19,6,2,48.4182
2025,3,Thursday,19,6,3,257.343
2025,3,Thursday,19,8,4,20.306
2025,3,Thursday,19,0,3,16.5065
2025,3,Thursday,19,3,8,40.09
2025,3,Thursday,19,5,7,3.149
2025,3,Thursday,19,8,2,10.14
2025,3,Thursday,19,3,4,258.6587
2025,3,Thursday,19,1,5,11.4492
2025,3,Thursday,19,2,8,12.4423
2025,3,Thursday,19,0,7,0.3302
2025,3,Thursday,19,4,7,29.189
2025,3,Thursday,19,3,2,66.7253
2025,3,Thursday,19,7,0,6.7872
2025,3,Thursday,19,2,4,57.8503
2025,3,Thursday,19,2,6,55.5523
2025,3,Thursday,19,6,5,19.9395
2025,3,Thursday,19,4,5,37.6767
2025,3,Thursday,19,1,0,42.05
2025,3,Thursday,19,7,1,20.885
2025,3,Thursday,19,3,1,201.6502
2025,3,Thursday,19,2,1,62.1837
2025,3,Thursday,19,8,5,5.2915
2025,3,Thursday,19,3,6,267.0363
2025,3,Thursday,19,2,5,18.2037
2025,3,Thursday,19,2,7,23.448
2025,3,Thursday,19,3,0,36.5282
2025,3,Thursday,19,8,6,11.3315
2025,3,Thursday,19,6,8,8.9315
2025,3,Thursday,19,0,1,39.3652
2025,3,Thursday,19,0,5,3.0472
2025,3,Thursday,19,7,4,37.1255
2025,3,Thursday,19,7,3,66.3485
2025,3,Thursday,19,0,4,10.087
2025,3,Thursday,19,2,0,34.9015
2025,3,Thursday,19,1,2,25.7012
2025,3,Thursday,8,0,3,111.2902
2025,3,Thursday,8,6,2,243.2867
2025,3,Thursday,8,1,8,76.1198
2025,3,Thursday,8,2,6,155.4712
2025,3,Thursday,8,0,6,51.8357
2025,3,Thursday,8,8,3,219.3748
2025,3,Thursday,8,0,8,23.4822
2025,3,Thursday,8,7,8,0.25
2025,3,Thursday,8,7,6,7.0348
2025,3,Thursday,8,7,1,21.061
2025,3,Thursday,8,0,1,146.2352
2025,3,Thursday,8,7,3,338.7335
2025,3,Thursday,8,6,0,27.9338
2025,3,Thursday,8,5,3,263.86
2025,3,Thursday,8,7,5,10.7765
2025,3,Thursday,8,1,5,96.7873
2025,3,Thursday,8,0,5,42.309
2025,3,Thursday,8,5,8,6.1583
2025,3,Thursday,8,4,0,19.7448
2025,3,Thursday,8,5,1,24.681
2025,3,Thursday,8,6,7,5.6797
2025,3,Thursday,8,8,2,60.5442
2025,3,Thursday,8,6,8,31.1025
2025,3,Thursday,8,4,2,100.7115
2025,3,Thursday,8,6,1,119.2725
2025,3,Thursday,8,8,7,0.591
2025,3,Thursday,8,1,6,313.0117
2025,3,Thursday,8,7,4,75.8505
2025,3,Thursday,8,5,7,7.3633
2025,3,Thursday,8,5,6,10.1503
2025,3,Thursday,8,3,1,200.2577
2025,3,Thursday,8,2,0,22.787
2025,3,Thursday,8,4,3,455.594
2025,3,Thursday,8,0,7,21.6545
2025,3,Thursday,8,1,7,84.0495
2025,3,Thursday,8,8,6,12.0518
2025,3,Thursday,8,7,0,4.3623
2025,3,Thursday,8,1,4,126.4653
2025,3,Thursday,8,8,1,38.5422
2025,3,Thursday,8,8,5,21.9555
2025,3,Thursday,8,3,5,566.9828
2025,3,Thursday,8,6,5,24.198
2025,3,Thursday,8,3,0,47.362
2025,3,Thursday,8,6,4,96.1652
2025,3,Thursday,8,4,1,58.4643
2025,3,Thursday,8,7,2,78.223
2025,3,Thursday,8,4,6,204.0075
2025,3,Thursday,8,1,2,146.8788
2025,3,Thursday,8,3,7,423.4527
2025,3,Thursday,8,2,4,52.8635
2025,3,Thursday,8,8,4,53.6322
2025,3,Thursday,8,3,8,494.1378
2025,3,Thursday,8,3,4,614.1093
2025,3,Thursday,8,4,7,72.6403
2025,3,Thursday,8,0,4,70.2957
2025,3,Thursday,8,1,0,72.5195
2025,3,Thursday,8,5,2,61.5255
2025,3,Thursday,8,8,0,11.1902
2025,3,Thursday,8,1,3,708.7032
2025,3,Thursday,8,0,2,106.7995
2025,3,Thursday,8,2,5,40.424
2025,3,Thursday,8,6,3,1043.8522
2025,3,Thursday,8,2,3,127.7083
2025,3,Thursday,8,2,1,46.4325
2025,3,Thursday,8,2,8,51.9282
2025,3,Thursday,8,5,0,6.488
2025,3,Thursday,8,3,6,1483.4725
2025,3,Thursday,8,2,7,37.1092
2025,3,Thursday,8,3,2,308.577
2025,3,Thursday,8,4,8,51.2557
2025,3,Thursday,8,5,4,58.9255
2025,3,Thursday,8,4,5,69.8168
2025,3,Thursday,20,1,2,16.7823
2025,3,Thursday,20,6,4,45.818
2025,3,Thursday,20,7,4,22.2925
2025,3,Thursday,20,6,5,9.8077
2025,3,Thursday,20,7,1,10.433
2025,3,Thursday,20,4,5,23.7068
2025,3,Thursday,20,6,2,22.7663
2025,3,Thursday,20,4,3,150.6662
2025,3,Thursday,20,0,5,0.6875
2025,3,Thursday,20,4,2,35.8217
2025,3,Thursday,20,2,8,11.3067
2025,3,Thursday,20,8,6,5.2128
2025,3,Thursday,20,3,4,119.0615
2025,3,Thursday,20,8,1,8.4917
2025,3,Thursday,20,8,4,10.7105
2025,3,Thursday,20,0,2,2.416
2025,3,Thursday,20,8,2,6.9273
2025,3,Thursday,20,1,7,5.6147
2025,3,Thursday,20,3,2,37.819
2025,3,Thursday,20,2,3,64.5083
2025,3,Thursday,20,4,7,18.8317
2025,3,Thursday,20,2,5,10.364
2025,3,Thursday,20,5,8,0.6072
2025,3,Thursday,20,2,7,10.692
2025,3,Thursday,20,3,6,150.4492
2025,3,Thursday,20,6,8,4.3525
2025,3,Thursday,20,4,6,69.7962
2025,3,Thursday,20,7,5,1.7613
2025,3,Thursday,20,7,2,11.0267
2025,3,Thursday,20,5,1,13.293
2025,3,Thursday,20,1,6,22.8285
2025,3,Thursday,20,6,7,3.6943
2025,3,Thursday,20,3,8,28.8258
2025,3,Thursday,20,3,0,27.721800000000002
2025,3,Thursday,20,5,7,2.3428
2025,3,Thursday,20,0,8,5.1938
2025,3,Thursday,20,5,4,17.0708
2025,3,Thursday,20,3,1,115.407
2025,3,Thursday,20,3,5,44.2223
2025,3,Thursday,20,8,0,3.4482
2025,3,Thursday,20,4,1,67.0347
2025,3,Thursday,20,7,3,43.327
2025,3,Thursday,20,1,5,11.2298
2025,3,Thursday,20,0,3,12.5168
2025,3,Thursday,20,8,5,2.3147
2025,3,Thursday,20,2,4,27.9608
2025,3,Thursday,20,0,1,13.8588
2025,3,Thursday,20,6,0,9.583
2025,3,Thursday,20,2,1,43.862
2025,3,Thursday,20,4,0,27.914
2025,3,Thursday,20,5,2,8.7032
2025,3,Thursday,20,1,8,10.3308
2025,3,Thursday,20,5,6,8.3125
2025,3,Thursday,20,7,6,5.9732
2025,3,Thursday,20,0,7,1.4125
2025,3,Thursday,20,6,3,132.7225
2025,3,Thursday,20,1,4,27.5877
2025,3,Thursday,20,2,0,24.9558
2025,3,Thursday,20,8,3,32.702
2025,3,Thursday,20,0,4,11.144
2025,3,Thursday,20,7,0,3.5717
2025,3,Thursday,20,2,6,38.3065
2025,3,Thursday,20,6,1,29.7698
2025,3,Thursday,20,3,7,42.5685
2025,3,Thursday,20,1,3,54.3415
2025,3,Thursday,20,4,8,9.851
2025,3,Thursday,20,5,3,60.1107
2025,3,Thursday,20,0,6,8.3488
2025,3,Thursday,20,5,0,7.8998
2025,3,Thursday,20,1,0,39.3758
2025,3,Thursday,9,3,7,205.4728
2025,3,Thursday,9,7,6,5.3598
2025,3,Thursday,9,7,0,0.8792
2025,3,Thursday,9,2,5,26.184
2025,3,Thursday,9,5,2,42.2178
2025,3,Thursday,9,0,3,89.6835
2025,3,Thursday,9,4,7,45.6338
2025,3,Thursday,9,1,2,120.0133
2025,3,Thursday,9,7,8,0.825
2025,3,Thursday,9,1,7,40.0795
2025,3,Thursday,9,3,8,205.1805
2025,3,Thursday,9,7,4,55.813
2025,3,Thursday,9,2,4,56.7835
2025,3,Thursday,9,1,4,82.7207
2025,3,Thursday,9,3,0,28.8507
2025,3,Thursday,9,4,5,39.1058
2025,3,Thursday,9,1,8,31.9918
2025,3,Thursday,9,3,6,727.247
2025,3,Thursday,9,7,1,15.9033
2025,3,Thursday,9,8,6,10.1995
2025,3,Thursday,9,3,5,372.1817
2025,3,Thursday,9,0,7,7.9515
2025,3,Thursday,9,3,4,470.4502
2025,3,Thursday,9,0,2,61.6023
2025,3,Thursday,9,6,7,4.7242
2025,3,Thursday,9,2,3,111.299
2025,3,Thursday,9,1,6,112.6125
2025,3,Thursday,9,0,6,24.503
2025,3,Thursday,9,2,1,41.1935
2025,3,Thursday,9,4,6,133.2512
2025,3,Thursday,9,1,5,56.4433
2025,3,Thursday,9,2,8,25.9972
2025,3,Thursday,9,6,0,17.4248
2025,3,Thursday,9,6,8,25.4422
2025,3,Thursday,9,7,3,167.33
2025,3,Thursday,9,5,3,154.5805
2025,3,Thursday,9,4,1,53.562
2025,3,Thursday,9,6,4,87.7175
2025,3,Thursday,9,5,6,11.308
2025,3,Thursday,9,8,4,36.8615
2025,3,Thursday,9,2,0,11.5245
2025,3,Thursday,9,6,3,588.835
2025,3,Thursday,9,2,7,33.4815
2025,3,Thursday,9,5,4,51.5807
2025,3,Thursday,9,8,7,0.8947
2025,3,Thursday,9,8,3,98.326
2025,3,Thursday,9,7,5,10.215
2025,3,Thursday,9,0,1,77.1452
2025,3,Thursday,9,8,1,27.002
2025,3,Thursday,9,2,6,77.9695
2025,3,Thursday,9,7,2,43.9967
2025,3,Thursday,9,6,5,23.0457
2025,3,Thursday,9,4,0,12.378
2025,3,Thursday,9,5,1,16.9155
2025,3,Thursday,9,4,3,299.5805
2025,3,Thursday,9,0,8,13.247
2025,3,Thursday,9,1,3,406.1172
2025,3,Thursday,9,3,2,240.26
2025,3,Thursday,9,5,7,2.9945
2025,3,Thursday,9,3,1,138.8458
2025,3,Thursday,9,8,0,6.7038
2025,3,Thursday,9,8,2,39.5555
2025,3,Thursday,9,4,2,82.026
2025,3,Thursday,9,5,0,6.24
2025,3,Thursday,9,6,2,198.5095
2025,3,Thursday,9,5,8,7.2455
2025,3,Thursday,9,0,4,48.3183
2025,3,Thursday,9,4,8,41.5763
2025,3,Thursday,9,8,5,26.9685
2025,3,Thursday,9,6,1,74.4725
2025,3,Thursday,9,0,5,25.1665
2025,3,Thursday,9,1,0,33.3115
2025,3,Thursday,21,1,5,5.0113
2025,3,Thursday,21,3,4,66.8325
2025,3,Thursday,21,2,0,16.3423
2025,3,Thursday,21,5,2,5.0012
2025,3,Thursday,21,3,7,30.2967
2025,3,Thursday,21,1,8,7.343
2025,3,Thursday,21,6,2,11.9787
2025,3,Thursday,21,3,2,35.1538
2025,3,Thursday,21,7,0,1.7703
2025,3,Thursday,21,7,1,12.1535
2025,3,Thursday,21,1,3,34.9513
2025,3,Thursday,21,1,7,3.839
2025,3,Thursday,21,4,2,26.7552
2025,3,Thursday,21,6,8,3.6715
2025,3,Thursday,21,7,3,24.248
2025,3,Thursday,21,0,5,1.7723
2025,3,Thursday,21,0,6,4.5763
2025,3,Thursday,21,6,5,4.7202
2025,3,Thursday,21,4,6,47.4145
2025,3,Thursday,21,8,5,1.45
2025,3,Thursday,21,8,4,6.6165
2025,3,Thursday,21,3,0,26.1978
2025,3,Thursday,21,8,3,19.2858
2025,3,Thursday,21,3,1,66.244
2025,3,Thursday,21,2,6,26.5488
2025,3,Thursday,21,6,0,8.916
2025,3,Thursday,21,4,1,49.9655
2025,3,Thursday,21,6,4,31.7835
2025,3,Thursday,21,1,2,9.4033
2025,3,Thursday,21,1,6,16.706
2025,3,Thursday,21,4,0,19.9175
2025,3,Thursday,21,7,5,0.5843
2025,3,Thursday,21,7,2,3.2283
2025,3,Thursday,21,2,3,42.786
2025,3,Thursday,21,1,4,17.8683
2025,3,Thursday,21,4,7,21.7363
2025,3,Thursday,21,5,0,3.2027
2025,3,Thursday,21,5,3,31.122
2025,3,Thursday,21,5,6,7.2963
2025,3,Thursday,21,0,1,8.863
2025,3,Thursday,21,0,7,0.7015
2025,3,Thursday,21,0,8,2.1278
2025,3,Thursday,21,5,4,14.707
2025,3,Thursday,21,7,6,3.2268
2025,3,Thursday,21,5,1,9.1282
2025,3,Thursday,21,8,2,5.4763
2025,3,Thursday,21,5,7,0.6022
2025,3,Thursday,21,0,4,8.8675
2025,3,Thursday,21,1,0,20.6818
2025,3,Thursday,21,4,8,11.045
2025,3,Thursday,21,2,1,18.5928
2025,3,Thursday,21,3,8,26.284300000000002
2025,3,Thursday,21,0,2,4.2343
2025,3,Thursday,21,2,5,5.84
2025,3,Thursday,21,6,3,75.2977
2025,3,Thursday,21,2,7,7.2582
2025,3,Thursday,21,8,7,0.2747
2025,3,Thursday,21,7,4,12.7307
2025,3,Thursday,21,6,7,3.3715
2025,3,Thursday,21,4,3,124.2435
2025,3,Thursday,21,2,4,19.252
2025,3,Thursday,21,3,6,87.1627
2025,3,Thursday,21,0,3,9.5035
2025,3,Thursday,21,8,1,5.193
2025,3,Thursday,21,8,6,3.1337
2025,3,Thursday,21,6,1,20.8975
2025,3,Thursday,21,3,5,24.368
2025,3,Thursday,21,4,5,15.3142
2025,3,Thursday,21,8,0,3.231
2025,3,Thursday,21,2,8,8.66
2025,3,Thursday,10,3,7,84.6367
2025,3,Thursday,10,3,5,125.2317
2025,3,Thursday,10,8,0,4.2787
2025,3,Thursday,10,2,4,46.287
2025,3,Thursday,10,4,0,11.5807
2025,3,Thursday,10,6,8,14.2473
2025,3,Thursday,10,6,7,1.7928
2025,3,Thursday,10,1,5,25.9698
2025,3,Thursday,10,0,8,8.1815
2025,3,Thursday,10,0,2,36.9068
2025,3,Thursday,10,7,3,85.3495
2025,3,Thursday,10,3,6,253.361
2025,3,Thursday,10,2,6,47.4192
2025,3,Thursday,10,7,6,5.112
2025,3,Thursday,10,5,8,14.262
2025,3,Thursday,10,2,1,50.0448
2025,3,Thursday,10,0,4,29.0115
2025,3,Thursday,10,7,8,1.2915
2025,3,Thursday,10,4,7,21.2595
2025,3,Thursday,10,8,4,20.5132
2025,3,Thursday,10,5,4,40.1433
2025,3,Thursday,10,2,3,86.6252
2025,3,Thursday,10,4,6,67.4002
2025,3,Thursday,10,5,0,7.658
2025,3,Thursday,10,6,4,49.7437
2025,3,Thursday,10,2,7,21.0905
2025,3,Thursday,10,3,0,20.5452
2025,3,Thursday,10,1,0,27.178
2025,3,Thursday,10,1,3,153.0397
2025,3,Thursday,10,6,0,12.0757
2025,3,Thursday,10,5,7,5.251
2025,3,Thursday,10,0,5,18.442
2025,3,Thursday,10,6,2,64.7795
2025,3,Thursday,10,4,8,26.0513
2025,3,Thursday,10,5,6,20.6198
2025,3,Thursday,10,1,8,11.0128
2025,3,Thursday,10,6,5,15.569
2025,3,Thursday,10,0,1,59.0675
2025,3,Thursday,10,4,2,43.7272
2025,3,Thursday,10,7,1,16.4547
2025,3,Thursday,10,6,3,213.6338
2025,3,Thursday,10,7,4,36.7042
2025,3,Thursday,10,5,3,125.485
2025,3,Thursday,10,5,1,20.8845
2025,3,Thursday,10,6,1,50.6377
2025,3,Thursday,10,1,6,60.5903
2025,3,Thursday,10,4,3,144.544
2025,3,Thursday,10,4,5,20.964
2025,3,Thursday,10,0,7,4.0892
2025,3,Thursday,10,7,5,7.1163
2025,3,Thursday,10,1,2,72.158
2025,3,Thursday,10,5,2,25.6548
2025,3,Thursday,10,7,0,2.3825
2025,3,Thursday,10,2,5,16.8477
2025,3,Thursday,10,2,0,12.5005
2025,3,Thursday,10,4,1,53.0457
2025,3,Thursday,10,0,3,48.1863
2025,3,Thursday,10,0,6,14.0655
2025,3,Thursday,10,8,5,8.3572
2025,3,Thursday,10,8,7,0.3115
2025,3,Thursday,10,7,2,29.8435
2025,3,Thursday,10,1,4,56.3608
2025,3,Thursday,10,3,8,82.5218
2025,3,Thursday,10,8,6,12.36
2025,3,Thursday,10,8,2,34.04
2025,3,Thursday,10,3,1,148.129
2025,3,Thursday,10,2,8,19.794
2025,3,Thursday,10,3,4,228.7023
2025,3,Thursday,10,3,2,141.0497
2025,3,Thursday,10,8,3,67.629
2025,3,Thursday,10,8,1,22.4583
2025,3,Thursday,10,1,7,21.9727
2025,3,Thursday,22,8,1,4.2427
2025,3,Thursday,22,4,5,13.358
2025,3,Thursday,22,6,1,14.204
2025,3,Thursday,22,1,4,9.0255
2025,3,Thursday,22,2,8,7.4502
2025,3,Thursday,22,0,8,3.2163
2025,3,Thursday,22,7,3,16.5565
2025,3,Thursday,22,6,0,8.056
2025,3,Thursday,22,8,2,1.7515
2025,3,Thursday,22,8,5,0.9035
2025,3,Thursday,22,4,3,80.1752
2025,3,Thursday,22,6,7,1.6985
2025,3,Thursday,22,8,3,16.7075
2025,3,Thursday,22,7,0,1.1675
2025,3,Thursday,22,1,6,10.6868
2025,3,Thursday,22,3,2,15.99
2025,3,Thursday,22,8,0,1.6725
2025,3,Thursday,22,4,7,11.262
2025,3,Thursday,22,4,0,12.979
2025,3,Thursday,22,5,6,4.859
2025,3,Thursday,22,3,8,19.3475
2025,3,Thursday,22,0,6,9.7217
2025,3,Thursday,22,3,0,16.7932
2025,3,Thursday,22,0,3,11.0267
2025,3,Thursday,22,1,7,3.096
2025,3,Thursday,22,6,3,39.9808
2025,3,Thursday,22,5,7,0.5628
2025,3,Thursday,22,7,2,4.9195
2025,3,Thursday,22,3,5,12.4175
2025,3,Thursday,22,6,5,3.4705
2025,3,Thursday,22,3,7,10.1072
2025,3,Thursday,22,0,4,9.318
2025,3,Thursday,22,6,8,4.1393
2025,3,Thursday,22,1,8,6.7522
2025,3,Thursday,22,5,3,19.781
2025,3,Thursday,22,5,1,5.389
2025,3,Thursday,22,8,6,1.722
2025,3,Thursday,22,2,4,9.9882
2025,3,Thursday,22,2,3,24.9212
2025,3,Thursday,22,7,1,5.5255
2025,3,Thursday,22,4,2,18.8293
2025,3,Thursday,22,2,5,4.7945
2025,3,Thursday,22,5,4,10.8377
2025,3,Thursday,22,2,0,10.6503
2025,3,Thursday,22,4,1,30.9982
2025,3,Thursday,22,0,2,4.5542
2025,3,Thursday,22,2,1,12.75
2025,3,Thursday,22,3,6,54.5823
2025,3,Thursday,22,0,7,0.3252
2025,3,Thursday,22,0,1,9.3867
2025,3,Thursday,22,4,8,5.8
2025,3,Thursday,22,5,0,1.3895
2025,3,Thursday,22,2,6,22.5385
2025,3,Thursday,22,1,3,20.239
2025,3,Thursday,22,2,7,6.668
2025,3,Thursday,22,5,2,2.5172
2025,3,Thursday,22,1,2,5.6542
2025,3,Thursday,22,4,6,38.2537
2025,3,Thursday,22,8,4,4.2713
2025,3,Thursday,22,7,5,0.29
2025,3,Thursday,22,1,5,3.1055
2025,3,Thursday,22,3,4,37.4087
2025,3,Thursday,22,1,0,13.5417
2025,3,Thursday,22,6,2,5.6123
2025,3,Thursday,22,7,4,8.1487
2025,3,Thursday,22,0,5,0.6587
2025,3,Thursday,22,3,1,37.6515
2025,3,Thursday,22,6,4,20.598
2025,3,Thursday,22,7,6,2.6202
2025,3,Thursday,22,5,8,0.829
2025,3,Thursday,11,1,5,16.9085
2025,3,Thursday,11,1,8,13.9357
2025,3,Thursday,11,0,3,39.3777
2025,3,Thursday,11,5,7,10.2305
2025,3,Thursday,11,2,0,10.8063
2025,3,Thursday,11,5,1,19.8428
2025,3,Thursday,11,5,0,13.2803
2025,3,Thursday,11,4,8,22.3948
2025,3,Thursday,11,1,0,25.0575
2025,3,Thursday,11,2,5,17.4695
2025,3,Thursday,11,0,5,10.9843
2025,3,Thursday,11,5,2,22.392
2025,3,Thursday,11,8,2,16.1135
2025,3,Thursday,11,7,2,16.237
2025,3,Thursday,11,4,5,27.0535
2025,3,Thursday,11,8,5,16.198
2025,3,Thursday,11,3,6,195.2383
2025,3,Thursday,11,1,7,15.1378
2025,3,Thursday,11,5,8,24.5972
2025,3,Thursday,11,7,1,14.112
2025,3,Thursday,11,3,2,117.7607
2025,3,Thursday,11,2,6,41.7335
2025,3,Thursday,11,3,1,119.7825
2025,3,Thursday,11,8,6,15.4722
2025,3,Thursday,11,3,4,204.0133
2025,3,Thursday,11,7,4,33.637
2025,3,Thursday,11,7,0,1.8357
2025,3,Thursday,11,7,8,1.1933
2025,3,Thursday,11,6,8,14.9842
2025,3,Thursday,11,6,2,48.387
2025,3,Thursday,11,8,4,23.232
2025,3,Thursday,11,3,7,64.5055
2025,3,Thursday,11,2,7,17.4325
2025,3,Thursday,11,6,0,10.4985
2025,3,Thursday,11,7,5,6.116
2025,3,Thursday,11,0,2,29.736
2025,3,Thursday,11,4,2,52.0693
2025,3,Thursday,11,4,1,50.5488
2025,3,Thursday,11,5,6,28.3368
2025,3,Thursday,11,8,0,3.833
2025,3,Thursday,11,1,3,124.9105
2025,3,Thursday,11,4,7,20.9565
2025,3,Thursday,11,2,1,50.4775
2025,3,Thursday,11,3,0,19.4243
2025,3,Thursday,11,5,3,110.7513
2025,3,Thursday,11,7,6,6.7425
2025,3,Thursday,11,0,8,5.6727
2025,3,Thursday,11,1,2,51.278
2025,3,Thursday,11,2,3,91.937
2025,3,Thursday,11,0,1,53.0807
2025,3,Thursday,11,7,3,69.038
2025,3,Thursday,11,2,4,53.6993
2025,3,Thursday,11,6,7,4.2525
2025,3,Thursday,11,6,5,21.0162
2025,3,Thursday,11,0,7,2.8513
2025,3,Thursday,11,0,4,35.7335
2025,3,Thursday,11,3,5,92.9662
2025,3,Thursday,11,1,6,34.4382
2025,3,Thursday,11,8,1,20.5002
2025,3,Thursday,11,8,3,71.8587
2025,3,Thursday,11,4,3,141.6265
2025,3,Thursday,11,6,4,69.1765
2025,3,Thursday,11,4,0,12.6733
2025,3,Thursday,11,6,1,49.7943
2025,3,Thursday,11,2,8,16.2933
2025,3,Thursday,11,4,6,64.3982
2025,3,Thursday,11,1,4,58.979
2025,3,Thursday,11,6,3,193.2485
2025,3,Thursday,11,3,8,65.1138
2025,3,Thursday,11,5,4,41.3943
2025,3,Thursday,11,0,6,14.154
2025,3,Thursday,23,2,0,9.4788
2025,3,Thursday,23,7,0,4.5675
2025,3,Thursday,23,5,8,1.1985
2025,3,Thursday,23,4,1,13.0407
2025,3,Thursday,23,6,8,0.6357
2025,3,Thursday,23,1,0,8.1185
2025,3,Thursday,23,2,3,15.8203
2025,3,Thursday,23,5,2,1.133
2025,3,Thursday,23,3,2,9.4703
2025,3,Thursday,23,0,2,2.2463
2025,3,Thursday,23,3,7,4.7323
2025,3,Thursday,23,3,5,5.9148
2025,3,Thursday,23,3,8,10.758
2025,3,Thursday,23,8,6,1.1438
2025,3,Thursday,23,3,6,28.3275
2025,3,Thursday,23,0,6,1.9073
2025,3,Thursday,23,1,8,3.2242
2025,3,Thursday,23,0,5,0.3318
2025,3,Thursday,23,5,3,13.8587
2025,3,Thursday,23,4,7,6.5102
2025,3,Thursday,23,2,8,4.2478
2025,3,Thursday,23,8,2,1.7183
2025,3,Thursday,23,7,4,2.2605
2025,3,Thursday,23,8,0,2.605
2025,3,Thursday,23,1,3,7.7755
2025,3,Thursday,23,3,0,12.4215
2025,3,Thursday,23,0,1,2.8877
2025,3,Thursday,23,1,6,5.7995
2025,3,Thursday,23,7,8,0.5635
2025,3,Thursday,23,4,0,9.3545
2025,3,Thursday,23,2,4,5.4205
2025,3,Thursday,23,3,1,17.4793
2025,3,Thursday,23,7,3,9.6218
2025,3,Thursday,23,2,1,4.658
2025,3,Thursday,23,5,4,4.1032
2025,3,Thursday,23,6,1,3.6465
2025,3,Thursday,23,7,1,2.8275
2025,3,Thursday,23,4,5,4.2165
2025,3,Thursday,23,6,5,1.836
2025,3,Thursday,23,4,6,18.63
2025,3,Thursday,23,8,4,2.0298
2025,3,Thursday,23,4,2,8.6777
2025,3,Thursday,23,0,4,2.2268
2025,3,Thursday,23,6,3,19.8498
2025,3,Thursday,23,2,7,1.094
2025,3,Thursday,23,0,8,1.9073
2025,3,Thursday,23,7,2,2.3053
2025,3,Thursday,23,0,3,4.4723
2025,3,Thursday,23,2,5,1.1035
2025,3,Thursday,23,1,4,4.9145
2025,3,Thursday,23,1,2,2.3115
2025,3,Thursday,23,8,3,10.892
2025,3,Thursday,23,3,4,13.9425
2025,3,Thursday,23,1,7,1.4182
2025,3,Thursday,23,6,7,0.2805
2025,3,Thursday,23,4,8,3.9497
2025,3,Thursday,23,6,4,7.2372
2025,3,Thursday,23,5,1,3.5302
2025,3,Thursday,23,0,7,0.3105
2025,3,Thursday,23,8,1,1.1323
2025,3,Thursday,23,4,3,45.1368
2025,3,Thursday,23,7,6,0.536
2025,3,Thursday,23,2,6,10.049
2025,3,Thursday,23,5,6,3.2485
2025,3,Thursday,23,6,2,3.5177
2025,3,Thursday,23,7,5,0.5818
2025,3,Thursday,23,1,5,1.158
2025,3,Thursday,23,6,0,5.3158
2025,3,Thursday,23,5,0,3.8577
2025,3,Thursday,0,0,7,0.7567
2025,3,Thursday,0,3,6,9.9107
2025,3,Thursday,0,7,3,4.3865
2025,3,Thursday,0,2,0,6.0247
2025,3,Thursday,0,4,2,1.445
2025,3,Thursday,0,3,1,5.0365
2025,3,Thursday,0,8,3,4.391
2025,3,Thursday,0,3,8,9.0832
2025,3,Thursday,0,1,5,0.7565
2025,3,Thursday,0,2,1,2.3032
2025,3,Thursday,0,5,6,0.5825
2025,3,Thursday,0,8,4,0.2935
2025,3,Thursday,0,3,2,1.1533
2025,3,Thursday,0,1,7,0.2665
2025,3,Thursday,0,7,5,0.8265
2025,3,Thursday,0,7,4,0.5815
2025,3,Thursday,0,4,6,5.2678
2025,3,Thursday,0,1,0,3.1045
2025,3,Thursday,0,6,1,1.154
2025,3,Thursday,0,0,3,3.263
2025,3,Thursday,0,0,4,1.5007
2025,3,Thursday,0,3,5,2.6337
2025,3,Thursday,0,4,0,5.5938
2025,3,Thursday,0,1,6,1.2558
2025,3,Thursday,0,6,8,0.9228
2025,3,Thursday,0,8,5,0.6045
2025,3,Thursday,0,0,8,0.7445
2025,3,Thursday,0,5,4,1.8335
2025,3,Thursday,0,6,3,5.8475
2025,3,Thursday,0,6,0,1.438
2025,3,Thursday,0,7,0,1.4617
2025,3,Thursday,0,5,0,0.3072
2025,3,Thursday,0,6,2,0.839
2025,3,Thursday,0,0,6,0.6995
2025,3,Thursday,0,4,5,1.4023
2025,3,Thursday,0,8,1,0.2777
2025,3,Thursday,0,5,8,0.2738
2025,3,Thursday,0,2,3,2.5195
2025,3,Thursday,0,5,2,0.906
2025,3,Thursday,0,6,4,1.4017
2025,3,Thursday,0,2,8,5.0292
2025,3,Thursday,0,5,1,1.7497
2025,3,Thursday,0,4,1,4.6013
2025,3,Thursday,0,4,3,11.6643
2025,3,Thursday,0,6,5,0.8648
2025,3,Thursday,0,2,4,1.7383
2025,3,Thursday,0,7,1,1.1647
2025,3,Thursday,0,2,7,0.8622
2025,3,Thursday,0,0,2,0.35
2025,3,Thursday,0,8,2,0.8322
2025,3,Thursday,0,8,0,0.3022
2025,3,Thursday,0,0,1,1.1067
2025,3,Thursday,0,1,3,3.3733
2025,3,Thursday,0,2,6,3.442
2025,3,Thursday,0,3,7,2.9847
2025,3,Thursday,0,1,4,0.9358
2025,3,Thursday,0,3,4,7.3287
2025,3,Thursday,0,3,0,9.812
2025,3,Thursday,0,4,8,0.8697
2025,3,Thursday,0,5,3,5.865
2025,3,Thursday,0,4,7,1.1538
2025,3,Thursday,0,8,6,1.4532
2025,3,Thursday,0,2,5,0.2903
2025,3,Thursday,12,2,0,19.1758
2025,3,Thursday,12,4,6,68.2118
2025,3,Thursday,12,3,8,69.6687
2025,3,Thursday,12,6,5,18.2928
2025,3,Thursday,12,2,7,18.3253
2025,3,Thursday,12,6,7,5.052
2025,3,Thursday,12,0,2,22.9265
2025,3,Thursday,12,8,4,36.568
2025,3,Thursday,12,7,8,0.2813
2025,3,Thursday,12,3,5,93.0275
2025,3,Thursday,12,6,8,15.948
2025,3,Thursday,12,4,5,36.6477
2025,3,Thursday,12,8,0,5.6088
2025,3,Thursday,12,1,0,23.4732
2025,3,Thursday,12,0,3,37.2623
2025,3,Thursday,12,2,3,99.729
2025,3,Thursday,12,4,7,29.2597
2025,3,Thursday,12,1,7,14.7367
2025,3,Thursday,12,1,3,138.087
2025,3,Thursday,12,2,5,12.9543
2025,3,Thursday,12,6,2,51.037
2025,3,Thursday,12,2,4,53.6923
2025,3,Thursday,12,8,3,85.1682
2025,3,Thursday,12,1,8,12.0698
2025,3,Thursday,12,5,2,29.0302
2025,3,Thursday,12,1,2,65.984
2025,3,Thursday,12,8,2,21.0472
2025,3,Thursday,12,2,8,15.615
2025,3,Thursday,12,7,3,72.503
2025,3,Thursday,12,5,4,54.8745
2025,3,Thursday,12,5,8,16.2125
2025,3,Thursday,12,3,0,23.6595
2025,3,Thursday,12,6,1,47.095
2025,3,Thursday,12,8,5,20.0015
2025,3,Thursday,12,5,3,118.5682
2025,3,Thursday,12,4,8,23.5482
2025,3,Thursday,12,6,4,80.1717
2025,3,Thursday,12,0,8,4.1075
2025,3,Thursday,12,3,2,122.5285
2025,3,Thursday,12,2,1,71.2435
2025,3,Thursday,12,4,2,39.9188
2025,3,Thursday,12,1,5,19.3473
2025,3,Thursday,12,2,6,42.7718
2025,3,Thursday,12,4,0,19.6285
2025,3,Thursday,12,7,6,7.1557
2025,3,Thursday,12,8,1,28.4603
2025,3,Thursday,12,3,4,196.6182
2025,3,Thursday,12,3,7,52.5115
2025,3,Thursday,12,3,1,126.6047
2025,3,Thursday,12,6,3,190.955
2025,3,Thursday,12,7,4,39.5173
2025,3,Thursday,12,0,4,23.5887
2025,3,Thursday,12,0,7,5.1442
2025,3,Thursday,12,7,5,6.7697
2025,3,Thursday,12,5,6,20.189
2025,3,Thursday,12,7,1,15.5332
2025,3,Thursday,12,6,0,10.2665
2025,3,Thursday,12,1,4,65.5433
2025,3,Thursday,12,5,7,12.1207
2025,3,Thursday,12,1,6,40.3538
2025,3,Thursday,12,4,1,59.6223
2025,3,Thursday,12,0,5,6.849
2025,3,Thursday,12,0,1,35.2155
2025,3,Thursday,12,7,0,3.8073
2025,3,Thursday,12,3,6,184.9957
2025,3,Thursday,12,5,0,10.998
2025,3,Thursday,12,4,3,147.8667
2025,3,Thursday,12,0,6,16.335
2025,3,Thursday,12,5,1,21.3065
2025,3,Thursday,12,7,2,23.5955
2025,3,Thursday,12,8,6,32.7273
2025,3,Friday,1,8,6,0.8192
2025,3,Friday,1,3,1,3.424
2025,3,Friday,1,4,6,2.0245
2025,3,Friday,1,6,3,4.1643
2025,3,Friday,1,6,0,0.3372
2025,3,Friday,1,1,3,0.8495
2025,3,Friday,1,0,6,0.3643
2025,3,Friday,1,5,3,3.2858
2025,3,Friday,1,3,0,4.2998
2025,3,Friday,1,6,2,0.2677
2025,3,Friday,1,4,0,2.708
2025,3,Friday,1,1,4,1.275
2025,3,Friday,1,1,6,0.306
2025,3,Friday,1,8,1,1.2285
2025,3,Friday,1,8,0,1.416
2025,3,Friday,1,0,4,1.0817
2025,3,Friday,1,4,7,1.147
2025,3,Friday,1,4,2,1.4575
2025,3,Friday,1,4,5,0.6037
2025,3,Friday,1,5,4,0.6547
2025,3,Friday,1,7,4,0.896
2025,3,Friday,1,7,0,0.375
2025,3,Friday,1,1,2,0.612
2025,3,Friday,1,7,1,0.3438
2025,3,Friday,1,2,0,3.5555
2025,3,Friday,1,4,1,2.2995
2025,3,Friday,1,7,8,0.25
2025,3,Friday,1,3,5,1.291
2025,3,Friday,1,5,1,0.5832
2025,3,Friday,1,6,4,2.1262
2025,3,Friday,1,0,2,0.7458
2025,3,Friday,1,2,3,2.629
2025,3,Friday,1,2,6,1.6723
2025,3,Friday,1,6,7,0.3125
2025,3,Friday,1,6,8,0.3553
2025,3,Friday,1,2,4,0.894
2025,3,Friday,1,3,2,1.8763
2025,3,Friday,1,2,1,1.4523
2025,3,Friday,1,3,7,1.625
2025,3,Friday,1,6,5,2.3035
2025,3,Friday,1,3,4,3.7715
2025,3,Friday,1,3,8,0.9665
2025,3,Friday,1,1,8,0.306
2025,3,Friday,1,8,4,1.156
2025,3,Friday,1,1,0,0.5787
2025,3,Friday,1,5,8,0.2693
2025,3,Friday,1,6,1,0.5715
2025,3,Friday,1,8,3,0.8
2025,3,Friday,1,8,2,0.6535
2025,3,Friday,1,7,3,0.5418
2025,3,Friday,1,4,3,4.5458
2025,3,Friday,1,3,6,2.7975
2025,3,Friday,1,0,3,1.809
2025,3,Friday,13,2,1,59.0212
2025,3,Friday,13,0,4,36.8332
2025,3,Friday,13,4,8,20.208
2025,3,Friday,13,5,4,53.5725
2025,3,Friday,13,1,0,42.029
2025,3,Friday,13,0,8,5.896
2025,3,Friday,13,6,5,24.1405
2025,3,Friday,13,8,7,0.8902
2025,3,Friday,13,1,3,116.4202
2025,3,Friday,13,1,2,58.09
2025,3,Friday,13,5,6,21.813
2025,3,Friday,13,5,1,25.1947
2025,3,Friday,13,7,1,10.7953
2025,3,Friday,13,4,7,22.7052
2025,3,Friday,13,2,8,13.6215
2025,3,Friday,13,3,1,117.735
2025,3,Friday,13,6,0,15.2782
2025,3,Friday,13,3,2,79.3595
2025,3,Friday,13,2,0,19.1703
2025,3,Friday,13,4,5,39.2192
2025,3,Friday,13,7,2,21.1875
2025,3,Friday,13,2,7,12.4653
2025,3,Friday,13,3,7,46.643
2025,3,Friday,13,6,1,46.1107
2025,3,Friday,13,4,6,73.6683
2025,3,Friday,13,7,0,1.1802
2025,3,Friday,13,5,3,108.6385
2025,3,Friday,13,1,5,22.9862
2025,3,Friday,13,1,6,39.2578
2025,3,Friday,13,8,2,17.9585
2025,3,Friday,13,1,7,14.468
2025,3,Friday,13,0,6,14.235
2025,3,Friday,13,8,0,6.0715
2025,3,Friday,13,8,6,23.1495
2025,3,Friday,13,7,5,8.6657
2025,3,Friday,13,2,5,17.534
2025,3,Friday,13,0,7,3.1485
2025,3,Friday,13,1,4,70.0695
2025,3,Friday,13,2,6,44.5742
2025,3,Friday,13,0,3,41.459
2025,3,Friday,13,4,2,55.7035
2025,3,Friday,13,7,4,41.5033
2025,3,Friday,13,3,4,201.23
2025,3,Friday,13,3,8,58.5213
2025,3,Friday,13,3,6,147.3485
2025,3,Friday,13,4,1,73.9792
2025,3,Friday,13,7,6,5.9715
2025,3,Friday,13,6,8,17.874
2025,3,Friday,13,7,8,1.9975
2025,3,Friday,13,7,3,62.0082
2025,3,Friday,13,8,4,33.2422
2025,3,Friday,13,8,3,66.4122
2025,3,Friday,13,5,8,11.5367
2025,3,Friday,13,8,5,19.493
2025,3,Friday,13,4,3,170.005
2025,3,Friday,13,0,1,54.2615
2025,3,Friday,13,2,4,55.7617
2025,3,Friday,13,3,5,73.3392
2025,3,Friday,13,0,5,10.067
2025,3,Friday,13,0,2,26.7835
2025,3,Friday,13,6,3,201.139
2025,3,Friday,13,6,7,4.858
2025,3,Friday,13,5,2,19.6578
2025,3,Friday,13,8,1,15.4245
2025,3,Friday,13,3,0,29.9933
2025,3,Friday,13,6,4,82.5262
2025,3,Friday,13,1,8,11.778
2025,3,Friday,13,5,0,11.0893
2025,3,Friday,13,5,7,4.7615
2025,3,Friday,13,2,3,86.1895
2025,3,Friday,13,6,2,39.811
2025,3,Friday,13,4,0,27.4707
2025,3,Friday,2,3,6,4.3027
2025,3,Friday,2,2,1,0.2955
2025,3,Friday,2,7,0,0.2858
2025,3,Friday,2,7,3,0.2858
2025,3,Friday,2,5,6,0.3055
2025,3,Friday,2,3,4,3.5082
2025,3,Friday,2,8,1,0.5
2025,3,Friday,2,3,1,0.9803
2025,3,Friday,2,5,3,1.4168
2025,3,Friday,2,7,2,0.5715
2025,3,Friday,2,8,4,0.3638
2025,3,Friday,2,7,1,0.25
2025,3,Friday,2,6,2,0.25
2025,3,Friday,2,5,4,0.2918
2025,3,Friday,2,4,1,1.7675
2025,3,Friday,2,4,2,0.953
2025,3,Friday,2,3,5,2.0315
2025,3,Friday,2,4,0,0.9013
2025,3,Friday,2,5,8,0.3055
2025,3,Friday,2,2,0,1.7795
2025,3,Friday,2,1,4,0.5455
2025,3,Friday,2,8,6,0.25
2025,3,Friday,2,0,4,0.829
2025,3,Friday,2,6,4,0.646
2025,3,Friday,2,4,8,0.2668
2025,3,Friday,2,7,4,0.2858
2025,3,Friday,2,2,3,0.5762
2025,3,Friday,2,4,3,2.8727
2025,3,Friday,2,6,3,0.5418
2025,3,Friday,2,3,0,0.6155
2025,3,Friday,2,5,1,0.25
2025,3,Friday,2,6,5,0.4423
2025,3,Friday,2,5,0,0.8825
2025,3,Friday,2,2,6,0.6
2025,3,Friday,2,4,6,1.4857
2025,3,Friday,2,0,3,1.8813
2025,3,Friday,2,4,7,0.2903
2025,3,Friday,14,3,2,78.8295
2025,3,Friday,14,5,8,12.2985
2025,3,Friday,14,4,3,236.191
2025,3,Friday,14,1,5,17.479
2025,3,Friday,14,0,4,35.35
2025,3,Friday,14,1,7,12.7495
2025,3,Friday,14,1,3,153.948
2025,3,Friday,14,8,4,38.2142
2025,3,Friday,14,6,4,88.717
2025,3,Friday,14,0,2,21.548
2025,3,Friday,14,3,0,40.3915
2025,3,Friday,14,7,8,0.3125
2025,3,Friday,14,7,0,5.6982
2025,3,Friday,14,2,4,57.1582
2025,3,Friday,14,4,2,55.068
2025,3,Friday,14,7,2,13.1058
2025,3,Friday,14,8,5,29.1747
2025,3,Friday,14,7,4,33.826
2025,3,Friday,14,5,2,26.2518
2025,3,Friday,14,2,3,106.47
2025,3,Friday,14,2,5,17.8217
2025,3,Friday,14,8,0,6.7978
2025,3,Friday,14,2,7,14.0995
2025,3,Friday,14,4,1,94.26
2025,3,Friday,14,6,0,15.3003
2025,3,Friday,14,6,8,19.0355
2025,3,Friday,14,3,1,148.0122
2025,3,Friday,14,3,8,55.2552
2025,3,Friday,14,2,6,50.773
2025,3,Friday,14,6,5,16.3552
2025,3,Friday,14,7,5,9.1303
2025,3,Friday,14,5,6,21.8347
2025,3,Friday,14,3,7,42.4545
2025,3,Friday,14,8,2,19.9142
2025,3,Friday,14,7,1,18.099
2025,3,Friday,14,4,6,78.2643
2025,3,Friday,14,2,8,16.651
2025,3,Friday,14,0,7,6.605
2025,3,Friday,14,5,4,58.0815
2025,3,Friday,14,7,3,73.7285
2025,3,Friday,14,4,7,29.9648
2025,3,Friday,14,1,4,78.1515
2025,3,Friday,14,3,5,74.0195
2025,3,Friday,14,4,8,19.2627
2025,3,Friday,14,3,6,158.4193
2025,3,Friday,14,6,1,53.1743
2025,3,Friday,14,1,8,19.4195
2025,3,Friday,14,4,5,43.412
2025,3,Friday,14,4,0,33.8842
2025,3,Friday,14,5,1,32.3602
2025,3,Friday,14,8,6,26.6445
2025,3,Friday,14,8,3,110.467
2025,3,Friday,14,2,1,78.0515
2025,3,Friday,14,1,0,58.8328
2025,3,Friday,14,8,1,32.0697
2025,3,Friday,14,0,3,48.2608
2025,3,Friday,14,2,0,31.8902
2025,3,Friday,14,5,3,143.167
2025,3,Friday,14,5,7,7.1715
2025,3,Friday,14,0,1,49.8785
2025,3,Friday,14,5,0,15.5645
2025,3,Friday,14,7,6,9.493
2025,3,Friday,14,3,4,187.4132
2025,3,Friday,14,1,2,61.5195
2025,3,Friday,14,6,2,46.4198
2025,3,Friday,14,6,3,248.6852
2025,3,Friday,14,0,5,6.562
2025,3,Friday,14,0,6,22.2035
2025,3,Friday,14,1,6,52.0375
2025,3,Friday,14,6,7,7.6152
2025,3,Friday,14,8,7,0.601
2025,3,Friday,14,0,8,2.0752
2025,3,Friday,3,2,6,0.5
2025,3,Friday,3,4,3,1.4035
2025,3,Friday,3,0,8,0.3548
2025,3,Friday,3,7,2,0.4168
2025,3,Friday,3,2,4,0.25
2025,3,Friday,3,0,6,0.3587
2025,3,Friday,3,4,6,1.6258
2025,3,Friday,3,6,8,0.8125
2025,3,Friday,3,2,1,0.5148
2025,3,Friday,3,3,4,0.3043
2025,3,Friday,3,2,5,0.375
2025,3,Friday,3,8,6,0.5418
2025,3,Friday,3,7,6,0.3573
2025,3,Friday,3,3,8,0.5
2025,3,Friday,3,5,2,1.6773
2025,3,Friday,3,3,0,1.0747
2025,3,Friday,3,5,6,0.9952
2025,3,Friday,3,8,1,0.3
2025,3,Friday,3,0,3,1.6755
2025,3,Friday,3,5,3,0.625
2025,3,Friday,3,3,7,0.2858
2025,3,Friday,3,4,5,0.336
2025,3,Friday,3,1,0,0.6072
2025,3,Friday,3,1,5,0.35
2025,3,Friday,3,4,8,0.5917
2025,3,Friday,3,7,5,0.3573
2025,3,Friday,3,0,1,0.6305
2025,3,Friday,3,6,0,0.58
2025,3,Friday,3,2,3,0.875
2025,3,Friday,3,6,3,2.8723
2025,3,Friday,3,8,0,0.2918
2025,3,Friday,3,2,0,1.3943
2025,3,Friday,3,4,0,2.4237
2025,3,Friday,3,5,4,0.726
2025,3,Friday,3,3,6,0.6258
2025,3,Friday,3,0,5,0.75
2025,3,Friday,15,3,5,60.5778
2025,3,Friday,15,4,8,33.3435
2025,3,Friday,15,8,3,169.9035
2025,3,Friday,15,8,6,33.369
2025,3,Friday,15,7,0,5.6985
2025,3,Friday,15,5,3,220.6308
2025,3,Friday,15,5,6,28.6008
2025,3,Friday,15,2,4,70.9643
2025,3,Friday,15,4,5,40.3055
2025,3,Friday,15,0,2,24.0692
2025,3,Friday,15,3,8,65.7238
2025,3,Friday,15,2,6,68.4542
2025,3,Friday,15,8,0,10.5032
2025,3,Friday,15,0,1,59.9758
2025,3,Friday,15,6,5,31.1283
2025,3,Friday,15,5,0,18.6177
2025,3,Friday,15,2,0,38.4543
2025,3,Friday,15,0,7,4.1215
2025,3,Friday,15,5,8,20.229
2025,3,Friday,15,1,7,12.8465
2025,3,Friday,15,6,8,12.4352
2025,3,Friday,15,0,3,51.6745
2025,3,Friday,15,6,1,55.612
2025,3,Friday,15,5,1,37.164
2025,3,Friday,15,7,2,12.5543
2025,3,Friday,15,8,5,25.3452
2025,3,Friday,15,1,5,23.7945
2025,3,Friday,15,2,7,14.4922
2025,3,Friday,15,4,0,49.295
2025,3,Friday,15,2,3,166.131
2025,3,Friday,15,1,3,197.4923
2025,3,Friday,15,6,3,293.8472
2025,3,Friday,15,4,6,89.4612
2025,3,Friday,15,0,4,35.4898
2025,3,Friday,15,4,7,24.895
2025,3,Friday,15,0,6,23.7332
2025,3,Friday,15,2,1,74.6125
2025,3,Friday,15,5,7,7.3785
2025,3,Friday,15,3,7,47.9977
2025,3,Friday,15,7,1,22.329
2025,3,Friday,15,6,4,87.1485
2025,3,Friday,15,1,4,97.3125
2025,3,Friday,15,7,4,34.3967
2025,3,Friday,15,7,6,6.863
2025,3,Friday,15,3,1,149.875
2025,3,Friday,15,1,2,74.4075
2025,3,Friday,15,3,4,238.0177
2025,3,Friday,15,7,5,6.9245
2025,3,Friday,15,4,1,104.022
2025,3,Friday,15,0,5,7.9315
2025,3,Friday,15,8,4,45.6355
2025,3,Friday,15,3,6,196.1622
2025,3,Friday,15,3,2,85.7987
2025,3,Friday,15,0,8,10.3282
2025,3,Friday,15,4,3,282.151
2025,3,Friday,15,8,1,27.4045
2025,3,Friday,15,3,0,53.0047
2025,3,Friday,15,1,0,92.8617
2025,3,Friday,15,8,2,15.518
2025,3,Friday,15,1,6,91.818
2025,3,Friday,15,5,4,62.8173
2025,3,Friday,15,4,2,62.81
2025,3,Friday,15,6,2,44.3675
2025,3,Friday,15,6,7,9.202
2025,3,Friday,15,7,3,103.7845
2025,3,Friday,15,1,8,31.516
2025,3,Friday,15,2,8,27.077
2025,3,Friday,15,7,8,0.868
2025,3,Friday,15,2,5,17.7987
2025,3,Friday,15,6,0,25.6375
2025,3,Friday,15,5,2,21.624
2025,3,Friday,4,4,0,1.1948
2025,3,Friday,4,8,3,2.0752
2025,3,Friday,4,2,7,0.2693
2025,3,Friday,4,3,8,0.45
2025,3,Friday,4,2,6,0.25
2025,3,Friday,4,4,1,1.1205
2025,3,Friday,4,1,6,2.6035
2025,3,Friday,4,3,4,1.2673
2025,3,Friday,4,2,8,0.25
2025,3,Friday,4,0,3,3.0415
2025,3,Friday,4,0,5,2.7105
2025,3,Friday,4,3,1,1.3598
2025,3,Friday,4,5,1,0.8168
2025,3,Friday,4,3,2,0.2707
2025,3,Friday,4,0,4,1.016
2025,3,Friday,4,3,0,3.077
2025,3,Friday,4,4,2,0.6395
2025,3,Friday,4,2,0,2.0082
2025,3,Friday,4,1,0,0.2707
2025,3,Friday,4,0,1,4.4207
2025,3,Friday,4,2,1,2.0787
2025,3,Friday,4,2,3,2.8298
2025,3,Friday,4,4,5,1.6373
2025,3,Friday,4,6,1,0.606
2025,3,Friday,4,0,7,1.0245
2025,3,Friday,4,4,6,0.689
2025,3,Friday,4,1,4,0.674
2025,3,Friday,4,3,6,0.6432
2025,3,Friday,4,0,2,0.6315
2025,3,Friday,4,0,6,1.0178
2025,3,Friday,4,2,4,1.7257
2025,3,Friday,4,8,1,0.2677
2025,3,Friday,4,6,2,1.5188
2025,3,Friday,4,8,4,0.9295
2025,3,Friday,4,5,0,0.3573
2025,3,Friday,4,4,3,1.8148
2025,3,Friday,4,8,2,0.8405
2025,3,Friday,4,5,3,1.3573
2025,3,Friday,4,3,5,0.3095
2025,3,Friday,4,6,3,6.9927
2025,3,Friday,4,0,8,3.3038
2025,3,Friday,4,6,4,2.46
2025,3,Friday,4,3,7,1.2295
2025,3,Friday,4,5,6,0.5277
2025,3,Friday,4,1,3,0.75
2025,3,Friday,4,1,8,0.4168
2025,3,Friday,16,0,4,30.98
2025,3,Friday,16,1,6,96.8348
2025,3,Friday,16,1,2,62.9637
2025,3,Friday,16,6,4,102.3147
2025,3,Friday,16,8,2,21.8455
2025,3,Friday,16,5,8,21.6245
2025,3,Friday,16,4,3,317.5227
2025,3,Friday,16,5,1,52.9717
2025,3,Friday,16,8,4,41.196
2025,3,Friday,16,2,0,50.1035
2025,3,Friday,16,4,0,33.413
2025,3,Friday,16,0,8,9.88
2025,3,Friday,16,1,4,97.8783
2025,3,Friday,16,5,7,7.913
2025,3,Friday,16,0,7,2.4052
2025,3,Friday,16,4,7,34.7637
2025,3,Friday,16,5,4,70.7307
2025,3,Friday,16,6,5,26.2737
2025,3,Friday,16,7,0,6.812
2025,3,Friday,16,1,0,96.5683
2025,3,Friday,16,3,7,58.6043
2025,3,Friday,16,3,6,297.4835
2025,3,Friday,16,2,8,46.6195
2025,3,Friday,16,3,2,99.3212
2025,3,Friday,16,6,7,9.2897
2025,3,Friday,16,2,5,26.863
2025,3,Friday,16,7,5,5.3455
2025,3,Friday,16,2,3,218.1478
2025,3,Friday,16,5,0,22.1943
2025,3,Friday,16,0,1,61.3465
2025,3,Friday,16,2,1,87.6658
2025,3,Friday,16,4,6,93.5977
2025,3,Friday,16,7,3,171.7563
2025,3,Friday,16,7,2,22.5305
2025,3,Friday,16,6,8,16.5212
2025,3,Friday,16,4,5,37.261
2025,3,Friday,16,3,0,63.9717
2025,3,Friday,16,8,1,22.8705
2025,3,Friday,16,4,8,32.4817
2025,3,Friday,16,0,2,24.552
2025,3,Friday,16,6,2,45.2255
2025,3,Friday,16,1,7,14.5885
2025,3,Friday,16,5,6,29.5478
2025,3,Friday,16,1,8,33.7253
2025,3,Friday,16,6,3,426.1148
2025,3,Friday,16,4,2,59.0767
2025,3,Friday,16,8,5,23.7793
2025,3,Friday,16,2,7,24.2118
2025,3,Friday,16,2,6,99.8535
2025,3,Friday,16,6,0,28.0645
2025,3,Friday,16,7,4,53.2162
2025,3,Friday,16,0,3,45.6487
2025,3,Friday,16,1,3,213.0223
2025,3,Friday,16,7,1,32.6353
2025,3,Friday,16,3,1,206.8265
2025,3,Friday,16,3,8,74.4495
2025,3,Friday,16,7,6,8.5885
2025,3,Friday,16,1,5,23.2665
2025,3,Friday,16,0,6,26.599
2025,3,Friday,16,0,5,5.7945
2025,3,Friday,16,3,5,84.943
2025,3,Friday,16,3,4,274.4887
2025,3,Friday,16,8,6,43.6743
2025,3,Friday,16,6,1,88.1995
2025,3,Friday,16,5,3,346.6067
2025,3,Friday,16,2,4,78.6518
2025,3,Friday,16,4,1,86.1178
2025,3,Friday,16,8,0,15.2732
2025,3,Friday,16,8,3,215.8615
2025,3,Friday,16,5,2,32.58
2025,3,Friday,5,8,4,4.6363
2025,3,Friday,5,6,3,31.7915
2025,3,Friday,5,5,2,1.1933
2025,3,Friday,5,8,5,1.9342
2025,3,Friday,5,1,0,2.6903
2025,3,Friday,5,7,6,0.5687
2025,3,Friday,5,8,0,0.6177
2025,3,Friday,5,2,6,3.0203
2025,3,Friday,5,5,4,1.4805
2025,3,Friday,5,1,2,1.1675
2025,3,Friday,5,0,2,12.6542
2025,3,Friday,5,1,6,5.5738
2025,3,Friday,5,8,3,17.248
2025,3,Friday,5,7,2,1.6767
2025,3,Friday,5,5,7,0.3125
2025,3,Friday,5,4,0,3.8025
2025,3,Friday,5,3,4,22.726
2025,3,Friday,5,2,4,0.8232
2025,3,Friday,5,5,3,9.1048
2025,3,Friday,5,1,8,2.0183
2025,3,Friday,5,4,3,21.329
2025,3,Friday,5,6,2,6.9045
2025,3,Friday,5,3,2,11.7935
2025,3,Friday,5,8,2,7.084
2025,3,Friday,5,4,1,3.3387
2025,3,Friday,5,0,3,16.1
2025,3,Friday,5,2,1,1.1295
2025,3,Friday,5,4,7,0.625
2025,3,Friday,5,3,8,27.9055
2025,3,Friday,5,3,0,3.4625
2025,3,Friday,5,0,6,7.9333
2025,3,Friday,5,7,1,1.1245
2025,3,Friday,5,1,4,3.197
2025,3,Friday,5,2,8,5.5603
2025,3,Friday,5,4,2,2.405
2025,3,Friday,5,2,5,4.2222
2025,3,Friday,5,0,8,3.8125
2025,3,Friday,5,3,1,10.1683
2025,3,Friday,5,3,7,16.3355
2025,3,Friday,5,5,0,0.375
2025,3,Friday,5,6,8,0.796
2025,3,Friday,5,5,6,0.2813
2025,3,Friday,5,2,0,5.228
2025,3,Friday,5,0,4,5.1017
2025,3,Friday,5,1,3,10.4935
2025,3,Friday,5,2,7,1.702
2025,3,Friday,5,6,5,0.9845
2025,3,Friday,5,7,3,6.4163
2025,3,Friday,5,1,7,2.3157
2025,3,Friday,5,6,0,5.175
2025,3,Friday,5,6,4,2.1017
2025,3,Friday,5,4,6,5.0492
2025,3,Friday,5,0,1,16.476
2025,3,Friday,5,1,5,1.4293
2025,3,Friday,5,4,5,3.3602
2025,3,Friday,5,8,6,0.526
2025,3,Friday,5,3,6,55.6295
2025,3,Friday,5,5,1,1.9985
2025,3,Friday,5,8,1,7.2003
2025,3,Friday,5,6,1,7.5943
2025,3,Friday,5,2,3,7.673
2025,3,Friday,5,7,4,2.233
2025,3,Friday,5,0,7,1.911
2025,3,Friday,5,0,5,6.9988
2025,3,Friday,5,3,5,44.812
2025,3,Friday,17,1,7,12.7623
2025,3,Friday,17,4,7,28.5915
2025,3,Friday,17,3,7,74.9845
2025,3,Friday,17,4,3,304.7022
2025,3,Friday,17,4,1,96.2783
2025,3,Friday,17,3,4,384.449
2025,3,Friday,17,0,7,1.7008
2025,3,Friday,17,0,5,5.7873
2025,3,Friday,17,0,1,65.9718
2025,3,Friday,17,7,3,159.209
2025,3,Friday,17,6,8,10.5692
2025,3,Friday,17,0,6,22.1405
2025,3,Friday,17,5,6,29.8502
2025,3,Friday,17,3,2,125.2175
2025,3,Friday,17,2,5,30.906
2025,3,Friday,17,7,6,11.0213
2025,3,Friday,17,2,0,58.016
2025,3,Friday,17,2,8,33.337
2025,3,Friday,17,4,8,31.3785
2025,3,Friday,17,1,3,203.703
2025,3,Friday,17,8,5,16.9747
2025,3,Friday,17,0,2,28.604
2025,3,Friday,17,3,8,74.3733
2025,3,Friday,17,0,4,35.0563
2025,3,Friday,17,4,0,42.9842
2025,3,Friday,17,6,1,99.0695
2025,3,Friday,17,0,3,51.036
2025,3,Friday,17,8,6,38.2488
2025,3,Friday,17,8,3,176.8047
2025,3,Friday,17,8,1,25.147
2025,3,Friday,17,6,7,8.534
2025,3,Friday,17,2,6,145.8875
2025,3,Friday,17,4,6,99.8448
2025,3,Friday,17,6,0,34.0085
2025,3,Friday,17,7,4,70.244
2025,3,Friday,17,7,0,7.631
2025,3,Friday,17,8,2,23.23
2025,3,Friday,17,2,7,18.9282
2025,3,Friday,17,2,3,207.439
2025,3,Friday,17,3,0,62.0472
2025,3,Friday,17,6,3,515.7815
2025,3,Friday,17,4,5,39.2872
2025,3,Friday,17,7,2,28.318
2025,3,Friday,17,8,4,49.7478
2025,3,Friday,17,6,2,64.893
2025,3,Friday,17,1,6,95.729
2025,3,Friday,17,5,7,9.6383
2025,3,Friday,17,7,8,1.8568
2025,3,Friday,17,1,8,25.5008
2025,3,Friday,17,7,1,31.0535
2025,3,Friday,17,3,1,277.867
2025,3,Friday,17,2,4,107.26220000000001
2025,3,Friday,17,5,3,309.9807
2025,3,Friday,17,1,4,102.9638
2025,3,Friday,17,5,0,18.0527
2025,3,Friday,17,1,2,53.9188
2025,3,Friday,17,5,4,79.2162
2025,3,Friday,17,5,8,11.3665
2025,3,Friday,17,5,1,53.3418
2025,3,Friday,17,7,5,8.9545
2025,3,Friday,17,6,4,164.1123
2025,3,Friday,17,2,1,102.367
2025,3,Friday,17,0,8,7.4873
2025,3,Friday,17,3,6,431.595
2025,3,Friday,17,3,5,109.6025
2025,3,Friday,17,8,0,11.3247
2025,3,Friday,17,6,5,32.9302
2025,3,Friday,17,8,7,0.5745
2025,3,Friday,17,4,2,49.5755
2025,3,Friday,17,1,5,23.6633
2025,3,Friday,17,1,0,87.6695
2025,3,Friday,17,5,2,31.6303
2025,3,Friday,6,6,1,36.4957
2025,3,Friday,6,8,2,23.7495
2025,3,Friday,6,8,5,3.578
2025,3,Friday,6,1,6,23.5607
2025,3,Friday,6,4,3,41.2198
2025,3,Friday,6,5,8,0.5833
2025,3,Friday,6,7,0,1.0658
2025,3,Friday,6,2,4,2.844
2025,3,Friday,6,5,3,20.6825
2025,3,Friday,6,4,0,7.5132
2025,3,Friday,6,7,5,1.0872
2025,3,Friday,6,5,7,0.25
2025,3,Friday,6,3,4,92.7632
2025,3,Friday,6,0,4,16.234
2025,3,Friday,6,2,1,4.7365
2025,3,Friday,6,8,4,17.8935
2025,3,Friday,6,3,7,54.7018
2025,3,Friday,6,6,5,5.5177
2025,3,Friday,6,4,8,6.8838
2025,3,Friday,6,0,3,29.6413
2025,3,Friday,6,6,4,11.3902
2025,3,Friday,6,0,7,7.0307
2025,3,Friday,6,0,1,47.7982
2025,3,Friday,6,5,2,4.7475
2025,3,Friday,6,4,1,4.8722
2025,3,Friday,6,2,3,15.3505
2025,3,Friday,6,4,7,4.7675
2025,3,Friday,6,5,1,2.5888
2025,3,Friday,6,5,6,1.7455
2025,3,Friday,6,6,2,34.1867
2025,3,Friday,6,8,6,3.2075
2025,3,Friday,6,7,2,8.6805
2025,3,Friday,6,6,7,0.8745
2025,3,Friday,6,8,0,8.263
2025,3,Friday,6,1,0,19.907
2025,3,Friday,6,5,0,1.1808
2025,3,Friday,6,3,8,77.9905
2025,3,Friday,6,2,5,8.2525
2025,3,Friday,6,1,5,12.5412
2025,3,Friday,6,6,3,96.1152
2025,3,Friday,6,8,1,18.6978
2025,3,Friday,6,7,3,26.1503
2025,3,Friday,6,2,7,4.961
2025,3,Friday,6,1,8,6.8192
2025,3,Friday,6,0,5,11.4495
2025,3,Friday,6,1,3,39.8052
2025,3,Friday,6,4,6,19.1465
2025,3,Friday,6,0,6,13.0727
2025,3,Friday,6,1,4,11.3412
2025,3,Friday,6,7,1,5.5745
2025,3,Friday,6,0,2,24.839
2025,3,Friday,6,6,8,4.3757
2025,3,Friday,6,3,5,156.4875
2025,3,Friday,6,3,1,39.5405
2025,3,Friday,6,7,8,0.3215
2025,3,Friday,6,1,7,4.517
2025,3,Friday,6,2,0,8.5925
2025,3,Friday,6,5,4,5.8778
2025,3,Friday,6,3,6,176.23
2025,3,Friday,6,1,2,10.799
2025,3,Friday,6,7,4,6.4405
2025,3,Friday,6,4,2,10.1555
2025,3,Friday,6,6,0,12.7355
2025,3,Friday,6,2,6,8.4192
2025,3,Friday,6,3,0,15.5527
2025,3,Friday,6,7,6,1.3203
2025,3,Friday,6,3,2,53.4277
2025,3,Friday,6,8,3,43.6282
2025,3,Friday,6,4,5,7.7553
2025,3,Friday,6,0,8,6.6497
2025,3,Friday,6,2,8,4.7727
2025,3,Friday,18,4,8,18.7017
2025,3,Friday,18,2,1,87.4067
2025,3,Friday,18,7,3,97.3385
2025,3,Friday,18,8,2,11.579
2025,3,Friday,18,6,8,9.331
2025,3,Friday,18,0,5,3.0922
2025,3,Friday,18,2,3,120.5595
2025,3,Friday,18,2,7,17.289
2025,3,Friday,18,7,1,21.5305
2025,3,Friday,18,3,0,55.1727
2025,3,Friday,18,1,0,67.232
2025,3,Friday,18,3,8,65.2125
2025,3,Friday,18,7,0,5.804
2025,3,Friday,18,0,7,1.0423
2025,3,Friday,18,2,0,38.6122
2025,3,Friday,18,4,3,219.1967
2025,3,Friday,18,2,6,92.0413
2025,3,Friday,18,1,2,37.2055
2025,3,Friday,18,8,0,7.9922
2025,3,Friday,18,5,8,6.0373
2025,3,Friday,18,5,7,3.2287
2025,3,Friday,18,2,8,19.205
2025,3,Friday,18,4,5,35.4875
2025,3,Friday,18,5,2,20.1978
2025,3,Friday,18,5,3,142.8143
2025,3,Friday,18,3,6,280.177
2025,3,Friday,18,5,1,37.262
2025,3,Friday,18,3,5,81.195
2025,3,Friday,18,4,2,51.9322
2025,3,Friday,18,7,4,69.4965
2025,3,Friday,18,1,7,17.2463
2025,3,Friday,18,0,6,16.5472
2025,3,Friday,18,5,0,12.2455
2025,3,Friday,18,6,3,263.2203
2025,3,Friday,18,1,6,66.0333
2025,3,Friday,18,8,3,72.1973
2025,3,Friday,18,5,4,51.086
2025,3,Friday,18,1,8,16.6638
2025,3,Friday,18,8,4,28.9855
2025,3,Friday,18,0,2,16.1285
2025,3,Friday,18,2,4,84.7135
2025,3,Friday,18,7,5,7.865
2025,3,Friday,18,2,5,26.7932
2025,3,Friday,18,8,6,10.8743
2025,3,Friday,18,0,8,4.1172
2025,3,Friday,18,3,7,62.3973
2025,3,Friday,18,4,7,27.2688
2025,3,Friday,18,0,1,54.9325
2025,3,Friday,18,4,0,40.3275
2025,3,Friday,18,6,4,137.9208
2025,3,Friday,18,3,2,89.7725
2025,3,Friday,18,6,0,21.4095
2025,3,Friday,18,1,3,144.2845
2025,3,Friday,18,4,6,91.4968
2025,3,Friday,18,6,7,11.9275
2025,3,Friday,18,6,5,31.8917
2025,3,Friday,18,6,1,77.2688
2025,3,Friday,18,3,4,335.3157
2025,3,Friday,18,5,6,25.3918
2025,3,Friday,18,4,1,101.0737
2025,3,Friday,18,1,4,103.3545
2025,3,Friday,18,1,5,21.481
2025,3,Friday,18,8,5,8.6372
2025,3,Friday,18,7,8,0.8898
2025,3,Friday,18,8,1,21.2785
2025,3,Friday,18,0,3,33.6305
2025,3,Friday,18,0,4,23.6835
2025,3,Friday,18,7,6,16.3178
2025,3,Friday,18,7,2,23.7908
2025,3,Friday,18,3,1,215.441
2025,3,Friday,18,6,2,49.9295
2025,3,Friday,7,0,5,22.923
2025,3,Friday,7,0,8,12.5985
2025,3,Friday,7,1,4,43.9645
2025,3,Friday,7,3,7,126.8895
2025,3,Friday,7,0,6,34.2368
2025,3,Friday,7,6,1,87.5603
2025,3,Friday,7,2,8,11.9988
2025,3,Friday,7,6,2,94.1457
2025,3,Friday,7,4,8,16.627
2025,3,Friday,7,6,5,11.2312
2025,3,Friday,7,3,4,232.458
2025,3,Friday,7,3,2,146.0567
2025,3,Friday,7,4,3,134.337
2025,3,Friday,7,2,5,15.323
2025,3,Friday,7,4,5,30.806
2025,3,Friday,7,5,6,6.1018
2025,3,Friday,7,8,1,45.325
2025,3,Friday,7,6,8,35.2227
2025,3,Friday,7,6,4,37.9812
2025,3,Friday,7,5,1,27.7342
2025,3,Friday,7,5,3,76.0375
2025,3,Friday,7,5,0,2.5233
2025,3,Friday,7,4,1,57.0682
2025,3,Friday,7,4,2,33.004
2025,3,Friday,7,0,4,46.843
2025,3,Friday,7,2,3,37.6313
2025,3,Friday,7,0,1,137.951
2025,3,Friday,7,8,2,36.9193
2025,3,Friday,7,1,2,43.9098
2025,3,Friday,7,2,7,8.8182
2025,3,Friday,7,3,8,196.2808
2025,3,Friday,7,4,0,11.6158
2025,3,Friday,7,1,0,48.8917
2025,3,Friday,7,5,4,26.342
2025,3,Friday,7,1,7,28.0985
2025,3,Friday,7,7,2,23.4283
2025,3,Friday,7,6,3,279.7037
2025,3,Friday,7,7,1,14.7517
2025,3,Friday,7,6,0,25.6663
2025,3,Friday,7,3,5,308.5035
2025,3,Friday,7,2,6,26.2163
2025,3,Friday,7,7,8,0.75
2025,3,Friday,7,6,7,2.687
2025,3,Friday,7,7,5,0.8585
2025,3,Friday,7,4,6,45.5787
2025,3,Friday,7,7,4,21.1565
2025,3,Friday,7,2,4,22.6153
2025,3,Friday,7,8,6,6.1955
2025,3,Friday,7,1,8,33.9263
2025,3,Friday,7,5,2,23.6753
2025,3,Friday,7,3,0,52.408
2025,3,Friday,7,0,2,57.5228
2025,3,Friday,7,1,5,41.8578
2025,3,Friday,7,5,7,2.7722
2025,3,Friday,7,0,7,9.3765
2025,3,Friday,7,1,6,75.1448
2025,3,Friday,7,2,0,13.0235
2025,3,Friday,7,3,1,150.8965
2025,3,Friday,7,4,7,16.739
2025,3,Friday,7,0,3,58.761
2025,3,Friday,7,8,4,29.5965
2025,3,Friday,7,8,0,9.612
2025,3,Friday,7,8,3,76.0735
2025,3,Friday,7,7,3,84.2618
2025,3,Friday,7,3,6,382.6372
2025,3,Friday,7,7,6,2.6043
2025,3,Friday,7,7,0,2.8898
2025,3,Friday,7,8,5,11.7158
2025,3,Friday,7,5,8,4.0177
2025,3,Friday,7,1,3,161.9218
2025,3,Friday,7,2,1,22.9293
2025,3,Friday,19,2,7,10.333
2025,3,Friday,19,5,6,22.0792
2025,3,Friday,19,5,1,23.4123
2025,3,Friday,19,1,5,16.9533
2025,3,Friday,19,1,4,81.0635
2025,3,Friday,19,5,3,80.6377
2025,3,Friday,19,0,6,12.4238
2025,3,Friday,19,3,6,172.1895
2025,3,Friday,19,2,6,47.5868
2025,3,Friday,19,3,2,58.9618
2025,3,Friday,19,8,7,0.2993
2025,3,Friday,19,1,2,34.2998
2025,3,Friday,19,2,4,44.5035
2025,3,Friday,19,3,1,124.843
2025,3,Friday,19,6,0,17.3165
2025,3,Friday,19,5,4,37.8853
2025,3,Friday,19,4,0,27.4395
2025,3,Friday,19,1,8,12.0158
2025,3,Friday,19,0,4,20.2385
2025,3,Friday,19,0,2,8.8713
2025,3,Friday,19,4,2,38.5653
2025,3,Friday,19,7,1,14.782
2025,3,Friday,19,7,4,36.3993
2025,3,Friday,19,8,5,4.7432
2025,3,Friday,19,1,7,7.9062
2025,3,Friday,19,1,6,43.9485
2025,3,Friday,19,8,3,40.3303
2025,3,Friday,19,3,4,194.8555
2025,3,Friday,19,1,3,91.9615
2025,3,Friday,19,4,6,83.8443
2025,3,Friday,19,5,2,9.2595
2025,3,Friday,19,3,8,26.1077
2025,3,Friday,19,7,0,4.1533
2025,3,Friday,19,3,7,40.8305
2025,3,Friday,19,0,7,1.7653
2025,3,Friday,19,5,8,7.0767
2025,3,Friday,19,2,8,11.5338
2025,3,Friday,19,6,7,8.9163
2025,3,Friday,19,6,3,128.3477
2025,3,Friday,19,5,7,2.0608
2025,3,Friday,19,2,5,13.8187
2025,3,Friday,19,7,6,5.719
2025,3,Friday,19,0,5,2.1195
2025,3,Friday,19,6,5,25.7768
2025,3,Friday,19,8,6,13.7058
2025,3,Friday,19,0,3,20.3035
2025,3,Friday,19,6,8,7.2038
2025,3,Friday,19,7,5,4.737
2025,3,Friday,19,6,4,84.0683
2025,3,Friday,19,4,1,70.4015
2025,3,Friday,19,4,3,173.5125
2025,3,Friday,19,8,1,9.5957
2025,3,Friday,19,1,0,54.6385
2025,3,Friday,19,8,4,18.833
2025,3,Friday,19,4,8,12.98
2025,3,Friday,19,8,0,4.8005
2025,3,Friday,19,2,0,22.46
2025,3,Friday,19,4,7,22.3693
2025,3,Friday,19,8,2,7.499
2025,3,Friday,19,4,5,23.6655
2025,3,Friday,19,0,1,31.542
2025,3,Friday,19,7,2,9.4752
2025,3,Friday,19,2,1,46.0818
2025,3,Friday,19,5,0,8.4502
2025,3,Friday,19,3,0,38.021
2025,3,Friday,19,6,1,36.6543
2025,3,Friday,19,7,3,41.845
2025,3,Friday,19,0,8,2.8195
2025,3,Friday,19,6,2,25.8878
2025,3,Friday,19,2,3,74.43
2025,3,Friday,19,3,5,56.8887
2025,3,Friday,8,1,0,52.6757
2025,3,Friday,8,8,4,36.621
2025,3,Friday,8,6,8,27.2072
2025,3,Friday,8,5,0,7.4742
2025,3,Friday,8,1,3,348.6422
2025,3,Friday,8,5,3,139.9943
2025,3,Friday,8,8,5,18.1913
2025,3,Friday,8,1,5,65.6692
2025,3,Friday,8,2,1,37.512
2025,3,Friday,8,1,2,102.8485
2025,3,Friday,8,7,4,47.2508
2025,3,Friday,8,7,2,50.073
2025,3,Friday,8,2,0,19.7345
2025,3,Friday,8,5,2,37.866
2025,3,Friday,8,1,8,38.449
2025,3,Friday,8,3,2,192.2937
2025,3,Friday,8,8,0,9.345
2025,3,Friday,8,4,7,49.6615
2025,3,Friday,8,7,1,17.654
2025,3,Friday,8,4,6,97.9232
2025,3,Friday,8,1,7,37.847
2025,3,Friday,8,6,2,157.25
2025,3,Friday,8,0,1,131.2177
2025,3,Friday,8,2,6,70.3092
2025,3,Friday,8,2,4,37.6168
2025,3,Friday,8,1,6,139.817
2025,3,Friday,8,4,3,248.161
2025,3,Friday,8,6,5,30.5173
2025,3,Friday,8,6,3,513.626
2025,3,Friday,8,5,8,7.926
2025,3,Friday,8,7,5,7.0913
2025,3,Friday,8,3,7,183.6103
2025,3,Friday,8,7,0,4
2025,3,Friday,8,2,5,30.8075
2025,3,Friday,8,4,0,18.265
2025,3,Friday,8,3,4,335.731
2025,3,Friday,8,5,6,9.5855
2025,3,Friday,8,2,8,30.3818
2025,3,Friday,8,3,8,233.1242
2025,3,Friday,8,7,6,5.435
2025,3,Friday,8,4,8,32.2992
2025,3,Friday,8,0,4,58.219
2025,3,Friday,8,3,5,396.4575
2025,3,Friday,8,3,6,583.718
2025,3,Friday,8,2,7,19.0287
2025,3,Friday,8,8,7,0.5818
2025,3,Friday,8,0,3,80.6375
2025,3,Friday,8,2,3,80.5945
2025,3,Friday,8,6,0,21.23
2025,3,Friday,8,0,2,80.3448
2025,3,Friday,8,5,4,47.9193
2025,3,Friday,8,6,4,68.7413
2025,3,Friday,8,3,1,153.001
2025,3,Friday,8,5,1,21.0947
2025,3,Friday,8,8,6,9.34
2025,3,Friday,8,0,5,36.0848
2025,3,Friday,8,8,1,41.839
2025,3,Friday,8,6,7,4.8638
2025,3,Friday,8,4,2,59.8645
2025,3,Friday,8,8,2,43.0525
2025,3,Friday,8,0,7,11.8235
2025,3,Friday,8,7,3,161.0585
2025,3,Friday,8,6,1,126.5853
2025,3,Friday,8,3,0,34.656
2025,3,Friday,8,8,3,126.4183
2025,3,Friday,8,4,5,48.2615
2025,3,Friday,8,1,4,92.591
2025,3,Friday,8,5,7,4.868
2025,3,Friday,8,0,6,43.805
2025,3,Friday,8,4,1,54.862
2025,3,Friday,8,0,8,13.7133
2025,3,Friday,20,0,5,1.8733
2025,3,Friday,20,5,1,10.821
2025,3,Friday,20,8,7,0.2873
2025,3,Friday,20,4,8,9.6998
2025,3,Friday,20,4,2,27.697
2025,3,Friday,20,3,6,92.5793
2025,3,Friday,20,1,3,78.509
2025,3,Friday,20,3,7,26.1753
2025,3,Friday,20,4,7,17.1973
2025,3,Friday,20,2,1,30.788
2025,3,Friday,20,6,3,84.898
2025,3,Friday,20,6,2,14.9778
2025,3,Friday,20,7,2,5.9498
2025,3,Friday,20,7,0,2.3025
2025,3,Friday,20,4,1,53.0865
2025,3,Friday,20,1,5,10.1835
2025,3,Friday,20,6,5,16.5217
2025,3,Friday,20,0,2,5.1672
2025,3,Friday,20,7,1,5.9918
2025,3,Friday,20,1,2,17.0832
2025,3,Friday,20,3,8,22.6635
2025,3,Friday,20,0,3,15.3318
2025,3,Friday,20,3,4,118.0425
2025,3,Friday,20,6,7,9.7268
2025,3,Friday,20,1,6,37.853
2025,3,Friday,20,2,7,5.1037
2025,3,Friday,20,0,6,5.3987
2025,3,Friday,20,5,3,47.8132
2025,3,Friday,20,2,4,29.2655
2025,3,Friday,20,5,6,18.6077
2025,3,Friday,20,5,7,2.3497
2025,3,Friday,20,1,0,33.283
2025,3,Friday,20,8,1,4.5687
2025,3,Friday,20,7,6,7.5985
2025,3,Friday,20,8,6,3.8225
2025,3,Friday,20,1,4,51.1045
2025,3,Friday,20,1,7,5.288
2025,3,Friday,20,8,5,2.7133
2025,3,Friday,20,8,4,10.4582
2025,3,Friday,20,6,8,5.8325
2025,3,Friday,20,4,3,126.0635
2025,3,Friday,20,7,3,24.0853
2025,3,Friday,20,0,1,17.542
2025,3,Friday,20,2,8,8.4097
2025,3,Friday,20,5,4,18.4562
2025,3,Friday,20,8,2,7.6413
2025,3,Friday,20,6,4,48.941
2025,3,Friday,20,3,1,72.2615
2025,3,Friday,20,0,7,0.3765
2025,3,Friday,20,7,4,24.5802
2025,3,Friday,20,0,4,14.8645
2025,3,Friday,20,6,0,5.5743
2025,3,Friday,20,4,0,23.3235
2025,3,Friday,20,2,5,8.1517
2025,3,Friday,20,5,0,5.4795
2025,3,Friday,20,5,8,2.0183
2025,3,Friday,20,5,2,5.8857
2025,3,Friday,20,3,2,33.6973
2025,3,Friday,20,2,6,28.1822
2025,3,Friday,20,8,0,4.5668
2025,3,Friday,20,1,8,11.8518
2025,3,Friday,20,4,5,20.1805
2025,3,Friday,20,4,6,61.2795
2025,3,Friday,20,2,0,18.3245
2025,3,Friday,20,6,1,23.6445
2025,3,Friday,20,3,0,31.1263
2025,3,Friday,20,3,5,24.7593
2025,3,Friday,20,7,5,1.3102
2025,3,Friday,20,8,3,19.8675
2025,3,Friday,20,2,3,48.4185
2025,3,Friday,20,0,8,0.3765
2025,3,Friday,9,8,1,26.3455
2025,3,Friday,9,4,0,10.2083
2025,3,Friday,9,8,6,6.271
2025,3,Friday,9,6,8,16.8928
2025,3,Friday,9,1,5,35.4665
2025,3,Friday,9,2,7,15.2097
2025,3,Friday,9,8,4,30.641
2025,3,Friday,9,6,0,12.6907
2025,3,Friday,9,4,6,62.8735
2025,3,Friday,9,1,2,91.679
2025,3,Friday,9,0,6,20.6
2025,3,Friday,9,7,0,0.601
2025,3,Friday,9,6,1,56.3158
2025,3,Friday,9,1,7,20.807
2025,3,Friday,9,2,6,41.7195
2025,3,Friday,9,2,1,41.89
2025,3,Friday,9,5,8,5.6325
2025,3,Friday,9,1,0,33.1935
2025,3,Friday,9,0,1,77.6568
2025,3,Friday,9,2,3,72.9137
2025,3,Friday,9,4,5,34.9587
2025,3,Friday,9,7,3,87.6955
2025,3,Friday,9,5,2,30.548
2025,3,Friday,9,5,7,5.8717
2025,3,Friday,9,8,0,3.8108
2025,3,Friday,9,6,7,1.84
2025,3,Friday,9,2,5,25.7042
2025,3,Friday,9,3,4,260.6167
2025,3,Friday,9,1,4,58.1665
2025,3,Friday,9,3,7,113.4247
2025,3,Friday,9,7,8,0.3035
2025,3,Friday,9,0,2,52.106
2025,3,Friday,9,0,4,41.45
2025,3,Friday,9,7,2,30.986
2025,3,Friday,9,2,0,10.843
2025,3,Friday,9,4,7,25.501
2025,3,Friday,9,7,4,32.8065
2025,3,Friday,9,2,8,20.669
2025,3,Friday,9,4,3,180.6845
2025,3,Friday,9,3,1,122.7675
2025,3,Friday,9,2,4,37.2075
2025,3,Friday,9,5,1,23.5852
2025,3,Friday,9,0,5,22.5705
2025,3,Friday,9,3,0,25.2883
2025,3,Friday,9,8,2,40.2887
2025,3,Friday,9,7,6,4.1957
2025,3,Friday,9,6,5,19.399
2025,3,Friday,9,0,3,66.3598
2025,3,Friday,9,6,3,303.2447
2025,3,Friday,9,4,2,57.05
2025,3,Friday,9,3,8,107.1238
2025,3,Friday,9,3,6,319.0885
2025,3,Friday,9,4,8,26.231
2025,3,Friday,9,8,3,74.0605
2025,3,Friday,9,5,4,37.9025
2025,3,Friday,9,4,1,49.0685
2025,3,Friday,9,5,3,88.9017
2025,3,Friday,9,6,4,61.2613
2025,3,Friday,9,3,5,259.6632
2025,3,Friday,9,0,8,8.2823
2025,3,Friday,9,1,8,20.56
2025,3,Friday,9,7,1,12.3717
2025,3,Friday,9,3,2,163.3707
2025,3,Friday,9,5,6,12.8602
2025,3,Friday,9,8,5,16.588
2025,3,Friday,9,6,2,139.8358
2025,3,Friday,9,0,7,7.2822
2025,3,Friday,9,1,6,50.4357
2025,3,Friday,9,8,7,0.5872
2025,3,Friday,9,5,0,4.6215
2025,3,Friday,9,7,5,10.1163
2025,3,Friday,9,1,3,233.5547
2025,3,Friday,21,3,8,18.53
2025,3,Friday,21,4,1,55.4073
2025,3,Friday,21,8,3,15.435
2025,3,Friday,21,8,0,1.5227
2025,3,Friday,21,7,3,22.228
2025,3,Friday,21,7,0,2.7858
2025,3,Friday,21,5,4,17.2657
2025,3,Friday,21,4,8,7.3637
2025,3,Friday,21,7,8,0.3332
2025,3,Friday,21,8,4,6.6872
2025,3,Friday,21,1,0,28.6737
2025,3,Friday,21,1,4,39.8175
2025,3,Friday,21,6,4,29.3958
2025,3,Friday,21,2,7,4.557
2025,3,Friday,21,4,6,51.399
2025,3,Friday,21,3,2,19.4183
2025,3,Friday,21,2,8,8.2433
2025,3,Friday,21,6,8,5.8167
2025,3,Friday,21,5,0,3.3582
2025,3,Friday,21,1,2,11.3963
2025,3,Friday,21,4,3,115.3595
2025,3,Friday,21,0,8,2.23
2025,3,Friday,21,4,7,12.0752
2025,3,Friday,21,0,7,1.4822
2025,3,Friday,21,7,1,5.201
2025,3,Friday,21,2,3,37.352
2025,3,Friday,21,1,5,8.9943
2025,3,Friday,21,5,3,26.2272
2025,3,Friday,21,2,0,10.1632
2025,3,Friday,21,8,2,3.43
2025,3,Friday,21,6,2,7.566
2025,3,Friday,21,7,6,6.1157
2025,3,Friday,21,2,5,3.2857
2025,3,Friday,21,4,2,23.0282
2025,3,Friday,21,8,6,5.8358
2025,3,Friday,21,1,7,5.3748
2025,3,Friday,21,7,5,1.8073
2025,3,Friday,21,0,5,0.7477
2025,3,Friday,21,6,3,54.8405
2025,3,Friday,21,7,2,2.7313
2025,3,Friday,21,0,6,5.209
2025,3,Friday,21,2,6,17.1702
2025,3,Friday,21,3,5,15.3203
2025,3,Friday,21,4,0,22.1695
2025,3,Friday,21,3,6,67.1425
2025,3,Friday,21,0,4,11.6472
2025,3,Friday,21,3,4,71.9715
2025,3,Friday,21,6,7,5.2013
2025,3,Friday,21,5,1,11.734
2025,3,Friday,21,4,5,26.9202
2025,3,Friday,21,0,2,5.2397
2025,3,Friday,21,3,7,10.073
2025,3,Friday,21,8,5,0.6317
2025,3,Friday,21,5,7,0.2612
2025,3,Friday,21,2,4,20.9205
2025,3,Friday,21,0,1,14.5755
2025,3,Friday,21,6,0,11.212
2025,3,Friday,21,3,1,47.9703
2025,3,Friday,21,6,1,11.9097
2025,3,Friday,21,1,3,55.4897
2025,3,Friday,21,5,6,6.286
2025,3,Friday,21,1,8,8.6717
2025,3,Friday,21,5,2,7.4137
2025,3,Friday,21,7,4,18.109
2025,3,Friday,21,2,1,12.1543
2025,3,Friday,21,3,0,23.5942
2025,3,Friday,21,0,3,8.599
2025,3,Friday,21,5,8,1.8207
2025,3,Friday,21,6,5,7.5763
2025,3,Friday,21,1,6,30.5267
2025,3,Friday,21,8,1,2.1752
2025,3,Friday,10,1,7,12.1153
2025,3,Friday,10,1,6,42.3672
2025,3,Friday,10,8,2,21.9488
2025,3,Friday,10,8,5,12.0688
2025,3,Friday,10,0,2,30.5685
2025,3,Friday,10,0,4,33.9853
2025,3,Friday,10,8,6,8.079
2025,3,Friday,10,2,5,12.0103
2025,3,Friday,10,7,5,5.5662
2025,3,Friday,10,6,7,3.9243
2025,3,Friday,10,5,7,7.0577
2025,3,Friday,10,6,5,15.9238
2025,3,Friday,10,2,0,11.3162
2025,3,Friday,10,5,3,76.1822
2025,3,Friday,10,6,3,139.3315
2025,3,Friday,10,4,2,46.6885
2025,3,Friday,10,6,4,63.6963
2025,3,Friday,10,1,3,113.9005
2025,3,Friday,10,0,1,62.216
2025,3,Friday,10,4,5,18.945
2025,3,Friday,10,2,1,43.5868
2025,3,Friday,10,5,8,7.1455
2025,3,Friday,10,1,2,53.106
2025,3,Friday,10,0,6,10.8408
2025,3,Friday,10,4,6,49.0508
2025,3,Friday,10,5,0,6.6805
2025,3,Friday,10,0,7,4.0848
2025,3,Friday,10,3,1,122.564
2025,3,Friday,10,1,5,21.1922
2025,3,Friday,10,7,1,15.8055
2025,3,Friday,10,6,0,8.4282
2025,3,Friday,10,3,6,174.1087
2025,3,Friday,10,8,4,22.9118
2025,3,Friday,10,3,8,60.6768
2025,3,Friday,10,0,8,6.7885
2025,3,Friday,10,1,0,30.551
2025,3,Friday,10,6,8,10.4182
2025,3,Friday,10,6,2,42.2198
2025,3,Friday,10,4,8,17.2325
2025,3,Friday,10,3,0,17.0422
2025,3,Friday,10,7,3,53.3747
2025,3,Friday,10,7,4,33.4112
2025,3,Friday,10,8,0,4.785
2025,3,Friday,10,3,5,111.9902
2025,3,Friday,10,1,8,15.1332
2025,3,Friday,10,2,8,16.8023
2025,3,Friday,10,2,7,13.0748
2025,3,Friday,10,2,3,49.8655
2025,3,Friday,10,7,8,0.5
2025,3,Friday,10,8,1,18.6425
2025,3,Friday,10,7,2,24.2857
2025,3,Friday,10,6,1,65.3585
2025,3,Friday,10,8,7,0.3067
2025,3,Friday,10,5,1,20.4178
2025,3,Friday,10,4,7,19.0465
2025,3,Friday,10,0,3,37.9955
2025,3,Friday,10,3,4,185.0325
2025,3,Friday,10,8,3,49.512
2025,3,Friday,10,5,4,33.211
2025,3,Friday,10,3,2,104.962
2025,3,Friday,10,7,6,4.5072
2025,3,Friday,10,4,0,13.1352
2025,3,Friday,10,1,4,62.2148
2025,3,Friday,10,7,0,3.9198
2025,3,Friday,10,2,4,38.619
2025,3,Friday,10,5,6,15.101
2025,3,Friday,10,3,7,55.4068
2025,3,Friday,10,2,6,30.9147
2025,3,Friday,10,0,5,17.2585
2025,3,Friday,10,4,1,52.1905
2025,3,Friday,10,4,3,120.7568
2025,3,Friday,10,5,2,19.9297
2025,3,Friday,22,3,5,12.0265
2025,3,Friday,22,2,4,10.7345
2025,3,Friday,22,0,7,1.3742
2025,3,Friday,22,4,3,106.7718
2025,3,Friday,22,7,3,12.088
2025,3,Friday,22,6,0,8.6867
2025,3,Friday,22,7,4,10.8955
2025,3,Friday,22,6,1,10.4103
2025,3,Friday,22,0,8,2.0592
2025,3,Friday,22,5,1,5.98
2025,3,Friday,22,8,5,0.8602
2025,3,Friday,22,1,5,2.4
2025,3,Friday,22,4,2,21.4868
2025,3,Friday,22,5,6,3.8108
2025,3,Friday,22,7,1,4.741
2025,3,Friday,22,5,3,19.6325
2025,3,Friday,22,0,6,8.5202
2025,3,Friday,22,7,5,1.5107
2025,3,Friday,22,6,2,9.3887
2025,3,Friday,22,2,3,25.709
2025,3,Friday,22,0,2,3.399
2025,3,Friday,22,6,7,2.391
2025,3,Friday,22,0,4,10.9785
2025,3,Friday,22,5,7,0.287
2025,3,Friday,22,7,0,1.5107
2025,3,Friday,22,8,2,1.5623
2025,3,Friday,22,4,8,5.831
2025,3,Friday,22,1,8,5.611
2025,3,Friday,22,4,7,12.1248
2025,3,Friday,22,3,0,18.7865
2025,3,Friday,22,5,2,6.8058
2025,3,Friday,22,6,5,6.685
2025,3,Friday,22,1,4,21.7507
2025,3,Friday,22,2,6,18.3542
2025,3,Friday,22,6,4,24.8257
2025,3,Friday,22,4,5,11.8908
2025,3,Friday,22,8,3,16.4237
2025,3,Friday,22,1,2,8.0472
2025,3,Friday,22,3,8,16.767
2025,3,Friday,22,6,3,37.6705
2025,3,Friday,22,4,6,41.821
2025,3,Friday,22,5,8,0.55
2025,3,Friday,22,2,5,3.7733
2025,3,Friday,22,6,8,3.464
2025,3,Friday,22,2,0,12.7015
2025,3,Friday,22,0,5,3.0715
2025,3,Friday,22,1,3,28.2597
2025,3,Friday,22,4,1,45.4993
2025,3,Friday,22,3,6,46.7095
2025,3,Friday,22,7,2,2.5815
2025,3,Friday,22,4,0,17.1513
2025,3,Friday,22,2,7,3.51
2025,3,Friday,22,3,4,47.709
2025,3,Friday,22,2,1,12.4838
2025,3,Friday,22,8,1,0.5703
2025,3,Friday,22,8,4,2.0533
2025,3,Friday,22,0,3,11.2508
2025,3,Friday,22,3,2,17.4483
2025,3,Friday,22,8,0,0.8857
2025,3,Friday,22,3,7,8.413
2025,3,Friday,22,5,4,13.2318
2025,3,Friday,22,1,7,4.4433
2025,3,Friday,22,5,0,3.3095
2025,3,Friday,22,8,6,1.1493
2025,3,Friday,22,3,1,41.2857
2025,3,Friday,22,1,6,18.4875
2025,3,Friday,22,2,8,3.1602
2025,3,Friday,22,1,0,20.6418
2025,3,Friday,22,0,1,9.9162
2025,3,Friday,22,7,6,3.2945
2025,3,Friday,11,2,8,11.7598
2025,3,Friday,11,6,0,9.522
2025,3,Friday,11,0,2,25.2942
2025,3,Friday,11,0,6,19.9188
2025,3,Friday,11,2,0,13.2682
2025,3,Friday,11,0,7,4.783
2025,3,Friday,11,2,1,46.4615
2025,3,Friday,11,4,6,52.719
2025,3,Friday,11,5,0,10.3327
2025,3,Friday,11,5,1,20.3828
2025,3,Friday,11,6,8,12.0615
2025,3,Friday,11,1,7,12.613
2025,3,Friday,11,7,0,1.4935
2025,3,Friday,11,8,2,16.7762
2025,3,Friday,11,8,1,17.0313
2025,3,Friday,11,8,5,11.119
2025,3,Friday,11,1,4,71.0605
2025,3,Friday,11,5,6,19.4345
2025,3,Friday,11,7,2,18.727
2025,3,Friday,11,5,4,45.9827
2025,3,Friday,11,7,3,52.4698
2025,3,Friday,11,2,5,12.7905
2025,3,Friday,11,6,2,48.6092
2025,3,Friday,11,3,6,161.447
2025,3,Friday,11,7,5,6.0865
2025,3,Friday,11,4,0,20.7982
2025,3,Friday,11,4,5,34.674
2025,3,Friday,11,3,4,185.7735
2025,3,Friday,11,1,6,34.4165
2025,3,Friday,11,0,1,42.3735
2025,3,Friday,11,5,7,4.5225
2025,3,Friday,11,0,8,4.1417
2025,3,Friday,11,7,6,6.6555
2025,3,Friday,11,1,5,29.2595
2025,3,Friday,11,3,2,93.921
2025,3,Friday,11,8,4,29.0275
2025,3,Friday,11,4,7,21.2938
2025,3,Friday,11,8,0,3.8845
2025,3,Friday,11,5,3,104.4915
2025,3,Friday,11,0,4,27.904
2025,3,Friday,11,2,6,27.2963
2025,3,Friday,11,6,5,15.3158
2025,3,Friday,11,8,6,21.2735
2025,3,Friday,11,1,8,6.1513
2025,3,Friday,11,1,3,104.425
2025,3,Friday,11,6,1,54.7167
2025,3,Friday,11,3,0,24.3092
2025,3,Friday,11,3,5,72.7535
2025,3,Friday,11,3,8,64.545
2025,3,Friday,11,4,8,24.9638
2025,3,Friday,11,7,1,17.9172
2025,3,Friday,11,5,8,11.4022
2025,3,Friday,11,6,7,6.0935
2025,3,Friday,11,8,3,53.9285
2025,3,Friday,11,6,4,65.9297
2025,3,Friday,11,3,7,45.73
2025,3,Friday,11,2,3,66.6158
2025,3,Friday,11,1,2,53.1533
2025,3,Friday,11,0,3,33.827
2025,3,Friday,11,8,7,0.2975
2025,3,Friday,11,3,1,115.3857
2025,3,Friday,11,4,3,130.8958
2025,3,Friday,11,4,2,41.8138
2025,3,Friday,11,5,2,18.188
2025,3,Friday,11,2,7,16.536
2025,3,Friday,11,1,0,27.4912
2025,3,Friday,11,6,3,142.117
2025,3,Friday,11,7,4,36.1695
2025,3,Friday,11,4,1,64.306
2025,3,Friday,11,0,5,10.1092
2025,3,Friday,11,2,4,52.954
2025,3,Friday,23,2,8,4.3113
2025,3,Friday,23,8,4,7.2898
2025,3,Friday,23,5,0,3.2343
2025,3,Friday,23,7,4,6.1623
2025,3,Friday,23,7,0,1.474
2025,3,Friday,23,8,3,8.3793
2025,3,Friday,23,1,2,6.8115
2025,3,Friday,23,5,6,5.1903
2025,3,Friday,23,3,1,20.0867
2025,3,Friday,23,4,3,75.4255
2025,3,Friday,23,2,0,10.808
2025,3,Friday,23,0,5,0.6805
2025,3,Friday,23,8,5,0.6155
2025,3,Friday,23,2,4,7.777
2025,3,Friday,23,4,2,15.0673
2025,3,Friday,23,6,7,0.8953
2025,3,Friday,23,0,3,6.8327
2025,3,Friday,23,6,5,8.2265
2025,3,Friday,23,4,5,9.5435
2025,3,Friday,23,6,8,2.1352
2025,3,Friday,23,0,7,0.6957
2025,3,Friday,23,1,5,2.621
2025,3,Friday,23,8,1,2.6885
2025,3,Friday,23,3,0,20.6685
2025,3,Friday,23,1,0,12.935
2025,3,Friday,23,0,4,3.7505
2025,3,Friday,23,4,7,6.3497
2025,3,Friday,23,3,7,4.7762
2025,3,Friday,23,1,6,6.792
2025,3,Friday,23,5,1,6.757
2025,3,Friday,23,3,2,10.2348
2025,3,Friday,23,6,3,28.3545
2025,3,Friday,23,7,2,2.0858
2025,3,Friday,23,1,8,5.8358
2025,3,Friday,23,0,8,1.0538
2025,3,Friday,23,2,5,2.0338
2025,3,Friday,23,8,0,1.2388
2025,3,Friday,23,4,0,16.8467
2025,3,Friday,23,7,1,3.528
2025,3,Friday,23,0,1,3.753
2025,3,Friday,23,3,4,27.5962
2025,3,Friday,23,8,2,2.6553
2025,3,Friday,23,7,3,8.5415
2025,3,Friday,23,2,7,2.0573
2025,3,Friday,23,5,7,0.294
2025,3,Friday,23,5,3,17.9888
2025,3,Friday,23,4,8,3.527
2025,3,Friday,23,5,2,1.175
2025,3,Friday,23,2,1,6.7428
2025,3,Friday,23,5,8,0.2845
2025,3,Friday,23,1,3,12.6593
2025,3,Friday,23,6,0,6.3038
2025,3,Friday,23,1,4,7.4085
2025,3,Friday,23,6,2,4.9398
2025,3,Friday,23,6,4,13.2023
2025,3,Friday,23,6,1,7.8712
2025,3,Friday,23,2,6,13.4003
2025,3,Friday,23,5,4,10.6733
2025,3,Friday,23,1,7,1.4913
2025,3,Friday,23,0,2,3.1283
2025,3,Friday,23,2,3,19.135
2025,3,Friday,23,0,6,4.0932
2025,3,Friday,23,3,8,12.4082
2025,3,Friday,23,3,6,27.8145
2025,3,Friday,23,7,6,2.3687
2025,3,Friday,23,3,5,8.907
2025,3,Friday,23,4,6,27.4725
2025,3,Friday,23,4,1,31.3675
2025,3,Friday,0,0,5,0.349
2025,3,Friday,0,1,5,0.6
2025,3,Friday,0,4,6,6.0995
2025,3,Friday,0,1,4,2.4835
2025,3,Friday,0,8,7,0.9328
2025,3,Friday,0,3,8,9.576
2025,3,Friday,0,6,2,0.8713
2025,3,Friday,0,8,1,0.891
2025,3,Friday,0,8,0,0.2733
2025,3,Friday,0,5,1,1.8002
2025,3,Friday,0,2,6,3.7847
2025,3,Friday,0,2,8,5.2143
2025,3,Friday,0,7,0,2.0775
2025,3,Friday,0,0,6,0.6715
2025,3,Friday,0,4,2,2.3413
2025,3,Friday,0,7,3,3.6108
2025,3,Friday,0,4,3,12.4745
2025,3,Friday,0,3,1,7.1915
2025,3,Friday,0,3,2,2.0935
2025,3,Friday,0,6,0,2.052
2025,3,Friday,0,1,3,3.1043
2025,3,Friday,0,4,5,4.2903
2025,3,Friday,0,6,5,1.1223
2025,3,Friday,0,3,4,10.1398
2025,3,Friday,0,8,4,1.1088
2025,3,Friday,0,2,3,2.3803
2025,3,Friday,0,0,2,0.349
2025,3,Friday,0,1,6,2.812
2025,3,Friday,0,4,7,1.4378
2025,3,Friday,0,4,0,9.6703
2025,3,Friday,0,3,6,8.583
2025,3,Friday,0,4,8,1.9938
2025,3,Friday,0,0,4,0.372
2025,3,Friday,0,3,0,10.0195
2025,3,Friday,0,5,3,6.2845
2025,3,Friday,0,0,1,1.4835
2025,3,Friday,0,3,7,3.4887
2025,3,Friday,0,2,7,0.3235
2025,3,Friday,0,0,3,1.7623
2025,3,Friday,0,8,6,0.9065
2025,3,Friday,0,7,4,1.504
2025,3,Friday,0,7,1,1.1698
2025,3,Friday,0,6,4,2.4425
2025,3,Friday,0,2,1,3.1925
2025,3,Friday,0,5,4,1.3978
2025,3,Friday,0,7,2,0.912
2025,3,Friday,0,0,8,0.349
2025,3,Friday,0,1,2,0.6108
2025,3,Friday,0,5,2,1.4387
2025,3,Friday,0,2,4,4.242
2025,3,Friday,0,3,5,2.1012
2025,3,Friday,0,6,8,0.8658
2025,3,Friday,0,2,0,5.0415
2025,3,Friday,0,6,1,2.0868
2025,3,Friday,0,1,0,2.7478
2025,3,Friday,0,7,6,0.3013
2025,3,Friday,0,6,3,7.5975
2025,3,Friday,0,5,7,0.5425
2025,3,Friday,0,8,2,0.2733
2025,3,Friday,0,5,6,1.23
2025,3,Friday,0,4,1,6.0405
2025,3,Friday,0,8,3,5.3505
2025,3,Friday,0,5,0,0.8543
2025,3,Friday,12,3,4,193.242
2025,3,Friday,12,2,6,36.262
2025,3,Friday,12,6,5,18.6445
2025,3,Friday,12,2,0,14.406
2025,3,Friday,12,8,4,38.9223
2025,3,Friday,12,3,8,59.0158
2025,3,Friday,12,8,2,18.7695
2025,3,Friday,12,7,0,2.9848
2025,3,Friday,12,8,3,56.3367
2025,3,Friday,12,0,7,2.7292
2025,3,Friday,12,3,2,92.1252
2025,3,Friday,12,2,5,13.7172
2025,3,Friday,12,3,0,22.833
2025,3,Friday,12,2,4,60.103
2025,3,Friday,12,6,3,152.4932
2025,3,Friday,12,8,1,18.2335
2025,3,Friday,12,6,0,16.0972
2025,3,Friday,12,5,7,7.997
2025,3,Friday,12,7,2,18.106
2025,3,Friday,12,5,3,92.409
2025,3,Friday,12,1,7,13.4682
2025,3,Friday,12,7,4,37.6805
2025,3,Friday,12,4,7,21.3855
2025,3,Friday,12,5,1,30.6107
2025,3,Friday,12,4,8,18.3853
2025,3,Friday,12,7,8,0.8312
2025,3,Friday,12,3,7,37.605
2025,3,Friday,12,2,1,65.399
2025,3,Friday,12,0,1,37.2815
2025,3,Friday,12,0,6,10.305
2025,3,Friday,12,0,5,6.523
2025,3,Friday,12,4,6,58.7968
2025,3,Friday,12,8,6,37.4945
2025,3,Friday,12,3,6,137.3057
2025,3,Friday,12,7,3,61.0025
2025,3,Friday,12,4,3,141.9608
2025,3,Friday,12,6,1,42.1633
2025,3,Friday,12,7,6,4.7497
2025,3,Friday,12,1,0,35.243
2025,3,Friday,12,5,4,55.707
2025,3,Friday,12,1,3,115.197
2025,3,Friday,12,2,3,78.2055
2025,3,Friday,12,7,5,4.419
2025,3,Friday,12,1,5,22.6678
2025,3,Friday,12,1,6,34.112
2025,3,Friday,12,2,7,10.627
2025,3,Friday,12,1,2,69.0318
2025,3,Friday,12,3,5,80.1043
2025,3,Friday,12,5,2,25.532
2025,3,Friday,12,0,8,3.8415
2025,3,Friday,12,4,0,21.6307
2025,3,Friday,12,1,8,10.5298
2025,3,Friday,12,4,2,51.2047
2025,3,Friday,12,8,5,26.1375
2025,3,Friday,12,5,6,23.2165
2025,3,Friday,12,4,1,67.3993
2025,3,Friday,12,6,7,3.3035
2025,3,Friday,12,3,1,106.7277
2025,3,Friday,12,6,4,77.4515
2025,3,Friday,12,5,0,12.4868
2025,3,Friday,12,0,3,34.0288
2025,3,Friday,12,2,8,8.054
2025,3,Friday,12,8,0,4.841
2025,3,Friday,12,0,2,27.1168
2025,3,Friday,12,0,4,29.535
2025,3,Friday,12,5,8,18.085
2025,3,Friday,12,1,4,81.343
2025,3,Friday,12,6,8,16.945
2025,3,Friday,12,6,2,35.1265
2025,3,Friday,12,4,5,33.6962
2025,3,Friday,12,7,1,20.6835
2025,3,Saturday,1,5,2,1.1434
2025,3,Saturday,1,4,2,3.7212
2025,3,Saturday,1,2,6,1.2324
2025,3,Saturday,1,8,0,1.377
2025,3,Saturday,1,6,2,2.277
2025,3,Saturday,1,4,5,2.6876
2025,3,Saturday,1,4,0,6.8542
2025,3,Saturday,1,6,5,1.0068
2025,3,Saturday,1,6,8,1.4922
2025,3,Saturday,1,0,2,1.2064
2025,3,Saturday,1,8,6,0.7332
2025,3,Saturday,1,8,5,0.2572
2025,3,Saturday,1,6,0,1.0298
2025,3,Saturday,1,6,4,2.9546
2025,3,Saturday,1,0,4,0.9514
2025,3,Saturday,1,1,5,0.232
2025,3,Saturday,1,3,5,1.7932
2025,3,Saturday,1,2,4,1.4812
2025,3,Saturday,1,3,7,0.7438
2025,3,Saturday,1,7,2,0.4924
2025,3,Saturday,1,7,3,0.7676
2025,3,Saturday,1,0,1,1.255
2025,3,Saturday,1,7,0,0.25
2025,3,Saturday,1,1,0,1.987
2025,3,Saturday,1,3,2,3.0518
2025,3,Saturday,1,1,2,1.0728
2025,3,Saturday,1,2,1,2.937
2025,3,Saturday,1,4,1,9.644
2025,3,Saturday,1,0,5,0.6114
2025,3,Saturday,1,0,3,0.9848
2025,3,Saturday,1,4,6,11.8538
2025,3,Saturday,1,8,2,0.2666
2025,3,Saturday,1,0,6,0.2702
2025,3,Saturday,1,4,8,0.9732
2025,3,Saturday,1,3,6,5.1428
2025,3,Saturday,1,7,8,0.2
2025,3,Saturday,1,3,1,8.4472
2025,3,Saturday,1,0,8,0.6052
2025,3,Saturday,1,7,1,0.4572
2025,3,Saturday,1,6,3,4.1146
2025,3,Saturday,1,2,0,2.1472
2025,3,Saturday,1,5,4,2.8508
2025,3,Saturday,1,3,0,4.08
2025,3,Saturday,1,5,6,1.6338
2025,3,Saturday,1,7,4,0.4786
2025,3,Saturday,1,2,5,1.2612
2025,3,Saturday,1,6,1,1.6456
2025,3,Saturday,1,5,8,0.26
2025,3,Saturday,1,4,3,16.0764
2025,3,Saturday,1,1,8,0.7524
2025,3,Saturday,1,1,4,2.3216
2025,3,Saturday,1,5,0,1.2862
2025,3,Saturday,1,2,8,1.0204
2025,3,Saturday,1,4,7,1.6436
2025,3,Saturday,1,2,3,1.3196
2025,3,Saturday,1,3,4,7.0624
2025,3,Saturday,1,1,6,2.221
2025,3,Saturday,1,5,1,0.6912
2025,3,Saturday,1,8,3,0.25
2025,3,Saturday,1,5,3,3.3582
2025,3,Saturday,1,1,3,2.0642
2025,3,Saturday,1,3,8,2.3506
2025,3,Saturday,1,7,6,0.45
2025,3,Saturday,1,8,1,0.2666
2025,3,Saturday,13,1,4,107.6564
2025,3,Saturday,13,7,6,2.4344
2025,3,Saturday,13,5,1,28.5006
2025,3,Saturday,13,2,6,31.9446
2025,3,Saturday,13,7,0,1.2336
2025,3,Saturday,13,3,4,229.3278
2025,3,Saturday,13,0,4,38.436
2025,3,Saturday,13,0,8,4.1808
2025,3,Saturday,13,4,7,25.3862
2025,3,Saturday,13,8,6,14.717
2025,3,Saturday,13,3,5,58.168
2025,3,Saturday,13,8,4,35.2322
2025,3,Saturday,13,8,3,48.7386
2025,3,Saturday,13,6,8,11.9646
2025,3,Saturday,13,1,0,38.5468
2025,3,Saturday,13,1,7,13.2488
2025,3,Saturday,13,0,7,1.6282
2025,3,Saturday,13,7,1,17.2692
2025,3,Saturday,13,3,1,114.8824
2025,3,Saturday,13,1,6,48.2376
2025,3,Saturday,13,8,7,1.2872
2025,3,Saturday,13,0,6,11.664
2025,3,Saturday,13,7,2,11.4152
2025,3,Saturday,13,6,4,90.5826
2025,3,Saturday,13,5,2,18.6958
2025,3,Saturday,13,6,3,119.785
2025,3,Saturday,13,5,3,49.503
2025,3,Saturday,13,6,5,31.8544
2025,3,Saturday,13,1,8,12.451
2025,3,Saturday,13,8,1,21.2576
2025,3,Saturday,13,1,3,109.3092
2025,3,Saturday,13,4,6,74.3214
2025,3,Saturday,13,2,8,12.0708
2025,3,Saturday,13,0,3,37.1202
2025,3,Saturday,13,5,6,19.1174
2025,3,Saturday,13,2,5,12.1162
2025,3,Saturday,13,3,2,73.4506
2025,3,Saturday,13,4,5,29.3268
2025,3,Saturday,13,4,0,18.925
2025,3,Saturday,13,3,8,38.6016
2025,3,Saturday,13,4,2,63.574
2025,3,Saturday,13,6,2,36.334
2025,3,Saturday,13,6,7,6.8948
2025,3,Saturday,13,0,1,53.7392
2025,3,Saturday,13,6,1,50.9686
2025,3,Saturday,13,5,0,3.9328
2025,3,Saturday,13,2,4,58.1024
2025,3,Saturday,13,6,0,6.2806
2025,3,Saturday,13,4,8,16.04
2025,3,Saturday,13,0,5,6.4664
2025,3,Saturday,13,7,4,34.851
2025,3,Saturday,13,7,5,5.106
2025,3,Saturday,13,8,0,3.6272
2025,3,Saturday,13,4,3,154.8252
2025,3,Saturday,13,4,1,102.1586
2025,3,Saturday,13,1,2,49.6316
2025,3,Saturday,13,3,0,20.3788
2025,3,Saturday,13,8,5,12.5154
2025,3,Saturday,13,1,5,18.353
2025,3,Saturday,13,3,7,31.2362
2025,3,Saturday,13,2,0,14.3536
2025,3,Saturday,13,2,7,12.6528
2025,3,Saturday,13,2,3,64.7312
2025,3,Saturday,13,5,8,10.7502
2025,3,Saturday,13,5,7,1.764
2025,3,Saturday,13,5,4,54.7274
2025,3,Saturday,13,0,2,24.3976
2025,3,Saturday,13,7,3,31.746
2025,3,Saturday,13,8,2,9.4006
2025,3,Saturday,13,2,1,46.0974
2025,3,Saturday,13,3,6,145.9362
2025,3,Saturday,2,1,2,0.2118
2025,3,Saturday,2,2,5,1.1174
2025,3,Saturday,2,5,2,0.2
2025,3,Saturday,2,5,4,2.1956
2025,3,Saturday,2,1,3,0.9588
2025,3,Saturday,2,7,0,0.2
2025,3,Saturday,2,4,6,4.8616
2025,3,Saturday,2,8,7,0.2
2025,3,Saturday,2,2,3,1.5142
2025,3,Saturday,2,3,8,0.262
2025,3,Saturday,2,1,0,1.511
2025,3,Saturday,2,3,0,1.1918
2025,3,Saturday,2,0,3,1.1838
2025,3,Saturday,2,4,5,3.0468
2025,3,Saturday,2,2,1,0.764
2025,3,Saturday,2,4,0,3.3296
2025,3,Saturday,2,6,7,0.2616
2025,3,Saturday,2,0,6,0.5566
2025,3,Saturday,2,3,5,0.607
2025,3,Saturday,2,3,1,2.3314
2025,3,Saturday,2,5,3,0.3
2025,3,Saturday,2,4,7,1.8936
2025,3,Saturday,2,5,6,2.0258
2025,3,Saturday,2,6,8,0.2626
2025,3,Saturday,2,0,1,0.313
2025,3,Saturday,2,2,6,0.4476
2025,3,Saturday,2,4,3,9.577
2025,3,Saturday,2,0,2,0.309
2025,3,Saturday,2,2,0,1.5648
2025,3,Saturday,2,3,4,3.63
2025,3,Saturday,2,1,4,1.2358
2025,3,Saturday,2,6,0,0.2
2025,3,Saturday,2,7,4,0.2588
2025,3,Saturday,2,4,1,4.5262
2025,3,Saturday,2,5,1,0.3
2025,3,Saturday,2,2,4,0.4476
2025,3,Saturday,2,1,8,0.2118
2025,3,Saturday,2,6,3,1.295
2025,3,Saturday,2,4,2,1.9422
2025,3,Saturday,2,5,7,0.247
2025,3,Saturday,2,7,1,0.2588
2025,3,Saturday,2,7,3,0.8952
2025,3,Saturday,2,6,2,0.2416
2025,3,Saturday,2,5,0,1
2025,3,Saturday,2,4,8,0.718
2025,3,Saturday,2,3,2,1.2642
2025,3,Saturday,2,3,6,3.0248
2025,3,Saturday,2,6,4,1.6956
2025,3,Saturday,2,8,3,1.0528
2025,3,Saturday,14,3,5,54.8568
2025,3,Saturday,14,8,3,40.4262
2025,3,Saturday,14,4,6,87.311
2025,3,Saturday,14,2,8,12.0066
2025,3,Saturday,14,4,8,20.4232
2025,3,Saturday,14,5,1,22.313
2025,3,Saturday,14,6,2,34.4416
2025,3,Saturday,14,4,5,35.451
2025,3,Saturday,14,5,7,6.0746
2025,3,Saturday,14,6,5,28.9656
2025,3,Saturday,14,1,6,40.0564
2025,3,Saturday,14,5,8,5.9858
2025,3,Saturday,14,0,3,25.0746
2025,3,Saturday,14,5,2,20.9572
2025,3,Saturday,14,8,2,8.7304
2025,3,Saturday,14,3,0,26.5056
2025,3,Saturday,14,5,0,5.264
2025,3,Saturday,14,8,6,13.0826
2025,3,Saturday,14,4,1,115.893
2025,3,Saturday,14,1,2,56.3
2025,3,Saturday,14,7,5,5.499
2025,3,Saturday,14,6,0,12.092
2025,3,Saturday,14,3,8,42.8488
2025,3,Saturday,14,1,8,13.558
2025,3,Saturday,14,0,7,3.639
2025,3,Saturday,14,4,7,30.719
2025,3,Saturday,14,8,4,29.9446
2025,3,Saturday,14,6,1,49.55
2025,3,Saturday,14,3,4,207.8322
2025,3,Saturday,14,0,1,52.6716
2025,3,Saturday,14,3,6,142.5972
2025,3,Saturday,14,2,7,10.1524
2025,3,Saturday,14,1,3,115.8054
2025,3,Saturday,14,7,2,12.3386
2025,3,Saturday,14,3,7,29.3518
2025,3,Saturday,14,7,6,4.3022
2025,3,Saturday,14,7,4,37.2032
2025,3,Saturday,14,0,6,9.1962
2025,3,Saturday,14,7,3,30.9982
2025,3,Saturday,14,7,0,0.745
2025,3,Saturday,14,6,8,10.8058
2025,3,Saturday,14,1,7,10.8076
2025,3,Saturday,14,5,4,41.4148
2025,3,Saturday,14,2,6,30.9138
2025,3,Saturday,14,4,3,173.0802
2025,3,Saturday,14,8,5,12.291
2025,3,Saturday,14,0,2,23.8114
2025,3,Saturday,14,7,1,11.6576
2025,3,Saturday,14,6,4,88.08
2025,3,Saturday,14,2,4,61.3782
2025,3,Saturday,14,0,8,2.2204
2025,3,Saturday,14,8,0,3.9066
2025,3,Saturday,14,1,0,42.9702
2025,3,Saturday,14,4,2,67.4256
2025,3,Saturday,14,0,5,4.7346
2025,3,Saturday,14,5,3,60.9942
2025,3,Saturday,14,0,4,34.9594
2025,3,Saturday,14,1,5,16.3106
2025,3,Saturday,14,6,3,119.8362
2025,3,Saturday,14,2,3,57.9954
2025,3,Saturday,14,2,5,13.5928
2025,3,Saturday,14,2,1,46.787
2025,3,Saturday,14,2,0,18.0608
2025,3,Saturday,14,4,0,19.6218
2025,3,Saturday,14,1,4,98.2386
2025,3,Saturday,14,8,1,12.3588
2025,3,Saturday,14,3,1,128.7902
2025,3,Saturday,14,3,2,64.3234
2025,3,Saturday,14,6,7,6.9624
2025,3,Saturday,14,5,6,23.3802
2025,3,Saturday,3,0,8,0.2452
2025,3,Saturday,3,5,4,0.52
2025,3,Saturday,3,2,3,0.4582
2025,3,Saturday,3,7,3,0.3
2025,3,Saturday,3,4,7,1.2886
2025,3,Saturday,3,5,3,0.3
2025,3,Saturday,3,8,4,0.6
2025,3,Saturday,3,6,1,0.5034
2025,3,Saturday,3,3,8,0.226
2025,3,Saturday,3,6,7,0.25
2025,3,Saturday,3,4,0,2.8262
2025,3,Saturday,3,6,5,0.5756
2025,3,Saturday,3,5,1,0.2364
2025,3,Saturday,3,8,1,0.225
2025,3,Saturday,3,1,0,0.2334
2025,3,Saturday,3,3,2,1.3606
2025,3,Saturday,3,0,2,1.4038
2025,3,Saturday,3,8,3,1.2
2025,3,Saturday,3,2,6,1.5866
2025,3,Saturday,3,1,4,0.4588
2025,3,Saturday,3,6,3,2.2556
2025,3,Saturday,3,6,4,1.4014
2025,3,Saturday,3,1,8,0.2222
2025,3,Saturday,3,4,6,3.236
2025,3,Saturday,3,0,6,0.3368
2025,3,Saturday,3,2,7,0.2334
2025,3,Saturday,3,1,6,0.5316
2025,3,Saturday,3,2,4,1.1334
2025,3,Saturday,3,4,1,3.1398
2025,3,Saturday,3,4,8,0.9348
2025,3,Saturday,3,6,2,0.2834
2025,3,Saturday,3,1,3,0.6184
2025,3,Saturday,3,2,1,0.4316
2025,3,Saturday,3,4,3,2.8938
2025,3,Saturday,3,3,0,0.4746
2025,3,Saturday,3,0,4,0.582
2025,3,Saturday,3,3,7,0.3334
2025,3,Saturday,3,0,1,0.2452
2025,3,Saturday,3,6,0,0.5034
2025,3,Saturday,3,8,7,0.2
2025,3,Saturday,3,4,5,0.2564
2025,3,Saturday,3,7,4,0.225
2025,3,Saturday,3,3,6,0.5334
2025,3,Saturday,3,8,2,0.2
2025,3,Saturday,3,3,4,2.3856
2025,3,Saturday,3,2,0,1.2926
2025,3,Saturday,3,6,8,0.25
2025,3,Saturday,3,4,2,1.6604
2025,3,Saturday,3,3,1,1.4464
2025,3,Saturday,3,5,0,1.0328
2025,3,Saturday,3,8,6,0.55
2025,3,Saturday,15,0,4,29.842
2025,3,Saturday,15,6,2,38.6452
2025,3,Saturday,15,5,6,17.0754
2025,3,Saturday,15,1,2,51.9514
2025,3,Saturday,15,3,4,201.3836
2025,3,Saturday,15,6,1,47.4094
2025,3,Saturday,15,0,2,20.1422
2025,3,Saturday,15,8,0,3.107
2025,3,Saturday,15,0,1,51.7584
2025,3,Saturday,15,7,2,14.8442
2025,3,Saturday,15,7,8,1.0364
2025,3,Saturday,15,2,6,42.4466
2025,3,Saturday,15,0,7,1.0852
2025,3,Saturday,15,8,5,15.842
2025,3,Saturday,15,1,0,44.699
2025,3,Saturday,15,2,1,51.8776
2025,3,Saturday,15,5,7,4.5458
2025,3,Saturday,15,4,7,24.2388
2025,3,Saturday,15,3,7,23.9438
2025,3,Saturday,15,3,5,55.797
2025,3,Saturday,15,2,8,13.9238
2025,3,Saturday,15,2,4,67.537
2025,3,Saturday,15,6,8,6.4676
2025,3,Saturday,15,4,1,117.2356
2025,3,Saturday,15,8,6,16.816
2025,3,Saturday,15,1,6,53.7862
2025,3,Saturday,15,6,4,87.0594
2025,3,Saturday,15,1,5,22.6386
2025,3,Saturday,15,7,0,1.7222
2025,3,Saturday,15,5,8,7.4778
2025,3,Saturday,15,0,3,27.1042
2025,3,Saturday,15,5,3,72.3162
2025,3,Saturday,15,0,5,6.535
2025,3,Saturday,15,2,3,74.7748
2025,3,Saturday,15,3,2,63.0188
2025,3,Saturday,15,7,1,13.868
2025,3,Saturday,15,5,4,47.9604
2025,3,Saturday,15,5,2,19.119
2025,3,Saturday,15,6,0,11.4242
2025,3,Saturday,15,2,5,10.2454
2025,3,Saturday,15,0,6,12.4098
2025,3,Saturday,15,7,4,32.0362
2025,3,Saturday,15,7,3,30.463
2025,3,Saturday,15,6,3,118.9188
2025,3,Saturday,15,4,3,189.2274
2025,3,Saturday,15,6,5,32.5698
2025,3,Saturday,15,4,8,18.8096
2025,3,Saturday,15,8,2,7.8708
2025,3,Saturday,15,4,5,34.0226
2025,3,Saturday,15,1,3,112.7916
2025,3,Saturday,15,8,1,15.2474
2025,3,Saturday,15,3,8,41.6888
2025,3,Saturday,15,1,8,16.7448
2025,3,Saturday,15,7,6,3.7884
2025,3,Saturday,15,8,4,24.683
2025,3,Saturday,15,4,2,61.9604
2025,3,Saturday,15,2,7,9.9518
2025,3,Saturday,15,5,0,7.5326
2025,3,Saturday,15,4,0,27.0018
2025,3,Saturday,15,3,1,121.1476
2025,3,Saturday,15,4,6,98.2202
2025,3,Saturday,15,1,4,93.9294
2025,3,Saturday,15,2,0,20.2048
2025,3,Saturday,15,8,3,54.2098
2025,3,Saturday,15,0,8,4.9146
2025,3,Saturday,15,5,1,27.893
2025,3,Saturday,15,6,7,10.5104
2025,3,Saturday,15,3,0,29.3902
2025,3,Saturday,15,3,6,116.633
2025,3,Saturday,15,1,7,10.7256
2025,3,Saturday,15,7,5,4.3106
2025,3,Saturday,4,2,0,1.6004
2025,3,Saturday,4,6,5,0.3126
2025,3,Saturday,4,3,4,0.576
2025,3,Saturday,4,5,0,0.48
2025,3,Saturday,4,3,0,1.4142
2025,3,Saturday,4,5,4,0.89
2025,3,Saturday,4,4,3,4.8806
2025,3,Saturday,4,2,4,1.5866
2025,3,Saturday,4,0,5,2.4122
2025,3,Saturday,4,4,8,1.105
2025,3,Saturday,4,3,2,0.277
2025,3,Saturday,4,1,6,1.774
2025,3,Saturday,4,5,1,0.54
2025,3,Saturday,4,6,7,0.2
2025,3,Saturday,4,7,6,0.2
2025,3,Saturday,4,3,1,1.1594
2025,3,Saturday,4,1,7,0.2534
2025,3,Saturday,4,6,3,4.9204
2025,3,Saturday,4,5,6,0.66
2025,3,Saturday,4,2,6,0.5
2025,3,Saturday,4,8,3,0.32
2025,3,Saturday,4,1,8,1.0346
2025,3,Saturday,4,0,1,1.0974
2025,3,Saturday,4,6,1,1.0042
2025,3,Saturday,4,6,0,0.2364
2025,3,Saturday,4,3,5,0.312
2025,3,Saturday,4,6,8,0.545
2025,3,Saturday,4,0,7,0.3058
2025,3,Saturday,4,4,2,0.4764
2025,3,Saturday,4,5,3,1.125
2025,3,Saturday,4,3,6,1.791
2025,3,Saturday,4,2,1,0.2
2025,3,Saturday,4,8,6,0.62
2025,3,Saturday,4,0,8,0.5092
2025,3,Saturday,4,8,2,0.2
2025,3,Saturday,4,1,3,0.2534
2025,3,Saturday,4,0,2,2.1576
2025,3,Saturday,4,1,0,0.7334
2025,3,Saturday,4,0,6,1.3854
2025,3,Saturday,4,8,0,0.25
2025,3,Saturday,4,6,2,0.3126
2025,3,Saturday,4,2,3,0.8654
2025,3,Saturday,4,6,4,0.7018
2025,3,Saturday,4,4,1,0.733
2025,3,Saturday,4,4,0,2.2772
2025,3,Saturday,4,4,6,0.9718
2025,3,Saturday,4,0,3,2.168
2025,3,Saturday,16,6,8,6.4992
2025,3,Saturday,16,5,1,20.4628
2025,3,Saturday,16,2,1,52.8658
2025,3,Saturday,16,6,5,32.0754
2025,3,Saturday,16,1,7,15.0714
2025,3,Saturday,16,0,2,13.373
2025,3,Saturday,16,7,6,6.3998
2025,3,Saturday,16,6,3,126.9338
2025,3,Saturday,16,8,1,15.8236
2025,3,Saturday,16,8,3,41.729
2025,3,Saturday,16,5,3,74.6536
2025,3,Saturday,16,7,1,11.2482
2025,3,Saturday,16,7,4,24.1056
2025,3,Saturday,16,0,8,2.5398
2025,3,Saturday,16,6,7,3.9628
2025,3,Saturday,16,4,6,83.4392
2025,3,Saturday,16,8,5,24.883
2025,3,Saturday,16,7,5,1.77
2025,3,Saturday,16,3,0,26.6676
2025,3,Saturday,16,0,6,13.6318
2025,3,Saturday,16,1,8,14.3668
2025,3,Saturday,16,1,6,56.5484
2025,3,Saturday,16,7,0,3.6468
2025,3,Saturday,16,8,7,0.7318
2025,3,Saturday,16,3,5,42.986
2025,3,Saturday,16,4,5,29.4716
2025,3,Saturday,16,8,4,26.6172
2025,3,Saturday,16,5,6,19.4376
2025,3,Saturday,16,4,3,192.465
2025,3,Saturday,16,0,5,2.798
2025,3,Saturday,16,0,7,2.2732
2025,3,Saturday,16,7,3,30.5928
2025,3,Saturday,16,3,2,53.444
2025,3,Saturday,16,6,4,80.2726
2025,3,Saturday,16,0,3,26.1352
2025,3,Saturday,16,3,4,180.3012
2025,3,Saturday,16,2,3,75.9394
2025,3,Saturday,16,0,1,42.2004
2025,3,Saturday,16,1,2,45.953
2025,3,Saturday,16,6,1,35.2302
2025,3,Saturday,16,5,2,15.8418
2025,3,Saturday,16,4,8,18.4362
2025,3,Saturday,16,5,7,2.4784
2025,3,Saturday,16,6,2,27.1614
2025,3,Saturday,16,5,4,48.4294
2025,3,Saturday,16,5,0,6.358
2025,3,Saturday,16,5,8,6.5148
2025,3,Saturday,16,8,2,14.4286
2025,3,Saturday,16,1,4,102.9036
2025,3,Saturday,16,1,5,15.86
2025,3,Saturday,16,2,0,23.8772
2025,3,Saturday,16,7,2,10.942
2025,3,Saturday,16,3,7,22.8934
2025,3,Saturday,16,1,0,46.1912
2025,3,Saturday,16,3,6,125.5888
2025,3,Saturday,16,8,6,15.0908
2025,3,Saturday,16,2,8,14.6794
2025,3,Saturday,16,1,3,120.9798
2025,3,Saturday,16,8,0,3.6614
2025,3,Saturday,16,4,1,94.2612
2025,3,Saturday,16,2,5,15.323
2025,3,Saturday,16,4,0,27.0066
2025,3,Saturday,16,6,0,11.1242
2025,3,Saturday,16,4,7,26.5082
2025,3,Saturday,16,2,6,39.7298
2025,3,Saturday,16,2,7,10.758
2025,3,Saturday,16,0,4,22.8954
2025,3,Saturday,16,3,8,30.6338
2025,3,Saturday,16,2,4,64.0088
2025,3,Saturday,16,4,2,58.1786
2025,3,Saturday,16,3,1,106.9348
2025,3,Saturday,5,0,7,0.2462
2025,3,Saturday,5,0,6,2.6344
2025,3,Saturday,5,7,4,0.2154
2025,3,Saturday,5,1,7,0.7548
2025,3,Saturday,5,8,6,0.3556
2025,3,Saturday,5,2,4,0.2526
2025,3,Saturday,5,8,5,1.731
2025,3,Saturday,5,4,6,1.0706
2025,3,Saturday,5,4,5,0.2728
2025,3,Saturday,5,4,0,5.5412
2025,3,Saturday,5,0,8,0.83
2025,3,Saturday,5,3,8,0.824
2025,3,Saturday,5,7,3,0.8308
2025,3,Saturday,5,3,2,1.1208
2025,3,Saturday,5,8,3,7.6116
2025,3,Saturday,5,3,1,3.9422
2025,3,Saturday,5,3,0,2.5124
2025,3,Saturday,5,6,4,0.6644
2025,3,Saturday,5,0,3,5.581
2025,3,Saturday,5,7,2,0.4308
2025,3,Saturday,5,5,4,0.6778
2025,3,Saturday,5,2,8,1.1468
2025,3,Saturday,5,2,1,0.6572
2025,3,Saturday,5,3,6,5.6982
2025,3,Saturday,5,1,6,0.6764
2025,3,Saturday,5,6,2,0.691
2025,3,Saturday,5,6,8,0.2
2025,3,Saturday,5,8,1,2.0588
2025,3,Saturday,5,8,0,0.5136
2025,3,Saturday,5,0,2,3.1978
2025,3,Saturday,5,1,0,1.4508
2025,3,Saturday,5,7,6,0.2
2025,3,Saturday,5,3,5,2.8658
2025,3,Saturday,5,2,0,2.2234
2025,3,Saturday,5,5,6,0.2
2025,3,Saturday,5,1,8,0.5454
2025,3,Saturday,5,8,2,1.035
2025,3,Saturday,5,3,7,0.5192
2025,3,Saturday,5,1,3,3.3022
2025,3,Saturday,5,4,8,0.7598
2025,3,Saturday,5,4,7,0.3142
2025,3,Saturday,5,4,1,1.1326
2025,3,Saturday,5,2,3,1.8088
2025,3,Saturday,5,7,1,0.4518
2025,3,Saturday,5,5,2,0.6222
2025,3,Saturday,5,0,4,2.6566
2025,3,Saturday,5,5,1,1.4112
2025,3,Saturday,5,0,5,2.4104
2025,3,Saturday,5,8,4,0.64
2025,3,Saturday,5,1,5,0.8924
2025,3,Saturday,5,3,4,2.503
2025,3,Saturday,5,6,3,11.1114
2025,3,Saturday,5,4,3,8.2368
2025,3,Saturday,5,6,0,0.51
2025,3,Saturday,5,0,1,2.8734
2025,3,Saturday,5,6,1,1.0062
2025,3,Saturday,5,2,6,1.4916
2025,3,Saturday,5,1,4,2.0428
2025,3,Saturday,5,4,2,3.5532
2025,3,Saturday,5,5,3,4.5568
2025,3,Saturday,5,1,2,0.7548
2025,3,Saturday,17,0,1,33.294
2025,3,Saturday,17,4,2,50.3948
2025,3,Saturday,17,1,6,55.7444
2025,3,Saturday,17,7,5,2.5616
2025,3,Saturday,17,7,0,3.3792
2025,3,Saturday,17,8,6,11.841
2025,3,Saturday,17,1,8,10.6378
2025,3,Saturday,17,2,7,10.6184
2025,3,Saturday,17,8,7,0.2492
2025,3,Saturday,17,1,3,135.707
2025,3,Saturday,17,5,3,75.6068
2025,3,Saturday,17,2,0,20.3666
2025,3,Saturday,17,2,8,11.3446
2025,3,Saturday,17,0,2,14.9524
2025,3,Saturday,17,2,5,18.0034
2025,3,Saturday,17,0,8,4.2246
2025,3,Saturday,17,8,2,13.726
2025,3,Saturday,17,1,5,17.2122
2025,3,Saturday,17,5,6,23.555
2025,3,Saturday,17,3,8,29.6234
2025,3,Saturday,17,4,3,185.8446
2025,3,Saturday,17,6,4,90.5598
2025,3,Saturday,17,8,1,12.532
2025,3,Saturday,17,0,6,9.0096
2025,3,Saturday,17,5,1,19.6066
2025,3,Saturday,17,4,8,18.4902
2025,3,Saturday,17,5,0,3.861
2025,3,Saturday,17,2,4,58.6084
2025,3,Saturday,17,6,7,9.1128
2025,3,Saturday,17,7,2,12.7352
2025,3,Saturday,17,0,3,27.1638
2025,3,Saturday,17,5,2,12.3114
2025,3,Saturday,17,3,0,36.985
2025,3,Saturday,17,6,0,11.2718
2025,3,Saturday,17,7,4,35.1182
2025,3,Saturday,17,0,7,1.132
2025,3,Saturday,17,0,4,18.8374
2025,3,Saturday,17,2,3,89.0912
2025,3,Saturday,17,3,6,121.9932
2025,3,Saturday,17,8,0,1.838
2025,3,Saturday,17,8,3,30.4082
2025,3,Saturday,17,6,2,23.4242
2025,3,Saturday,17,1,4,95.067
2025,3,Saturday,17,3,5,51.9534
2025,3,Saturday,17,4,1,80.313
2025,3,Saturday,17,4,5,26.1936
2025,3,Saturday,17,4,7,18.013
2025,3,Saturday,17,6,8,7.2996
2025,3,Saturday,17,1,7,13.1604
2025,3,Saturday,17,6,5,24.2332
2025,3,Saturday,17,6,3,138.5312
2025,3,Saturday,17,5,7,3.8254
2025,3,Saturday,17,4,0,33.5034
2025,3,Saturday,17,7,6,7.0052
2025,3,Saturday,17,3,4,222.8028
2025,3,Saturday,17,0,5,3.9384
2025,3,Saturday,17,8,5,14.182
2025,3,Saturday,17,4,6,81.0604
2025,3,Saturday,17,3,7,26.971
2025,3,Saturday,17,7,8,0.447
2025,3,Saturday,17,8,4,21.0448
2025,3,Saturday,17,3,1,99.6662
2025,3,Saturday,17,2,1,47.7806
2025,3,Saturday,17,1,0,40.3414
2025,3,Saturday,17,5,4,59.3862
2025,3,Saturday,17,7,3,31.651
2025,3,Saturday,17,1,2,38.6436
2025,3,Saturday,17,5,8,5.9106
2025,3,Saturday,17,2,6,43.84
2025,3,Saturday,17,7,1,12.7886
2025,3,Saturday,17,6,1,34.772
2025,3,Saturday,17,3,2,64.811
2025,3,Saturday,6,4,5,5.7628
2025,3,Saturday,6,1,3,7.7708
2025,3,Saturday,6,8,5,0.801
2025,3,Saturday,6,4,1,2.9084
2025,3,Saturday,6,0,8,1.329
2025,3,Saturday,6,2,1,2.1442
2025,3,Saturday,6,0,2,10.6166
2025,3,Saturday,6,2,6,0.8968
2025,3,Saturday,6,1,2,2.8504
2025,3,Saturday,6,4,0,4.0984
2025,3,Saturday,6,4,7,0.488
2025,3,Saturday,6,1,0,5.1588
2025,3,Saturday,6,8,0,1.6088
2025,3,Saturday,6,6,3,20.9132
2025,3,Saturday,6,0,5,2.4504
2025,3,Saturday,6,3,5,18.536
2025,3,Saturday,6,8,2,5.308
2025,3,Saturday,6,1,8,0.7862
2025,3,Saturday,6,6,0,2.4922
2025,3,Saturday,6,3,4,16.7238
2025,3,Saturday,6,4,3,14.4816
2025,3,Saturday,6,5,6,0.9884
2025,3,Saturday,6,8,4,2.0884
2025,3,Saturday,6,5,0,1.228
2025,3,Saturday,6,2,0,3.9892
2025,3,Saturday,6,0,4,7.5318
2025,3,Saturday,6,6,5,2.735
2025,3,Saturday,6,6,1,6.3976
2025,3,Saturday,6,4,8,1.0124
2025,3,Saturday,6,6,7,0.2596
2025,3,Saturday,6,0,6,6.7734
2025,3,Saturday,6,3,6,22.1002
2025,3,Saturday,6,6,2,6.2188
2025,3,Saturday,6,5,1,0.6772
2025,3,Saturday,6,6,4,4.5644
2025,3,Saturday,6,2,7,1.822
2025,3,Saturday,6,2,4,2.1228
2025,3,Saturday,6,2,5,3.1748
2025,3,Saturday,6,8,3,12.2386
2025,3,Saturday,6,5,3,7.027
2025,3,Saturday,6,6,8,0.7664
2025,3,Saturday,6,7,3,2.9442
2025,3,Saturday,6,3,8,7.177
2025,3,Saturday,6,1,4,5.5758
2025,3,Saturday,6,3,1,7.7836
2025,3,Saturday,6,5,8,0.508
2025,3,Saturday,6,7,0,0.4414
2025,3,Saturday,6,8,6,0.245
2025,3,Saturday,6,7,1,1.8414
2025,3,Saturday,6,3,0,8.3638
2025,3,Saturday,6,0,1,13.598
2025,3,Saturday,6,4,2,2.0026
2025,3,Saturday,6,5,4,1.1408
2025,3,Saturday,6,0,7,0.2686
2025,3,Saturday,6,5,2,1.2268
2025,3,Saturday,6,8,1,3.9258
2025,3,Saturday,6,1,5,3.9488
2025,3,Saturday,6,4,6,4.2748
2025,3,Saturday,6,0,3,18.3424
2025,3,Saturday,6,1,7,0.7882
2025,3,Saturday,6,7,2,1.1672
2025,3,Saturday,6,2,3,5.8038
2025,3,Saturday,6,3,7,9.06
2025,3,Saturday,6,2,8,3.0066
2025,3,Saturday,6,3,2,14.4466
2025,3,Saturday,6,5,7,0.2364
2025,3,Saturday,6,1,6,4.1232
2025,3,Saturday,6,7,4,0.9068
2025,3,Saturday,18,5,7,5.1008
2025,3,Saturday,18,0,3,29.4902
2025,3,Saturday,18,5,8,8.6884
2025,3,Saturday,18,2,0,21.0014
2025,3,Saturday,18,8,2,9.8384
2025,3,Saturday,18,4,0,29.4516
2025,3,Saturday,18,4,3,163.2914
2025,3,Saturday,18,8,0,1.5394
2025,3,Saturday,18,7,2,9.638
2025,3,Saturday,18,6,1,30.1578
2025,3,Saturday,18,3,2,53.2374
2025,3,Saturday,18,6,2,21.2254
2025,3,Saturday,18,2,3,66.9652
2025,3,Saturday,18,7,1,7.7824
2025,3,Saturday,18,3,1,80.6028
2025,3,Saturday,18,8,6,8.3138
2025,3,Saturday,18,4,8,16.0278
2025,3,Saturday,18,3,0,25.7006
2025,3,Saturday,18,3,8,19.456
2025,3,Saturday,18,1,2,45.3358
2025,3,Saturday,18,4,6,88.4592
2025,3,Saturday,18,8,1,10.3578
2025,3,Saturday,18,8,5,7.6358
2025,3,Saturday,18,8,7,0.534
2025,3,Saturday,18,6,0,10.5448
2025,3,Saturday,18,2,8,10.748
2025,3,Saturday,18,4,5,25.714
2025,3,Saturday,18,7,8,0.5
2025,3,Saturday,18,3,7,22.7944
2025,3,Saturday,18,5,6,27.2508
2025,3,Saturday,18,1,8,11.9458
2025,3,Saturday,18,6,5,24.0218
2025,3,Saturday,18,8,4,23.8344
2025,3,Saturday,18,2,7,7.597
2025,3,Saturday,18,7,0,2.4544
2025,3,Saturday,18,7,3,29.783
2025,3,Saturday,18,2,4,43.8202
2025,3,Saturday,18,6,7,5.9778
2025,3,Saturday,18,3,5,37.781
2025,3,Saturday,18,1,6,53.6044
2025,3,Saturday,18,0,4,19.3494
2025,3,Saturday,18,0,5,3.8278
2025,3,Saturday,18,3,6,111.4146
2025,3,Saturday,18,5,2,11.4338
2025,3,Saturday,18,1,5,18.666
2025,3,Saturday,18,5,1,19.1162
2025,3,Saturday,18,4,2,44.408
2025,3,Saturday,18,2,6,37.1638
2025,3,Saturday,18,4,7,13.5638
2025,3,Saturday,18,0,2,14.9354
2025,3,Saturday,18,2,1,40.758
2025,3,Saturday,18,5,0,6.9508
2025,3,Saturday,18,1,7,9.3246
2025,3,Saturday,18,7,6,5.0324
2025,3,Saturday,18,5,3,68.7326
2025,3,Saturday,18,6,4,85.5704
2025,3,Saturday,18,1,0,39.2972
2025,3,Saturday,18,7,4,33.6392
2025,3,Saturday,18,3,4,178.8652
2025,3,Saturday,18,6,8,7.0426
2025,3,Saturday,18,1,4,88.9132
2025,3,Saturday,18,8,3,27.8186
2025,3,Saturday,18,0,8,1.7132
2025,3,Saturday,18,7,5,5.078
2025,3,Saturday,18,0,7,2.0448
2025,3,Saturday,18,5,4,40.949
2025,3,Saturday,18,6,3,113.4786
2025,3,Saturday,18,0,6,10.4608
2025,3,Saturday,18,1,3,118.9726
2025,3,Saturday,18,4,1,67.4542
2025,3,Saturday,18,2,5,15.9484
2025,3,Saturday,18,0,1,30.4548
2025,3,Saturday,7,8,4,3.3124
2025,3,Saturday,7,6,1,14.5582
2025,3,Saturday,7,1,2,6.1692
2025,3,Saturday,7,7,1,2.3906
2025,3,Saturday,7,3,2,17.8466
2025,3,Saturday,7,1,3,19.874
2025,3,Saturday,7,3,1,23.1696
2025,3,Saturday,7,6,0,5.714
2025,3,Saturday,7,4,7,3.8142
2025,3,Saturday,7,2,4,4.4434
2025,3,Saturday,7,6,2,10.491
2025,3,Saturday,7,4,3,30.0752
2025,3,Saturday,7,3,8,18.96
2025,3,Saturday,7,5,1,4.586
2025,3,Saturday,7,0,8,5.8728
2025,3,Saturday,7,6,3,28.3044
2025,3,Saturday,7,2,0,6.9136
2025,3,Saturday,7,8,1,6.8818
2025,3,Saturday,7,3,0,8.2318
2025,3,Saturday,7,1,7,2.4136
2025,3,Saturday,7,8,3,10.349
2025,3,Saturday,7,4,2,3.016
2025,3,Saturday,7,8,2,6.5076
2025,3,Saturday,7,5,6,2.6046
2025,3,Saturday,7,5,4,4.9372
2025,3,Saturday,7,3,7,8.4906
2025,3,Saturday,7,2,8,2.7468
2025,3,Saturday,7,2,3,12.1974
2025,3,Saturday,7,0,4,11.9012
2025,3,Saturday,7,8,0,2.5118
2025,3,Saturday,7,5,2,2.4964
2025,3,Saturday,7,3,4,40.0746
2025,3,Saturday,7,4,5,3.7546
2025,3,Saturday,7,2,6,3.857
2025,3,Saturday,7,3,6,29.5572
2025,3,Saturday,7,3,5,21.2114
2025,3,Saturday,7,0,2,12.9374
2025,3,Saturday,7,4,0,5.0004
2025,3,Saturday,7,8,6,0.5018
2025,3,Saturday,7,7,2,4.0402
2025,3,Saturday,7,0,7,1.3714
2025,3,Saturday,7,1,5,3.91
2025,3,Saturday,7,6,5,3.1548
2025,3,Saturday,7,8,5,0.7266
2025,3,Saturday,7,1,0,13.6946
2025,3,Saturday,7,1,6,5.3388
2025,3,Saturday,7,0,3,25.7832
2025,3,Saturday,7,6,8,0.7262
2025,3,Saturday,7,0,1,26.2538
2025,3,Saturday,7,4,6,5.6128
2025,3,Saturday,7,4,8,2.9736
2025,3,Saturday,7,5,0,1.1922
2025,3,Saturday,7,1,8,3.3496
2025,3,Saturday,7,7,4,5.016
2025,3,Saturday,7,1,4,7.0822
2025,3,Saturday,7,2,1,5.3038
2025,3,Saturday,7,7,3,6.083
2025,3,Saturday,7,6,7,0.7614
2025,3,Saturday,7,2,7,1.4178
2025,3,Saturday,7,6,4,5.9408
2025,3,Saturday,7,5,7,0.9112
2025,3,Saturday,7,5,3,10.6882
2025,3,Saturday,7,0,5,5.2594
2025,3,Saturday,7,0,6,8.5028
2025,3,Saturday,7,2,5,1.7766
2025,3,Saturday,7,4,1,5.8642
2025,3,Saturday,19,5,8,2.0216
2025,3,Saturday,19,4,0,18.1344
2025,3,Saturday,19,3,6,88.9874
2025,3,Saturday,19,6,7,7.6
2025,3,Saturday,19,3,0,19.4844
2025,3,Saturday,19,1,3,82.1374
2025,3,Saturday,19,0,4,15.0452
2025,3,Saturday,19,0,8,2.3746
2025,3,Saturday,19,8,0,2.8048
2025,3,Saturday,19,6,1,21.1542
2025,3,Saturday,19,8,6,4.1736
2025,3,Saturday,19,2,0,18.6074
2025,3,Saturday,19,7,0,0.2614
2025,3,Saturday,19,2,3,57.9866
2025,3,Saturday,19,5,3,43.0012
2025,3,Saturday,19,7,8,0.2086
2025,3,Saturday,19,8,2,5.6976
2025,3,Saturday,19,7,4,33.5058
2025,3,Saturday,19,2,1,28.104
2025,3,Saturday,19,7,2,5.814
2025,3,Saturday,19,3,1,61.2518
2025,3,Saturday,19,0,5,2.402
2025,3,Saturday,19,6,0,10.1324
2025,3,Saturday,19,4,2,32.8048
2025,3,Saturday,19,1,6,39.025
2025,3,Saturday,19,1,4,64.0242
2025,3,Saturday,19,6,4,62.3784
2025,3,Saturday,19,4,5,22.6338
2025,3,Saturday,19,8,3,20.6004
2025,3,Saturday,19,6,5,21.545
2025,3,Saturday,19,1,5,13.9196
2025,3,Saturday,19,0,2,7.6596
2025,3,Saturday,19,3,7,18.5022
2025,3,Saturday,19,6,3,83.7414
2025,3,Saturday,19,3,2,36.6466
2025,3,Saturday,19,3,5,26.3532
2025,3,Saturday,19,5,4,25.3074
2025,3,Saturday,19,8,1,5.8832
2025,3,Saturday,19,2,7,9.1686
2025,3,Saturday,19,7,6,7.0088
2025,3,Saturday,19,8,7,0.818
2025,3,Saturday,19,6,2,24.4654
2025,3,Saturday,19,1,0,29.5348
2025,3,Saturday,19,4,3,142.9744
2025,3,Saturday,19,4,8,13.0872
2025,3,Saturday,19,3,8,17.649
2025,3,Saturday,19,4,7,12.9926
2025,3,Saturday,19,2,6,30.437
2025,3,Saturday,19,2,8,8.1948
2025,3,Saturday,19,7,1,7.565
2025,3,Saturday,19,4,1,53.9912
2025,3,Saturday,19,2,4,40.8808
2025,3,Saturday,19,2,5,9.6238
2025,3,Saturday,19,5,7,1.711
2025,3,Saturday,19,7,5,1.6112
2025,3,Saturday,19,0,6,5.8618
2025,3,Saturday,19,4,6,64.162
2025,3,Saturday,19,8,5,2.7346
2025,3,Saturday,19,0,3,17.4396
2025,3,Saturday,19,7,3,26.8592
2025,3,Saturday,19,8,4,11.8458
2025,3,Saturday,19,6,8,3.4834
2025,3,Saturday,19,1,8,10.756
2025,3,Saturday,19,5,0,2.845
2025,3,Saturday,19,1,7,6.8912
2025,3,Saturday,19,0,1,19.7398
2025,3,Saturday,19,5,6,18.9018
2025,3,Saturday,19,1,2,18.3578
2025,3,Saturday,19,3,4,146.198
2025,3,Saturday,19,5,1,13.2314
2025,3,Saturday,19,5,2,11.9706
2025,3,Saturday,8,4,3,50.8322
2025,3,Saturday,8,2,7,3.2704
2025,3,Saturday,8,6,7,1.0226
2025,3,Saturday,8,6,8,2.795
2025,3,Saturday,8,4,6,10.772
2025,3,Saturday,8,7,3,12.1012
2025,3,Saturday,8,4,1,17.5344
2025,3,Saturday,8,1,5,11.4912
2025,3,Saturday,8,2,5,2.6276
2025,3,Saturday,8,7,1,5.4458
2025,3,Saturday,8,1,4,24.8012
2025,3,Saturday,8,4,5,8.1368
2025,3,Saturday,8,3,4,75.226
2025,3,Saturday,8,0,8,2.6732
2025,3,Saturday,8,8,1,12.0066
2025,3,Saturday,8,3,0,11.8908
2025,3,Saturday,8,3,5,32.9902
2025,3,Saturday,8,2,3,24.618
2025,3,Saturday,8,2,4,10.958
2025,3,Saturday,8,5,6,4.0462
2025,3,Saturday,8,0,2,20.247
2025,3,Saturday,8,0,3,18.3948
2025,3,Saturday,8,6,3,69.4186
2025,3,Saturday,8,3,1,49.6632
2025,3,Saturday,8,4,2,15.5362
2025,3,Saturday,8,1,2,14.5082
2025,3,Saturday,8,0,7,2.1358
2025,3,Saturday,8,6,1,29.9726
2025,3,Saturday,8,0,4,23.2902
2025,3,Saturday,8,7,6,0.7126
2025,3,Saturday,8,0,1,45.038
2025,3,Saturday,8,8,2,12.9802
2025,3,Saturday,8,3,2,39.5174
2025,3,Saturday,8,3,8,22.4786
2025,3,Saturday,8,1,0,20.0402
2025,3,Saturday,8,5,4,16.2934
2025,3,Saturday,8,2,6,7.2332
2025,3,Saturday,8,2,0,7.6034
2025,3,Saturday,8,1,6,9.5838
2025,3,Saturday,8,4,8,5.7426
2025,3,Saturday,8,8,5,2.1612
2025,3,Saturday,8,0,5,4.8888
2025,3,Saturday,8,6,2,21.991
2025,3,Saturday,8,3,7,10.8456
2025,3,Saturday,8,2,8,8.2932
2025,3,Saturday,8,6,4,19.6126
2025,3,Saturday,8,7,2,8.0526
2025,3,Saturday,8,5,8,1.6564
2025,3,Saturday,8,4,0,4.2838
2025,3,Saturday,8,5,1,13.4572
2025,3,Saturday,8,5,0,1.4286
2025,3,Saturday,8,5,7,0.2294
2025,3,Saturday,8,5,2,8.7976
2025,3,Saturday,8,4,7,5.6342
2025,3,Saturday,8,8,4,7.7662
2025,3,Saturday,8,7,0,1.427
2025,3,Saturday,8,8,6,2.1998
2025,3,Saturday,8,1,7,3.2312
2025,3,Saturday,8,5,3,25.8196
2025,3,Saturday,8,7,4,9.4844
2025,3,Saturday,8,2,1,13.2368
2025,3,Saturday,8,8,0,3.0508
2025,3,Saturday,8,6,0,3.6106
2025,3,Saturday,8,8,3,19.0614
2025,3,Saturday,8,1,8,5.0118
2025,3,Saturday,8,3,6,56.1294
2025,3,Saturday,8,0,6,12.1068
2025,3,Saturday,8,1,3,47.3774
2025,3,Saturday,8,6,5,10.2114
2025,3,Saturday,20,2,0,13.9288
2025,3,Saturday,20,3,8,19.5584
2025,3,Saturday,20,6,8,3.9896
2025,3,Saturday,20,5,4,18.7914
2025,3,Saturday,20,7,2,3.6826
2025,3,Saturday,20,3,7,15.581
2025,3,Saturday,20,4,8,7.008
2025,3,Saturday,20,1,8,7.683
2025,3,Saturday,20,1,6,34.7252
2025,3,Saturday,20,5,3,40.6838
2025,3,Saturday,20,6,4,54.302
2025,3,Saturday,20,0,2,2.6628
2025,3,Saturday,20,3,1,56.9442
2025,3,Saturday,20,2,1,25.851
2025,3,Saturday,20,8,1,4.2614
2025,3,Saturday,20,7,5,1.0412
2025,3,Saturday,20,6,1,17.181
2025,3,Saturday,20,8,7,0.5684
2025,3,Saturday,20,0,5,1.2046
2025,3,Saturday,20,7,1,4.4324
2025,3,Saturday,20,0,6,4.3486
2025,3,Saturday,20,1,2,12.2418
2025,3,Saturday,20,4,3,114.2658
2025,3,Saturday,20,2,5,3.2174
2025,3,Saturday,20,7,4,16.1188
2025,3,Saturday,20,0,7,1.1678
2025,3,Saturday,20,4,2,27.9252
2025,3,Saturday,20,1,5,9.168
2025,3,Saturday,20,2,7,8.1926
2025,3,Saturday,20,1,3,59.9404
2025,3,Saturday,20,8,3,14.7044
2025,3,Saturday,20,6,7,3.4458
2025,3,Saturday,20,2,4,26.3986
2025,3,Saturday,20,8,0,1.5824
2025,3,Saturday,20,5,1,7.171
2025,3,Saturday,20,6,5,20.7834
2025,3,Saturday,20,4,0,19.1006
2025,3,Saturday,20,5,2,4.2558
2025,3,Saturday,20,6,2,9.0698
2025,3,Saturday,20,8,2,3.5894
2025,3,Saturday,20,4,5,16.093
2025,3,Saturday,20,0,1,15.1934
2025,3,Saturday,20,4,6,55.2372
2025,3,Saturday,20,3,6,74.2838
2025,3,Saturday,20,8,6,2.9792
2025,3,Saturday,20,6,0,7.3848
2025,3,Saturday,20,5,0,2.221
2025,3,Saturday,20,3,4,99.5976
2025,3,Saturday,20,5,7,1.523
2025,3,Saturday,20,0,4,12.5498
2025,3,Saturday,20,2,6,24.3744
2025,3,Saturday,20,3,5,20.5358
2025,3,Saturday,20,2,8,7.6194
2025,3,Saturday,20,2,3,50.102
2025,3,Saturday,20,4,7,11.2344
2025,3,Saturday,20,3,2,29.8286
2025,3,Saturday,20,5,6,12.877
2025,3,Saturday,20,1,0,18.2764
2025,3,Saturday,20,1,4,43.6488
2025,3,Saturday,20,0,3,13.4702
2025,3,Saturday,20,3,0,17.662
2025,3,Saturday,20,1,7,6.9334
2025,3,Saturday,20,0,8,0.578
2025,3,Saturday,20,8,5,0.2518
2025,3,Saturday,20,4,1,48.393
2025,3,Saturday,20,7,0,0.794
2025,3,Saturday,20,7,3,17.6678
2025,3,Saturday,20,6,3,58.0972
2025,3,Saturday,20,8,4,12.2714
2025,3,Saturday,20,7,6,2.5922
2025,3,Saturday,20,5,8,2.2524
2025,3,Saturday,9,7,6,2.2264
2025,3,Saturday,9,8,1,9.9144
2025,3,Saturday,9,4,7,12.451
2025,3,Saturday,9,3,7,19.7826
2025,3,Saturday,9,2,4,17.9952
2025,3,Saturday,9,7,8,0.25
2025,3,Saturday,9,8,4,7.2806
2025,3,Saturday,9,0,3,23.4816
2025,3,Saturday,9,8,6,2.4112
2025,3,Saturday,9,5,8,2.7072
2025,3,Saturday,9,2,8,8.2952
2025,3,Saturday,9,2,1,18.7696
2025,3,Saturday,9,6,2,25.428
2025,3,Saturday,9,6,4,41.9446
2025,3,Saturday,9,1,5,10.8996
2025,3,Saturday,9,3,0,10.1038
2025,3,Saturday,9,6,5,12.7958
2025,3,Saturday,9,4,5,12.5548
2025,3,Saturday,9,5,2,12.5714
2025,3,Saturday,9,6,7,1.7874
2025,3,Saturday,9,4,8,5.9638
2025,3,Saturday,9,0,5,7.4626
2025,3,Saturday,9,6,0,5.8796
2025,3,Saturday,9,0,7,1.6796
2025,3,Saturday,9,8,7,0.2702
2025,3,Saturday,9,3,4,134.0442
2025,3,Saturday,9,4,2,23.8706
2025,3,Saturday,9,2,0,7.6904
2025,3,Saturday,9,4,6,15.0496
2025,3,Saturday,9,3,2,54.2094
2025,3,Saturday,9,1,0,31.8688
2025,3,Saturday,9,3,5,57.021
2025,3,Saturday,9,4,3,71.7826
2025,3,Saturday,9,7,1,9.4482
2025,3,Saturday,9,6,1,35.8202
2025,3,Saturday,9,1,3,70.7834
2025,3,Saturday,9,7,4,15.494
2025,3,Saturday,9,8,5,2.9498
2025,3,Saturday,9,0,4,32.151
2025,3,Saturday,9,5,0,2.6818
2025,3,Saturday,9,6,8,6.2614
2025,3,Saturday,9,1,7,3.3178
2025,3,Saturday,9,5,4,20.6362
2025,3,Saturday,9,7,3,20.1572
2025,3,Saturday,9,8,2,8.8832
2025,3,Saturday,9,2,3,24.6552
2025,3,Saturday,9,8,0,1.7218
2025,3,Saturday,9,7,0,1.2218
2025,3,Saturday,9,1,6,26.5826
2025,3,Saturday,9,0,1,44.566
2025,3,Saturday,9,5,6,7.1128
2025,3,Saturday,9,1,4,44.9282
2025,3,Saturday,9,7,2,15.5488
2025,3,Saturday,9,1,2,27.266
2025,3,Saturday,9,7,5,2.385
2025,3,Saturday,9,6,3,82.2564
2025,3,Saturday,9,2,5,9.7106
2025,3,Saturday,9,3,1,69.639
2025,3,Saturday,9,0,8,3.6298
2025,3,Saturday,9,5,1,13.498
2025,3,Saturday,9,4,0,7.0322
2025,3,Saturday,9,3,6,91.1586
2025,3,Saturday,9,8,3,11.193
2025,3,Saturday,9,0,2,22.4514
2025,3,Saturday,9,2,7,4.6004
2025,3,Saturday,9,5,3,25.7646
2025,3,Saturday,9,1,8,4.5644
2025,3,Saturday,9,2,6,18.3074
2025,3,Saturday,9,4,1,36.276
2025,3,Saturday,9,0,6,9.979
2025,3,Saturday,9,5,7,0.9944
2025,3,Saturday,9,3,8,43.313
2025,3,Saturday,21,5,2,6.1496
2025,3,Saturday,21,7,0,1.5056
2025,3,Saturday,21,2,1,14.9854
2025,3,Saturday,21,1,0,16.2124
2025,3,Saturday,21,3,1,35.4374
2025,3,Saturday,21,1,5,8.1516
2025,3,Saturday,21,0,5,1.369
2025,3,Saturday,21,0,3,15.4516
2025,3,Saturday,21,4,8,6.4838
2025,3,Saturday,21,8,4,7.5448
2025,3,Saturday,21,3,5,13.4878
2025,3,Saturday,21,6,8,1.8514
2025,3,Saturday,21,8,0,3.3816
2025,3,Saturday,21,6,5,8.8214
2025,3,Saturday,21,3,2,24.364
2025,3,Saturday,21,8,2,3.8418
2025,3,Saturday,21,4,0,17.1304
2025,3,Saturday,21,3,4,56.1272
2025,3,Saturday,21,5,1,7.1154
2025,3,Saturday,21,5,6,7.2196
2025,3,Saturday,21,8,6,2.137
2025,3,Saturday,21,1,4,28.0524
2025,3,Saturday,21,7,4,9.6058
2025,3,Saturday,21,1,2,11.0986
2025,3,Saturday,21,6,3,48.9406
2025,3,Saturday,21,7,2,2.015
2025,3,Saturday,21,4,3,102.4678
2025,3,Saturday,21,4,1,44.005
2025,3,Saturday,21,0,8,1.423
2025,3,Saturday,21,2,3,26.438
2025,3,Saturday,21,7,1,2.5812
2025,3,Saturday,21,2,5,2.6902
2025,3,Saturday,21,0,6,4.9932
2025,3,Saturday,21,5,3,19.5836
2025,3,Saturday,21,3,0,14.975
2025,3,Saturday,21,3,6,47.8208
2025,3,Saturday,21,1,8,5.7392
2025,3,Saturday,21,2,8,4.0936
2025,3,Saturday,21,3,8,9.108
2025,3,Saturday,21,2,7,1.197
2025,3,Saturday,21,1,6,24.3196
2025,3,Saturday,21,3,7,13.3758
2025,3,Saturday,21,7,3,10.638
2025,3,Saturday,21,0,2,4.7474
2025,3,Saturday,21,0,4,12.5224
2025,3,Saturday,21,5,4,12.581
2025,3,Saturday,21,8,5,0.7716
2025,3,Saturday,21,5,7,0.2552
2025,3,Saturday,21,2,4,9.6474
2025,3,Saturday,21,0,1,12.8708
2025,3,Saturday,21,4,5,15.4038
2025,3,Saturday,21,8,1,3.8146
2025,3,Saturday,21,1,7,5.2238
2025,3,Saturday,21,6,4,25.3616
2025,3,Saturday,21,2,0,9.32
2025,3,Saturday,21,4,2,24.2692
2025,3,Saturday,21,5,0,2.957
2025,3,Saturday,21,6,2,9.13
2025,3,Saturday,21,4,6,52.7772
2025,3,Saturday,21,2,6,10.793
2025,3,Saturday,21,8,3,21.4332
2025,3,Saturday,21,6,7,5.31
2025,3,Saturday,21,7,5,0.2546
2025,3,Saturday,21,6,1,11.8546
2025,3,Saturday,21,4,7,10.8402
2025,3,Saturday,21,5,8,2.6746
2025,3,Saturday,21,7,6,1.527
2025,3,Saturday,21,1,3,39.0874
2025,3,Saturday,21,6,0,8.6714
2025,3,Saturday,10,3,8,68.0922
2025,3,Saturday,10,7,5,0.9648
2025,3,Saturday,10,8,2,8.7418
2025,3,Saturday,10,3,7,31.4874
2025,3,Saturday,10,4,0,13.278
2025,3,Saturday,10,8,5,4.3282
2025,3,Saturday,10,6,3,84.1528
2025,3,Saturday,10,6,8,5.0006
2025,3,Saturday,10,7,1,12.9238
2025,3,Saturday,10,2,4,34.127
2025,3,Saturday,10,2,0,9.8222
2025,3,Saturday,10,7,6,3.2558
2025,3,Saturday,10,1,2,32.4488
2025,3,Saturday,10,7,0,1.2092
2025,3,Saturday,10,2,3,47.1222
2025,3,Saturday,10,7,2,12.0094
2025,3,Saturday,10,2,6,17.935
2025,3,Saturday,10,1,5,17.8078
2025,3,Saturday,10,0,6,7.4956
2025,3,Saturday,10,5,4,31.2266
2025,3,Saturday,10,1,8,14.695
2025,3,Saturday,10,0,4,33.0472
2025,3,Saturday,10,5,2,13.0584
2025,3,Saturday,10,4,3,85.3592
2025,3,Saturday,10,1,0,31.3294
2025,3,Saturday,10,1,4,69.4198
2025,3,Saturday,10,5,6,8.5912
2025,3,Saturday,10,4,6,30.433
2025,3,Saturday,10,8,7,0.2548
2025,3,Saturday,10,0,8,4.14
2025,3,Saturday,10,4,8,14.173400000000001
2025,3,Saturday,10,5,8,2.2662
2025,3,Saturday,10,6,7,2.5488
2025,3,Saturday,10,1,6,28.9614
2025,3,Saturday,10,8,1,15.8504
2025,3,Saturday,10,3,1,101.6504
2025,3,Saturday,10,4,1,50.6146
2025,3,Saturday,10,8,3,19.3172
2025,3,Saturday,10,2,7,7.3606
2025,3,Saturday,10,6,2,35.02
2025,3,Saturday,10,3,0,15.888
2025,3,Saturday,10,0,2,29.3026
2025,3,Saturday,10,6,4,64.233
2025,3,Saturday,10,3,5,58.0702
2025,3,Saturday,10,7,3,34.4732
2025,3,Saturday,10,6,1,44.3972
2025,3,Saturday,10,6,0,8.6464
2025,3,Saturday,10,3,2,68.848
2025,3,Saturday,10,3,6,100.7474
2025,3,Saturday,10,0,5,4.9416
2025,3,Saturday,10,7,4,27.6998
2025,3,Saturday,10,5,0,3.7224
2025,3,Saturday,10,8,4,13.048400000000001
2025,3,Saturday,10,5,7,4.6708
2025,3,Saturday,10,1,7,10.7182
2025,3,Saturday,10,0,7,3.0536
2025,3,Saturday,10,1,3,87.923
2025,3,Saturday,10,2,1,26.734
2025,3,Saturday,10,4,2,25.5034
2025,3,Saturday,10,4,5,21.9636
2025,3,Saturday,10,3,4,199.0418
2025,3,Saturday,10,5,1,16.1142
2025,3,Saturday,10,0,3,24.1308
2025,3,Saturday,10,8,0,0.4834
2025,3,Saturday,10,8,6,3.2814
2025,3,Saturday,10,4,7,12.5898
2025,3,Saturday,10,6,5,18.9828
2025,3,Saturday,10,2,8,13.4694
2025,3,Saturday,10,2,5,7.9906
2025,3,Saturday,10,5,3,31.5186
2025,3,Saturday,10,0,1,57.284
2025,3,Saturday,22,7,5,0.728
2025,3,Saturday,22,8,3,11.5408
2025,3,Saturday,22,2,6,14.592
2025,3,Saturday,22,1,6,12.9216
2025,3,Saturday,22,4,5,9.7586
2025,3,Saturday,22,1,3,24.2646
2025,3,Saturday,22,5,7,0.5218
2025,3,Saturday,22,0,8,1.2
2025,3,Saturday,22,2,1,6.7142
2025,3,Saturday,22,5,4,9.2892
2025,3,Saturday,22,8,4,4.7566
2025,3,Saturday,22,5,0,3.9824
2025,3,Saturday,22,4,2,17.2134
2025,3,Saturday,22,2,4,11.9418
2025,3,Saturday,22,4,3,99.2964
2025,3,Saturday,22,7,6,1.2272
2025,3,Saturday,22,7,2,2.9176
2025,3,Saturday,22,8,1,2.172
2025,3,Saturday,22,6,8,3.438
2025,3,Saturday,22,0,4,3.7666
2025,3,Saturday,22,3,4,50.5484
2025,3,Saturday,22,1,0,11.4068
2025,3,Saturday,22,1,7,2.9246
2025,3,Saturday,22,4,8,6.2008
2025,3,Saturday,22,3,8,13.3016
2025,3,Saturday,22,5,2,3.7492
2025,3,Saturday,22,1,8,7.0134
2025,3,Saturday,22,1,2,7.0186
2025,3,Saturday,22,3,7,9.0934
2025,3,Saturday,22,2,3,21.828
2025,3,Saturday,22,2,0,10.2108
2025,3,Saturday,22,4,6,43.695
2025,3,Saturday,22,3,2,12.7884
2025,3,Saturday,22,5,1,5.8342
2025,3,Saturday,22,0,1,4.9536
2025,3,Saturday,22,1,4,18.0862
2025,3,Saturday,22,8,2,1.2084
2025,3,Saturday,22,2,8,3.6376
2025,3,Saturday,22,0,7,0.2738
2025,3,Saturday,22,0,5,0.8942
2025,3,Saturday,22,2,5,3.287
2025,3,Saturday,22,4,1,40.945
2025,3,Saturday,22,3,6,37.3096
2025,3,Saturday,22,7,4,9.081
2025,3,Saturday,22,6,5,7.5002
2025,3,Saturday,22,6,1,11.0146
2025,3,Saturday,22,3,5,9.3488
2025,3,Saturday,22,7,3,9.245
2025,3,Saturday,22,0,6,4.967
2025,3,Saturday,22,3,1,31.1866
2025,3,Saturday,22,5,8,0.2438
2025,3,Saturday,22,0,3,7.1908
2025,3,Saturday,22,6,0,5.4874
2025,3,Saturday,22,8,0,1.1512
2025,3,Saturday,22,4,7,13.1932
2025,3,Saturday,22,4,0,11.0358
2025,3,Saturday,22,5,6,6.3716
2025,3,Saturday,22,3,0,12.9682
2025,3,Saturday,22,6,7,2.7754
2025,3,Saturday,22,2,7,3.0632
2025,3,Saturday,22,5,3,16.137
2025,3,Saturday,22,1,5,3.969
2025,3,Saturday,22,0,2,3.1946
2025,3,Saturday,22,7,1,2.7064
2025,3,Saturday,22,6,2,6.9274
2025,3,Saturday,22,6,3,39.206
2025,3,Saturday,22,8,6,2.3072
2025,3,Saturday,22,6,4,22.9338
2025,3,Saturday,11,5,8,6.2922
2025,3,Saturday,11,8,4,18.7668
2025,3,Saturday,11,0,6,12.4526
2025,3,Saturday,11,4,1,69.9174
2025,3,Saturday,11,8,1,16.5424
2025,3,Saturday,11,6,5,30.652
2025,3,Saturday,11,1,6,30.4256
2025,3,Saturday,11,6,1,61.7386
2025,3,Saturday,11,6,8,8.3034
2025,3,Saturday,11,2,0,8.0828
2025,3,Saturday,11,2,8,6.4032
2025,3,Saturday,11,0,7,1.0864
2025,3,Saturday,11,4,2,40.8352
2025,3,Saturday,11,1,8,12.934
2025,3,Saturday,11,8,5,7.7326
2025,3,Saturday,11,4,7,14.2398
2025,3,Saturday,11,8,0,2.5378
2025,3,Saturday,11,3,4,256.7696
2025,3,Saturday,11,7,4,29.804
2025,3,Saturday,11,1,7,11.501
2025,3,Saturday,11,4,6,48.8302
2025,3,Saturday,11,1,2,45.444
2025,3,Saturday,11,3,2,70.3792
2025,3,Saturday,11,5,0,1.675
2025,3,Saturday,11,5,4,41.6984
2025,3,Saturday,11,0,3,20.9608
2025,3,Saturday,11,6,3,86.0794
2025,3,Saturday,11,2,7,10.5714
2025,3,Saturday,11,7,8,0.3076
2025,3,Saturday,11,8,2,4.6354
2025,3,Saturday,11,4,8,16.568
2025,3,Saturday,11,6,0,5.9444
2025,3,Saturday,11,3,7,33.425
2025,3,Saturday,11,7,0,1.0424
2025,3,Saturday,11,5,1,22.2644
2025,3,Saturday,11,6,7,4.4304
2025,3,Saturday,11,2,6,24.8268
2025,3,Saturday,11,7,1,13.5836
2025,3,Saturday,11,0,4,31.1934
2025,3,Saturday,11,2,5,10.3542
2025,3,Saturday,11,0,5,6.2652
2025,3,Saturday,11,5,7,5.3392
2025,3,Saturday,11,1,4,104.8852
2025,3,Saturday,11,1,5,13.4548
2025,3,Saturday,11,4,3,115.2376
2025,3,Saturday,11,2,1,40.0418
2025,3,Saturday,11,5,3,43.0392
2025,3,Saturday,11,3,0,19.2264
2025,3,Saturday,11,6,4,78.882
2025,3,Saturday,11,3,8,44.754
2025,3,Saturday,11,8,3,27.275
2025,3,Saturday,11,3,5,71.7698
2025,3,Saturday,11,8,6,7.4226
2025,3,Saturday,11,7,6,3.6364
2025,3,Saturday,11,7,5,1.4918
2025,3,Saturday,11,2,3,47.9688
2025,3,Saturday,11,6,2,42.024
2025,3,Saturday,11,7,2,11.7614
2025,3,Saturday,11,3,1,118.3416
2025,3,Saturday,11,0,8,2.5248
2025,3,Saturday,11,7,3,35.5092
2025,3,Saturday,11,0,1,55.3704
2025,3,Saturday,11,2,4,56.8884
2025,3,Saturday,11,5,6,16.4278
2025,3,Saturday,11,4,0,14.1884
2025,3,Saturday,11,1,0,35.0162
2025,3,Saturday,11,4,5,23.2208
2025,3,Saturday,11,0,2,26.315
2025,3,Saturday,11,5,2,14.3182
2025,3,Saturday,11,1,3,111.6252
2025,3,Saturday,11,3,6,138.6198
2025,3,Saturday,23,5,4,8.1078
2025,3,Saturday,23,3,2,10.7762
2025,3,Saturday,23,6,2,5.8536
2025,3,Saturday,23,6,1,6.4246
2025,3,Saturday,23,1,6,9.1582
2025,3,Saturday,23,8,3,3.5476
2025,3,Saturday,23,2,6,10.14
2025,3,Saturday,23,5,8,0.2236
2025,3,Saturday,23,3,5,7.2532
2025,3,Saturday,23,7,3,7.5568
2025,3,Saturday,23,5,7,0.4956
2025,3,Saturday,23,5,2,2.731
2025,3,Saturday,23,5,6,3.8704
2025,3,Saturday,23,1,3,14.9456
2025,3,Saturday,23,7,1,3.5468
2025,3,Saturday,23,1,4,8.2094
2025,3,Saturday,23,0,7,0.5344
2025,3,Saturday,23,3,8,11.46
2025,3,Saturday,23,8,2,2.786
2025,3,Saturday,23,7,4,4.4176
2025,3,Saturday,23,3,4,22.4394
2025,3,Saturday,23,2,0,5.2152
2025,3,Saturday,23,6,7,1.7872
2025,3,Saturday,23,7,0,2.1624
2025,3,Saturday,23,0,1,4.7906
2025,3,Saturday,23,2,1,5.2272
2025,3,Saturday,23,1,7,1.4586
2025,3,Saturday,23,4,5,10.132
2025,3,Saturday,23,8,4,1.1688
2025,3,Saturday,23,6,4,12.5048
2025,3,Saturday,23,0,8,1.0832
2025,3,Saturday,23,1,8,1.6928
2025,3,Saturday,23,0,6,4.0268
2025,3,Saturday,23,2,3,11.361
2025,3,Saturday,23,5,1,6.4004
2025,3,Saturday,23,7,2,2.3746
2025,3,Saturday,23,4,3,68.8188
2025,3,Saturday,23,3,0,14.4998
2025,3,Saturday,23,4,7,6.288
2025,3,Saturday,23,8,1,0.9314
2025,3,Saturday,23,0,2,3.182
2025,3,Saturday,23,4,1,35.1058
2025,3,Saturday,23,8,6,0.7158
2025,3,Saturday,23,4,0,17.6428
2025,3,Saturday,23,4,8,6.3554
2025,3,Saturday,23,5,3,13.7724
2025,3,Saturday,23,1,0,12.6492
2025,3,Saturday,23,0,3,6.9316
2025,3,Saturday,23,2,8,1.8726
2025,3,Saturday,23,3,1,19.3992
2025,3,Saturday,23,1,5,2.1566
2025,3,Saturday,23,6,3,32.4868
2025,3,Saturday,23,3,7,2.976
2025,3,Saturday,23,0,4,2.2402
2025,3,Saturday,23,4,2,13.3242
2025,3,Saturday,23,8,0,1.4038
2025,3,Saturday,23,2,5,2.242
2025,3,Saturday,23,5,0,2.163
2025,3,Saturday,23,3,6,25.1994
2025,3,Saturday,23,8,7,0.2362
2025,3,Saturday,23,6,8,0.6372
2025,3,Saturday,23,2,4,6.4134
2025,3,Saturday,23,4,6,26.4014
2025,3,Saturday,23,6,5,5.3848
2025,3,Saturday,23,7,6,0.7056
2025,3,Saturday,23,1,2,2.4148
2025,3,Saturday,23,6,0,2.4292
2025,3,Saturday,23,2,7,3.028
2025,3,Saturday,0,5,8,0.2372
2025,3,Saturday,0,6,1,4.3776
2025,3,Saturday,0,8,7,0.25
2025,3,Saturday,0,7,2,0.4754
2025,3,Saturday,0,1,0,4.709
2025,3,Saturday,0,3,4,17.6818
2025,3,Saturday,0,4,2,11.2636
2025,3,Saturday,0,7,4,3.2084
2025,3,Saturday,0,7,8,0.291
2025,3,Saturday,0,5,0,0.9836
2025,3,Saturday,0,0,6,1.2676
2025,3,Saturday,0,6,7,0.4946
2025,3,Saturday,0,5,2,0.9756
2025,3,Saturday,0,6,8,0.2244
2025,3,Saturday,0,6,5,5.537
2025,3,Saturday,0,2,4,3.1722
2025,3,Saturday,0,7,3,5.3604
2025,3,Saturday,0,5,6,1.9194
2025,3,Saturday,0,6,4,6.2972
2025,3,Saturday,0,3,8,8.8378
2025,3,Saturday,0,7,6,0.4966
2025,3,Saturday,0,1,3,5.6098
2025,3,Saturday,0,4,8,2.8822
2025,3,Saturday,0,8,1,0.438
2025,3,Saturday,0,2,6,6.1816
2025,3,Saturday,0,1,8,0.4888
2025,3,Saturday,0,2,3,9.966
2025,3,Saturday,0,4,0,10.2428
2025,3,Saturday,0,0,2,0.8924
2025,3,Saturday,0,6,3,11.639
2025,3,Saturday,0,1,6,5.4106
2025,3,Saturday,0,3,6,17.782
2025,3,Saturday,0,2,5,0.9352
2025,3,Saturday,0,0,3,1.8692
2025,3,Saturday,0,1,2,2.9504
2025,3,Saturday,0,1,4,6.1444
2025,3,Saturday,0,8,3,3.8006
2025,3,Saturday,0,3,7,1.9646
2025,3,Saturday,0,2,8,4.1624
2025,3,Saturday,0,2,7,0.2196
2025,3,Saturday,0,5,7,0.2266
2025,3,Saturday,0,2,1,6.1984
2025,3,Saturday,0,5,4,6.8594
2025,3,Saturday,0,3,1,11.4758
2025,3,Saturday,0,3,2,5.7266
2025,3,Saturday,0,3,5,1.944
2025,3,Saturday,0,8,5,0.5
2025,3,Saturday,0,0,1,3.1402
2025,3,Saturday,0,0,4,3.4482
2025,3,Saturday,0,2,0,9.6618
2025,3,Saturday,0,0,8,0.9452
2025,3,Saturday,0,1,7,0.7378
2025,3,Saturday,0,7,0,0.733
2025,3,Saturday,0,8,4,1.1752
2025,3,Saturday,0,4,6,16.5504
2025,3,Saturday,0,6,2,3.7808
2025,3,Saturday,0,6,0,3.9022
2025,3,Saturday,0,3,0,12.8562
2025,3,Saturday,0,8,0,0.921
2025,3,Saturday,0,4,3,36.9574
2025,3,Saturday,0,4,1,20.4826
2025,3,Saturday,0,8,2,1.7798
2025,3,Saturday,0,5,3,7.8116
2025,3,Saturday,0,7,1,4.8602
2025,3,Saturday,0,4,5,5.458
2025,3,Saturday,0,1,5,0.4954
2025,3,Saturday,0,0,5,0.3314
2025,3,Saturday,0,5,1,2.6132
2025,3,Saturday,0,4,7,7.1898
2025,3,Saturday,12,4,6,66.8106
2025,3,Saturday,12,5,0,1.7286
2025,3,Saturday,12,3,8,45.2664
2025,3,Saturday,12,8,5,11.2108
2025,3,Saturday,12,2,1,36.2692
2025,3,Saturday,12,5,3,46.2462
2025,3,Saturday,12,4,2,56.5204
2025,3,Saturday,12,5,7,3.4668
2025,3,Saturday,12,0,6,10.1128
2025,3,Saturday,12,4,0,18.2968
2025,3,Saturday,12,6,1,43.062
2025,3,Saturday,12,4,1,80.5876
2025,3,Saturday,12,2,5,12.8104
2025,3,Saturday,12,1,8,14.508
2025,3,Saturday,12,4,7,21.9634
2025,3,Saturday,12,3,2,71.0018
2025,3,Saturday,12,0,3,23.1016
2025,3,Saturday,12,3,7,36.3524
2025,3,Saturday,12,7,2,17.878
2025,3,Saturday,12,1,4,100.1386
2025,3,Saturday,12,0,8,3.689
2025,3,Saturday,12,0,7,2.2436
2025,3,Saturday,12,5,4,44.8416
2025,3,Saturday,12,2,3,52.0894
2025,3,Saturday,12,8,3,31.9446
2025,3,Saturday,12,3,6,127.5892
2025,3,Saturday,12,8,6,15.448
2025,3,Saturday,12,7,0,1.5764
2025,3,Saturday,12,7,6,5.9794
2025,3,Saturday,12,6,5,38.0938
2025,3,Saturday,12,8,1,13.1832
2025,3,Saturday,12,3,1,117.8408
2025,3,Saturday,12,1,7,11.991
2025,3,Saturday,12,1,3,104.6938
2025,3,Saturday,12,4,3,145.4838
2025,3,Saturday,12,6,7,9.2236
2025,3,Saturday,12,5,6,22.4176
2025,3,Saturday,12,7,5,1.2434
2025,3,Saturday,12,3,4,248.6592
2025,3,Saturday,12,5,8,9.8748
2025,3,Saturday,12,7,1,12.9408
2025,3,Saturday,12,1,6,36.7396
2025,3,Saturday,12,3,0,16.9588
2025,3,Saturday,12,6,2,36.4834
2025,3,Saturday,12,2,4,60.8256
2025,3,Saturday,12,2,8,11.2438
2025,3,Saturday,12,0,2,22.274
2025,3,Saturday,12,6,4,91.1138
2025,3,Saturday,12,0,1,49.6
2025,3,Saturday,12,4,5,30.5422
2025,3,Saturday,12,8,2,9.52
2025,3,Saturday,12,1,0,39.6082
2025,3,Saturday,12,8,0,1.8384
2025,3,Saturday,12,6,0,4.6402
2025,3,Saturday,12,3,5,68.9184
2025,3,Saturday,12,6,3,111.8616
2025,3,Saturday,12,0,5,6.1588
2025,3,Saturday,12,0,4,30.8254
2025,3,Saturday,12,2,0,16.4974
2025,3,Saturday,12,6,8,15.3134
2025,3,Saturday,12,5,1,21.3088
2025,3,Saturday,12,5,2,16.7734
2025,3,Saturday,12,7,4,44.9798
2025,3,Saturday,12,8,4,27.6762
2025,3,Saturday,12,8,7,0.5028
2025,3,Saturday,12,1,5,19.439
2025,3,Saturday,12,1,2,39.5338
2025,3,Saturday,12,4,8,15.5146
2025,3,Saturday,12,7,3,37.203
2025,3,Saturday,12,2,6,28.6712
2025,3,Saturday,12,2,7,9.322
2025,3,Sunday,1,0,3,0.923
2025,3,Sunday,1,2,0,1.1654
2025,3,Sunday,1,6,3,6.0306
2025,3,Sunday,1,7,1,0.2286
2025,3,Sunday,1,8,1,0.725
2025,3,Sunday,1,6,4,3.8724
2025,3,Sunday,1,8,6,0.287
2025,3,Sunday,1,4,6,7.2634
2025,3,Sunday,1,2,3,1.4148
2025,3,Sunday,1,1,0,0.9196
2025,3,Sunday,1,4,3,16.2098
2025,3,Sunday,1,8,2,0.8312
2025,3,Sunday,1,6,5,0.8698
2025,3,Sunday,1,5,8,0.2
2025,3,Sunday,1,2,6,1.9278
2025,3,Sunday,1,1,2,0.25
2025,3,Sunday,1,7,2,0.225
2025,3,Sunday,1,5,6,0.6572
2025,3,Sunday,1,3,7,1.3026
2025,3,Sunday,1,2,4,1.9746
2025,3,Sunday,1,0,8,0.2834
2025,3,Sunday,1,4,1,9.012
2025,3,Sunday,1,3,5,1.2382
2025,3,Sunday,1,6,7,0.2338
2025,3,Sunday,1,4,8,0.9696
2025,3,Sunday,1,2,1,1.7278
2025,3,Sunday,1,8,3,1.9674
2025,3,Sunday,1,0,4,1.168
2025,3,Sunday,1,1,3,2.8278
2025,3,Sunday,1,5,4,1.7156
2025,3,Sunday,1,0,5,0.2834
2025,3,Sunday,1,3,4,4.5644
2025,3,Sunday,1,5,2,1.4772
2025,3,Sunday,1,2,7,0.5466
2025,3,Sunday,1,7,4,1.1908
2025,3,Sunday,1,4,7,0.4936
2025,3,Sunday,1,7,5,0.225
2025,3,Sunday,1,8,4,1.3058
2025,3,Sunday,1,6,8,0.22
2025,3,Sunday,1,3,1,4.2988
2025,3,Sunday,1,7,0,0.4708
2025,3,Sunday,1,3,8,2.5548
2025,3,Sunday,1,6,1,1.4748000000000001
2025,3,Sunday,1,4,2,3.8498
2025,3,Sunday,1,3,6,5.6616
2025,3,Sunday,1,1,6,1.8834
2025,3,Sunday,1,6,0,1.8466
2025,3,Sunday,1,6,2,0.316
2025,3,Sunday,1,1,5,0.244
2025,3,Sunday,1,3,0,4.3722
2025,3,Sunday,1,4,0,2.6494
2025,3,Sunday,1,5,0,1.6256
2025,3,Sunday,1,5,3,3.78
2025,3,Sunday,1,5,1,1.3018
2025,3,Sunday,1,0,6,0.3076
2025,3,Sunday,1,7,3,1.6038
2025,3,Sunday,1,3,2,2.236
2025,3,Sunday,1,0,1,1.5866
2025,3,Sunday,1,4,5,1.9082
2025,3,Sunday,1,1,4,1.1052
2025,3,Sunday,1,2,5,0.209
2025,3,Sunday,1,2,8,0.7082
2025,3,Sunday,13,8,3,27.9372
2025,3,Sunday,13,3,8,27.5396
2025,3,Sunday,13,1,4,76.8736
2025,3,Sunday,13,1,6,33.5684
2025,3,Sunday,13,1,5,12.2706
2025,3,Sunday,13,6,4,59.6596
2025,3,Sunday,13,0,7,1.1152
2025,3,Sunday,13,3,0,15.1088
2025,3,Sunday,13,5,3,35.9766
2025,3,Sunday,13,7,2,9.9842
2025,3,Sunday,13,5,7,3.1868
2025,3,Sunday,13,3,1,96.9888
2025,3,Sunday,13,2,8,7.264
2025,3,Sunday,13,8,2,6.2906
2025,3,Sunday,13,8,6,11.6484
2025,3,Sunday,13,2,0,11.4776
2025,3,Sunday,13,5,8,5.2306
2025,3,Sunday,13,6,2,30.6432
2025,3,Sunday,13,0,3,22.087
2025,3,Sunday,13,3,4,180.4562
2025,3,Sunday,13,0,6,8.5288
2025,3,Sunday,13,7,3,19.962
2025,3,Sunday,13,1,2,41.5758
2025,3,Sunday,13,5,2,10.123
2025,3,Sunday,13,3,6,84.2522
2025,3,Sunday,13,7,8,0.4572
2025,3,Sunday,13,1,0,24.153
2025,3,Sunday,13,7,0,0.9546
2025,3,Sunday,13,4,7,24.7246
2025,3,Sunday,13,0,8,1.6824
2025,3,Sunday,13,4,3,127.1282
2025,3,Sunday,13,6,8,9.7378
2025,3,Sunday,13,4,6,58.7768
2025,3,Sunday,13,0,5,3.661
2025,3,Sunday,13,4,1,82.2468
2025,3,Sunday,13,3,5,32.5048
2025,3,Sunday,13,0,1,35.1618
2025,3,Sunday,13,5,0,2.2458
2025,3,Sunday,13,8,4,15.798400000000001
2025,3,Sunday,13,1,8,6.676
2025,3,Sunday,13,2,7,9.7394
2025,3,Sunday,13,6,1,34.9794
2025,3,Sunday,13,4,5,27.1328
2025,3,Sunday,13,5,6,15.5784
2025,3,Sunday,13,6,7,4.7154
2025,3,Sunday,13,0,4,22.3652
2025,3,Sunday,13,3,7,25.7948
2025,3,Sunday,13,7,6,3.0664
2025,3,Sunday,13,4,2,50.3538
2025,3,Sunday,13,1,3,94.4988
2025,3,Sunday,13,4,0,14.0428
2025,3,Sunday,13,2,3,49.5818
2025,3,Sunday,13,5,1,16.7748
2025,3,Sunday,13,5,4,41.3278
2025,3,Sunday,13,2,5,9.1144
2025,3,Sunday,13,4,8,10.9624
2025,3,Sunday,13,0,2,16.3246
2025,3,Sunday,13,6,3,78.2364
2025,3,Sunday,13,2,6,23.4024
2025,3,Sunday,13,2,1,45.3938
2025,3,Sunday,13,8,5,18.676
2025,3,Sunday,13,6,0,5.9996
2025,3,Sunday,13,3,2,49.045
2025,3,Sunday,13,1,7,12.8518
2025,3,Sunday,13,7,4,35.6392
2025,3,Sunday,13,8,1,12.7512
2025,3,Sunday,13,8,0,1.5036
2025,3,Sunday,13,7,5,1.2134
2025,3,Sunday,13,6,5,20.211
2025,3,Sunday,13,7,1,16.2624
2025,3,Sunday,13,8,7,0.2564
2025,3,Sunday,13,2,4,52.3026
2025,3,Sunday,2,2,1,0.2182
2025,3,Sunday,2,6,3,1.2374
2025,3,Sunday,2,0,2,0.5742
2025,3,Sunday,2,1,7,0.2334
2025,3,Sunday,2,3,8,0.497
2025,3,Sunday,2,4,1,3.697
2025,3,Sunday,2,5,4,1.2756
2025,3,Sunday,2,0,3,0.3904
2025,3,Sunday,2,4,5,1.2304
2025,3,Sunday,2,7,4,0.4334
2025,3,Sunday,2,4,2,2.602
2025,3,Sunday,2,2,4,1.0948
2025,3,Sunday,2,6,0,0.546
2025,3,Sunday,2,5,0,1.2756
2025,3,Sunday,2,6,4,0.9438
2025,3,Sunday,2,1,2,0.4834
2025,3,Sunday,2,2,5,0.5382
2025,3,Sunday,2,0,1,0.9218
2025,3,Sunday,2,5,8,0.275
2025,3,Sunday,2,3,1,1.6792
2025,3,Sunday,2,4,0,2.259
2025,3,Sunday,2,5,3,1.2318
2025,3,Sunday,2,2,3,0.8982
2025,3,Sunday,2,1,3,0.2376
2025,3,Sunday,2,8,3,0.25
2025,3,Sunday,2,5,6,0.4818
2025,3,Sunday,2,2,6,0.7682
2025,3,Sunday,2,8,2,0.5428
2025,3,Sunday,2,0,4,0.6846
2025,3,Sunday,2,3,2,0.8498
2025,3,Sunday,2,1,4,0.4562
2025,3,Sunday,2,3,5,0.7594
2025,3,Sunday,2,4,7,1.0156
2025,3,Sunday,2,4,3,3.4284
2025,3,Sunday,2,3,0,1.6408
2025,3,Sunday,2,6,1,0.5052
2025,3,Sunday,2,5,1,0.8756
2025,3,Sunday,2,4,6,5.2838
2025,3,Sunday,2,4,8,1.4244
2025,3,Sunday,2,1,0,1.6468
2025,3,Sunday,2,7,3,0.24
2025,3,Sunday,2,6,8,0.2
2025,3,Sunday,2,2,0,0.6864
2025,3,Sunday,2,3,4,0.8088
2025,3,Sunday,2,3,6,1.637
2025,3,Sunday,2,2,8,0.225
2025,3,Sunday,2,7,0,0.2546
2025,3,Sunday,14,4,3,145.7732
2025,3,Sunday,14,0,8,1.3922
2025,3,Sunday,14,5,8,6.7796
2025,3,Sunday,14,3,4,161.167
2025,3,Sunday,14,5,6,16.1718
2025,3,Sunday,14,3,5,39.4654
2025,3,Sunday,14,1,2,41.206
2025,3,Sunday,14,6,4,62.7712
2025,3,Sunday,14,0,5,3.0226
2025,3,Sunday,14,1,5,14.571
2025,3,Sunday,14,8,2,8.8198
2025,3,Sunday,14,1,3,99.7328
2025,3,Sunday,14,6,0,4.4382
2025,3,Sunday,14,0,3,22.3284
2025,3,Sunday,14,6,2,26.7964
2025,3,Sunday,14,2,4,43.5102
2025,3,Sunday,14,4,1,78.9972
2025,3,Sunday,14,5,4,39.5788
2025,3,Sunday,14,1,7,12.55
2025,3,Sunday,14,5,7,3.277
2025,3,Sunday,14,5,2,17.7956
2025,3,Sunday,14,6,3,81.78
2025,3,Sunday,14,2,3,51.0016
2025,3,Sunday,14,3,0,12.7216
2025,3,Sunday,14,7,6,4.5916
2025,3,Sunday,14,2,6,24.5046
2025,3,Sunday,14,3,6,85.1746
2025,3,Sunday,14,1,8,7.2916
2025,3,Sunday,14,4,6,71.3958
2025,3,Sunday,14,5,1,17.5856
2025,3,Sunday,14,1,0,23.5998
2025,3,Sunday,14,3,8,23.4792
2025,3,Sunday,14,4,0,16.2072
2025,3,Sunday,14,0,2,17.0834
2025,3,Sunday,14,5,3,46.288
2025,3,Sunday,14,8,5,7.9246
2025,3,Sunday,14,2,8,6.0954
2025,3,Sunday,14,7,0,0.9722
2025,3,Sunday,14,4,5,26.661
2025,3,Sunday,14,0,1,41.5004
2025,3,Sunday,14,3,2,49.8604
2025,3,Sunday,14,7,1,8.1282
2025,3,Sunday,14,2,5,10.2118
2025,3,Sunday,14,7,5,2.5942
2025,3,Sunday,14,1,6,32.3892
2025,3,Sunday,14,3,7,34.4278
2025,3,Sunday,14,7,3,19.8642
2025,3,Sunday,14,0,4,25.7082
2025,3,Sunday,14,8,6,10.3584
2025,3,Sunday,14,8,0,2.379
2025,3,Sunday,14,4,2,51.8808
2025,3,Sunday,14,8,7,0.2448
2025,3,Sunday,14,3,1,94.624
2025,3,Sunday,14,6,8,4.078
2025,3,Sunday,14,6,7,4.3646
2025,3,Sunday,14,5,0,1.7076
2025,3,Sunday,14,8,4,22.5388
2025,3,Sunday,14,1,4,71.4556
2025,3,Sunday,14,8,1,16.5868
2025,3,Sunday,14,4,7,25.5606
2025,3,Sunday,14,7,4,26.8868
2025,3,Sunday,14,0,7,1.6342
2025,3,Sunday,14,8,3,23.0248
2025,3,Sunday,14,2,1,51.307
2025,3,Sunday,14,2,7,10.7036
2025,3,Sunday,14,6,5,21.158
2025,3,Sunday,14,0,6,9.9218
2025,3,Sunday,14,2,0,12.409
2025,3,Sunday,14,4,8,16.1016
2025,3,Sunday,14,6,1,32.1934
2025,3,Sunday,14,7,2,10.68
2025,3,Sunday,3,4,5,0.4864
2025,3,Sunday,3,8,5,0.2
2025,3,Sunday,3,5,0,0.2334
2025,3,Sunday,3,7,2,0.2118
2025,3,Sunday,3,2,3,0.4666
2025,3,Sunday,3,3,6,1.845
2025,3,Sunday,3,7,0,0.2286
2025,3,Sunday,3,6,5,0.7422
2025,3,Sunday,3,6,1,0.2736
2025,3,Sunday,3,2,5,0.4858
2025,3,Sunday,3,2,7,0.2666
2025,3,Sunday,3,6,4,1.2904
2025,3,Sunday,3,4,3,4.1468
2025,3,Sunday,3,2,0,0.7254
2025,3,Sunday,3,3,0,0.9952
2025,3,Sunday,3,3,4,0.2778
2025,3,Sunday,3,8,2,0.3
2025,3,Sunday,3,8,3,1.2666
2025,3,Sunday,3,0,5,0.868
2025,3,Sunday,3,3,5,0.5238
2025,3,Sunday,3,2,1,0.2546
2025,3,Sunday,3,1,4,1.292
2025,3,Sunday,3,4,7,0.936
2025,3,Sunday,3,3,2,1.2772
2025,3,Sunday,3,6,8,0.2334
2025,3,Sunday,3,1,3,0.2632
2025,3,Sunday,3,7,6,0.2286
2025,3,Sunday,3,4,8,1.3832
2025,3,Sunday,3,3,1,0.509
2025,3,Sunday,3,7,4,0.4236
2025,3,Sunday,3,0,6,0.6042
2025,3,Sunday,3,1,0,0.2888
2025,3,Sunday,3,0,4,0.5332
2025,3,Sunday,3,5,3,0.825
2025,3,Sunday,3,2,4,1.398
2025,3,Sunday,3,4,1,3.0642
2025,3,Sunday,3,8,6,0.6666
2025,3,Sunday,3,8,1,0.26
2025,3,Sunday,3,6,7,0.2
2025,3,Sunday,3,4,6,3.5014
2025,3,Sunday,3,4,2,1.8416
2025,3,Sunday,3,8,0,0.26
2025,3,Sunday,3,3,7,0.2546
2025,3,Sunday,3,5,1,1.5614
2025,3,Sunday,3,0,2,0.9522
2025,3,Sunday,3,5,4,0.9968
2025,3,Sunday,3,4,0,1.615
2025,3,Sunday,3,1,2,0.2572
2025,3,Sunday,3,1,8,0.2632
2025,3,Sunday,3,2,6,0.4428
2025,3,Sunday,3,6,0,0.558
2025,3,Sunday,3,6,3,2.7028
2025,3,Sunday,3,0,3,0.6876
2025,3,Sunday,15,7,6,3.7546
2025,3,Sunday,15,0,2,15.2084
2025,3,Sunday,15,5,6,13.5022
2025,3,Sunday,15,2,1,44.1986
2025,3,Sunday,15,1,3,103.6238
2025,3,Sunday,15,1,4,76.9936
2025,3,Sunday,15,5,4,39.0634
2025,3,Sunday,15,0,3,20.7496
2025,3,Sunday,15,5,2,10.7434
2025,3,Sunday,15,8,4,18.5556
2025,3,Sunday,15,3,7,25.2048
2025,3,Sunday,15,6,2,26.3506
2025,3,Sunday,15,2,0,16.1628
2025,3,Sunday,15,0,4,24.1112
2025,3,Sunday,15,6,4,56.8
2025,3,Sunday,15,0,1,39.7078
2025,3,Sunday,15,3,2,47.6922
2025,3,Sunday,15,1,7,7.0506
2025,3,Sunday,15,8,2,10.4458
2025,3,Sunday,15,8,5,16.076
2025,3,Sunday,15,7,4,29.6082
2025,3,Sunday,15,2,7,9.5658
2025,3,Sunday,15,7,0,3.8824
2025,3,Sunday,15,6,0,9.1496
2025,3,Sunday,15,1,2,45.2532
2025,3,Sunday,15,0,5,1.6706
2025,3,Sunday,15,7,5,3.394
2025,3,Sunday,15,2,4,52.3226
2025,3,Sunday,15,7,1,9.6428
2025,3,Sunday,15,3,4,139.5686
2025,3,Sunday,15,6,7,9.056
2025,3,Sunday,15,6,8,4.1044
2025,3,Sunday,15,1,5,15.0604
2025,3,Sunday,15,2,5,11.4066
2025,3,Sunday,15,4,8,10.3132
2025,3,Sunday,15,3,6,87.225
2025,3,Sunday,15,5,8,9.8168
2025,3,Sunday,15,2,8,8.183
2025,3,Sunday,15,4,0,23.3842
2025,3,Sunday,15,3,0,23.2466
2025,3,Sunday,15,1,8,9.0612
2025,3,Sunday,15,4,3,157.9186
2025,3,Sunday,15,0,8,1.635
2025,3,Sunday,15,5,1,12.751
2025,3,Sunday,15,2,6,34.0466
2025,3,Sunday,15,4,1,75.3978
2025,3,Sunday,15,0,7,2.983
2025,3,Sunday,15,4,6,77.2332
2025,3,Sunday,15,5,7,4.2428
2025,3,Sunday,15,8,1,9.2444
2025,3,Sunday,15,8,6,10.058
2025,3,Sunday,15,1,0,39.725
2025,3,Sunday,15,8,3,30.1992
2025,3,Sunday,15,5,0,8.932
2025,3,Sunday,15,2,3,61.7982
2025,3,Sunday,15,4,2,56.9622
2025,3,Sunday,15,6,1,24.3638
2025,3,Sunday,15,4,7,27.3894
2025,3,Sunday,15,4,5,29.1166
2025,3,Sunday,15,3,8,25.6208
2025,3,Sunday,15,8,0,2.88
2025,3,Sunday,15,1,6,39.4548
2025,3,Sunday,15,0,6,9.5806
2025,3,Sunday,15,7,2,10.4496
2025,3,Sunday,15,6,5,22.3334
2025,3,Sunday,15,7,8,0.2736
2025,3,Sunday,15,3,1,81.4608
2025,3,Sunday,15,5,3,55.16
2025,3,Sunday,15,6,3,98.3218
2025,3,Sunday,15,3,5,38.263
2025,3,Sunday,15,7,3,30.0346
2025,3,Sunday,4,3,0,0.7952
2025,3,Sunday,4,0,2,0.512
2025,3,Sunday,4,1,2,0.275
2025,3,Sunday,4,1,0,0.4782
2025,3,Sunday,4,1,3,0.48
2025,3,Sunday,4,2,6,0.4858
2025,3,Sunday,4,0,5,1.191
2025,3,Sunday,4,0,8,0.5132
2025,3,Sunday,4,6,3,3.7596
2025,3,Sunday,4,4,6,1.976
2025,3,Sunday,4,3,1,0.698
2025,3,Sunday,4,3,2,0.7772
2025,3,Sunday,4,5,0,0.3
2025,3,Sunday,4,5,4,0.4
2025,3,Sunday,4,4,3,2.71
2025,3,Sunday,4,4,5,0.28
2025,3,Sunday,4,2,3,0.4334
2025,3,Sunday,4,5,1,0.24
2025,3,Sunday,4,4,2,1.2758
2025,3,Sunday,4,4,7,0.4772
2025,3,Sunday,4,4,0,2.9228
2025,3,Sunday,4,8,4,0.2666
2025,3,Sunday,4,3,8,0.2666
2025,3,Sunday,4,0,1,1.466
2025,3,Sunday,4,0,4,0.9756
2025,3,Sunday,4,7,4,0.5
2025,3,Sunday,4,0,6,1.5194
2025,3,Sunday,4,0,7,0.256
2025,3,Sunday,4,3,4,0.7884
2025,3,Sunday,4,8,3,0.55
2025,3,Sunday,4,4,8,0.4364
2025,3,Sunday,4,6,2,0.7728
2025,3,Sunday,4,8,1,0.28
2025,3,Sunday,4,6,4,0.5636
2025,3,Sunday,4,0,3,2.2004
2025,3,Sunday,4,6,1,0.8764
2025,3,Sunday,4,4,1,1.4804
2025,3,Sunday,4,2,1,0.2546
2025,3,Sunday,4,2,0,1.198
2025,3,Sunday,4,3,5,0.5292
2025,3,Sunday,4,2,8,0.2334
2025,3,Sunday,4,5,3,1.24
2025,3,Sunday,4,1,8,0.2
2025,3,Sunday,4,1,6,1.3416
2025,3,Sunday,4,3,6,2.2588
2025,3,Sunday,4,2,4,2.1858
2025,3,Sunday,16,8,3,35.3724
2025,3,Sunday,16,5,6,15.323
2025,3,Sunday,16,0,5,2.1994
2025,3,Sunday,16,2,6,36.406
2025,3,Sunday,16,0,4,26.849
2025,3,Sunday,16,4,8,13.5456
2025,3,Sunday,16,7,2,6.179
2025,3,Sunday,16,7,0,4.6878
2025,3,Sunday,16,3,5,35.8114
2025,3,Sunday,16,6,2,22.648
2025,3,Sunday,16,6,1,24.9946
2025,3,Sunday,16,1,4,81.7128
2025,3,Sunday,16,5,8,7.636
2025,3,Sunday,16,6,5,19.6178
2025,3,Sunday,16,7,5,3.7268
2025,3,Sunday,16,8,4,19.4838
2025,3,Sunday,16,3,8,21.1196
2025,3,Sunday,16,4,6,73.6766
2025,3,Sunday,16,8,5,12.5508
2025,3,Sunday,16,0,6,9.2874
2025,3,Sunday,16,1,7,10.0228
2025,3,Sunday,16,8,2,11.3728
2025,3,Sunday,16,3,7,28.2122
2025,3,Sunday,16,3,4,152.0972
2025,3,Sunday,16,0,3,21.1818
2025,3,Sunday,16,4,0,22.8054
2025,3,Sunday,16,8,6,6.9958
2025,3,Sunday,16,5,1,9.808
2025,3,Sunday,16,6,4,58.7888
2025,3,Sunday,16,0,1,36.3548
2025,3,Sunday,16,6,8,5.8688
2025,3,Sunday,16,1,8,10.9706
2025,3,Sunday,16,2,1,39.2146
2025,3,Sunday,16,0,8,1.3886
2025,3,Sunday,16,8,1,9.556
2025,3,Sunday,16,6,3,84.0916
2025,3,Sunday,16,1,5,16.5796
2025,3,Sunday,16,2,7,7.443
2025,3,Sunday,16,5,7,3.5354
2025,3,Sunday,16,3,1,79.3082
2025,3,Sunday,16,4,7,22.446
2025,3,Sunday,16,2,5,11.2786
2025,3,Sunday,16,7,4,30.107
2025,3,Sunday,16,3,2,36.3314
2025,3,Sunday,16,4,3,151.661
2025,3,Sunday,16,0,2,14.0694
2025,3,Sunday,16,3,6,91.8862
2025,3,Sunday,16,5,2,16.3292
2025,3,Sunday,16,1,3,101.9904
2025,3,Sunday,16,6,0,5.4464
2025,3,Sunday,16,2,3,49.1566
2025,3,Sunday,16,5,3,47.0192
2025,3,Sunday,16,2,4,51.3676
2025,3,Sunday,16,4,1,62.394
2025,3,Sunday,16,1,0,33.5776
2025,3,Sunday,16,2,8,7.649
2025,3,Sunday,16,5,4,39.0572
2025,3,Sunday,16,5,0,6.1596
2025,3,Sunday,16,6,7,6.6298
2025,3,Sunday,16,7,3,26.443
2025,3,Sunday,16,7,6,2.4834
2025,3,Sunday,16,1,6,42.4388
2025,3,Sunday,16,1,2,40.0356
2025,3,Sunday,16,4,2,46.2296
2025,3,Sunday,16,8,0,0.9726
2025,3,Sunday,16,3,0,15.2374
2025,3,Sunday,16,4,5,25.3022
2025,3,Sunday,16,2,0,17.4476
2025,3,Sunday,16,7,1,7.7314
2025,3,Sunday,16,0,7,1.0936
2025,3,Sunday,5,1,5,0.458
2025,3,Sunday,5,3,2,3.9244
2025,3,Sunday,5,8,2,0.28
2025,3,Sunday,5,8,1,1.579
2025,3,Sunday,5,2,0,3.6008
2025,3,Sunday,5,5,1,0.6
2025,3,Sunday,5,0,5,1.7384
2025,3,Sunday,5,0,4,4.1444
2025,3,Sunday,5,0,3,4.1216
2025,3,Sunday,5,2,3,2.9142
2025,3,Sunday,5,0,6,2.118
2025,3,Sunday,5,5,4,0.6834
2025,3,Sunday,5,6,7,0.275
2025,3,Sunday,5,8,4,0.28
2025,3,Sunday,5,0,1,1.6302
2025,3,Sunday,5,8,0,0.2236
2025,3,Sunday,5,5,0,0.2
2025,3,Sunday,5,1,2,1.7662
2025,3,Sunday,5,3,7,0.6834
2025,3,Sunday,5,0,2,3.7906
2025,3,Sunday,5,4,2,3.6112
2025,3,Sunday,5,1,4,1.6
2025,3,Sunday,5,2,4,0.9836
2025,3,Sunday,5,4,5,0.598
2025,3,Sunday,5,1,3,5.7172
2025,3,Sunday,5,8,5,0.4694
2025,3,Sunday,5,6,2,1.0554
2025,3,Sunday,5,3,1,1.6498
2025,3,Sunday,5,4,3,10.7452
2025,3,Sunday,5,2,5,0.737
2025,3,Sunday,5,4,1,0.5188
2025,3,Sunday,5,1,8,0.327
2025,3,Sunday,5,5,3,1.774
2025,3,Sunday,5,2,1,1.5722
2025,3,Sunday,5,6,1,1.5238
2025,3,Sunday,5,4,0,5.611
2025,3,Sunday,5,8,3,2.5728
2025,3,Sunday,5,3,5,3.9538
2025,3,Sunday,5,7,3,1.1998
2025,3,Sunday,5,4,6,0.689
2025,3,Sunday,5,3,6,3.9252
2025,3,Sunday,5,5,6,0.9906
2025,3,Sunday,5,1,6,0.7742
2025,3,Sunday,5,7,1,1.0354
2025,3,Sunday,5,1,0,1.5314
2025,3,Sunday,5,3,8,0.743
2025,3,Sunday,5,6,5,1.0606
2025,3,Sunday,5,5,2,0.2666
2025,3,Sunday,5,6,4,0.4428
2025,3,Sunday,5,2,6,0.4286
2025,3,Sunday,5,1,7,1.5748
2025,3,Sunday,5,3,4,1.44
2025,3,Sunday,5,6,8,0.4
2025,3,Sunday,5,0,8,0.2772
2025,3,Sunday,5,2,8,0.2
2025,3,Sunday,5,4,8,1.093
2025,3,Sunday,5,3,0,2.3916
2025,3,Sunday,5,6,3,4.6936
2025,3,Sunday,5,6,0,0.7634
2025,3,Sunday,5,2,7,0.2334
2025,3,Sunday,5,7,4,0.2572
2025,3,Sunday,17,7,3,26.6766
2025,3,Sunday,17,2,7,7.5392
2025,3,Sunday,17,8,7,0.2408
2025,3,Sunday,17,7,5,1.2764
2025,3,Sunday,17,0,1,37.7374
2025,3,Sunday,17,6,2,20.3
2025,3,Sunday,17,8,5,13.8608
2025,3,Sunday,17,2,3,52.0196
2025,3,Sunday,17,3,7,23.8098
2025,3,Sunday,17,1,2,32.7408
2025,3,Sunday,17,4,1,63.95
2025,3,Sunday,17,4,6,67.5554
2025,3,Sunday,17,1,3,81.844
2025,3,Sunday,17,4,3,126.4998
2025,3,Sunday,17,7,1,8.4588
2025,3,Sunday,17,2,6,29.0132
2025,3,Sunday,17,6,1,24.3414
2025,3,Sunday,17,5,6,14.0672
2025,3,Sunday,17,2,4,46.6568
2025,3,Sunday,17,7,4,29.975
2025,3,Sunday,17,7,0,1.725
2025,3,Sunday,17,6,5,21.0768
2025,3,Sunday,17,2,0,10.649
2025,3,Sunday,17,8,2,8.5146
2025,3,Sunday,17,0,4,16.7818
2025,3,Sunday,17,3,4,129.2688
2025,3,Sunday,17,5,1,14.4846
2025,3,Sunday,17,5,2,12.3242
2025,3,Sunday,17,5,3,44.0836
2025,3,Sunday,17,1,6,47.7766
2025,3,Sunday,17,7,6,2.2412
2025,3,Sunday,17,5,0,6.403
2025,3,Sunday,17,6,7,4.5084
2025,3,Sunday,17,8,1,5.2116
2025,3,Sunday,17,4,2,31.095
2025,3,Sunday,17,2,5,9.6698
2025,3,Sunday,17,6,3,87.788
2025,3,Sunday,17,4,8,10.1
2025,3,Sunday,17,3,8,18.1666
2025,3,Sunday,17,1,4,73.5086
2025,3,Sunday,17,5,8,5.4688
2025,3,Sunday,17,2,1,39.0794
2025,3,Sunday,17,6,4,58.6502
2025,3,Sunday,17,4,5,23.1922
2025,3,Sunday,17,7,2,8.0178
2025,3,Sunday,17,6,0,6.5766
2025,3,Sunday,17,8,0,2.9992
2025,3,Sunday,17,1,8,9.7416
2025,3,Sunday,17,0,8,1.141
2025,3,Sunday,17,0,6,6.6406
2025,3,Sunday,17,4,7,19.4034
2025,3,Sunday,17,1,5,16.6448
2025,3,Sunday,17,4,0,19.7244
2025,3,Sunday,17,5,4,31.624
2025,3,Sunday,17,0,3,11.7606
2025,3,Sunday,17,3,5,33.8536
2025,3,Sunday,17,1,0,33.1806
2025,3,Sunday,17,1,7,6.3174
2025,3,Sunday,17,8,4,15.4354
2025,3,Sunday,17,0,5,2.5334
2025,3,Sunday,17,5,7,2.6082
2025,3,Sunday,17,3,2,44.9606
2025,3,Sunday,17,2,8,9.8858
2025,3,Sunday,17,0,2,8.9304
2025,3,Sunday,17,3,1,79.0116
2025,3,Sunday,17,6,8,6.6948
2025,3,Sunday,17,3,0,15.9488
2025,3,Sunday,17,8,6,3.6784
2025,3,Sunday,17,8,3,26.618
2025,3,Sunday,17,0,7,0.2962
2025,3,Sunday,17,3,6,78.65
2025,3,Sunday,6,6,4,1.7622
2025,3,Sunday,6,3,0,6.0482
2025,3,Sunday,6,5,6,0.54
2025,3,Sunday,6,8,6,0.4534
2025,3,Sunday,6,8,2,2.1036
2025,3,Sunday,6,7,2,0.48
2025,3,Sunday,6,3,7,2.5418
2025,3,Sunday,6,7,3,0.48
2025,3,Sunday,6,5,0,0.511
2025,3,Sunday,6,8,5,0.4876
2025,3,Sunday,6,3,1,7.0606
2025,3,Sunday,6,4,7,1.0216
2025,3,Sunday,6,0,2,8.5378
2025,3,Sunday,6,4,6,2.1438
2025,3,Sunday,6,1,8,0.564
2025,3,Sunday,6,0,5,2.9152
2025,3,Sunday,6,1,7,0.3158
2025,3,Sunday,6,2,8,3.2586
2025,3,Sunday,6,8,0,1.1748
2025,3,Sunday,6,0,7,0.7828
2025,3,Sunday,6,3,4,11.422
2025,3,Sunday,6,2,5,1.0084
2025,3,Sunday,6,6,7,1.0742
2025,3,Sunday,6,0,3,11.777
2025,3,Sunday,6,1,0,2.952
2025,3,Sunday,6,5,8,0.709
2025,3,Sunday,6,4,0,4.9054
2025,3,Sunday,6,0,6,2.3602
2025,3,Sunday,6,4,2,2.3166
2025,3,Sunday,6,1,2,4.5822
2025,3,Sunday,6,1,6,2.0966
2025,3,Sunday,6,2,7,0.9558
2025,3,Sunday,6,4,1,3.5876
2025,3,Sunday,6,0,1,10.1864
2025,3,Sunday,6,5,1,1.409
2025,3,Sunday,6,5,4,1.157
2025,3,Sunday,6,6,3,9.4506
2025,3,Sunday,6,8,3,5.8076
2025,3,Sunday,6,6,0,2.8722
2025,3,Sunday,6,2,4,1.2214
2025,3,Sunday,6,4,3,8.0668
2025,3,Sunday,6,2,1,2.3348
2025,3,Sunday,6,2,6,0.5254
2025,3,Sunday,6,7,0,0.7072
2025,3,Sunday,6,6,5,1.3634
2025,3,Sunday,6,1,3,5.6186
2025,3,Sunday,6,1,5,2.1944
2025,3,Sunday,6,8,4,2.0844
2025,3,Sunday,6,3,5,12.0882
2025,3,Sunday,6,2,3,4.6724
2025,3,Sunday,6,3,2,10.1214
2025,3,Sunday,6,6,1,3.7702
2025,3,Sunday,6,6,2,3.3164
2025,3,Sunday,6,1,4,2.565
2025,3,Sunday,6,4,8,1.4396
2025,3,Sunday,6,7,1,1.3542
2025,3,Sunday,6,5,3,4.1288
2025,3,Sunday,6,3,8,5.5226
2025,3,Sunday,6,0,4,4.5352
2025,3,Sunday,6,2,0,3.537
2025,3,Sunday,6,8,1,2.2828
2025,3,Sunday,6,3,6,7.391
2025,3,Sunday,6,7,6,0.2434
2025,3,Sunday,6,0,8,0.5206
2025,3,Sunday,6,4,5,2.8526
2025,3,Sunday,18,3,4,125.9456
2025,3,Sunday,18,3,1,67.1068
2025,3,Sunday,18,6,2,12.0152
2025,3,Sunday,18,5,3,45.7748
2025,3,Sunday,18,6,1,21.3564
2025,3,Sunday,18,6,3,68.5978
2025,3,Sunday,18,0,5,3.2832
2025,3,Sunday,18,8,0,2.1086
2025,3,Sunday,18,2,8,5.6878
2025,3,Sunday,18,4,7,17.7246
2025,3,Sunday,18,6,0,9.5256
2025,3,Sunday,18,7,0,1.6916
2025,3,Sunday,18,1,6,28.1782
2025,3,Sunday,18,6,8,2.7156
2025,3,Sunday,18,0,8,3.2994
2025,3,Sunday,18,0,4,14.4956
2025,3,Sunday,18,5,4,31.5528
2025,3,Sunday,18,8,5,6.5502
2025,3,Sunday,18,8,4,7.5778
2025,3,Sunday,18,1,7,11.548400000000001
2025,3,Sunday,18,5,0,6.57
2025,3,Sunday,18,2,3,45.8194
2025,3,Sunday,18,0,3,14.832
2025,3,Sunday,18,7,5,1.7032
2025,3,Sunday,18,7,6,2.149
2025,3,Sunday,18,2,7,7.582
2025,3,Sunday,18,5,2,11.9418
2025,3,Sunday,18,1,0,25.5338
2025,3,Sunday,18,7,4,24.2062
2025,3,Sunday,18,8,6,4.3512
2025,3,Sunday,18,7,3,17.7562
2025,3,Sunday,18,0,2,12.5824
2025,3,Sunday,18,0,6,3.0024
2025,3,Sunday,18,6,7,5.1634
2025,3,Sunday,18,8,1,3.8412
2025,3,Sunday,18,2,5,8.2982
2025,3,Sunday,18,4,1,57.4258
2025,3,Sunday,18,7,2,5.5808
2025,3,Sunday,18,3,5,27.8754
2025,3,Sunday,18,1,2,18.7926
2025,3,Sunday,18,3,2,40.6076
2025,3,Sunday,18,0,7,0.2708
2025,3,Sunday,18,4,6,55.928
2025,3,Sunday,18,2,0,15.5906
2025,3,Sunday,18,1,8,5.8984
2025,3,Sunday,18,4,3,117.9638
2025,3,Sunday,18,4,8,17.5552
2025,3,Sunday,18,3,7,24.9476
2025,3,Sunday,18,4,0,28.8688
2025,3,Sunday,18,5,7,2.2718
2025,3,Sunday,18,5,6,14.1706
2025,3,Sunday,18,2,4,37.8112
2025,3,Sunday,18,6,5,15.5614
2025,3,Sunday,18,6,4,42.9834
2025,3,Sunday,18,7,1,5.0682
2025,3,Sunday,18,1,3,61.2686
2025,3,Sunday,18,8,2,6.4446
2025,3,Sunday,18,5,1,11.4042
2025,3,Sunday,18,3,6,80.362
2025,3,Sunday,18,8,3,21.6152
2025,3,Sunday,18,0,1,24.1754
2025,3,Sunday,18,3,8,16.7482
2025,3,Sunday,18,2,6,21.5788
2025,3,Sunday,18,4,5,22.0228
2025,3,Sunday,18,4,2,31.433
2025,3,Sunday,18,1,5,11.367
2025,3,Sunday,18,8,7,0.2526
2025,3,Sunday,18,5,8,4.1858
2025,3,Sunday,18,2,1,29.6814
2025,3,Sunday,18,1,4,40.0098
2025,3,Sunday,18,3,0,17.1838
2025,3,Sunday,7,1,7,0.5204
2025,3,Sunday,7,8,3,7.7182
2025,3,Sunday,7,5,0,0.2166
2025,3,Sunday,7,0,7,0.812
2025,3,Sunday,7,5,3,12.6278
2025,3,Sunday,7,4,7,0.4774
2025,3,Sunday,7,6,4,5.6608
2025,3,Sunday,7,5,6,4.3908
2025,3,Sunday,7,7,1,1.0022
2025,3,Sunday,7,4,0,3.767
2025,3,Sunday,7,1,0,7.7212
2025,3,Sunday,7,3,5,15.525
2025,3,Sunday,7,3,6,16.3426
2025,3,Sunday,7,1,6,5.5562
2025,3,Sunday,7,1,4,4.0266
2025,3,Sunday,7,7,2,1.7702
2025,3,Sunday,7,2,3,10.0836
2025,3,Sunday,7,0,3,12.188
2025,3,Sunday,7,3,1,16.1314
2025,3,Sunday,7,5,8,0.6764
2025,3,Sunday,7,3,0,9.877
2025,3,Sunday,7,1,3,13.3664
2025,3,Sunday,7,1,8,2.9866
2025,3,Sunday,7,0,8,3.0476
2025,3,Sunday,7,0,5,2.7746
2025,3,Sunday,7,1,5,3.0376
2025,3,Sunday,7,8,0,1.4076
2025,3,Sunday,7,2,5,1.3804
2025,3,Sunday,7,6,5,3.2562
2025,3,Sunday,7,8,4,0.841
2025,3,Sunday,7,5,4,4.7926
2025,3,Sunday,7,6,8,2.5686
2025,3,Sunday,7,1,2,6.2456
2025,3,Sunday,7,3,8,9.1672
2025,3,Sunday,7,0,6,5.0388
2025,3,Sunday,7,5,1,3.8098
2025,3,Sunday,7,8,6,0.7
2025,3,Sunday,7,2,7,2.3366
2025,3,Sunday,7,5,2,2.7004
2025,3,Sunday,7,5,7,0.2166
2025,3,Sunday,7,6,1,6.2888
2025,3,Sunday,7,6,7,0.7962
2025,3,Sunday,7,6,3,15.7498
2025,3,Sunday,7,6,2,7.6718
2025,3,Sunday,7,4,5,2.5726
2025,3,Sunday,7,2,0,2.5482
2025,3,Sunday,7,4,2,2.818
2025,3,Sunday,7,4,8,1.9018
2025,3,Sunday,7,6,0,5.1286
2025,3,Sunday,7,7,3,4.4668
2025,3,Sunday,7,3,7,3.8234
2025,3,Sunday,7,8,2,2.9072
2025,3,Sunday,7,0,2,13.1772
2025,3,Sunday,7,3,4,20.6164
2025,3,Sunday,7,2,4,4.3708
2025,3,Sunday,7,2,1,4.2982
2025,3,Sunday,7,0,4,14.9112
2025,3,Sunday,7,8,5,0.4666
2025,3,Sunday,7,3,2,14.7302
2025,3,Sunday,7,4,6,3.8716
2025,3,Sunday,7,2,6,2.2868
2025,3,Sunday,7,0,1,14.8704
2025,3,Sunday,7,4,1,5.4514
2025,3,Sunday,7,4,3,16.9092
2025,3,Sunday,7,8,1,2.6602
2025,3,Sunday,7,2,8,1.9312
2025,3,Sunday,7,7,4,2.523
2025,3,Sunday,19,7,5,1.1904
2025,3,Sunday,19,1,5,5.0868
2025,3,Sunday,19,7,6,2.3096
2025,3,Sunday,19,0,1,25.173
2025,3,Sunday,19,2,6,17.7894
2025,3,Sunday,19,1,8,5.6046
2025,3,Sunday,19,3,4,92.356
2025,3,Sunday,19,0,7,0.5506
2025,3,Sunday,19,3,1,56.9786
2025,3,Sunday,19,8,4,6.7736
2025,3,Sunday,19,1,3,36.6602
2025,3,Sunday,19,2,7,6.08
2025,3,Sunday,19,0,4,13.8464
2025,3,Sunday,19,4,0,20.5522
2025,3,Sunday,19,3,6,58.985
2025,3,Sunday,19,3,2,24.6134
2025,3,Sunday,19,7,2,4.9554
2025,3,Sunday,19,5,6,9.0922
2025,3,Sunday,19,8,3,16.6798
2025,3,Sunday,19,4,2,23.8598
2025,3,Sunday,19,3,0,16.098
2025,3,Sunday,19,6,2,13.6504
2025,3,Sunday,19,3,8,14.0774
2025,3,Sunday,19,0,3,15.7702
2025,3,Sunday,19,2,5,6.2638
2025,3,Sunday,19,7,1,4.5924
2025,3,Sunday,19,1,2,12.879
2025,3,Sunday,19,4,7,15.1098
2025,3,Sunday,19,4,6,53.3318
2025,3,Sunday,19,5,2,5.1438
2025,3,Sunday,19,4,8,11.8014
2025,3,Sunday,19,0,8,1.111
2025,3,Sunday,19,4,5,17.469
2025,3,Sunday,19,1,7,3.4128
2025,3,Sunday,19,1,0,22.259
2025,3,Sunday,19,8,5,3.2094
2025,3,Sunday,19,5,1,7.8536
2025,3,Sunday,19,6,5,8.2272
2025,3,Sunday,19,5,3,33.5062
2025,3,Sunday,19,6,3,47.5592
2025,3,Sunday,19,8,2,2.8106
2025,3,Sunday,19,6,0,3.985
2025,3,Sunday,19,5,0,2.6812
2025,3,Sunday,19,1,4,23.1254
2025,3,Sunday,19,6,7,3.9294
2025,3,Sunday,19,0,2,7.1948
2025,3,Sunday,19,2,1,23.1962
2025,3,Sunday,19,5,7,1.1572
2025,3,Sunday,19,8,1,3.3028
2025,3,Sunday,19,3,5,22.1758
2025,3,Sunday,19,3,7,19.2836
2025,3,Sunday,19,5,8,6.7184
2025,3,Sunday,19,0,5,3.0424
2025,3,Sunday,19,6,8,5.0592
2025,3,Sunday,19,4,3,91.2988
2025,3,Sunday,19,7,3,10.9622
2025,3,Sunday,19,2,4,26.851
2025,3,Sunday,19,2,0,15.6206
2025,3,Sunday,19,1,6,17.7482
2025,3,Sunday,19,2,8,6.5602
2025,3,Sunday,19,4,1,39.679
2025,3,Sunday,19,8,6,1.9776
2025,3,Sunday,19,5,4,19.8972
2025,3,Sunday,19,7,4,16.4982
2025,3,Sunday,19,8,0,2.293
2025,3,Sunday,19,7,0,0.9268
2025,3,Sunday,19,6,4,30.1172
2025,3,Sunday,19,0,6,6.942
2025,3,Sunday,19,2,3,31.0624
2025,3,Sunday,19,6,1,12.6984
2025,3,Sunday,8,5,0,1.5878
2025,3,Sunday,8,3,6,41.7536
2025,3,Sunday,8,1,3,33.147
2025,3,Sunday,8,2,5,6.3438
2025,3,Sunday,8,6,3,32.8934
2025,3,Sunday,8,5,8,2.2718
2025,3,Sunday,8,4,0,5.3298
2025,3,Sunday,8,2,6,5.0328
2025,3,Sunday,8,4,8,2.3978
2025,3,Sunday,8,6,1,15.1598
2025,3,Sunday,8,4,1,12.7294
2025,3,Sunday,8,3,0,8.2836
2025,3,Sunday,8,6,0,6.6908
2025,3,Sunday,8,5,1,7.1696
2025,3,Sunday,8,6,4,10.189
2025,3,Sunday,8,8,6,0.5192
2025,3,Sunday,8,0,6,7.138
2025,3,Sunday,8,6,2,8.9122
2025,3,Sunday,8,0,5,3.028
2025,3,Sunday,8,8,3,9.0308
2025,3,Sunday,8,2,3,14.905
2025,3,Sunday,8,5,2,4.4118
2025,3,Sunday,8,1,7,1.196
2025,3,Sunday,8,6,7,1.5454
2025,3,Sunday,8,7,5,0.6666
2025,3,Sunday,8,3,4,41.5926
2025,3,Sunday,8,8,4,3.8138
2025,3,Sunday,8,1,2,9.9524
2025,3,Sunday,8,0,2,10.4944
2025,3,Sunday,8,3,7,11.7028
2025,3,Sunday,8,5,6,5.736
2025,3,Sunday,8,1,4,15.6498
2025,3,Sunday,8,5,3,28.8344
2025,3,Sunday,8,7,1,4.6924
2025,3,Sunday,8,4,3,31.2196
2025,3,Sunday,8,0,3,14.2918
2025,3,Sunday,8,4,7,3.8172
2025,3,Sunday,8,0,4,14.1882
2025,3,Sunday,8,1,5,5.4582
2025,3,Sunday,8,6,8,2.2224
2025,3,Sunday,8,6,5,7.9216
2025,3,Sunday,8,8,0,3.3998
2025,3,Sunday,8,7,2,3.8574
2025,3,Sunday,8,1,8,4.5226
2025,3,Sunday,8,3,2,17.3878
2025,3,Sunday,8,2,4,6.0868
2025,3,Sunday,8,3,1,37.5922
2025,3,Sunday,8,4,5,6.2372
2025,3,Sunday,8,2,7,1.422
2025,3,Sunday,8,5,7,1.19
2025,3,Sunday,8,7,4,4.0832
2025,3,Sunday,8,7,6,1.5246
2025,3,Sunday,8,1,0,10.2144
2025,3,Sunday,8,8,1,5.5196
2025,3,Sunday,8,0,8,1.9262
2025,3,Sunday,8,3,8,15.7958
2025,3,Sunday,8,0,1,22.3426
2025,3,Sunday,8,5,4,8.6458
2025,3,Sunday,8,8,5,1.4992
2025,3,Sunday,8,8,2,3.6868
2025,3,Sunday,8,4,2,6.9688
2025,3,Sunday,8,7,3,12.0114
2025,3,Sunday,8,2,8,2.5642
2025,3,Sunday,8,7,0,1.7048
2025,3,Sunday,8,4,6,12.3904
2025,3,Sunday,8,2,0,5.5248
2025,3,Sunday,8,2,1,10.172
2025,3,Sunday,8,1,6,5.556
2025,3,Sunday,8,3,5,28.0866
2025,3,Sunday,20,3,5,16.8974
2025,3,Sunday,20,8,1,1.7116
2025,3,Sunday,20,2,6,12.3672
2025,3,Sunday,20,3,4,60.4682
2025,3,Sunday,20,3,2,25.2074
2025,3,Sunday,20,6,8,1.8036
2025,3,Sunday,20,8,2,0.9966
2025,3,Sunday,20,5,0,3.3532
2025,3,Sunday,20,3,1,42.7522
2025,3,Sunday,20,0,8,0.8048
2025,3,Sunday,20,6,3,39.7486
2025,3,Sunday,20,8,3,10.1002
2025,3,Sunday,20,4,8,4.657
2025,3,Sunday,20,8,5,1.4984
2025,3,Sunday,20,5,1,6.085
2025,3,Sunday,20,0,4,8.2324
2025,3,Sunday,20,2,0,6.8142
2025,3,Sunday,20,8,4,3.8616
2025,3,Sunday,20,4,3,79.9226
2025,3,Sunday,20,5,3,25.563
2025,3,Sunday,20,4,5,14.1234
2025,3,Sunday,20,7,6,0.9608
2025,3,Sunday,20,1,5,2.1378
2025,3,Sunday,20,4,0,12.148
2025,3,Sunday,20,6,5,3.5336
2025,3,Sunday,20,2,5,4.833
2025,3,Sunday,20,3,6,56.7888
2025,3,Sunday,20,2,3,23.6002
2025,3,Sunday,20,4,1,27.7452
2025,3,Sunday,20,0,3,5.3172
2025,3,Sunday,20,7,5,2.1306
2025,3,Sunday,20,1,3,22.16
2025,3,Sunday,20,4,7,11.5226
2025,3,Sunday,20,5,7,1.911
2025,3,Sunday,20,5,6,5.7146
2025,3,Sunday,20,7,1,2.3806
2025,3,Sunday,20,1,6,12.2408
2025,3,Sunday,20,5,2,6.7706
2025,3,Sunday,20,2,4,9.5176
2025,3,Sunday,20,7,2,0.714
2025,3,Sunday,20,3,8,12.9984
2025,3,Sunday,20,6,4,20.1694
2025,3,Sunday,20,8,6,1.9176
2025,3,Sunday,20,0,6,2.7938
2025,3,Sunday,20,5,8,3.243
2025,3,Sunday,20,0,1,15.2534
2025,3,Sunday,20,2,1,13.005
2025,3,Sunday,20,5,4,12.0612
2025,3,Sunday,20,7,4,8.6282
2025,3,Sunday,20,1,2,4.4674
2025,3,Sunday,20,6,2,7.2756
2025,3,Sunday,20,1,4,16.412
2025,3,Sunday,20,6,0,3.6968
2025,3,Sunday,20,1,8,4.5416
2025,3,Sunday,20,6,1,7.6934
2025,3,Sunday,20,2,8,3.6746
2025,3,Sunday,20,0,5,1.695
2025,3,Sunday,20,4,2,13.8892
2025,3,Sunday,20,3,7,13.179
2025,3,Sunday,20,1,0,16.9222
2025,3,Sunday,20,3,0,9.7748
2025,3,Sunday,20,0,2,2.5398
2025,3,Sunday,20,0,7,0.8752
2025,3,Sunday,20,7,3,10.2158
2025,3,Sunday,20,4,6,39.3396
2025,3,Sunday,20,2,7,3.6338
2025,3,Sunday,20,8,0,1.7318
2025,3,Sunday,20,6,7,2.5064
2025,3,Sunday,20,7,0,0.9494
2025,3,Sunday,20,1,7,1.6454
2025,3,Sunday,9,1,2,20.689
2025,3,Sunday,9,5,1,10.2482
2025,3,Sunday,9,1,5,13.1634
2025,3,Sunday,9,0,1,30.4146
2025,3,Sunday,9,0,6,6.3104
2025,3,Sunday,9,8,4,5.0788
2025,3,Sunday,9,0,2,16.4158
2025,3,Sunday,9,3,2,38.547
2025,3,Sunday,9,3,7,10.5078
2025,3,Sunday,9,6,8,2.697
2025,3,Sunday,9,0,3,16.4502
2025,3,Sunday,9,1,3,58.3018
2025,3,Sunday,9,0,4,22.886
2025,3,Sunday,9,6,1,31.6166
2025,3,Sunday,9,3,8,25.1852
2025,3,Sunday,9,8,2,5.8876
2025,3,Sunday,9,8,5,4.5096
2025,3,Sunday,9,8,6,1.7538
2025,3,Sunday,9,7,8,0.2286
2025,3,Sunday,9,5,7,0.9606
2025,3,Sunday,9,7,5,1.9398
2025,3,Sunday,9,4,8,2.6324
2025,3,Sunday,9,3,5,53.2602
2025,3,Sunday,9,4,0,5.3436
2025,3,Sunday,9,7,2,7.3258
2025,3,Sunday,9,6,3,43.1978
2025,3,Sunday,9,0,7,1.6198
2025,3,Sunday,9,4,2,16.6608
2025,3,Sunday,9,2,4,12.6786
2025,3,Sunday,9,4,6,12.6538
2025,3,Sunday,9,7,1,6.3924
2025,3,Sunday,9,4,7,8.5912
2025,3,Sunday,9,0,5,6.0506
2025,3,Sunday,9,1,4,23.8822
2025,3,Sunday,9,6,4,25.3444
2025,3,Sunday,9,7,3,18.2336
2025,3,Sunday,9,2,8,2.5712
2025,3,Sunday,9,2,1,15.7936
2025,3,Sunday,9,5,0,0.6962
2025,3,Sunday,9,4,3,46.5762
2025,3,Sunday,9,0,8,3.2566
2025,3,Sunday,9,3,0,12.3402
2025,3,Sunday,9,6,0,3.3586
2025,3,Sunday,9,3,1,56.0676
2025,3,Sunday,9,2,0,8.3862
2025,3,Sunday,9,5,4,12.699
2025,3,Sunday,9,2,5,4.8036
2025,3,Sunday,9,8,0,1.9708
2025,3,Sunday,9,1,0,20.2198
2025,3,Sunday,9,5,2,8.8602
2025,3,Sunday,9,5,3,35.3354
2025,3,Sunday,9,5,6,4.3168
2025,3,Sunday,9,5,8,4.1004
2025,3,Sunday,9,3,6,50.1656
2025,3,Sunday,9,1,6,15.3192
2025,3,Sunday,9,4,1,20.2658
2025,3,Sunday,9,8,3,11.4104
2025,3,Sunday,9,1,8,2.9698
2025,3,Sunday,9,6,2,19.3396
2025,3,Sunday,9,7,4,11.1242
2025,3,Sunday,9,8,1,10.6344
2025,3,Sunday,9,4,5,8.0622
2025,3,Sunday,9,2,7,6.9644
2025,3,Sunday,9,6,5,11.766
2025,3,Sunday,9,2,6,9.3636
2025,3,Sunday,9,3,4,76.7422
2025,3,Sunday,9,6,7,1.4664
2025,3,Sunday,9,7,0,1.0234
2025,3,Sunday,9,2,3,23.4224
2025,3,Sunday,9,1,7,3.9296
2025,3,Sunday,9,7,6,1.314
2025,3,Sunday,21,3,0,12.3484
2025,3,Sunday,21,6,5,2.1576
2025,3,Sunday,21,0,5,1.3312
2025,3,Sunday,21,2,6,13.0814
2025,3,Sunday,21,6,1,5.4126
2025,3,Sunday,21,4,3,60.0326
2025,3,Sunday,21,7,6,1.8132
2025,3,Sunday,21,5,8,0.2358
2025,3,Sunday,21,7,4,5.714
2025,3,Sunday,21,2,0,7.5688
2025,3,Sunday,21,3,1,24.6004
2025,3,Sunday,21,4,8,6.2504
2025,3,Sunday,21,4,1,27.2476
2025,3,Sunday,21,7,3,4.2878
2025,3,Sunday,21,8,1,2.261
2025,3,Sunday,21,0,3,10.217
2025,3,Sunday,21,5,0,1.6104
2025,3,Sunday,21,7,0,0.4858
2025,3,Sunday,21,0,4,4.2286
2025,3,Sunday,21,0,8,0.795
2025,3,Sunday,21,2,1,7.598
2025,3,Sunday,21,6,4,11.9254
2025,3,Sunday,21,1,5,3.1982
2025,3,Sunday,21,3,4,38.208
2025,3,Sunday,21,5,7,1.1256
2025,3,Sunday,21,1,2,3.375
2025,3,Sunday,21,7,2,1.3414
2025,3,Sunday,21,4,5,10.7042
2025,3,Sunday,21,1,0,12.5958
2025,3,Sunday,21,5,3,16.419
2025,3,Sunday,21,5,6,2.9158
2025,3,Sunday,21,0,2,3.3592
2025,3,Sunday,21,7,5,0.4416
2025,3,Sunday,21,3,5,12.51
2025,3,Sunday,21,0,6,1.8608
2025,3,Sunday,21,8,5,1.1142
2025,3,Sunday,21,4,0,12.2636
2025,3,Sunday,21,8,6,0.9984
2025,3,Sunday,21,4,7,9.77
2025,3,Sunday,21,4,6,29.0666
2025,3,Sunday,21,3,8,7.69
2025,3,Sunday,21,6,7,1.6938
2025,3,Sunday,21,3,2,18.4222
2025,3,Sunday,21,4,2,15.6606
2025,3,Sunday,21,1,6,8.292
2025,3,Sunday,21,7,1,2.0352
2025,3,Sunday,21,8,4,3.4826
2025,3,Sunday,21,6,3,20.5984
2025,3,Sunday,21,8,3,4.763
2025,3,Sunday,21,2,3,17.1498
2025,3,Sunday,21,2,7,1.16
2025,3,Sunday,21,0,1,13.9312
2025,3,Sunday,21,1,4,12.872
2025,3,Sunday,21,2,5,2.5212
2025,3,Sunday,21,8,0,1.2274
2025,3,Sunday,21,3,6,37.9848
2025,3,Sunday,21,3,7,9.3134
2025,3,Sunday,21,8,2,1.9884
2025,3,Sunday,21,5,2,1.6318
2025,3,Sunday,21,1,8,2.6872
2025,3,Sunday,21,6,2,4.7348
2025,3,Sunday,21,2,4,6.7316
2025,3,Sunday,21,6,0,4.6122
2025,3,Sunday,21,6,8,0.8048
2025,3,Sunday,21,2,8,4.564
2025,3,Sunday,21,5,4,8.1754
2025,3,Sunday,21,1,7,0.4492
2025,3,Sunday,21,5,1,5.6754
2025,3,Sunday,21,0,7,0.2568
2025,3,Sunday,21,1,3,14.7886
2025,3,Sunday,10,4,8,5.8368
2025,3,Sunday,10,4,3,66.166
2025,3,Sunday,10,7,5,3.8262
2025,3,Sunday,10,4,0,4.386
2025,3,Sunday,10,1,4,49.152
2025,3,Sunday,10,3,6,85.61
2025,3,Sunday,10,0,1,42.094
2025,3,Sunday,10,8,0,1.9208
2025,3,Sunday,10,5,8,4.8368
2025,3,Sunday,10,2,6,11.957
2025,3,Sunday,10,1,5,9.0454
2025,3,Sunday,10,8,2,5.717
2025,3,Sunday,10,8,5,2.734
2025,3,Sunday,10,6,7,4.4
2025,3,Sunday,10,3,4,140.229
2025,3,Sunday,10,0,2,23.6312
2025,3,Sunday,10,6,0,4.9012
2025,3,Sunday,10,0,8,3.886
2025,3,Sunday,10,8,1,9.8102
2025,3,Sunday,10,1,3,81.1222
2025,3,Sunday,10,7,2,9.806
2025,3,Sunday,10,4,2,24.3222
2025,3,Sunday,10,5,6,12.817
2025,3,Sunday,10,6,2,22.8456
2025,3,Sunday,10,0,6,6.8148
2025,3,Sunday,10,1,2,37.516
2025,3,Sunday,10,7,4,23.3512
2025,3,Sunday,10,8,6,2.9016
2025,3,Sunday,10,4,6,24.7808
2025,3,Sunday,10,8,4,10.2218
2025,3,Sunday,10,2,1,21.4414
2025,3,Sunday,10,3,2,55.512
2025,3,Sunday,10,1,7,6.815
2025,3,Sunday,10,7,1,11.5278
2025,3,Sunday,10,1,6,15.895
2025,3,Sunday,10,5,2,14.1896
2025,3,Sunday,10,2,5,6.3454
2025,3,Sunday,10,5,7,2.7086
2025,3,Sunday,10,6,8,5.8522
2025,3,Sunday,10,6,5,15.8594
2025,3,Sunday,10,0,5,7.207
2025,3,Sunday,10,4,1,42.4388
2025,3,Sunday,10,5,4,30.5984
2025,3,Sunday,10,2,3,32.4198
2025,3,Sunday,10,5,3,65.2576
2025,3,Sunday,10,6,3,61.9622
2025,3,Sunday,10,1,8,6.0428
2025,3,Sunday,10,2,4,25.2142
2025,3,Sunday,10,6,4,47.2088
2025,3,Sunday,10,7,6,2.221
2025,3,Sunday,10,5,0,0.9796
2025,3,Sunday,10,2,7,7.2444
2025,3,Sunday,10,3,8,28.0258
2025,3,Sunday,10,6,1,44.5334
2025,3,Sunday,10,4,5,14.267
2025,3,Sunday,10,5,1,11.4586
2025,3,Sunday,10,8,3,14.5158
2025,3,Sunday,10,2,0,6.2716
2025,3,Sunday,10,0,4,23.0264
2025,3,Sunday,10,3,5,60.2116
2025,3,Sunday,10,3,0,8.5968
2025,3,Sunday,10,3,1,100.0858
2025,3,Sunday,10,3,7,15.3256
2025,3,Sunday,10,2,8,5.57
2025,3,Sunday,10,7,3,21.951
2025,3,Sunday,10,0,3,21.1826
2025,3,Sunday,10,1,0,23.2678
2025,3,Sunday,10,0,7,3.442
2025,3,Sunday,10,4,7,9.7516
2025,3,Sunday,22,5,7,0.2372
2025,3,Sunday,22,0,1,5.0784
2025,3,Sunday,22,7,0,1.3602
2025,3,Sunday,22,2,4,4.0802
2025,3,Sunday,22,2,8,2.2176
2025,3,Sunday,22,6,8,1.1984
2025,3,Sunday,22,6,3,12.5986
2025,3,Sunday,22,1,2,4.0964
2025,3,Sunday,22,2,3,9.969
2025,3,Sunday,22,1,4,5.445
2025,3,Sunday,22,4,5,4.8188
2025,3,Sunday,22,2,6,10.7678
2025,3,Sunday,22,3,1,20.6486
2025,3,Sunday,22,2,0,9.873
2025,3,Sunday,22,6,7,1.3924
2025,3,Sunday,22,4,0,10.2776
2025,3,Sunday,22,8,3,6.1786
2025,3,Sunday,22,5,0,1.1816
2025,3,Sunday,22,0,8,0.5364
2025,3,Sunday,22,0,2,1.8474
2025,3,Sunday,22,4,1,16.09
2025,3,Sunday,22,8,6,1.3896
2025,3,Sunday,22,0,3,5.5692
2025,3,Sunday,22,8,1,1.448
2025,3,Sunday,22,7,8,0.2
2025,3,Sunday,22,1,5,3.1662
2025,3,Sunday,22,1,7,1.3554
2025,3,Sunday,22,3,8,8.3324
2025,3,Sunday,22,8,2,0.7182
2025,3,Sunday,22,6,5,1.6508
2025,3,Sunday,22,3,0,10.6404
2025,3,Sunday,22,3,5,9.7034
2025,3,Sunday,22,4,7,7.369
2025,3,Sunday,22,5,2,3.0208
2025,3,Sunday,22,6,0,3.5264
2025,3,Sunday,22,0,4,1.8224
2025,3,Sunday,22,5,8,2.8138
2025,3,Sunday,22,8,0,1.2274
2025,3,Sunday,22,5,4,3.7702
2025,3,Sunday,22,7,6,0.6
2025,3,Sunday,22,2,7,2.744
2025,3,Sunday,22,1,3,7.0154
2025,3,Sunday,22,3,6,28.2502
2025,3,Sunday,22,3,7,3.8524
2025,3,Sunday,22,4,3,42.0734
2025,3,Sunday,22,5,3,8.0622
2025,3,Sunday,22,3,4,20.8206
2025,3,Sunday,22,6,1,3.8458
2025,3,Sunday,22,7,4,3.7684
2025,3,Sunday,22,2,5,2.3164
2025,3,Sunday,22,5,6,2.7028
2025,3,Sunday,22,1,0,6.9834
2025,3,Sunday,22,1,8,3.8366
2025,3,Sunday,22,4,2,9.1776
2025,3,Sunday,22,0,7,1.3222
2025,3,Sunday,22,7,2,0.464
2025,3,Sunday,22,7,3,9.031
2025,3,Sunday,22,5,1,1.9674
2025,3,Sunday,22,1,6,6.9944
2025,3,Sunday,22,8,4,2.7308
2025,3,Sunday,22,4,8,4.6266
2025,3,Sunday,22,7,1,1.3194
2025,3,Sunday,22,8,7,0.225
2025,3,Sunday,22,2,1,3.4578
2025,3,Sunday,22,4,6,21.7008
2025,3,Sunday,22,3,2,10.274
2025,3,Sunday,22,6,4,6.4734
2025,3,Sunday,22,8,5,0.728
2025,3,Sunday,22,6,2,2.9546
2025,3,Sunday,22,0,6,3.4666
2025,3,Sunday,11,0,4,19.7696
2025,3,Sunday,11,6,7,5.6364
2025,3,Sunday,11,0,6,6.807
2025,3,Sunday,11,6,1,37.7628
2025,3,Sunday,11,4,5,15.8146
2025,3,Sunday,11,3,5,58.0958
2025,3,Sunday,11,3,7,22.8296
2025,3,Sunday,11,4,2,31.1704
2025,3,Sunday,11,6,3,79.6478
2025,3,Sunday,11,6,8,11.6398
2025,3,Sunday,11,1,8,9.0182
2025,3,Sunday,11,7,0,0.5102
2025,3,Sunday,11,1,2,38.6988
2025,3,Sunday,11,2,0,8.8214
2025,3,Sunday,11,0,3,23.4212
2025,3,Sunday,11,8,2,7.1036
2025,3,Sunday,11,7,5,2.311
2025,3,Sunday,11,3,1,111.234
2025,3,Sunday,11,4,7,13.5938
2025,3,Sunday,11,0,2,19.5248
2025,3,Sunday,11,3,6,85.285
2025,3,Sunday,11,4,0,10.9622
2025,3,Sunday,11,5,1,16.6368
2025,3,Sunday,11,0,1,36.1082
2025,3,Sunday,11,1,6,21.837
2025,3,Sunday,11,4,8,9.7772
2025,3,Sunday,11,1,5,12.8578
2025,3,Sunday,11,8,5,3.4638
2025,3,Sunday,11,3,4,208.579
2025,3,Sunday,11,7,1,11.4054
2025,3,Sunday,11,8,4,13.9758
2025,3,Sunday,11,2,8,5.62
2025,3,Sunday,11,8,6,5.7292
2025,3,Sunday,11,1,0,21.5348
2025,3,Sunday,11,6,2,29.8342
2025,3,Sunday,11,0,5,6.6028
2025,3,Sunday,11,6,5,23.7446
2025,3,Sunday,11,5,0,2.4472
2025,3,Sunday,11,8,1,10.6368
2025,3,Sunday,11,3,2,69.4822
2025,3,Sunday,11,4,6,34.4748
2025,3,Sunday,11,7,4,30.4138
2025,3,Sunday,11,7,8,0.5112
2025,3,Sunday,11,3,0,11.7572
2025,3,Sunday,11,4,3,95.5868
2025,3,Sunday,11,5,2,11.0304
2025,3,Sunday,11,2,6,21.845
2025,3,Sunday,11,2,7,9.1972
2025,3,Sunday,11,1,7,7.0782
2025,3,Sunday,11,8,3,21.5082
2025,3,Sunday,11,6,0,5.8148
2025,3,Sunday,11,2,3,42.9724
2025,3,Sunday,11,0,7,5.8806
2025,3,Sunday,11,0,8,0.5436
2025,3,Sunday,11,7,3,22.3816
2025,3,Sunday,11,5,4,37.9414
2025,3,Sunday,11,3,8,37.0188
2025,3,Sunday,11,6,4,62.7236
2025,3,Sunday,11,5,8,5.281
2025,3,Sunday,11,5,3,36.643
2025,3,Sunday,11,7,2,11.3682
2025,3,Sunday,11,2,4,40.3362
2025,3,Sunday,11,8,0,1.778
2025,3,Sunday,11,1,3,81.2068
2025,3,Sunday,11,1,4,73.3262
2025,3,Sunday,11,4,1,47.7536
2025,3,Sunday,11,2,1,34.77
2025,3,Sunday,11,7,6,2.7056
2025,3,Sunday,11,2,5,6.6546
2025,3,Sunday,11,5,7,3.9754
2025,3,Sunday,11,5,6,13.358
2025,3,Sunday,23,5,1,2.7416
2025,3,Sunday,23,5,4,4.493
2025,3,Sunday,23,0,5,0.2528
2025,3,Sunday,23,2,8,3.3522
2025,3,Sunday,23,4,5,3.4394
2025,3,Sunday,23,3,0,7.0632
2025,3,Sunday,23,4,1,6.268
2025,3,Sunday,23,8,6,0.4
2025,3,Sunday,23,1,5,1.4148
2025,3,Sunday,23,3,8,4.8318
2025,3,Sunday,23,1,3,6.0878
2025,3,Sunday,23,3,6,11.1408
2025,3,Sunday,23,3,4,12.2548
2025,3,Sunday,23,7,1,2.0222
2025,3,Sunday,23,7,8,0.2
2025,3,Sunday,23,8,0,0.4958
2025,3,Sunday,23,0,1,2.698
2025,3,Sunday,23,1,6,3.9962
2025,3,Sunday,23,3,2,3.6874
2025,3,Sunday,23,1,2,1.1596
2025,3,Sunday,23,5,6,0.4806
2025,3,Sunday,23,8,1,0.5066
2025,3,Sunday,23,8,3,3.5444
2025,3,Sunday,23,0,6,0.2744
2025,3,Sunday,23,2,3,5.295
2025,3,Sunday,23,1,8,1.639
2025,3,Sunday,23,2,5,0.917
2025,3,Sunday,23,3,5,4.0984
2025,3,Sunday,23,7,0,0.8924
2025,3,Sunday,23,0,3,2.4076
2025,3,Sunday,23,4,6,11.1652
2025,3,Sunday,23,8,2,0.4508
2025,3,Sunday,23,6,2,2.8564
2025,3,Sunday,23,2,7,0.7
2025,3,Sunday,23,2,0,3.1654
2025,3,Sunday,23,0,4,1.53
2025,3,Sunday,23,6,0,5.1108
2025,3,Sunday,23,1,7,0.2292
2025,3,Sunday,23,2,6,3.7716
2025,3,Sunday,23,6,4,3.2726
2025,3,Sunday,23,6,1,4.6032
2025,3,Sunday,23,2,1,1.3544
2025,3,Sunday,23,6,7,0.2222
2025,3,Sunday,23,7,4,2.463
2025,3,Sunday,23,5,8,0.2358
2025,3,Sunday,23,4,8,1.8526
2025,3,Sunday,23,7,3,3.1394
2025,3,Sunday,23,4,2,3.445
2025,3,Sunday,23,1,0,4.2022
2025,3,Sunday,23,0,7,1.0638
2025,3,Sunday,23,1,4,3.7916
2025,3,Sunday,23,3,1,8.4748
2025,3,Sunday,23,6,5,0.9534
2025,3,Sunday,23,5,2,0.9752
2025,3,Sunday,23,4,3,27.0402
2025,3,Sunday,23,6,3,8.7394
2025,3,Sunday,23,2,4,1.5666
2025,3,Sunday,23,0,8,0.8016
2025,3,Sunday,23,4,0,8.4598
2025,3,Sunday,23,4,7,1.1284
2025,3,Sunday,23,8,4,1.4794
2025,3,Sunday,23,3,7,0.9648
2025,3,Sunday,23,5,3,8.026
2025,3,Sunday,23,6,8,0.4622
2025,3,Sunday,23,5,0,1.727
2025,3,Sunday,23,5,7,0.249
2025,3,Sunday,23,0,2,2.9998
2025,3,Sunday,23,7,2,0.955
2025,3,Sunday,0,4,6,15.166
2025,3,Sunday,0,1,2,1.7318
2025,3,Sunday,0,7,1,2.4882
2025,3,Sunday,0,6,8,0.7172
2025,3,Sunday,0,1,8,0.7596
2025,3,Sunday,0,2,7,0.4858
2025,3,Sunday,0,2,5,1.052
2025,3,Sunday,0,0,6,1.1294
2025,3,Sunday,0,3,8,2.9662
2025,3,Sunday,0,5,3,5.7008
2025,3,Sunday,0,4,3,27.996
2025,3,Sunday,0,5,2,1.2066
2025,3,Sunday,0,0,7,1.2464
2025,3,Sunday,0,3,6,12.9854
2025,3,Sunday,0,3,4,14.1204
2025,3,Sunday,0,7,4,1.7706
2025,3,Sunday,0,1,7,0.2766
2025,3,Sunday,0,1,4,4.5948
2025,3,Sunday,0,4,7,3.7508
2025,3,Sunday,0,5,1,4.2806
2025,3,Sunday,0,7,2,0.7372
2025,3,Sunday,0,3,7,1.2082
2025,3,Sunday,0,4,2,8.6204
2025,3,Sunday,0,3,2,4.6932
2025,3,Sunday,0,3,0,5.623
2025,3,Sunday,0,0,1,2.2504
2025,3,Sunday,0,8,3,3.9498
2025,3,Sunday,0,6,3,10.1504
2025,3,Sunday,0,2,0,5.6964
2025,3,Sunday,0,7,3,6.1304
2025,3,Sunday,0,0,4,0.593
2025,3,Sunday,0,1,3,6.7266
2025,3,Sunday,0,5,0,1.8704
2025,3,Sunday,0,6,1,4.649
2025,3,Sunday,0,2,1,4.1666
2025,3,Sunday,0,6,7,1.2622
2025,3,Sunday,0,4,0,11.446
2025,3,Sunday,0,1,5,1.2124
2025,3,Sunday,0,0,3,3.566
2025,3,Sunday,0,6,5,4.6552
2025,3,Sunday,0,3,5,2.7346
2025,3,Sunday,0,0,2,1.1338
2025,3,Sunday,0,2,4,4.7964
2025,3,Sunday,0,8,2,0.8562
2025,3,Sunday,0,6,2,1.2656
2025,3,Sunday,0,1,6,6.067
2025,3,Sunday,0,4,5,1.9192
2025,3,Sunday,0,3,1,11.9974
2025,3,Sunday,0,2,3,6.298
2025,3,Sunday,0,4,8,1.9374
2025,3,Sunday,0,5,4,4.8852
2025,3,Sunday,0,7,6,0.4666
2025,3,Sunday,0,8,6,0.24
2025,3,Sunday,0,2,8,1.7676
2025,3,Sunday,0,8,4,2.5598
2025,3,Sunday,0,8,1,1.333
2025,3,Sunday,0,7,0,0.7372
2025,3,Sunday,0,4,1,15.894
2025,3,Sunday,0,1,0,2.8644
2025,3,Sunday,0,2,6,5.0104
2025,3,Sunday,0,8,0,0.462
2025,3,Sunday,0,6,0,1.0022
2025,3,Sunday,0,6,4,5.7712
2025,3,Sunday,0,0,8,0.8528
2025,3,Sunday,0,5,6,2.5014
2025,3,Sunday,12,6,2,37.1228
2025,3,Sunday,12,0,6,6.9324
2025,3,Sunday,12,6,8,7.7084
2025,3,Sunday,12,4,3,119.9584
2025,3,Sunday,12,4,7,17.8872
2025,3,Sunday,12,8,5,9.2838
2025,3,Sunday,12,3,7,27.28
2025,3,Sunday,12,6,7,8.4416
2025,3,Sunday,12,5,3,46.2746
2025,3,Sunday,12,1,2,42.688
2025,3,Sunday,12,7,3,27.3776
2025,3,Sunday,12,8,2,10.3954
2025,3,Sunday,12,7,5,5.132
2025,3,Sunday,12,3,1,113.1546
2025,3,Sunday,12,5,2,16.0486
2025,3,Sunday,12,3,6,96.086
2025,3,Sunday,12,5,6,17.596
2025,3,Sunday,12,4,5,17.2474
2025,3,Sunday,12,1,6,32.2868
2025,3,Sunday,12,0,3,21.945
2025,3,Sunday,12,1,0,33.472
2025,3,Sunday,12,4,0,9.9018
2025,3,Sunday,12,2,7,6.8272
2025,3,Sunday,12,3,2,63.5424
2025,3,Sunday,12,8,3,20.9018
2025,3,Sunday,12,3,0,14.8054
2025,3,Sunday,12,2,3,46.2492
2025,3,Sunday,12,6,3,78.9944
2025,3,Sunday,12,0,8,2.3828
2025,3,Sunday,12,2,6,26.0914
2025,3,Sunday,12,1,4,88.196
2025,3,Sunday,12,4,1,73.349
2025,3,Sunday,12,4,6,48.769
2025,3,Sunday,12,2,4,45.4658
2025,3,Sunday,12,6,4,64.3498
2025,3,Sunday,12,0,2,17.5982
2025,3,Sunday,12,5,1,12.2046
2025,3,Sunday,12,2,5,10.5868
2025,3,Sunday,12,0,1,39.8312
2025,3,Sunday,12,8,4,18.5296
2025,3,Sunday,12,3,5,49.966
2025,3,Sunday,12,7,2,13.7458
2025,3,Sunday,12,2,0,9.6618
2025,3,Sunday,12,0,7,0.2596
2025,3,Sunday,12,6,5,22.4534
2025,3,Sunday,12,0,5,5.1894
2025,3,Sunday,12,7,6,2.4878
2025,3,Sunday,12,0,4,26.8258
2025,3,Sunday,12,1,5,13.5338
2025,3,Sunday,12,4,8,11.0888
2025,3,Sunday,12,8,1,6.5456
2025,3,Sunday,12,4,2,41.0058
2025,3,Sunday,12,5,8,3.64
2025,3,Sunday,12,1,3,91.7728
2025,3,Sunday,12,5,4,38.1952
2025,3,Sunday,12,7,1,11.7298
2025,3,Sunday,12,6,1,38.6062
2025,3,Sunday,12,8,6,8.8026
2025,3,Sunday,12,8,7,0.5084
2025,3,Sunday,12,5,0,2.7034
2025,3,Sunday,12,1,7,8.9288
2025,3,Sunday,12,2,8,8.8472
2025,3,Sunday,12,1,8,11.6814
2025,3,Sunday,12,7,0,0.5004
2025,3,Sunday,12,6,0,4.2776
2025,3,Sunday,12,3,8,26.4206
2025,3,Sunday,12,7,4,32.9896
2025,3,Sunday,12,5,7,3.2498
2025,3,Sunday,12,2,1,36.7282
2025,3,Sunday,12,8,0,1.9344
2025,3,Sunday,12,3,4,221.2842
